,race_id,race,location,date,runners
0,MIDD=2359151031,Spinx Run Fest,"Greenville, SC USA","October 31, 2015","

Have you run this race?Then tell us about it.

Last Name, First Name(Sex/Age)
Time OverAllPlace
Sex Place
Net Time 
City, State, Country AG Time* BQ*"
1,MIDD=2359151031,Spinx Run Fest,"Greenville, SC USA","October 31, 2015","DANIEL MOSS (M34)
2:35:04 1 1
2:35:04
SIMPSONVILLE, SC, USA
2:35:04
BQ"
2,MIDD=2359151031,Spinx Run Fest,"Greenville, SC USA","October 31, 2015","DAN WALDSCHMIDT (M36)
2:49:00 2 2
2:49:00
GREENVILLE, SC, USA
2:48:49
BQ"
3,MIDD=2359151031,Spinx Run Fest,"Greenville, SC USA","October 31, 2015","FERNANDO GALLARDO (M42)
2:53:44 3 3
2:53:44
ANDERSON, SC, USA
2:46:45
BQ"
4,MIDD=2359151031,Spinx Run Fest,"Greenville, SC USA","October 31, 2015","JOHN BRUNO (M29)
2:56:39 4 4
2:56:38
GREENVILLE, SC, USA
2:56:38
BQ"
5,MIDD=2359151031,Spinx Run Fest,"Greenville, SC USA","October 31, 2015","DESMOND CARIVEAU (M23)
2:58:38 5 5
2:58:38
ASHEVILLE, NC, USA
2:58:38
BQ"
6,MIDD=2359151031,Spinx Run Fest,"Greenville, SC USA","October 31, 2015","SAMUEL SALDIVAR (M39)
2:59:18 6 6
2:59:18
GREENVILLE, SC, USA
2:56:25
BQ"
7,MIDD=2359151031,Spinx Run Fest,"Greenville, SC USA","October 31, 2015","LUKE JENNINGS (M20)
2:59:27 7 7
2:59:27
SOUTHLAKE, TX, USA
2:57:12
BQ"
8,MIDD=2359151031,Spinx Run Fest,"Greenville, SC USA","October 31, 2015","ERROL JOSEPHS (M45)
3:00:22 8 8
3:00:22
LAWRENCEVILLE, GA, USA
2:48:47
BQ"
9,MIDD=2359151031,Spinx Run Fest,"Greenville, SC USA","October 31, 2015","KYLE KUGLER (M29)
3:03:06 9 9
3:03:06
GREENVILLE, SC, USA
3:03:06
BQ"
10,MIDD=2359151031,Spinx Run Fest,"Greenville, SC USA","October 31, 2015","RYLAND RAINSFORD (M27)
3:04:56 10 10
3:04:56
GREENVILLE, SC, USA
3:04:56
BQ"
11,MIDD=2359151031,Spinx Run Fest,"Greenville, SC USA","October 31, 2015","HYOSUB SHIN (M45)
3:06:08 11 11
2:59:15
SNELLVILLE, GA, USA
2:47:44
BQ"
12,MIDD=2359151031,Spinx Run Fest,"Greenville, SC USA","October 31, 2015","BRANDON ALVERSON (M21)
3:06:44 12 12
3:06:43
CLEMSON, SC, USA
3:05:52
 "
13,MIDD=2359151031,Spinx Run Fest,"Greenville, SC USA","October 31, 2015","BERT SAUCIER (M45)
3:06:47 13 13
3:06:42
BOILING SPRINGS, SC, USA
2:54:42
BQ"
14,MIDD=2359151031,Spinx Run Fest,"Greenville, SC USA","October 31, 2015","TIM WILKIN (M34)
3:07:10 14 14
3:07:10
KING OF PRUSSIA, PA, USA
3:07:10
 "
15,MIDD=2359151031,Spinx Run Fest,"Greenville, SC USA","October 31, 2015","JONATHAN SOWINSKI (M34)
3:07:47 15 15
3:07:46
PIEDMONT, SC, USA
3:07:46
 "
16,MIDD=2359151031,Spinx Run Fest,"Greenville, SC USA","October 31, 2015","ADAM POMERANTZ (M35)
3:10:18 16 16
3:10:17
CHARLESTON, SC, USA
3:10:17
 "
17,MIDD=2359151031,Spinx Run Fest,"Greenville, SC USA","October 31, 2015","JOHN MCBRAYER (M36)
3:10:23 17 17
3:10:22
CUMMING, GA, USA
3:10:10
 "
18,MIDD=2359151031,Spinx Run Fest,"Greenville, SC USA","October 31, 2015","MARK LANZILLO (M58)
3:10:51 18 18
3:10:50
ORANGE PARK, FL, USA
2:38:41
BQ"
19,MIDD=2359151031,Spinx Run Fest,"Greenville, SC USA","October 31, 2015","TIM STEWART (M54)
3:10:58 19 19
3:10:57
SIMPSONVILLE, SC, USA
2:44:55
BQ"
20,MIDD=2359151031,Spinx Run Fest,"Greenville, SC USA","October 31, 2015","ROBERT NIELSEN (M47)
3:11:15 20 20
3:11:13
JOHNSON CITY, TN, USA
2:55:52
BQ"
21,MIDD=2359151031,Spinx Run Fest,"Greenville, SC USA","October 31, 2015","JOHAN TAZ DESMET (M48)
3:11:22 21 21
3:11:18
CUMMING, GA, USA
2:54:25
BQ"
22,MIDD=2359151031,Spinx Run Fest,"Greenville, SC USA","October 31, 2015","HILARY THOMAS (F31)
3:11:27 22 1
3:11:27
GREENVILLE, SC, USA
3:11:08
BQ"
23,MIDD=2359151031,Spinx Run Fest,"Greenville, SC USA","October 31, 2015","JOHN GAMBLE (M32)
3:12:04 23 22
3:12:03
GREER, SC, USA
3:12:03
 "
24,MIDD=2359151031,Spinx Run Fest,"Greenville, SC USA","October 31, 2015","GLENN BOLLINGER (M30)
3:14:25 24 23
3:14:23
GREENVILLE, SC, USA
3:14:23
 "
25,MIDD=2359151031,Spinx Run Fest,"Greenville, SC USA","October 31, 2015","ROBBIE HAMMETT (M39)
3:17:44 25 24
3:17:43
LAWRENCEVILLE, GA, USA
3:14:33
 "
26,MIDD=2359151031,Spinx Run Fest,"Greenville, SC USA","October 31, 2015","CHRISTOPHER FERLAND (M45)
3:18:06 26 25
3:18:05
MAULDIN, SC, USA
3:05:21
BQ"
27,MIDD=2359151031,Spinx Run Fest,"Greenville, SC USA","October 31, 2015","MILLIE THOMASSON (F37)
3:18:12 27 2
3:18:10
GREENVILLE, SC, USA
3:13:11
BQ"
28,MIDD=2359151031,Spinx Run Fest,"Greenville, SC USA","October 31, 2015","JEFFREY PETTY (M51)
3:18:25 28 26
3:18:19
TRAVELERS REST, SC, USA
2:56:02
BQ"
29,MIDD=2359151031,Spinx Run Fest,"Greenville, SC USA","October 31, 2015","THOMAS MANNING (M16)
3:19:34 29 27
3:19:28
BOILING SPRINGS, NC, USA
3:05:58
 "
30,MIDD=2359151031,Spinx Run Fest,"Greenville, SC USA","October 31, 2015","ELLEN KRANTZ-BUSKOVITZ (F43)
3:19:57 30 3
3:19:54
TRAVELERS REST, SC, USA
3:04:32
BQ"
31,MIDD=2359151031,Spinx Run Fest,"Greenville, SC USA","October 31, 2015","DENNIS FUNK (M59)
3:20:23 31 28
3:20:20
GREER, SC, USA
2:44:59
BQ"
32,MIDD=2359151031,Spinx Run Fest,"Greenville, SC USA","October 31, 2015","BEN HOWELL (M53)
3:22:07 32 29
3:22:07
GREENVILLE, SC, USA
2:56:11
BQ"
33,MIDD=2359151031,Spinx Run Fest,"Greenville, SC USA","October 31, 2015","EMILY JOHNSON (F36)
3:22:50 33 4
3:22:49
MT PLEASANT, SC, USA
3:18:55
BQ"
34,MIDD=2359151031,Spinx Run Fest,"Greenville, SC USA","October 31, 2015","NHAN NGUYEN (M32)
3:22:56 34 30
3:22:54
GREENVILLE, SC, USA
3:22:54
 "
35,MIDD=2359151031,Spinx Run Fest,"Greenville, SC USA","October 31, 2015","ANNA GOMES (F30)
3:23:01 35 5
3:22:58
DUNCAN, SC, USA
3:22:53
BQ"
36,MIDD=2359151031,Spinx Run Fest,"Greenville, SC USA","October 31, 2015","JOSEPH ENGRAM (M30)
3:23:39 36 31
3:23:38
GREENWOOD, SC, USA
3:23:38
 "
37,MIDD=2359151031,Spinx Run Fest,"Greenville, SC USA","October 31, 2015","DENA HARRIS (F45)
3:23:45 37 6
3:23:37
GREENSBORO, NC, USA
3:03:32
BQ"
38,MIDD=2359151031,Spinx Run Fest,"Greenville, SC USA","October 31, 2015","BRYAN DOUGHERTY (M51)
3:23:51 38 32
3:23:45
CHARLOTTE, NC, USA
3:00:52
BQ"
39,MIDD=2359151031,Spinx Run Fest,"Greenville, SC USA","October 31, 2015","MICHAEL ASIRE (M28)
3:24:56 39 33
3:24:52
GREENVILLE, SC, USA
3:24:52
 "
40,MIDD=2359151031,Spinx Run Fest,"Greenville, SC USA","October 31, 2015","ROBERT STEPP (M55)
3:25:51 40 34
3:25:44
SPRING, TX, USA
2:56:01
BQ"
41,MIDD=2359151031,Spinx Run Fest,"Greenville, SC USA","October 31, 2015","AUSTIN KUNZLER (M22)
3:25:51 41 35
3:25:50
EASLEY, SC, USA
3:25:43
 "
42,MIDD=2359151031,Spinx Run Fest,"Greenville, SC USA","October 31, 2015","JASON BALENTINE (M43)
3:26:55 42 36
3:26:50
GREENWOOD, SC, USA
3:16:53
 "
43,MIDD=2359151031,Spinx Run Fest,"Greenville, SC USA","October 31, 2015","JAMES KIM (M67)
3:27:14 43 37
3:27:08
DULUTH, GA, USA
2:37:17
BQ"
44,MIDD=2359151031,Spinx Run Fest,"Greenville, SC USA","October 31, 2015","MARK MONTINI (M43)
3:28:10 44 38
3:28:06
BUFORD, GA, USA
3:18:05
 "
45,MIDD=2359151031,Spinx Run Fest,"Greenville, SC USA","October 31, 2015","CHRIS FORRESTER (M37)
3:28:53 45 39
3:28:50
LYMAN, SC, USA
3:27:59
 "
46,MIDD=2359151031,Spinx Run Fest,"Greenville, SC USA","October 31, 2015","JESSICA PATE (F24)
3:29:05 46 7
3:28:58
GREENVILLE, SC, USA
3:28:58
BQ"
47,MIDD=2359151031,Spinx Run Fest,"Greenville, SC USA","October 31, 2015","MIKE CORDORA (M42)
3:29:15 47 40
3:29:15
HICKORY, NC, USA
3:20:51
 "
48,MIDD=2359151031,Spinx Run Fest,"Greenville, SC USA","October 31, 2015","CHARLES COOK (M42)
3:29:25 48 41
3:29:22
ATLANTA, GA, USA
3:20:58
 "
49,MIDD=2359151031,Spinx Run Fest,"Greenville, SC USA","October 31, 2015","BYRON BACKER (M50)
3:29:26 49 42
3:29:25
GREENVILLE, SC, USA
3:07:34
BQ"
50,MIDD=2359151031,Spinx Run Fest,"Greenville, SC USA","October 31, 2015","TAKASHI TERABAYASHI (M46)
3:29:40 50 43
3:29:36
MAULDIN, SC, USA
3:14:28
 "
51,MIDD=2359151031,Spinx Run Fest,"Greenville, SC USA","October 31, 2015","LAURA BOSELOWITZ (F46)
3:30:23 51 8
3:30:20
MT PLEASANT, SC, USA
3:07:18
BQ"
52,MIDD=2359151031,Spinx Run Fest,"Greenville, SC USA","October 31, 2015","JAY OATTS (M27)
3:31:17 52 44
3:31:12
ATLANTA, GA, USA
3:31:12
 "
53,MIDD=2359151031,Spinx Run Fest,"Greenville, SC USA","October 31, 2015","JEREMY HODGES (M29)
3:32:21 53 45
3:32:17
GREENWOOD, SC, USA
3:32:17
 "
54,MIDD=2359151031,Spinx Run Fest,"Greenville, SC USA","October 31, 2015","LYNN O'NEAL (F51)
3:32:42 54 9
3:32:34
BRYANT, AR, USA
2:57:42
BQ"
55,MIDD=2359151031,Spinx Run Fest,"Greenville, SC USA","October 31, 2015","PETER OH (M52)
3:32:48 55 46
3:32:46
DULUTH, GA, USA
3:07:10
 "
56,MIDD=2359151031,Spinx Run Fest,"Greenville, SC USA","October 31, 2015","KRISTIN KABAY (F33)
3:33:15 56 10
3:33:09
HOUSTON, TX, USA
3:31:48
BQ"
57,MIDD=2359151031,Spinx Run Fest,"Greenville, SC USA","October 31, 2015","ANDY CLACK (M24)
3:33:30 57 47
3:33:24
GREENVILLE, SC, USA
3:33:24
 "
58,MIDD=2359151031,Spinx Run Fest,"Greenville, SC USA","October 31, 2015","JASON MCNAIR (M44)
3:34:26 58 48
3:34:19
GREENVILLE, SC, USA
3:22:17
 "
59,MIDD=2359151031,Spinx Run Fest,"Greenville, SC USA","October 31, 2015","LUDOVIC OTT (M30)
3:34:30 59 49
3:34:14
SUMTER, SC, USA
3:34:14
 "
60,MIDD=2359151031,Spinx Run Fest,"Greenville, SC USA","October 31, 2015","MARTY VOKES (M51)
3:35:09 60 50
3:35:05
PIEDMONT, SC, USA
3:10:55
 "
61,MIDD=2359151031,Spinx Run Fest,"Greenville, SC USA","October 31, 2015","PAUL BRUNSON (M44)
3:35:42 61 51
3:35:35
GREENVILLE, SC, USA
3:23:29
 "
62,MIDD=2359151031,Spinx Run Fest,"Greenville, SC USA","October 31, 2015","MIKE FANNING (M42)
3:36:21 62 52
3:36:12
GREENVILLE, SC, USA
3:27:31
 "
63,MIDD=2359151031,Spinx Run Fest,"Greenville, SC USA","October 31, 2015","ERIC SMITH (M57)
3:36:57 63 53
3:36:56
GREENWOOD, SC, USA
3:02:08
BQ"
64,MIDD=2359151031,Spinx Run Fest,"Greenville, SC USA","October 31, 2015","DON SILLEMAN (M52)
3:37:05 64 54
3:37:00
SIMPSONVILLE, SC, USA
3:10:53
 "
65,MIDD=2359151031,Spinx Run Fest,"Greenville, SC USA","October 31, 2015","JOSH BAROCAS (M37)
3:37:19 65 55
3:37:19
DUNWOODY, GA, USA
3:36:26
 "
66,MIDD=2359151031,Spinx Run Fest,"Greenville, SC USA","October 31, 2015","JEFFREY HUTTER (M52)
3:37:42 66 56
3:37:38
SIMPSONVILLE, SC, USA
3:11:27
 "
67,MIDD=2359151031,Spinx Run Fest,"Greenville, SC USA","October 31, 2015","ANN BLACK (F44)
3:38:34 67 11
3:38:29
MONROE, OH, USA
3:19:19
BQ"
68,MIDD=2359151031,Spinx Run Fest,"Greenville, SC USA","October 31, 2015","DOUG ROBINSON (M57)
3:38:59 68 57
3:38:54
BRANDON, VT, USA
3:03:47
BQ"
69,MIDD=2359151031,Spinx Run Fest,"Greenville, SC USA","October 31, 2015","JOSHUA RILEY (M27)
3:39:29 69 58
3:39:28
GREER, SC, USA
3:39:28
 "
70,MIDD=2359151031,Spinx Run Fest,"Greenville, SC USA","October 31, 2015","MATT MCCONVILLE (M34)
3:39:29 70 59
3:39:28
 
3:39:28
 "
71,MIDD=2359151031,Spinx Run Fest,"Greenville, SC USA","October 31, 2015","CALEB WILKINSON (M26)
3:39:34 71 60
3:39:29
TROY, NC, USA
3:39:29
 "
72,MIDD=2359151031,Spinx Run Fest,"Greenville, SC USA","October 31, 2015","MICKALA STERRETT (F40)
3:39:38 72 12
3:39:30
GREENVILLE, SC, USA
3:29:05
BQ"
73,MIDD=2359151031,Spinx Run Fest,"Greenville, SC USA","October 31, 2015","SANG CHUNG (M48)
3:39:42 73 61
3:39:42
SUWANEE, GA, USA
3:20:19
 "
74,MIDD=2359151031,Spinx Run Fest,"Greenville, SC USA","October 31, 2015","STEVE ELLIS (M42)
3:39:44 74 62
3:39:40
TAYLORS, SC, USA
3:30:51
 "
75,MIDD=2359151031,Spinx Run Fest,"Greenville, SC USA","October 31, 2015","TONY CAMPBELL (M44)
3:40:06 75 63
3:40:00
SIMPSONVILLE, SC, USA
3:27:39
 "
76,MIDD=2359151031,Spinx Run Fest,"Greenville, SC USA","October 31, 2015","MIKE WILSON (M55)
3:40:08 76 64
3:40:00
HICKORY, NC, USA
3:08:13
BQ"
77,MIDD=2359151031,Spinx Run Fest,"Greenville, SC USA","October 31, 2015","BETH MCCURDY (F46)
3:40:31 77 13
3:40:23
 
3:16:15
BQ"
78,MIDD=2359151031,Spinx Run Fest,"Greenville, SC USA","October 31, 2015","DANIEL SHEEHAN (M47)
3:41:02 78 65
3:40:57
MOORE, SC, USA
3:23:13
 "
79,MIDD=2359151031,Spinx Run Fest,"Greenville, SC USA","October 31, 2015","JONPAUL LASKIS (M31)
3:41:07 79 66
3:41:00
SIMPSONVILLE, SC, USA
3:41:00
 "
80,MIDD=2359151031,Spinx Run Fest,"Greenville, SC USA","October 31, 2015","KURT NEILAN (M61)
3:41:29 80 67
3:41:24
DENVER, NC, USA
2:58:46
BQ"
81,MIDD=2359151031,Spinx Run Fest,"Greenville, SC USA","October 31, 2015","BENJAMIN LINTHICUM (M25)
3:42:11 81 68
3:42:04
SWANNANOA, NC, USA
3:42:04
 "
82,MIDD=2359151031,Spinx Run Fest,"Greenville, SC USA","October 31, 2015","FLORIAN SIMMEL (M23)
3:42:13 82 69
3:42:03
GREENVILLE, SC, USA
3:42:03
 "
83,MIDD=2359151031,Spinx Run Fest,"Greenville, SC USA","October 31, 2015","JACK GOLDEN JR (M35)
3:42:36 83 70
3:42:33
GAFFNEY, SC, USA
3:42:33
 "
84,MIDD=2359151031,Spinx Run Fest,"Greenville, SC USA","October 31, 2015","CHUCK SPURLIN (M43)
3:42:48 84 71
3:42:46
INMAN, SC, USA
3:32:03
 "
85,MIDD=2359151031,Spinx Run Fest,"Greenville, SC USA","October 31, 2015","CLINT GRANT (M33)
3:43:17 85 72
3:43:10
GREENVILLE, SC, USA
3:43:10
 "
86,MIDD=2359151031,Spinx Run Fest,"Greenville, SC USA","October 31, 2015","KELLIE WHITE (F37)
3:43:19 86 14
3:43:16
STOCKBRIDGE, GA, USA
3:37:39
 "
87,MIDD=2359151031,Spinx Run Fest,"Greenville, SC USA","October 31, 2015","DAVID PECCIA (M40)
3:43:33 87 73
3:43:25
JOHNSON CITY, TN, USA
3:38:01
 "
88,MIDD=2359151031,Spinx Run Fest,"Greenville, SC USA","October 31, 2015","CATHY CARDEW (F49)
3:44:02 88 15
3:43:52
RIDGEWOOD, NJ, USA
3:12:01
BQ"
89,MIDD=2359151031,Spinx Run Fest,"Greenville, SC USA","October 31, 2015","MARK MALANDRA (M33)
3:44:30 89 74
3:44:29
LADSON, SC, USA
3:44:29
 "
90,MIDD=2359151031,Spinx Run Fest,"Greenville, SC USA","October 31, 2015","DAVID NUTTER (M34)
3:44:49 90 75
3:44:45
JOHNSON CITY, TN, USA
3:44:45
 "
91,MIDD=2359151031,Spinx Run Fest,"Greenville, SC USA","October 31, 2015","KATELYN O\'DONNELL (F30)
3:45:13 91 16
3:45:05
GREENVILLE, SC, USA
3:44:59
 "
92,MIDD=2359151031,Spinx Run Fest,"Greenville, SC USA","October 31, 2015","KWON KIM (M48)
3:45:29 92 76
3:45:20
BUFORD, GA, USA
3:25:27
 "
93,MIDD=2359151031,Spinx Run Fest,"Greenville, SC USA","October 31, 2015","GEOFFREY HARDIN (M39)
3:46:06 93 77
3:45:48
FOREST CITY, NC, USA
3:42:11
 "
94,MIDD=2359151031,Spinx Run Fest,"Greenville, SC USA","October 31, 2015","TIM GOODE (M50)
3:46:31 94 78
3:46:31
 
3:22:53
 "
95,MIDD=2359151031,Spinx Run Fest,"Greenville, SC USA","October 31, 2015","ORLANDO SLOAN (M39)
3:46:38 95 79
3:46:27
BELTON, SC, USA
3:42:49
 "
96,MIDD=2359151031,Spinx Run Fest,"Greenville, SC USA","October 31, 2015","BRIAN HERBST (M53)
3:46:58 96 80
3:46:50
EASLEY, SC, USA
3:17:43
 "
97,MIDD=2359151031,Spinx Run Fest,"Greenville, SC USA","October 31, 2015","HUA ZHANG (M53)
3:47:14 97 81
3:47:05
GREER, SC, USA
3:17:56
 "
98,MIDD=2359151031,Spinx Run Fest,"Greenville, SC USA","October 31, 2015","DREW WELCH (M23)
3:47:21 98 82
3:47:20
SENECA, SC, USA
3:47:20
 "
99,MIDD=2359151031,Spinx Run Fest,"Greenville, SC USA","October 31, 2015","ANDREW WILLIAMS (M41)
3:47:35 99 83
3:47:30
BOILING SPRINGS, SC, USA
3:40:11
 "
100,MIDD=2359151031,Spinx Run Fest,"Greenville, SC USA","October 31, 2015","RICHARD JACQUES (M61)
3:48:01 100 84
3:48:01
GREENVILLE, SC, USA
3:04:07
BQ"
101,MIDD=2359151031,Spinx Run Fest,"Greenville, SC USA","October 31, 2015","RICHARD BAILEY (M50)
3:49:02 101 85
3:48:52
DODGEVILLE, WI, USA
3:24:59
 "
102,MIDD=2359151031,Spinx Run Fest,"Greenville, SC USA","October 31, 2015","HO LEE (M62)
3:49:10 102 86
3:49:03
DULUTH, GA, USA
3:03:07
BQ"
103,MIDD=2359151031,Spinx Run Fest,"Greenville, SC USA","October 31, 2015","CALEB GREENE (M27)
3:49:21 103 87
3:49:10
GREENVILLE, SC, USA
3:49:10
 "
104,MIDD=2359151031,Spinx Run Fest,"Greenville, SC USA","October 31, 2015","PETER VIOLA (M46)
3:49:22 104 88
3:49:12
HUNTERSVILLE, NC, USA
3:32:39
 "
105,MIDD=2359151031,Spinx Run Fest,"Greenville, SC USA","October 31, 2015","KEVIN COUCH (M37)
3:49:39 105 89
3:49:26
GREENVILLE, SC, USA
3:48:30
 "
106,MIDD=2359151031,Spinx Run Fest,"Greenville, SC USA","October 31, 2015","CHRIS COLLINS (M48)
3:49:47 106 90
3:49:35
ADVANCE, NC, USA
3:29:20
 "
107,MIDD=2359151031,Spinx Run Fest,"Greenville, SC USA","October 31, 2015","SOON YANG (F53)
3:50:18 107 17
3:50:08
FLUSHING, MI, USA
3:07:22
BQ"
108,MIDD=2359151031,Spinx Run Fest,"Greenville, SC USA","October 31, 2015","MICHAEL SOUTHERN (M26)
3:50:34 108 91
3:50:20
ATHENS, GA, USA
3:50:20
 "
109,MIDD=2359151031,Spinx Run Fest,"Greenville, SC USA","October 31, 2015","KENNETH LEE (M53)
3:50:38 109 92
3:50:22
DULUTH, GA, USA
3:20:48
 "
110,MIDD=2359151031,Spinx Run Fest,"Greenville, SC USA","October 31, 2015","ADAM SMITH (M36)
3:50:54 110 93
3:50:50
SIMPSONVILLE, SC, USA
3:50:36
 "
111,MIDD=2359151031,Spinx Run Fest,"Greenville, SC USA","October 31, 2015","DEVON FELISE (M41)
3:50:56 111 94
3:50:47
SIMPSONVILLE, SC, USA
3:43:22
 "
112,MIDD=2359151031,Spinx Run Fest,"Greenville, SC USA","October 31, 2015","MIKE WOFFORD (M45)
3:51:22 112 95
3:51:14
TAYLORS, SC, USA
3:36:23
 "
113,MIDD=2359151031,Spinx Run Fest,"Greenville, SC USA","October 31, 2015","DAVID GOMES (M31)
3:51:34 113 96
3:51:26
DUNCAN, SC, USA
3:51:26
 "
114,MIDD=2359151031,Spinx Run Fest,"Greenville, SC USA","October 31, 2015","GREGORY PFISTER (M25)
3:51:35 114 97
3:51:34
GREENVILLE, SC, USA
3:51:34
 "
115,MIDD=2359151031,Spinx Run Fest,"Greenville, SC USA","October 31, 2015","SALLY MALAMBRI (F40)
3:52:14 115 18
3:52:06
FLORENCE, SC, USA
3:41:05
 "
116,MIDD=2359151031,Spinx Run Fest,"Greenville, SC USA","October 31, 2015","HYON KIM (F50)
3:53:04 116 19
3:52:56
SUWANEE, GA, USA
3:17:16
BQ"
117,MIDD=2359151031,Spinx Run Fest,"Greenville, SC USA","October 31, 2015","JOSH GRONOW (M21)
3:53:11 117 98
3:53:02
STERLING HEIGHTS, MI, USA
3:51:59
 "
118,MIDD=2359151031,Spinx Run Fest,"Greenville, SC USA","October 31, 2015","NAZARIO RUIZ (M46)
3:53:45 118 99
3:53:45
LIBERTY, SC, USA
3:36:52
 "
119,MIDD=2359151031,Spinx Run Fest,"Greenville, SC USA","October 31, 2015","DAVID HOWEY (M28)
3:53:56 119 100
3:53:49
CHARLOTTE, NC, USA
3:53:49
 "
120,MIDD=2359151031,Spinx Run Fest,"Greenville, SC USA","October 31, 2015","DAN RUNDLE (M32)
3:53:58 120 101
3:53:45
GREENVILLE, SC, USA
3:53:45
 "
121,MIDD=2359151031,Spinx Run Fest,"Greenville, SC USA","October 31, 2015","DANIEL FERONS (M25)
3:54:08 121 102
3:53:58
CONWAY, CA, USA
3:53:58
 "
122,MIDD=2359151031,Spinx Run Fest,"Greenville, SC USA","October 31, 2015","BOBBY BARNES (M38)
3:54:09 122 103
3:53:59
GREENVILLE, SC, USA
3:51:52
 "
123,MIDD=2359151031,Spinx Run Fest,"Greenville, SC USA","October 31, 2015","MIKE JANG (M45)
3:54:20 123 104
3:54:04
DULUTH, GA, USA
3:39:02
 "
124,MIDD=2359151031,Spinx Run Fest,"Greenville, SC USA","October 31, 2015","TAEHAK KIM (M54)
3:54:46 124 105
3:54:28
BUFORD, GA, USA
3:22:30
 "
125,MIDD=2359151031,Spinx Run Fest,"Greenville, SC USA","October 31, 2015","KEVIN KANG (M57)
3:55:36 125 106
3:55:30
LAWRENCEVILLE, GA, USA
3:17:43
 "
126,MIDD=2359151031,Spinx Run Fest,"Greenville, SC USA","October 31, 2015","JAMES LAURENCE (M51)
3:56:24 126 107
3:56:12
LEXINGTON, SC, USA
3:29:40
 "
127,MIDD=2359151031,Spinx Run Fest,"Greenville, SC USA","October 31, 2015","JOY DUNLAP (F27)
3:56:38 127 20
3:56:30
GREENVILLE, SC, USA
3:56:30
 "
128,MIDD=2359151031,Spinx Run Fest,"Greenville, SC USA","October 31, 2015","CURTIS CHONG (M39)
3:57:39 128 108
3:56:59
CAMBRIDGE, MA, USA
3:53:11
 "
129,MIDD=2359151031,Spinx Run Fest,"Greenville, SC USA","October 31, 2015","BRYSON VOGELTANZ (M35)
3:57:41 129 109
3:57:37
ATLANTA, GA, USA
3:57:37
 "
130,MIDD=2359151031,Spinx Run Fest,"Greenville, SC USA","October 31, 2015","KELLY LOOKADOO (F38)
3:57:42 130 21
3:57:36
FLORENCE, SC, USA
3:50:02
 "
131,MIDD=2359151031,Spinx Run Fest,"Greenville, SC USA","October 31, 2015","MARK MILLER (M32)
3:57:49 131 110
3:57:35
GREENVILLE, SC, USA
3:57:35
 "
132,MIDD=2359151031,Spinx Run Fest,"Greenville, SC USA","October 31, 2015","STACY CAUDELL (M63)
3:58:26 132 111
3:58:24
HENDERSONVILLE, NC, USA
3:08:41
 "
133,MIDD=2359151031,Spinx Run Fest,"Greenville, SC USA","October 31, 2015","JUSTIN TROCKI (M36)
3:58:30 133 112
3:58:18
GREENVILLE, SC, USA
3:58:03
 "
134,MIDD=2359151031,Spinx Run Fest,"Greenville, SC USA","October 31, 2015","MIKE MARTIN (M28)
3:58:41 134 113
3:58:21
GREENVILLE, SC, USA
3:58:21
 "
135,MIDD=2359151031,Spinx Run Fest,"Greenville, SC USA","October 31, 2015","FRED GAUDETTE (M45)
3:58:57 135 114
3:58:47
GREER, SC, USA
3:43:27
 "
136,MIDD=2359151031,Spinx Run Fest,"Greenville, SC USA","October 31, 2015","ALEX MURRELL (M30)
3:59:12 136 115
3:59:01
TAYLORS, SC, USA
3:59:01
 "
137,MIDD=2359151031,Spinx Run Fest,"Greenville, SC USA","October 31, 2015","JAY BAKER (M41)
3:59:13 137 116
3:59:10
GREENVILLE, SC, USA
3:51:29
 "
138,MIDD=2359151031,Spinx Run Fest,"Greenville, SC USA","October 31, 2015","ANDREW BROADWAY (M49)
3:59:14 138 117
3:59:03
ANDERSON, SC, USA
3:36:03
 "
139,MIDD=2359151031,Spinx Run Fest,"Greenville, SC USA","October 31, 2015","MEGAN DUGGAN (F28)
4:00:08 139 22
3:59:52
 
3:59:52
 "
140,MIDD=2359151031,Spinx Run Fest,"Greenville, SC USA","October 31, 2015","DAVID GRINDER (M36)
4:00:53 140 118
4:00:48
SPARTANBURG, SC, USA
4:00:33
 "
141,MIDD=2359151031,Spinx Run Fest,"Greenville, SC USA","October 31, 2015","JONATHAN GIRALDO (M30)
4:00:53 141 119
4:00:41
GREENVILLE, SC, USA
4:00:41
 "
142,MIDD=2359151031,Spinx Run Fest,"Greenville, SC USA","October 31, 2015","BRAD BAILEY (M38)
4:01:11 142 120
4:01:06
DAHLONEGA, GA, USA
3:58:55
 "
143,MIDD=2359151031,Spinx Run Fest,"Greenville, SC USA","October 31, 2015","KIMBERLY GREENWAY (F40)
4:01:48 143 23
4:01:36
RUTHERFORDTON, NC, USA
3:50:08
 "
144,MIDD=2359151031,Spinx Run Fest,"Greenville, SC USA","October 31, 2015","TRAVIS SMITH (M35)
4:03:09 144 121
4:03:03
GREENVILLE, SC, USA
4:03:03
 "
145,MIDD=2359151031,Spinx Run Fest,"Greenville, SC USA","October 31, 2015","MICHAEL PANASKO (M42)
4:03:15 145 122
4:03:08
PIEDMONT, SC, USA
3:53:23
 "
146,MIDD=2359151031,Spinx Run Fest,"Greenville, SC USA","October 31, 2015","SCOTT MCDANIEL (M40)
4:03:25 146 123
4:03:21
GREENVILLE, SC, USA
3:57:29
 "
147,MIDD=2359151031,Spinx Run Fest,"Greenville, SC USA","October 31, 2015","DAVE EMERY (M51)
4:03:45 147 124
4:03:33
GREENVILLE, SC, USA
3:36:11
 "
148,MIDD=2359151031,Spinx Run Fest,"Greenville, SC USA","October 31, 2015","BETHANY GILLETTE (F27)
4:03:56 148 24
4:03:43
GREENVILLE, SC, USA
4:03:43
 "
149,MIDD=2359151031,Spinx Run Fest,"Greenville, SC USA","October 31, 2015","KIM ROOSE (F50)
4:03:58 149 25
4:03:47
GREENVILLE, SC, USA
3:26:27
 "
150,MIDD=2359151031,Spinx Run Fest,"Greenville, SC USA","October 31, 2015","JONG-WON LEE (M49)
4:04:55 150 125
4:04:40
SUWANEE, GA, USA
3:41:07
 "
151,MIDD=2359151031,Spinx Run Fest,"Greenville, SC USA","October 31, 2015","ABBY COOK (F20)
4:05:00 151 26
4:04:47
EASLEY, SC, USA
4:04:36
 "
152,MIDD=2359151031,Spinx Run Fest,"Greenville, SC USA","October 31, 2015","MICHELLE LUSSIER (F20)
4:05:00 152 27
4:04:48
CLEMSON, SC, USA
4:04:37
 "
153,MIDD=2359151031,Spinx Run Fest,"Greenville, SC USA","October 31, 2015","ERIC LANE (M48)
4:05:31 153 126
4:05:18
TAYLORS, SC, USA
3:43:39
 "
154,MIDD=2359151031,Spinx Run Fest,"Greenville, SC USA","October 31, 2015","PATRICK CLARE (M60)
4:06:16 154 127
4:06:09
GREER, SC, USA
3:20:44
 "
155,MIDD=2359151031,Spinx Run Fest,"Greenville, SC USA","October 31, 2015","QUINT CARLISLE (M37)
4:06:51 155 128
4:06:34
SPARTANBURG, SC, USA
4:05:34
 "
156,MIDD=2359151031,Spinx Run Fest,"Greenville, SC USA","October 31, 2015","ALEXANDER KIM (M48)
4:08:47 156 129
4:08:30
SUWANEE, GA, USA
3:46:34
 "
157,MIDD=2359151031,Spinx Run Fest,"Greenville, SC USA","October 31, 2015","CHARLES CHURCH (M45)
4:09:15 157 130
4:09:01
GREENVILLE, SC, USA
3:53:01
 "
158,MIDD=2359151031,Spinx Run Fest,"Greenville, SC USA","October 31, 2015","MATTHEW LATRICK (M31)
4:09:48 158 131
4:09:37
GREER, SC, USA
4:09:37
 "
159,MIDD=2359151031,Spinx Run Fest,"Greenville, SC USA","October 31, 2015","ANTHONY LAMPROS (M57)
4:10:03 159 132
4:09:56
CLAYTON, GA, USA
3:29:50
 "
160,MIDD=2359151031,Spinx Run Fest,"Greenville, SC USA","October 31, 2015","TRAVIS SELF (M26)
4:11:14 160 133
4:10:59
GREEVILLE, SC, USA
4:10:59
 "
161,MIDD=2359151031,Spinx Run Fest,"Greenville, SC USA","October 31, 2015","PAUL PIRILLO (M50)
4:11:20 161 134
4:11:04
 
3:44:52
 "
162,MIDD=2359151031,Spinx Run Fest,"Greenville, SC USA","October 31, 2015","MIRIAM ZEFZAF (F26)
4:11:24 162 28
4:11:06
GREENVILLE, SC, USA
4:11:06
 "
163,MIDD=2359151031,Spinx Run Fest,"Greenville, SC USA","October 31, 2015","JASON WILLIAMS (M35)
4:11:40 163 135
4:11:27
DUBLIN, NC, USA
4:11:27
 "
164,MIDD=2359151031,Spinx Run Fest,"Greenville, SC USA","October 31, 2015","TIRZA COSTELLO (F33)
4:12:12 164 29
4:11:49
CINCINNATI, OH, USA
4:10:13
 "
165,MIDD=2359151031,Spinx Run Fest,"Greenville, SC USA","October 31, 2015","LEE STARNES (M55)
4:12:28 165 136
4:12:19
GRANITE FALLS, NC, USA
3:35:52
 "
166,MIDD=2359151031,Spinx Run Fest,"Greenville, SC USA","October 31, 2015","KELLY LOWRY (F29)
4:12:30 166 30
4:12:18
GREENVILLE, SC, USA
4:12:18
 "
167,MIDD=2359151031,Spinx Run Fest,"Greenville, SC USA","October 31, 2015","ED DOWNEY (M62)
4:12:32 167 137
4:12:18
MANDEVILLE, LA, USA
3:21:42
 "
168,MIDD=2359151031,Spinx Run Fest,"Greenville, SC USA","October 31, 2015","DOUGLAS URLAND (M46)
4:12:39 168 138
4:12:31
HICKORY, NC, USA
3:54:17
 "
169,MIDD=2359151031,Spinx Run Fest,"Greenville, SC USA","October 31, 2015","PAUL STEMPIHAR (M44)
4:12:54 169 139
4:12:36
SPARTANBURG, SC, USA
3:58:25
 "
170,MIDD=2359151031,Spinx Run Fest,"Greenville, SC USA","October 31, 2015","YOUSOON KIM (F50)
4:13:16 170 31
4:12:58
BUFORD, GA, USA
3:34:14
 "
171,MIDD=2359151031,Spinx Run Fest,"Greenville, SC USA","October 31, 2015","DAVID WILSON (M25)
4:13:26 171 140
4:13:12
LEXINGTON, SC, USA
4:13:12
 "
172,MIDD=2359151031,Spinx Run Fest,"Greenville, SC USA","October 31, 2015","HELEN LANSING (F51)
4:13:41 172 32
4:13:41
ROME, GA, USA
3:32:04
 "
173,MIDD=2359151031,Spinx Run Fest,"Greenville, SC USA","October 31, 2015","ANITA JONES (F46)
4:13:51 173 33
4:13:28
ANDERSON, SC, USA
3:45:42
 "
174,MIDD=2359151031,Spinx Run Fest,"Greenville, SC USA","October 31, 2015","JOHN FISHER (M63)
4:14:17 174 141
4:14:17
NAPERVILLE, IL, USA
3:21:15
 "
175,MIDD=2359151031,Spinx Run Fest,"Greenville, SC USA","October 31, 2015","JAMIE MAKAYLA (F35)
4:14:32 175 34
4:14:13
GREENVILLE, MI, USA
4:10:37
 "
176,MIDD=2359151031,Spinx Run Fest,"Greenville, SC USA","October 31, 2015","KEVIN DELK (M32)
4:14:37 176 142
4:14:22
GREENEVILLE, TN, USA
4:14:22
 "
177,MIDD=2359151031,Spinx Run Fest,"Greenville, SC USA","October 31, 2015","KAYLA DELK (F29)
4:14:38 177 35
4:14:25
GREENEVILLE, TN, USA
4:14:25
 "
178,MIDD=2359151031,Spinx Run Fest,"Greenville, SC USA","October 31, 2015","CRAIG SANDSTROM (M48)
4:15:27 178 143
4:15:13
PIEDMONT, SC, USA
3:52:42
 "
179,MIDD=2359151031,Spinx Run Fest,"Greenville, SC USA","October 31, 2015","JEFF NATES (M53)
4:15:39 179 144
4:15:22
COLUMBIA, SC, USA
3:42:36
 "
180,MIDD=2359151031,Spinx Run Fest,"Greenville, SC USA","October 31, 2015","MAC PARK (M57)
4:15:52 180 145
4:15:42
LAWRENCEVILLE, GA, USA
3:34:41
 "
181,MIDD=2359151031,Spinx Run Fest,"Greenville, SC USA","October 31, 2015","CAREY STONEKING (M65)
4:16:35 181 146
4:16:35
ROCK HILL, SC, USA
3:18:57
 "
182,MIDD=2359151031,Spinx Run Fest,"Greenville, SC USA","October 31, 2015","FRANZ HONER (M40)
4:17:11 182 147
4:16:57
SIMPSONVILLE, SC, USA
4:10:45
 "
183,MIDD=2359151031,Spinx Run Fest,"Greenville, SC USA","October 31, 2015","SID BRANDON (M59)
4:17:18 183 148
4:17:05
CHARLESTON, SC, USA
3:31:44
 "
184,MIDD=2359151031,Spinx Run Fest,"Greenville, SC USA","October 31, 2015","SUK LIM (M57)
4:18:48 184 149
4:18:38
LILBURN, GA, USA
3:37:08
 "
185,MIDD=2359151031,Spinx Run Fest,"Greenville, SC USA","October 31, 2015","KARINA RICE (F27)
4:18:55 185 36
4:18:41
CINCINNATI, OH, USA
4:18:41
 "
186,MIDD=2359151031,Spinx Run Fest,"Greenville, SC USA","October 31, 2015","BETH DEL SAVIO (F47)
4:19:52 186 37
4:19:39
GREENVILLE, SC, USA
3:48:23
 "
187,MIDD=2359151031,Spinx Run Fest,"Greenville, SC USA","October 31, 2015","PATRICK BENTLEY (M27)
4:22:21 187 150
4:22:13
ATLANTA, GA, USA
4:22:13
 "
188,MIDD=2359151031,Spinx Run Fest,"Greenville, SC USA","October 31, 2015","JEFF SEGARS (M50)
4:22:22 188 151
4:22:16
PIEDMONT, SC, USA
3:54:54
 "
189,MIDD=2359151031,Spinx Run Fest,"Greenville, SC USA","October 31, 2015","DAVE TRAUTMAN (M60)
4:23:11 189 152
4:22:55
CHARLESTON, SC, USA
3:34:24
 "
190,MIDD=2359151031,Spinx Run Fest,"Greenville, SC USA","October 31, 2015","AARON BEASLEY (M35)
4:24:04 190 153
4:23:40
GREENVILLE, SC, USA
4:23:40
 "
191,MIDD=2359151031,Spinx Run Fest,"Greenville, SC USA","October 31, 2015","BILL SVED (M67)
4:24:09 191 154
4:24:06
MARQUETTE, MI, USA
3:20:33
 "
192,MIDD=2359151031,Spinx Run Fest,"Greenville, SC USA","October 31, 2015","PHIL SKINNER (M51)
4:24:45 192 155
4:24:33
NEWNAN, GA, USA
3:54:50
 "
193,MIDD=2359151031,Spinx Run Fest,"Greenville, SC USA","October 31, 2015","BECCA MORRIS (F34)
4:24:52 193 38
4:24:35
GREENVILLE, SC, USA
4:21:59
 "
194,MIDD=2359151031,Spinx Run Fest,"Greenville, SC USA","October 31, 2015","CALEB SOWERS (M24)
4:25:09 194 156
4:25:04
TAYLORS, SC, USA
4:25:04
 "
195,MIDD=2359151031,Spinx Run Fest,"Greenville, SC USA","October 31, 2015","ERIK ANDERSON (M47)
4:25:11 195 157
4:24:53
GREENVILLE, SC, USA
4:03:38
 "
196,MIDD=2359151031,Spinx Run Fest,"Greenville, SC USA","October 31, 2015","KEVIN FLANNERY (M57)
4:25:16 196 158
4:24:56
WEST COLUMBIA, SC, USA
3:42:26
 "
197,MIDD=2359151031,Spinx Run Fest,"Greenville, SC USA","October 31, 2015","ANGELA MASON (F39)
4:25:31 197 39
4:25:20
FOUNTAIN INN, SC, USA
4:14:55
 "
198,MIDD=2359151031,Spinx Run Fest,"Greenville, SC USA","October 31, 2015","CHRIS HONEYCUTT (F42)
4:25:46 198 40
4:25:23
ANDERSON, SC, USA
4:07:47
 "
199,MIDD=2359151031,Spinx Run Fest,"Greenville, SC USA","October 31, 2015","CYNTHIA BOSWELL (F38)
4:25:58 199 41
4:25:51
GREENVILLE, SC, USA
4:17:23
 "
200,MIDD=2359151031,Spinx Run Fest,"Greenville, SC USA","October 31, 2015","BILL KUTKUS (M45)
4:26:11 200 159
4:26:00
COWPENS, SC, USA
4:08:55
 "
201,MIDD=2359151031,Spinx Run Fest,"Greenville, SC USA","October 31, 2015","MARGARET MONROE (F33)
4:26:25 201 42
4:26:13
LANCASTER, SC, USA
4:24:32
 "
202,MIDD=2359151031,Spinx Run Fest,"Greenville, SC USA","October 31, 2015","MARIA WARD (F34)
4:26:49 202 43
4:26:30
ASHEVILLE, NC, USA
4:23:53
 "
203,MIDD=2359151031,Spinx Run Fest,"Greenville, SC USA","October 31, 2015","ERIN BAIRD (F36)
4:26:49 203 44
4:26:34
FT MILL, SC, USA
4:21:26
 "
204,MIDD=2359151031,Spinx Run Fest,"Greenville, SC USA","October 31, 2015","STEPHEN PUCKETT (M38)
4:26:49 204 160
4:26:42
SIMPSONVILLE, SC, USA
4:24:17
 "
205,MIDD=2359151031,Spinx Run Fest,"Greenville, SC USA","October 31, 2015","MARC RYTZ (M46)
4:26:50 205 161
4:26:30
ARDEN, NC, USA
4:07:15
 "
206,MIDD=2359151031,Spinx Run Fest,"Greenville, SC USA","October 31, 2015","ISABELLA CRANE (F19)
4:26:57 206 45
4:26:41
LAWRENCEVILLE, NJ, USA
4:24:58
 "
207,MIDD=2359151031,Spinx Run Fest,"Greenville, SC USA","October 31, 2015","ISABELLA DE LA HOUSSAYE (F51)
4:26:57 207 46
4:26:43
LAWRENCEVILLE, NJ, USA
3:42:58
 "
208,MIDD=2359151031,Spinx Run Fest,"Greenville, SC USA","October 31, 2015","SARAH PIPERATO (F27)
4:27:24 208 47
4:27:11
COLUMBIA, SC, USA
4:27:11
 "
209,MIDD=2359151031,Spinx Run Fest,"Greenville, SC USA","October 31, 2015","DREW PLUMBLEE (M26)
4:27:26 209 162
4:27:19
GREER, SC, USA
4:27:19
 "
210,MIDD=2359151031,Spinx Run Fest,"Greenville, SC USA","October 31, 2015","RICH JOHNSON (M43)
4:27:39 210 163
4:27:23
 
4:14:31
 "
211,MIDD=2359151031,Spinx Run Fest,"Greenville, SC USA","October 31, 2015","JASON MAINTZER (M44)
4:27:40 211 164
4:27:26
CAYCE, SC, USA
4:12:25
 "
212,MIDD=2359151031,Spinx Run Fest,"Greenville, SC USA","October 31, 2015","DANIEL PARHAM (M55)
4:27:42 212 165
4:27:24
GREER, SC, USA
3:48:47
 "
213,MIDD=2359151031,Spinx Run Fest,"Greenville, SC USA","October 31, 2015","PAUL YI (M58)
4:28:00 213 166
4:27:43
BUFORD, GA, USA
3:42:37
 "
214,MIDD=2359151031,Spinx Run Fest,"Greenville, SC USA","October 31, 2015","MIKE BARBEE (M45)
4:28:13 214 167
4:28:04
COLUMBIA, SC, USA
4:10:51
 "
215,MIDD=2359151031,Spinx Run Fest,"Greenville, SC USA","October 31, 2015","ANDRES DIAZ (M38)
4:28:17 215 168
4:28:12
SIMPSONVILLE, SC, USA
4:25:47
 "
216,MIDD=2359151031,Spinx Run Fest,"Greenville, SC USA","October 31, 2015","BONG SOO KIM (M54)
4:28:29 216 169
4:28:22
JONESBORO, GA, USA
3:51:47
 "
217,MIDD=2359151031,Spinx Run Fest,"Greenville, SC USA","October 31, 2015","SETH PARRY (M35)
4:28:53 217 170
4:28:42
ROYSTON, GA, USA
4:28:42
 "
218,MIDD=2359151031,Spinx Run Fest,"Greenville, SC USA","October 31, 2015","APPY MANN (M48)
4:28:58 218 171
4:28:40
SPARTANBURG, SC, USA
4:04:58
 "
219,MIDD=2359151031,Spinx Run Fest,"Greenville, SC USA","October 31, 2015","CAMERON THOMPSON (M24)
4:29:18 219 172
4:29:11
TAYLORS, SC, USA
4:29:11
 "
220,MIDD=2359151031,Spinx Run Fest,"Greenville, SC USA","October 31, 2015","BROCK STEVENS (M40)
4:29:19 220 173
4:29:02
GREENVILLE, SC, USA
4:22:32
 "
221,MIDD=2359151031,Spinx Run Fest,"Greenville, SC USA","October 31, 2015","MELISSA WILLIAMS (F37)
4:29:25 221 48
4:29:07
BOILING SPRINGS, SC, USA
4:22:21
 "
222,MIDD=2359151031,Spinx Run Fest,"Greenville, SC USA","October 31, 2015","MR-ED MULHEREN (M58)
4:29:25 222 174
4:29:25
CHARLOTTE, NC, USA
3:44:02
 "
223,MIDD=2359151031,Spinx Run Fest,"Greenville, SC USA","October 31, 2015","DAVID HORVATH (M40)
4:29:30 223 175
4:29:07
SIMPSONVILLE, SC, USA
4:22:37
 "
224,MIDD=2359151031,Spinx Run Fest,"Greenville, SC USA","October 31, 2015","NICOLE BELL (F40)
4:29:35 224 49
4:29:32
GREENVILLE, SC, USA
4:16:45
 "
225,MIDD=2359151031,Spinx Run Fest,"Greenville, SC USA","October 31, 2015","ROSE SAUCIER (F46)
4:29:35 225 50
4:29:17
BOILING SPRINGS, SC, USA
3:59:47
 "
226,MIDD=2359151031,Spinx Run Fest,"Greenville, SC USA","October 31, 2015","SUMMER TEBALT (F38)
4:29:36 226 51
4:29:19
INMAN, SC, USA
4:20:45
 "
227,MIDD=2359151031,Spinx Run Fest,"Greenville, SC USA","October 31, 2015","MICHAEL SCHWARZ (M56)
4:29:51 227 176
4:29:38
LINO LAKES, MN, USA
3:48:32
 "
228,MIDD=2359151031,Spinx Run Fest,"Greenville, SC USA","October 31, 2015","MI SIM (F49)
4:29:56 228 52
4:29:39
DULUTH, GA, USA
3:51:18
 "
229,MIDD=2359151031,Spinx Run Fest,"Greenville, SC USA","October 31, 2015","ERIN MCCAULEY (F36)
4:31:31 229 53
4:31:18
GREER, SC, USA
4:26:05
 "
230,MIDD=2359151031,Spinx Run Fest,"Greenville, SC USA","October 31, 2015","JAMES SMITH (M57)
4:32:39 230 177
4:32:30
GREENVILLE, SC, USA
3:48:47
 "
231,MIDD=2359151031,Spinx Run Fest,"Greenville, SC USA","October 31, 2015","KATIE TO (F28)
4:33:17 231 54
4:33:12
COSTA MESA, CA, USA
4:33:12
 "
232,MIDD=2359151031,Spinx Run Fest,"Greenville, SC USA","October 31, 2015","ROGER THROCKMORTON (M47)
4:33:29 232 178
4:33:23
GREER, SC, USA
4:11:27
 "
233,MIDD=2359151031,Spinx Run Fest,"Greenville, SC USA","October 31, 2015","NATHAN LONG (M30)
4:33:33 233 179
4:33:15
GREENVILLE, SC, USA
4:33:15
 "
234,MIDD=2359151031,Spinx Run Fest,"Greenville, SC USA","October 31, 2015","RANDY ADAMS (M39)
4:33:39 234 180
4:33:29
ANDERSON, SC, USA
4:29:06
 "
235,MIDD=2359151031,Spinx Run Fest,"Greenville, SC USA","October 31, 2015","SONIA SANTANA (F46)
4:33:43 235 55
4:33:31
ASHEVILLE, NC, USA
4:03:33
 "
236,MIDD=2359151031,Spinx Run Fest,"Greenville, SC USA","October 31, 2015","LORI STOWE (F38)
4:34:03 236 56
4:33:42
GREER, SC, USA
4:24:59
 "
237,MIDD=2359151031,Spinx Run Fest,"Greenville, SC USA","October 31, 2015","ROBERT BELL (M35)
4:34:19 237 181
4:33:53
SIMPSONVILLE, SC, USA
4:33:53
 "
238,MIDD=2359151031,Spinx Run Fest,"Greenville, SC USA","October 31, 2015","BRYAN FELDMAN (M39)
4:34:42 238 182
4:34:31
GREENVILLE, SC, USA
4:30:07
 "
239,MIDD=2359151031,Spinx Run Fest,"Greenville, SC USA","October 31, 2015","TOMIO BROWN (M35)
4:35:10 239 183
4:34:44
SIMPSONVILLE, SC, USA
4:34:44
 "
240,MIDD=2359151031,Spinx Run Fest,"Greenville, SC USA","October 31, 2015","JOSE SANTOS (M60)
4:35:24 240 184
4:35:23
MINT HILL, NC, USA
3:44:34
 "
241,MIDD=2359151031,Spinx Run Fest,"Greenville, SC USA","October 31, 2015","CAMP WYNN (M41)
4:35:40 241 185
4:35:30
GREENVILLE, SC, USA
4:26:39
 "
242,MIDD=2359151031,Spinx Run Fest,"Greenville, SC USA","October 31, 2015","SUNJUNE LEE (F55)
4:35:51 242 57
4:35:33
JOHNS CREEK, GA, USA
3:38:20
 "
243,MIDD=2359151031,Spinx Run Fest,"Greenville, SC USA","October 31, 2015","LESLEY BAKER (F41)
4:35:57 243 58
4:35:35
GREENVILLE, SC, USA
4:20:00
 "
244,MIDD=2359151031,Spinx Run Fest,"Greenville, SC USA","October 31, 2015","HANNAH WANG (F34)
4:35:58 244 59
4:35:39
DENVER, CO, USA
4:32:56
 "
245,MIDD=2359151031,Spinx Run Fest,"Greenville, SC USA","October 31, 2015","MAX DRAWBAUGH (M58)
4:36:18 245 186
4:35:55
GREENVILLE, SC, USA
3:49:27
 "
246,MIDD=2359151031,Spinx Run Fest,"Greenville, SC USA","October 31, 2015","KENDALL SMITH (M30)
4:37:26 246 187
4:37:13
ELIZABETHTOWN, NC, USA
4:37:13
 "
247,MIDD=2359151031,Spinx Run Fest,"Greenville, SC USA","October 31, 2015","JANA BRIEDIS-RUIZ (F57)
4:37:40 247 60
4:37:15
CHARLOTTESVILLE, VA, USA
3:33:38
 "
248,MIDD=2359151031,Spinx Run Fest,"Greenville, SC USA","October 31, 2015","VIKTOR TRUKOV (M52)
4:37:52 248 188
4:37:52
 
4:04:26
 "
249,MIDD=2359151031,Spinx Run Fest,"Greenville, SC USA","October 31, 2015","THOMAS SKINNER (M69)
4:38:03 249 189
4:37:47
ALPHARETTA, GA, USA
3:26:30
 "
250,MIDD=2359151031,Spinx Run Fest,"Greenville, SC USA","October 31, 2015","LEE SCHNEIDER (M34)
4:38:39 250 190
4:38:16
GREENVILLE, SC, USA
4:38:16
 "
251,MIDD=2359151031,Spinx Run Fest,"Greenville, SC USA","October 31, 2015","JOHN LUKEN (M59)
4:38:58 251 191
4:38:44
CINCINNATI, OH, USA
3:49:33
 "
252,MIDD=2359151031,Spinx Run Fest,"Greenville, SC USA","October 31, 2015","ROBERT FURR (M33)
4:38:59 252 192
4:38:41
PICKENS, SC, USA
4:38:41
 "
253,MIDD=2359151031,Spinx Run Fest,"Greenville, SC USA","October 31, 2015","ERIC JETER (M29)
4:39:00 253 193
4:38:47
GREER, SC, USA
4:38:47
 "
254,MIDD=2359151031,Spinx Run Fest,"Greenville, SC USA","October 31, 2015","PETER PISTOLIS (M33)
4:39:01 254 194
4:38:53
GREENVILLE, SC, USA
4:38:53
 "
255,MIDD=2359151031,Spinx Run Fest,"Greenville, SC USA","October 31, 2015","REBEKAH CLYBORNE (F21)
4:39:17 255 61
4:38:58
SIMPSONVILLE, SC, USA
4:38:58
 "
256,MIDD=2359151031,Spinx Run Fest,"Greenville, SC USA","October 31, 2015","MEGAN KELLY (F22)
4:39:17 256 62
4:38:58
NORCROSS, GA, USA
4:38:58
 "
257,MIDD=2359151031,Spinx Run Fest,"Greenville, SC USA","October 31, 2015","DANIELLE COLBY (F38)
4:39:24 257 63
4:39:09
SIMPSONVILLE, SC, USA
4:30:16
 "
258,MIDD=2359151031,Spinx Run Fest,"Greenville, SC USA","October 31, 2015","BRIAN CAMPBELL (M48)
4:40:27 258 195
4:40:06
KNOXVILLE, TN, USA
4:15:23
 "
259,MIDD=2359151031,Spinx Run Fest,"Greenville, SC USA","October 31, 2015","BEN CAMPBELL (M17)
4:40:27 259 196
4:40:06
KNOXVILLE, TN, USA
4:25:23
 "
260,MIDD=2359151031,Spinx Run Fest,"Greenville, SC USA","October 31, 2015","JOHN DAVID CAMPBELL (M14)
4:40:27 260 197
4:40:06
KNOXVILLE, TN, USA
4:10:51
 "
261,MIDD=2359151031,Spinx Run Fest,"Greenville, SC USA","October 31, 2015","CRAIG WATSON (M57)
4:42:53 261 198
4:42:41
BATON ROUGE, LA, USA
3:57:20
 "
262,MIDD=2359151031,Spinx Run Fest,"Greenville, SC USA","October 31, 2015","YVONNE OWENS (F52)
4:43:17 262 64
4:43:02
FLORENCE, SC, USA
3:53:31
 "
263,MIDD=2359151031,Spinx Run Fest,"Greenville, SC USA","October 31, 2015","AARON LEBRUN (M21)
4:43:23 263 199
4:43:00
SIMPSONVILLE, SC, USA
4:41:43
 "
264,MIDD=2359151031,Spinx Run Fest,"Greenville, SC USA","October 31, 2015","BRADFORD HUDGINS (M66)
4:43:33 264 200
4:43:20
HENDERSONVILLE, NC, USA
3:37:25
 "
265,MIDD=2359151031,Spinx Run Fest,"Greenville, SC USA","October 31, 2015","BILL KUNSHEK (M55)
4:44:45 265 201
4:44:19
GIRARD, KS, USA
4:03:15
 "
266,MIDD=2359151031,Spinx Run Fest,"Greenville, SC USA","October 31, 2015","RAE LYNN LAMPAREK (F44)
4:45:21 266 65
4:45:15
SWISHER, IA, USA
4:20:14
 "
267,MIDD=2359151031,Spinx Run Fest,"Greenville, SC USA","October 31, 2015","SRIKANTH VEERAVELLI (M44)
4:45:34 267 202
4:45:20
CUMMING, GA, USA
4:29:19
 "
268,MIDD=2359151031,Spinx Run Fest,"Greenville, SC USA","October 31, 2015","BRIAN BAILEY (M38)
4:46:54 268 203
4:46:42
FAYETTEVILLE, AR, USA
4:44:07
 "
269,MIDD=2359151031,Spinx Run Fest,"Greenville, SC USA","October 31, 2015","ASHLEY BAILEY (F31)
4:46:55 269 66
4:46:42
FAYETTEVILLE, AR, USA
4:46:14
 "
270,MIDD=2359151031,Spinx Run Fest,"Greenville, SC USA","October 31, 2015","SARAH GREENE (F36)
4:47:14 270 67
4:47:00
DECATUR, GA, USA
4:41:29
 "
271,MIDD=2359151031,Spinx Run Fest,"Greenville, SC USA","October 31, 2015","TIM MULLICAN (M55)
4:47:27 271 204
4:47:02
MITCHELL, SD, USA
4:05:35
 "
272,MIDD=2359151031,Spinx Run Fest,"Greenville, SC USA","October 31, 2015","EVELYN MACLEOD (F30)
4:47:32 272 68
4:47:13
TAYLORS, SC, USA
4:47:06
 "
273,MIDD=2359151031,Spinx Run Fest,"Greenville, SC USA","October 31, 2015","LIJA MOORE (F28)
4:47:37 273 69
4:47:22
WARNER ROBINS, GA, USA
4:47:22
 "
274,MIDD=2359151031,Spinx Run Fest,"Greenville, SC USA","October 31, 2015","KRISTEN OWENS (F29)
4:47:59 274 70
4:47:40
WELLFORD, SC, USA
4:47:40
 "
275,MIDD=2359151031,Spinx Run Fest,"Greenville, SC USA","October 31, 2015","CHRISTOPHER WHITAKER (M33)
4:48:03 275 205
4:47:37
SIMPSONVILLE, SC, USA
4:47:37
 "
276,MIDD=2359151031,Spinx Run Fest,"Greenville, SC USA","October 31, 2015","CHRISTOPHER LEE (M71)
4:48:12 276 206
4:47:44
BOYNTON BEACH, FL, USA
3:29:14
 "
277,MIDD=2359151031,Spinx Run Fest,"Greenville, SC USA","October 31, 2015","KIM HENDRIX (F40)
4:49:08 277 71
4:49:00
BATESBURG-LEESVILLE, SC, USA
4:35:18
 "
278,MIDD=2359151031,Spinx Run Fest,"Greenville, SC USA","October 31, 2015","MICHELLE DUNN (F45)
4:49:20 278 72
4:48:54
TRAVELERS REST, SC, USA
4:20:24
 "
279,MIDD=2359151031,Spinx Run Fest,"Greenville, SC USA","October 31, 2015","DIANNE DAY (F53)
4:50:05 279 73
4:49:50
TRAVELERS REST, SC, USA
3:55:58
 "
280,MIDD=2359151031,Spinx Run Fest,"Greenville, SC USA","October 31, 2015","JAMIE CRAMER (F39)
4:50:11 280 74
4:50:05
GREER, SC, USA
4:38:42
 "
281,MIDD=2359151031,Spinx Run Fest,"Greenville, SC USA","October 31, 2015","CHARLIE MOORE (M34)
4:51:27 281 207
4:51:06
GREENVILLE, SC, USA
4:51:06
 "
282,MIDD=2359151031,Spinx Run Fest,"Greenville, SC USA","October 31, 2015","SHIKE HUANG (M34)
4:51:58 282 208
4:51:35
FLORENCE, SC, USA
4:51:35
 "
283,MIDD=2359151031,Spinx Run Fest,"Greenville, SC USA","October 31, 2015","DAVID HONG (M47)
4:52:16 283 209
4:51:59
DULUTH, GA, USA
4:28:33
 "
284,MIDD=2359151031,Spinx Run Fest,"Greenville, SC USA","October 31, 2015","TONY MERRITT (M35)
4:52:29 284 210
4:52:14
BELTON, SC, USA
4:52:14
 "
285,MIDD=2359151031,Spinx Run Fest,"Greenville, SC USA","October 31, 2015","JESSUCA WOODS (F38)
4:52:37 285 75
4:52:27
GREENVILLE, SC, USA
4:43:09
 "
286,MIDD=2359151031,Spinx Run Fest,"Greenville, SC USA","October 31, 2015","ARNAUD RAIMBOURG (M40)
4:55:22 286 211
4:55:11
GREENVILLE, SC, USA
4:48:04
 "
287,MIDD=2359151031,Spinx Run Fest,"Greenville, SC USA","October 31, 2015","CHARLES BROADWELL (M48)
4:55:56 287 212
4:55:36
TAYLORS, SC, USA
4:29:31
 "
288,MIDD=2359151031,Spinx Run Fest,"Greenville, SC USA","October 31, 2015","RAMESH CHELLAPPAN (M44)
4:56:09 288 213
4:55:49
GREENVILLE, SC, USA
4:39:13
 "
289,MIDD=2359151031,Spinx Run Fest,"Greenville, SC USA","October 31, 2015","MARGARET GILL (F46)
4:56:14 289 76
4:55:59
GREENVILLE, SC, USA
4:23:34
 "
290,MIDD=2359151031,Spinx Run Fest,"Greenville, SC USA","October 31, 2015","CHARLES CAUSEY (M47)
4:57:33 290 214
4:57:29
MANASSAS, VA, USA
4:33:37
 "
291,MIDD=2359151031,Spinx Run Fest,"Greenville, SC USA","October 31, 2015","HANYONG PARK (M55)
4:58:25 291 215
4:58:06
MARIETTA, GA, USA
4:15:03
 "
292,MIDD=2359151031,Spinx Run Fest,"Greenville, SC USA","October 31, 2015","HOPE EDLIN (F50)
4:59:22 292 77
4:59:12
GREER, SC, USA
4:13:23
 "
293,MIDD=2359151031,Spinx Run Fest,"Greenville, SC USA","October 31, 2015","SUSAN MCGRAW (F49)
4:59:59 293 78
4:59:36
TOWNVILLE, SC, USA
4:16:59
 "
294,MIDD=2359151031,Spinx Run Fest,"Greenville, SC USA","October 31, 2015","RASHAD HARPER (M35)
5:00:59 294 216
5:00:56
GREENVILLE, SC, USA
5:00:56
 "
295,MIDD=2359151031,Spinx Run Fest,"Greenville, SC USA","October 31, 2015","SHONDA CAINES (F35)
5:01:54 295 79
5:01:33
CHARLOTTE, NC, USA
4:57:17
 "
296,MIDD=2359151031,Spinx Run Fest,"Greenville, SC USA","October 31, 2015","BETH BURKET (F53)
5:02:19 296 80
5:02:04
GREENVILLE, SC, USA
4:05:56
 "
297,MIDD=2359151031,Spinx Run Fest,"Greenville, SC USA","October 31, 2015","HANBEE CHOI (F25)
5:02:28 297 81
5:02:11
HOSCHTON, GA, USA
5:02:11
 "
298,MIDD=2359151031,Spinx Run Fest,"Greenville, SC USA","October 31, 2015","WENDY WRIGHT (F48)
5:02:36 298 82
5:02:07
CHARLOTTESVILLE, VA, USA
4:22:26
 "
299,MIDD=2359151031,Spinx Run Fest,"Greenville, SC USA","October 31, 2015","COLETTE MADISON (F47)
5:02:38 299 83
5:02:23
PITTSFORD, NY, USA
4:25:58
 "
300,MIDD=2359151031,Spinx Run Fest,"Greenville, SC USA","October 31, 2015","WATSON A MCBRIDE III (M50)
5:02:49 300 217
5:02:48
SANDY SPRINGS, SC, USA
4:31:13
 "
301,MIDD=2359151031,Spinx Run Fest,"Greenville, SC USA","October 31, 2015","LYDIA VAZQUEZ (F52)
5:03:39 301 84
5:03:28
GREENVILLE, SC, USA
4:10:23
 "
302,MIDD=2359151031,Spinx Run Fest,"Greenville, SC USA","October 31, 2015","RAO NUTHAKKI (F48)
5:05:03 302 85
5:04:48
ALPHARETTA, GA, USA
4:24:46
 "
303,MIDD=2359151031,Spinx Run Fest,"Greenville, SC USA","October 31, 2015","RENEE ADAMS (F42)
5:05:16 303 86
5:04:50
 
4:44:37
 "
304,MIDD=2359151031,Spinx Run Fest,"Greenville, SC USA","October 31, 2015","MICHAEL FALLAT (M42)
5:05:16 304 218
5:04:58
GREER, SC, USA
4:52:44
 "
305,MIDD=2359151031,Spinx Run Fest,"Greenville, SC USA","October 31, 2015","ADAM HAWTHORNE (M37)
5:05:32 305 219
5:05:32
LYMAN, SC, USA
5:04:18
 "
306,MIDD=2359151031,Spinx Run Fest,"Greenville, SC USA","October 31, 2015","PETER DURKIN (M63)
5:05:39 306 220
5:05:39
ALBUQUERQUE, NM, USA
4:01:55
 "
307,MIDD=2359151031,Spinx Run Fest,"Greenville, SC USA","October 31, 2015","AMY JUNG (F51)
5:05:56 307 87
5:05:41
SUWANEE, GA, USA
4:15:33
 "
308,MIDD=2359151031,Spinx Run Fest,"Greenville, SC USA","October 31, 2015","LEE CULP (M40)
5:06:17 308 221
5:05:58
GREENVILLE, SC, USA
4:58:35
 "
309,MIDD=2359151031,Spinx Run Fest,"Greenville, SC USA","October 31, 2015","JASON MALONE (M39)
5:06:56 309 222
5:06:38
SIMPSONVILLE, SC, USA
5:01:43
 "
310,MIDD=2359151031,Spinx Run Fest,"Greenville, SC USA","October 31, 2015","MARK RICH (M38)
5:07:15 310 223
5:06:54
WELLFORD, SC, USA
5:04:08
 "
311,MIDD=2359151031,Spinx Run Fest,"Greenville, SC USA","October 31, 2015","BENJAMIN TOMLINSON (M20)
5:07:50 311 224
5:07:29
SIMPSONVILLE, SC, USA
5:03:38
 "
312,MIDD=2359151031,Spinx Run Fest,"Greenville, SC USA","October 31, 2015","CHERI MILNE (F45)
5:08:02 312 88
5:07:36
ACWORTH, GA, USA
4:37:16
 "
313,MIDD=2359151031,Spinx Run Fest,"Greenville, SC USA","October 31, 2015","RAVI KUMAR TATAVARTI (M41)
5:09:37 313 225
5:09:22
CUMMING, GA, USA
4:59:26
 "
314,MIDD=2359151031,Spinx Run Fest,"Greenville, SC USA","October 31, 2015","MEREDITH DISHONGH (F24)
5:10:08 314 89
5:09:47
GREENVILLE, SC, USA
5:09:47
 "
315,MIDD=2359151031,Spinx Run Fest,"Greenville, SC USA","October 31, 2015","ANDREA LOPER (F60)
5:10:27 315 90
5:10:21
RALEIGH, NC, USA
3:48:56
 "
316,MIDD=2359151031,Spinx Run Fest,"Greenville, SC USA","October 31, 2015","GUADALUPE KOEHLER (F49)
5:10:31 316 91
5:10:22
RALEIGH, NC, USA
4:26:13
 "
317,MIDD=2359151031,Spinx Run Fest,"Greenville, SC USA","October 31, 2015","ROBERT VANDENMEIRACKER (M46)
5:12:15 317 226
5:11:48
GREER, SC, USA
4:49:17
 "
318,MIDD=2359151031,Spinx Run Fest,"Greenville, SC USA","October 31, 2015","RENE PIERCE (F50)
5:12:19 318 92
5:11:55
SIMPSONVILLE, SC, USA
4:24:09
 "
319,MIDD=2359151031,Spinx Run Fest,"Greenville, SC USA","October 31, 2015","KATELYN POWER (F24)
5:12:22 319 93
5:11:59
GREENVILLE, SC, USA
5:11:59
 "
320,MIDD=2359151031,Spinx Run Fest,"Greenville, SC USA","October 31, 2015","DAVID WINGARD (M65)
5:13:29 320 227
5:13:14
 
4:02:52
 "
321,MIDD=2359151031,Spinx Run Fest,"Greenville, SC USA","October 31, 2015","SONYA CALDWELL (F45)
5:14:05 321 94
5:13:54
INDIAN TRAIL, NC, USA
4:42:56
 "
322,MIDD=2359151031,Spinx Run Fest,"Greenville, SC USA","October 31, 2015","TANYA SCOTT (F44)
5:14:41 322 95
5:14:24
PIEDMONT, SC, USA
4:46:49
 "
323,MIDD=2359151031,Spinx Run Fest,"Greenville, SC USA","October 31, 2015","MELISSA LANCE (F38)
5:15:15 323 96
5:14:56
SHELBY, NC, USA
5:04:55
 "
324,MIDD=2359151031,Spinx Run Fest,"Greenville, SC USA","October 31, 2015","ROBERT LANCE JR (M41)
5:15:19 324 228
5:15:00
SHELBY, NC, USA
5:04:53
 "
325,MIDD=2359151031,Spinx Run Fest,"Greenville, SC USA","October 31, 2015","CHARLOTTE MOTLEY (F57)
5:15:34 325 97
5:15:25
ATLANTA, GA, USA
4:03:03
 "
326,MIDD=2359151031,Spinx Run Fest,"Greenville, SC USA","October 31, 2015","DAVID WEAVER (M47)
5:16:10 326 229
5:15:47
GREENVILLE, SC, USA
4:50:27
 "
327,MIDD=2359151031,Spinx Run Fest,"Greenville, SC USA","October 31, 2015","LAUREN ZYSK PARRY (F33)
5:17:02 327 98
5:16:34
EOYSTON, GA, USA
5:14:34
 "
328,MIDD=2359151031,Spinx Run Fest,"Greenville, SC USA","October 31, 2015","DANIELLE CEMPROLA (F29)
5:17:05 328 99
5:16:43
GREER, SC, USA
5:16:43
 "
329,MIDD=2359151031,Spinx Run Fest,"Greenville, SC USA","October 31, 2015","SHANNON STONER (F45)
5:17:19 329 100
5:16:53
GREER, SC, USA
4:45:38
 "
330,MIDD=2359151031,Spinx Run Fest,"Greenville, SC USA","October 31, 2015","LYLES GARDNER (F41)
5:17:20 330 101
5:16:54
FLORENCE, SC, USA
4:58:59
 "
331,MIDD=2359151031,Spinx Run Fest,"Greenville, SC USA","October 31, 2015","REBEKAH HARKINS (F26)
5:17:33 331 102
5:17:19
GREENVILLE, SC, USA
5:17:19
 "
332,MIDD=2359151031,Spinx Run Fest,"Greenville, SC USA","October 31, 2015","CATHY THATCHER (F41)
5:18:12 332 103
5:18:06
 
5:00:07
 "
333,MIDD=2359151031,Spinx Run Fest,"Greenville, SC USA","October 31, 2015","MELANIE SKORY (F43)
5:19:19 333 104
5:18:58
BOILINGS SPINGS, SC, USA
4:54:28
 "
334,MIDD=2359151031,Spinx Run Fest,"Greenville, SC USA","October 31, 2015","EVITA WISE (F55)
5:19:27 334 105
5:19:02
MARION, SC, USA
4:12:48
 "
335,MIDD=2359151031,Spinx Run Fest,"Greenville, SC USA","October 31, 2015","DAVID HAMEL (M56)
5:19:43 335 230
5:19:43
SPRING LAKE, NC, USA
4:30:59
 "
336,MIDD=2359151031,Spinx Run Fest,"Greenville, SC USA","October 31, 2015","MIMI HUNT (F55)
5:20:16 336 106
5:19:57
SENECA, SC, USA
4:13:31
 "
337,MIDD=2359151031,Spinx Run Fest,"Greenville, SC USA","October 31, 2015","CHRISTINE GROGAN (F47)
5:20:35 337 107
5:20:11
SIMPSONVILLE, SC, USA
4:41:37
 "
338,MIDD=2359151031,Spinx Run Fest,"Greenville, SC USA","October 31, 2015","CHRISTOPHER NOVAK (M35)
5:22:16 338 231
5:22:01
SAINT CHARLES, MO, USA
5:22:01
 "
339,MIDD=2359151031,Spinx Run Fest,"Greenville, SC USA","October 31, 2015","CHRIS BILAMU (M25)
5:23:16 339 232
5:22:55
GREENVILLE, SC, USA
5:22:55
 "
340,MIDD=2359151031,Spinx Run Fest,"Greenville, SC USA","October 31, 2015","GREG HALL (M48)
5:24:38 340 233
5:24:11
SIMPSONVILLE, SC, USA
4:55:35
 "
341,MIDD=2359151031,Spinx Run Fest,"Greenville, SC USA","October 31, 2015","AMANDA HAWKINS (F31)
5:27:04 341 108
5:26:42
GOOSE CREEK, SC, USA
5:26:10
 "
342,MIDD=2359151031,Spinx Run Fest,"Greenville, SC USA","October 31, 2015","CURTIS DILLINGHAM (M34)
5:29:36 342 234
5:29:10
GAFFNEY, SC, USA
5:29:10
 "
343,MIDD=2359151031,Spinx Run Fest,"Greenville, SC USA","October 31, 2015","ELLOA DAVIS (F31)
5:30:13 343 109
5:29:50
CUMMING, GA, USA
5:29:18
 "
344,MIDD=2359151031,Spinx Run Fest,"Greenville, SC USA","October 31, 2015","JENNY CHOI (F56)
5:30:50 344 110
5:30:36
HOSCHTON, GA, USA
4:18:21
 "
345,MIDD=2359151031,Spinx Run Fest,"Greenville, SC USA","October 31, 2015","SEAN CHOI (M59)
5:30:50 345 235
5:30:34
HOSCHTON, GA, USA
4:32:15
 "
346,MIDD=2359151031,Spinx Run Fest,"Greenville, SC USA","October 31, 2015","MICHEAL LINDSEY (M60)
5:31:08 346 236
5:30:44
BOILING SPRINGS, SC, USA
4:29:42
 "
347,MIDD=2359151031,Spinx Run Fest,"Greenville, SC USA","October 31, 2015","MATTHEW CLIME (M36)
5:31:09 347 237
5:30:45
ROEBUCK, SC, USA
5:30:25
 "
348,MIDD=2359151031,Spinx Run Fest,"Greenville, SC USA","October 31, 2015","JOSEPH HALL (M43)
5:31:10 348 238
5:30:46
ELLENBORO, NC, USA
5:14:51
 "
349,MIDD=2359151031,Spinx Run Fest,"Greenville, SC USA","October 31, 2015","AUSTINA JORDAN (F36)
5:31:57 349 111
5:31:30
ROYSTON, GA, USA
5:25:08
 "
350,MIDD=2359151031,Spinx Run Fest,"Greenville, SC USA","October 31, 2015","AMY MILSOM (F45)
5:32:32 350 112
5:32:10
GREENVILLE, SC, USA
4:59:24
 "
351,MIDD=2359151031,Spinx Run Fest,"Greenville, SC USA","October 31, 2015","CORRINE SACKETT (F37)
5:32:32 351 113
5:32:10
GREENVILLE, SC, USA
5:23:49
 "
352,MIDD=2359151031,Spinx Run Fest,"Greenville, SC USA","October 31, 2015","BENNETT M.L. SANSBURY (M31)
5:34:42 352 239
5:34:23
GREENVILLE, SC, USA
5:34:23
 "
353,MIDD=2359151031,Spinx Run Fest,"Greenville, SC USA","October 31, 2015","ALEX FERIA (M32)
5:35:43 353 240
5:35:40
DUBLIN, OH, USA
5:35:40
 "
354,MIDD=2359151031,Spinx Run Fest,"Greenville, SC USA","October 31, 2015","DONNA LOUD (F62)
5:36:28 354 114
5:36:25
SARASOTA, FL, USA
4:00:34
 "
355,MIDD=2359151031,Spinx Run Fest,"Greenville, SC USA","October 31, 2015","STACY MOMON (F43)
5:37:47 355 115
5:37:24
GREENVILEE, SC, USA
5:11:29
 "
356,MIDD=2359151031,Spinx Run Fest,"Greenville, SC USA","October 31, 2015","EMILY DAVIS (F31)
5:38:56 356 116
5:38:37
SPARTANBURG, SC, USA
5:38:04
 "
357,MIDD=2359151031,Spinx Run Fest,"Greenville, SC USA","October 31, 2015","SANDRA WESTON (F63)
5:42:04 357 117
5:41:38
KANSAS CITY, MO, USA
4:00:18
 "
358,MIDD=2359151031,Spinx Run Fest,"Greenville, SC USA","October 31, 2015","MANDE HORNE (F39)
5:42:18 358 118
5:41:53
GREENVILLE, SC, USA
5:28:28
 "
359,MIDD=2359151031,Spinx Run Fest,"Greenville, SC USA","October 31, 2015","ALLEN HORNE (M48)
5:42:19 359 241
5:41:55
GREENVILLE, SC, USA
5:11:45
 "
360,MIDD=2359151031,Spinx Run Fest,"Greenville, SC USA","October 31, 2015","JAMES FERRAZ (M38)
5:42:27 360 242
5:42:03
PICKENS, SC, USA
5:38:58
 "
361,MIDD=2359151031,Spinx Run Fest,"Greenville, SC USA","October 31, 2015","ERICH PESCHEL (M31)
5:42:34 361 243
5:42:16
GREER, SC, USA
5:42:16
 "
362,MIDD=2359151031,Spinx Run Fest,"Greenville, SC USA","October 31, 2015","MEGAN HARTMAN (F34)
5:49:33 362 119
5:49:10
PHILADELPHIA, PA, USA
5:45:44
 "
363,MIDD=2359151031,Spinx Run Fest,"Greenville, SC USA","October 31, 2015","WATANABE KENICHI (M50)
5:52:42 363 244
5:52:26
ELGIN, SC, USA
5:15:40
 "
364,MIDD=2359151031,Spinx Run Fest,"Greenville, SC USA","October 31, 2015","PAULA WILLIAMS (F62)
6:05:36 364 120
6:05:16
JOHNSON CITY, NY, USA
4:21:12
 "
365,MIDD=2359151031,Spinx Run Fest,"Greenville, SC USA","October 31, 2015","ESTHER WHITE (F21)
6:06:07 365 121
6:05:49
BROKEN BOW, NE, USA
6:05:49
 "
366,MIDD=2359151031,Spinx Run Fest,"Greenville, SC USA","October 31, 2015","KIRK ADAMS (M63)
6:06:22 366 245
6:05:52
COLUMBIA, SC, USA
4:49:35
 "
367,MIDD=2359151031,Spinx Run Fest,"Greenville, SC USA","October 31, 2015","BARBARA FOLKMAN FERRAZ (F38)
6:14:57 367 122
6:14:33
GREER, SC, USA
6:02:38
 "
368,MIDD=2359151031,Spinx Run Fest,"Greenville, SC USA","October 31, 2015","LINDA ISHAM (F51)
6:14:58 368 123
6:14:33
LOUISVILLE, KY, USA
5:13:07
 "
369,MIDD=2359151031,Spinx Run Fest,"Greenville, SC USA","October 31, 2015","CARMINE A. MOLINA (F40)
6:24:37 369 124
6:24:15
GREENVILLE, SC, USA
6:06:02
 "
370,MIDD=2359151031,Spinx Run Fest,"Greenville, SC USA","October 31, 2015","RON ARMOLD (M38)
6:25:07 370 246
6:24:48
BOILING SPRINGS, SC, USA
6:21:20
 "
371,MIDD=2359151031,Spinx Run Fest,"Greenville, SC USA","October 31, 2015","MARY MCDONALD (F62)
6:26:46 371 125
6:26:40
CONWAY, AR, USA
4:36:30
 "
372,MIDD=2359151031,Spinx Run Fest,"Greenville, SC USA","October 31, 2015","AMANDA BURTS (F54)
6:27:49 372 126
6:27:19
BRASSTOWN, NC, USA
5:11:07
 "
373,MIDD=2359151031,Spinx Run Fest,"Greenville, SC USA","October 31, 2015","TOM BZOTTE (M52)
6:27:50 373 247
6:27:20
MURPHY, NC, USA
5:40:44
 "
