,race_id,race,location,date,runners
0,MIDD=5388151213,Best Damn Race Cape Coral Marathon,"Cape Coral, FL USA","December 13, 2015","

Have you run this race?Then tell us about it.

Last Name, First Name(Sex/Age)
Time OverAllPlace
Sex Place
Net Time AG Time* BQ*"
1,MIDD=5388151213,Best Damn Race Cape Coral Marathon,"Cape Coral, FL USA","December 13, 2015","Corey Peyerk (M32)
2:56:44 1 1
2:56:43
2:56:43
BQ"
2,MIDD=5388151213,Best Damn Race Cape Coral Marathon,"Cape Coral, FL USA","December 13, 2015","Corrin Tanking (F31)
3:01:18 2 1
3:01:18
3:01:01
BQ"
3,MIDD=5388151213,Best Damn Race Cape Coral Marathon,"Cape Coral, FL USA","December 13, 2015","David Ford (M39)
3:08:30 3 2
3:08:29
3:05:28
BQ"
4,MIDD=5388151213,Best Damn Race Cape Coral Marathon,"Cape Coral, FL USA","December 13, 2015","Eric Spencer (M36)
3:14:59 4 3
3:14:59
3:14:47
 "
5,MIDD=5388151213,Best Damn Race Cape Coral Marathon,"Cape Coral, FL USA","December 13, 2015","Oliver Carey (M34)
3:19:13 5 4
3:19:13
3:19:13
 "
6,MIDD=5388151213,Best Damn Race Cape Coral Marathon,"Cape Coral, FL USA","December 13, 2015","Patrick Kubovsky (M45)
3:20:02 6 5
3:20:01
3:07:10
BQ"
7,MIDD=5388151213,Best Damn Race Cape Coral Marathon,"Cape Coral, FL USA","December 13, 2015","Michael Andriano (M42)
3:20:48 7 6
3:20:46
3:12:43
 "
8,MIDD=5388151213,Best Damn Race Cape Coral Marathon,"Cape Coral, FL USA","December 13, 2015","Nick Bonnici (M32)
3:23:06 8 7
3:23:05
3:23:05
 "
9,MIDD=5388151213,Best Damn Race Cape Coral Marathon,"Cape Coral, FL USA","December 13, 2015","Brittany Van Nielen (F31)
3:24:35 9 2
3:24:24
3:24:05
BQ"
10,MIDD=5388151213,Best Damn Race Cape Coral Marathon,"Cape Coral, FL USA","December 13, 2015","Steven Jakuboski (M51)
3:26:00 10 8
3:25:58
3:02:50
BQ"
11,MIDD=5388151213,Best Damn Race Cape Coral Marathon,"Cape Coral, FL USA","December 13, 2015","Leslie Kramer (F38)
3:29:56 11 3
3:29:53
3:23:12
BQ"
12,MIDD=5388151213,Best Damn Race Cape Coral Marathon,"Cape Coral, FL USA","December 13, 2015","Cortland Wheeler (M27)
3:30:18 12 9
3:30:14
3:30:14
 "
13,MIDD=5388151213,Best Damn Race Cape Coral Marathon,"Cape Coral, FL USA","December 13, 2015","Jony Perez (M42)
3:30:42 13 10
3:30:37
3:22:11
 "
14,MIDD=5388151213,Best Damn Race Cape Coral Marathon,"Cape Coral, FL USA","December 13, 2015","Matthew Mancuso (M44)
3:31:04 14 11
3:30:59
3:19:09
 "
15,MIDD=5388151213,Best Damn Race Cape Coral Marathon,"Cape Coral, FL USA","December 13, 2015","S. Mark Courtney (M59)
3:32:33 15 12
3:32:29
2:55:00
BQ"
16,MIDD=5388151213,Best Damn Race Cape Coral Marathon,"Cape Coral, FL USA","December 13, 2015","Kristen Jaremback (F36)
3:33:05 16 4
3:33:00
3:28:55
BQ"
17,MIDD=5388151213,Best Damn Race Cape Coral Marathon,"Cape Coral, FL USA","December 13, 2015","Mariano Legaz (M44)
3:35:52 17 13
3:35:52
3:23:45
 "
18,MIDD=5388151213,Best Damn Race Cape Coral Marathon,"Cape Coral, FL USA","December 13, 2015","Hannah Rigatti (F22)
3:36:03 18 5
3:35:59
3:35:59
 "
19,MIDD=5388151213,Best Damn Race Cape Coral Marathon,"Cape Coral, FL USA","December 13, 2015","Bruce Lander (M56)
3:40:16 19 14
3:40:16
3:06:42
 "
20,MIDD=5388151213,Best Damn Race Cape Coral Marathon,"Cape Coral, FL USA","December 13, 2015","Jaimie Gosselin (F37)
3:40:57 20 6
3:40:55
3:35:22
 "
21,MIDD=5388151213,Best Damn Race Cape Coral Marathon,"Cape Coral, FL USA","December 13, 2015","Catherine Lesko (F32)
3:42:06 21 7
3:41:54
3:41:07
 "
22,MIDD=5388151213,Best Damn Race Cape Coral Marathon,"Cape Coral, FL USA","December 13, 2015","William Klein (M36)
3:42:41 22 15
3:42:21
3:42:08
 "
23,MIDD=5388151213,Best Damn Race Cape Coral Marathon,"Cape Coral, FL USA","December 13, 2015","Lindsay Palmer (F33)
3:43:43 23 8
3:43:34
3:42:09
 "
24,MIDD=5388151213,Best Damn Race Cape Coral Marathon,"Cape Coral, FL USA","December 13, 2015","Fabrice Leger (M44)
3:45:08 24 16
3:45:08
3:32:30
 "
25,MIDD=5388151213,Best Damn Race Cape Coral Marathon,"Cape Coral, FL USA","December 13, 2015","Amy Yanni (F61)
3:45:17 25 9
3:45:08
2:43:33
BQ"
26,MIDD=5388151213,Best Damn Race Cape Coral Marathon,"Cape Coral, FL USA","December 13, 2015","Gene Dykes (M67)
3:46:21 26 17
3:46:09
2:51:44
BQ"
27,MIDD=5388151213,Best Damn Race Cape Coral Marathon,"Cape Coral, FL USA","December 13, 2015","Anthony Dyshanowitz (M34)
3:51:24 27 18
3:51:16
3:51:16
 "
28,MIDD=5388151213,Best Damn Race Cape Coral Marathon,"Cape Coral, FL USA","December 13, 2015","Wisnick Beauplan (M41)
3:53:39 28 19
3:53:33
3:46:03
 "
29,MIDD=5388151213,Best Damn Race Cape Coral Marathon,"Cape Coral, FL USA","December 13, 2015","Laura Carron (F49)
3:53:40 29 10
3:53:34
3:20:21
BQ"
30,MIDD=5388151213,Best Damn Race Cape Coral Marathon,"Cape Coral, FL USA","December 13, 2015","Chad Hartzell (M33)
3:55:44 30 20
3:55:42
3:55:42
 "
31,MIDD=5388151213,Best Damn Race Cape Coral Marathon,"Cape Coral, FL USA","December 13, 2015","Dougin Walker (M50)
3:56:59 31 21
3:56:52
3:32:10
 "
32,MIDD=5388151213,Best Damn Race Cape Coral Marathon,"Cape Coral, FL USA","December 13, 2015","Amanda Duever (F26)
3:57:10 32 11
3:55:52
3:55:52
 "
33,MIDD=5388151213,Best Damn Race Cape Coral Marathon,"Cape Coral, FL USA","December 13, 2015","Stan Fivecoat (M46)
3:57:42 33 22
3:57:38
3:40:29
 "
34,MIDD=5388151213,Best Damn Race Cape Coral Marathon,"Cape Coral, FL USA","December 13, 2015","Paul Chard (M52)
3:58:59 34 23
3:58:54
3:30:09
 "
35,MIDD=5388151213,Best Damn Race Cape Coral Marathon,"Cape Coral, FL USA","December 13, 2015","Jill Kralovanec (F48)
3:59:15 35 12
3:59:08
3:27:44
 "
36,MIDD=5388151213,Best Damn Race Cape Coral Marathon,"Cape Coral, FL USA","December 13, 2015","John Weeks (M53)
4:00:48 36 24
4:00:34
3:29:42
 "
37,MIDD=5388151213,Best Damn Race Cape Coral Marathon,"Cape Coral, FL USA","December 13, 2015","Nancy Earle (F55)
4:03:19 37 13
4:03:05
3:12:37
BQ"
38,MIDD=5388151213,Best Damn Race Cape Coral Marathon,"Cape Coral, FL USA","December 13, 2015","Sarah Beekman (F37)
4:06:31 38 14
4:06:28
4:00:16
 "
39,MIDD=5388151213,Best Damn Race Cape Coral Marathon,"Cape Coral, FL USA","December 13, 2015","Chris Scott (M42)
4:07:55 39 25
4:07:53
3:57:57
 "
40,MIDD=5388151213,Best Damn Race Cape Coral Marathon,"Cape Coral, FL USA","December 13, 2015","Kathryn Miller (F30)
4:08:34 40 15
4:07:13
4:07:07
 "
41,MIDD=5388151213,Best Damn Race Cape Coral Marathon,"Cape Coral, FL USA","December 13, 2015","Jenifer Wadsworth (F43)
4:08:34 41 16
4:08:03
3:49:00
 "
42,MIDD=5388151213,Best Damn Race Cape Coral Marathon,"Cape Coral, FL USA","December 13, 2015","John Solak (M28)
4:09:13 42 26
4:09:10
4:09:10
 "
43,MIDD=5388151213,Best Damn Race Cape Coral Marathon,"Cape Coral, FL USA","December 13, 2015","Roger Heacock (M64)
4:11:20 43 27
4:10:56
3:16:36
 "
44,MIDD=5388151213,Best Damn Race Cape Coral Marathon,"Cape Coral, FL USA","December 13, 2015","Allyson Mattingly (F22)
4:14:00 44 17
4:13:43
4:13:43
 "
45,MIDD=5388151213,Best Damn Race Cape Coral Marathon,"Cape Coral, FL USA","December 13, 2015","Alyssa Chaffee (F44)
4:15:45 45 18
4:15:18
3:52:55
 "
46,MIDD=5388151213,Best Damn Race Cape Coral Marathon,"Cape Coral, FL USA","December 13, 2015","Michael Caputa (M40)
4:20:09 46 28
4:19:55
4:13:39
 "
47,MIDD=5388151213,Best Damn Race Cape Coral Marathon,"Cape Coral, FL USA","December 13, 2015","Daniel Ottaway (M56)
4:20:17 47 29
4:20:11
3:40:32
 "
48,MIDD=5388151213,Best Damn Race Cape Coral Marathon,"Cape Coral, FL USA","December 13, 2015","Krista Zivkovic (F41)
4:22:21 48 19
4:22:06
4:07:18
 "
49,MIDD=5388151213,Best Damn Race Cape Coral Marathon,"Cape Coral, FL USA","December 13, 2015","Nicole Tansey (F38)
4:22:21 49 20
4:22:07
4:13:47
 "
50,MIDD=5388151213,Best Damn Race Cape Coral Marathon,"Cape Coral, FL USA","December 13, 2015","Andres Quintana (M41)
4:23:03 50 30
4:22:57
4:14:30
 "
51,MIDD=5388151213,Best Damn Race Cape Coral Marathon,"Cape Coral, FL USA","December 13, 2015","Mark Amato (M39)
4:25:44 51 31
4:25:44
4:21:28
 "
52,MIDD=5388151213,Best Damn Race Cape Coral Marathon,"Cape Coral, FL USA","December 13, 2015","Ruben Contreras (M61)
4:26:38 52 32
4:26:33
3:35:14
 "
53,MIDD=5388151213,Best Damn Race Cape Coral Marathon,"Cape Coral, FL USA","December 13, 2015","Christopher McCallus (M43)
4:28:08 53 33
4:27:50
4:14:57
 "
54,MIDD=5388151213,Best Damn Race Cape Coral Marathon,"Cape Coral, FL USA","December 13, 2015","Lauren Blaess (F27)
4:28:39 54 21
4:28:28
4:28:28
 "
55,MIDD=5388151213,Best Damn Race Cape Coral Marathon,"Cape Coral, FL USA","December 13, 2015","Justin Turner (M35)
4:28:58 55 34
4:28:58
4:28:58
 "
56,MIDD=5388151213,Best Damn Race Cape Coral Marathon,"Cape Coral, FL USA","December 13, 2015","Rene Ramirez (M41)
4:30:13 56 35
4:29:58
4:21:18
 "
57,MIDD=5388151213,Best Damn Race Cape Coral Marathon,"Cape Coral, FL USA","December 13, 2015","Shellie Berkelhammer (F47)
4:30:59 57 22
4:30:52
3:58:15
 "
58,MIDD=5388151213,Best Damn Race Cape Coral Marathon,"Cape Coral, FL USA","December 13, 2015","John Pavlicek (M56)
4:31:58 58 36
4:31:53
3:50:26
 "
59,MIDD=5388151213,Best Damn Race Cape Coral Marathon,"Cape Coral, FL USA","December 13, 2015","Kevin Frost (M46)
4:34:57 59 37
4:34:44
4:14:54
 "
60,MIDD=5388151213,Best Damn Race Cape Coral Marathon,"Cape Coral, FL USA","December 13, 2015","Robert Bishton (M65)
4:35:27 60 38
4:34:58
3:33:12
 "
61,MIDD=5388151213,Best Damn Race Cape Coral Marathon,"Cape Coral, FL USA","December 13, 2015","Brad Minus (M44)
4:37:10 61 39
4:36:40
4:21:09
 "
62,MIDD=5388151213,Best Damn Race Cape Coral Marathon,"Cape Coral, FL USA","December 13, 2015","Lori Patterson (F45)
4:38:07 62 23
4:37:38
4:10:15
 "
63,MIDD=5388151213,Best Damn Race Cape Coral Marathon,"Cape Coral, FL USA","December 13, 2015","Jr Haney (M57)
4:38:16 63 40
4:38:05
3:53:29
 "
64,MIDD=5388151213,Best Damn Race Cape Coral Marathon,"Cape Coral, FL USA","December 13, 2015","Tom Byron (M49)
4:38:42 64 42
4:38:39
4:11:50
 "
65,MIDD=5388151213,Best Damn Race Cape Coral Marathon,"Cape Coral, FL USA","December 13, 2015","Christian Marti (M63)
4:38:57 65 41
4:38:31
3:40:26
 "
66,MIDD=5388151213,Best Damn Race Cape Coral Marathon,"Cape Coral, FL USA","December 13, 2015","John Wood (M36)
4:39:07 66 43
4:39:01
4:38:44
 "
67,MIDD=5388151213,Best Damn Race Cape Coral Marathon,"Cape Coral, FL USA","December 13, 2015","Jennifer Anderson (F39)
4:40:01 67 24
4:39:50
4:28:51
 "
68,MIDD=5388151213,Best Damn Race Cape Coral Marathon,"Cape Coral, FL USA","December 13, 2015","Hannah Cochrane (F25)
4:41:46 68 25
4:41:20
4:41:20
 "
69,MIDD=5388151213,Best Damn Race Cape Coral Marathon,"Cape Coral, FL USA","December 13, 2015","Taryn Fleet (F26)
4:41:46 69 26
4:41:20
4:41:20
 "
70,MIDD=5388151213,Best Damn Race Cape Coral Marathon,"Cape Coral, FL USA","December 13, 2015","Brandon Gitts (M35)
4:41:57 70 44
4:41:39
4:41:39
 "
71,MIDD=5388151213,Best Damn Race Cape Coral Marathon,"Cape Coral, FL USA","December 13, 2015","Dan Schultz (M50)
4:43:07 71 45
4:42:22
4:12:55
 "
72,MIDD=5388151213,Best Damn Race Cape Coral Marathon,"Cape Coral, FL USA","December 13, 2015","Nicole Bazinet (F35)
4:43:19 72 27
4:42:58
4:38:59
 "
73,MIDD=5388151213,Best Damn Race Cape Coral Marathon,"Cape Coral, FL USA","December 13, 2015","Jeff McCloskey (M42)
4:43:57 73 46
4:43:46
4:32:23
 "
74,MIDD=5388151213,Best Damn Race Cape Coral Marathon,"Cape Coral, FL USA","December 13, 2015","Younes Sediki (M38)
4:45:05 74 47
4:44:02
4:41:29
 "
75,MIDD=5388151213,Best Damn Race Cape Coral Marathon,"Cape Coral, FL USA","December 13, 2015","Matthew Weathers (M32)
4:46:48 75 49
4:46:35
4:46:35
 "
76,MIDD=5388151213,Best Damn Race Cape Coral Marathon,"Cape Coral, FL USA","December 13, 2015","Tazkoma Burgoyne (F42)
4:49:02 76 28
4:48:31
4:29:23
 "
77,MIDD=5388151213,Best Damn Race Cape Coral Marathon,"Cape Coral, FL USA","December 13, 2015","Graham De Gottal (M56)
4:49:32 77 48
4:45:26
4:01:56
 "
78,MIDD=5388151213,Best Damn Race Cape Coral Marathon,"Cape Coral, FL USA","December 13, 2015","Peter Hansinger (M26)
4:49:55 78 50
4:49:00
4:49:00
 "
79,MIDD=5388151213,Best Damn Race Cape Coral Marathon,"Cape Coral, FL USA","December 13, 2015","Michael Marten (M57)
4:50:28 79 52
4:50:28
4:03:52
 "
80,MIDD=5388151213,Best Damn Race Cape Coral Marathon,"Cape Coral, FL USA","December 13, 2015","Bill Culver (M46)
4:50:30 80 51
4:50:17
4:29:19
 "
81,MIDD=5388151213,Best Damn Race Cape Coral Marathon,"Cape Coral, FL USA","December 13, 2015","Jami Maxwell (F42)
4:53:34 81 29
4:52:59
4:33:33
 "
82,MIDD=5388151213,Best Damn Race Cape Coral Marathon,"Cape Coral, FL USA","December 13, 2015","Gabrielle Brady (F45)
4:55:10 82 30
4:54:24
4:25:22
 "
83,MIDD=5388151213,Best Damn Race Cape Coral Marathon,"Cape Coral, FL USA","December 13, 2015","Matthew Heath (M28)
4:55:18 83 53
4:54:46
4:54:46
 "
84,MIDD=5388151213,Best Damn Race Cape Coral Marathon,"Cape Coral, FL USA","December 13, 2015","Gates Garcia (M30)
4:57:13 84 55
4:57:10
4:57:10
 "
85,MIDD=5388151213,Best Damn Race Cape Coral Marathon,"Cape Coral, FL USA","December 13, 2015","Anthony Obianagha (M44)
4:57:33 85 54
4:57:05
4:40:25
 "
86,MIDD=5388151213,Best Damn Race Cape Coral Marathon,"Cape Coral, FL USA","December 13, 2015","Mallory Fiorenza (F28)
5:00:31 86 31
4:59:44
4:59:44
 "
87,MIDD=5388151213,Best Damn Race Cape Coral Marathon,"Cape Coral, FL USA","December 13, 2015","M.j. Hansinger (M28)
5:00:34 87 56
4:59:33
4:59:33
 "
88,MIDD=5388151213,Best Damn Race Cape Coral Marathon,"Cape Coral, FL USA","December 13, 2015","Robert Cooper (M56)
5:00:40 88 57
5:00:21
4:14:35
 "
89,MIDD=5388151213,Best Damn Race Cape Coral Marathon,"Cape Coral, FL USA","December 13, 2015","Daniel Dollar (M34)
5:01:20 89 58
5:00:53
5:00:53
 "
90,MIDD=5388151213,Best Damn Race Cape Coral Marathon,"Cape Coral, FL USA","December 13, 2015","Joseph Prudhomme (M49)
5:03:18 90 59
5:02:48
4:33:40
 "
91,MIDD=5388151213,Best Damn Race Cape Coral Marathon,"Cape Coral, FL USA","December 13, 2015","Joseph Huber (M65)
5:04:38 91 60
5:04:16
3:55:56
 "
92,MIDD=5388151213,Best Damn Race Cape Coral Marathon,"Cape Coral, FL USA","December 13, 2015","Kayla Doody (F22)
5:05:18 92 32
5:04:44
5:04:44
 "
93,MIDD=5388151213,Best Damn Race Cape Coral Marathon,"Cape Coral, FL USA","December 13, 2015","Paul Doody (M55)
5:05:18 93 61
5:04:44
4:20:44
 "
94,MIDD=5388151213,Best Damn Race Cape Coral Marathon,"Cape Coral, FL USA","December 13, 2015","Tim Nairn (M48)
5:05:22 94 63
5:05:22
4:38:25
 "
95,MIDD=5388151213,Best Damn Race Cape Coral Marathon,"Cape Coral, FL USA","December 13, 2015","Robert Winfield (M58)
5:05:36 95 62
5:05:18
4:13:53
 "
96,MIDD=5388151213,Best Damn Race Cape Coral Marathon,"Cape Coral, FL USA","December 13, 2015","Paul Crawford (M32)
5:08:03 96 64
5:07:42
5:07:42
 "
97,MIDD=5388151213,Best Damn Race Cape Coral Marathon,"Cape Coral, FL USA","December 13, 2015","Edwardo Santiago (M43)
5:09:33 97 65
5:08:28
4:53:38
 "
98,MIDD=5388151213,Best Damn Race Cape Coral Marathon,"Cape Coral, FL USA","December 13, 2015","Gregg Rentko (M51)
5:09:50 98 66
5:09:19
4:34:35
 "
99,MIDD=5388151213,Best Damn Race Cape Coral Marathon,"Cape Coral, FL USA","December 13, 2015","Audra Valley (F49)
5:10:43 99 33
5:09:42
4:25:39
 "
100,MIDD=5388151213,Best Damn Race Cape Coral Marathon,"Cape Coral, FL USA","December 13, 2015","Vanessa Hills (F28)
5:10:43 100 34
5:10:18
5:10:18
 "
101,MIDD=5388151213,Best Damn Race Cape Coral Marathon,"Cape Coral, FL USA","December 13, 2015","Chris Schweiger (M30)
5:12:16 101 67
5:11:39
5:11:39
 "
102,MIDD=5388151213,Best Damn Race Cape Coral Marathon,"Cape Coral, FL USA","December 13, 2015","Amanda Jones (F36)
5:14:11 102 35
5:13:30
5:07:29
 "
103,MIDD=5388151213,Best Damn Race Cape Coral Marathon,"Cape Coral, FL USA","December 13, 2015","Tom Marquardt (M44)
5:14:27 103 69
5:14:14
4:56:37
 "
104,MIDD=5388151213,Best Damn Race Cape Coral Marathon,"Cape Coral, FL USA","December 13, 2015","Alicia Conrad (F37)
5:17:34 104 36
5:16:54
5:08:57
 "
105,MIDD=5388151213,Best Damn Race Cape Coral Marathon,"Cape Coral, FL USA","December 13, 2015","Amanda Lewis (F23)
5:18:19 105 37
5:17:47
5:17:47
 "
106,MIDD=5388151213,Best Damn Race Cape Coral Marathon,"Cape Coral, FL USA","December 13, 2015","Kelsey Merritt (F23)
5:18:21 106 38
5:17:48
5:17:48
 "
107,MIDD=5388151213,Best Damn Race Cape Coral Marathon,"Cape Coral, FL USA","December 13, 2015","Tammy Massie (F43)
5:19:24 107 39
5:18:13
4:53:46
 "
108,MIDD=5388151213,Best Damn Race Cape Coral Marathon,"Cape Coral, FL USA","December 13, 2015","Bill Rex (M75)
5:20:07 108 70
5:20:07
3:40:18
 "
109,MIDD=5388151213,Best Damn Race Cape Coral Marathon,"Cape Coral, FL USA","December 13, 2015","Edwin Pacheco (M38)
5:20:14 109 68
5:12:47
5:09:58
 "
110,MIDD=5388151213,Best Damn Race Cape Coral Marathon,"Cape Coral, FL USA","December 13, 2015","Daniel Sandini (M53)
5:22:28 110 71
5:21:39
4:40:23
 "
111,MIDD=5388151213,Best Damn Race Cape Coral Marathon,"Cape Coral, FL USA","December 13, 2015","Margarita Sidorova (F25)
5:24:06 111 40
5:23:37
5:23:37
 "
112,MIDD=5388151213,Best Damn Race Cape Coral Marathon,"Cape Coral, FL USA","December 13, 2015","Annette McBride (F44)
5:25:32 112 41
5:24:56
4:56:26
 "
113,MIDD=5388151213,Best Damn Race Cape Coral Marathon,"Cape Coral, FL USA","December 13, 2015","Eric Baxter (M44)
5:26:00 113 72
5:25:24
5:07:09
 "
114,MIDD=5388151213,Best Damn Race Cape Coral Marathon,"Cape Coral, FL USA","December 13, 2015","Jesse Harley (M33)
5:26:46 114 73
5:26:03
5:26:03
 "
115,MIDD=5388151213,Best Damn Race Cape Coral Marathon,"Cape Coral, FL USA","December 13, 2015","Fabricio Sandres (M28)
5:28:39 115 74
5:28:14
5:28:14
 "
116,MIDD=5388151213,Best Damn Race Cape Coral Marathon,"Cape Coral, FL USA","December 13, 2015","Robert Defrancesco (M60)
5:29:45 116 75
5:29:34
4:28:46
 "
117,MIDD=5388151213,Best Damn Race Cape Coral Marathon,"Cape Coral, FL USA","December 13, 2015","Anya Hughes (F36)
5:30:44 117 42
5:30:20
5:24:00
 "
118,MIDD=5388151213,Best Damn Race Cape Coral Marathon,"Cape Coral, FL USA","December 13, 2015","Robert Opiola (M34)
5:30:44 118 76
5:30:12
5:30:12
 "
119,MIDD=5388151213,Best Damn Race Cape Coral Marathon,"Cape Coral, FL USA","December 13, 2015","Susan Gryder (F47)
5:31:28 119 43
5:30:38
4:50:49
 "
120,MIDD=5388151213,Best Damn Race Cape Coral Marathon,"Cape Coral, FL USA","December 13, 2015","Benjamin Johnston (M30)
5:32:11 120 77
5:32:11
5:32:11
 "
121,MIDD=5388151213,Best Damn Race Cape Coral Marathon,"Cape Coral, FL USA","December 13, 2015","Sara Harris (F25)
5:32:39 121 44
5:32:00
5:32:00
 "
122,MIDD=5388151213,Best Damn Race Cape Coral Marathon,"Cape Coral, FL USA","December 13, 2015","Julie Ryan (F46)
5:33:27 122 45
5:32:36
4:56:11
 "
123,MIDD=5388151213,Best Damn Race Cape Coral Marathon,"Cape Coral, FL USA","December 13, 2015","Desirae Young Nilson (F31)
5:33:28 123 46
5:32:36
5:32:04
 "
124,MIDD=5388151213,Best Damn Race Cape Coral Marathon,"Cape Coral, FL USA","December 13, 2015","Chuck Kratochvil (M62)
5:39:11 124 78
5:38:51
4:30:55
 "
125,MIDD=5388151213,Best Damn Race Cape Coral Marathon,"Cape Coral, FL USA","December 13, 2015","Joseph Rosenberger (M46)
5:40:50 125 79
5:40:30
5:15:55
 "
126,MIDD=5388151213,Best Damn Race Cape Coral Marathon,"Cape Coral, FL USA","December 13, 2015","Timothy Bourdeau (M40)
5:40:50 126 80
5:40:47
5:32:34
 "
127,MIDD=5388151213,Best Damn Race Cape Coral Marathon,"Cape Coral, FL USA","December 13, 2015","Arielle Ribel (F28)
5:41:30 127 47
5:40:54
5:40:54
 "
128,MIDD=5388151213,Best Damn Race Cape Coral Marathon,"Cape Coral, FL USA","December 13, 2015","Greg Johnston (M51)
5:41:49 128 81
5:41:36
5:03:14
 "
129,MIDD=5388151213,Best Damn Race Cape Coral Marathon,"Cape Coral, FL USA","December 13, 2015","Kendice Devries (F29)
5:42:10 129 48
5:41:33
5:41:33
 "
130,MIDD=5388151213,Best Damn Race Cape Coral Marathon,"Cape Coral, FL USA","December 13, 2015","Joseph Hansen (M46)
5:43:28 130 82
5:42:52
5:18:07
 "
131,MIDD=5388151213,Best Damn Race Cape Coral Marathon,"Cape Coral, FL USA","December 13, 2015","Kent Tippin (M57)
5:43:57 131 83
5:43:38
4:48:31
 "
132,MIDD=5388151213,Best Damn Race Cape Coral Marathon,"Cape Coral, FL USA","December 13, 2015","Walter Clemence (M33)
5:44:56 132 84
5:44:09
5:44:09
 "
133,MIDD=5388151213,Best Damn Race Cape Coral Marathon,"Cape Coral, FL USA","December 13, 2015","Wayne Kalinich (M48)
5:48:04 133 85
5:47:25
5:16:46
 "
134,MIDD=5388151213,Best Damn Race Cape Coral Marathon,"Cape Coral, FL USA","December 13, 2015","Tanya Maxwell (F44)
5:48:51 134 50
5:48:07
5:17:35
 "
135,MIDD=5388151213,Best Damn Race Cape Coral Marathon,"Cape Coral, FL USA","December 13, 2015","Michelle Santiago (F40)
5:49:09 135 49
5:48:05
5:31:35
 "
136,MIDD=5388151213,Best Damn Race Cape Coral Marathon,"Cape Coral, FL USA","December 13, 2015","Shannon Crews (F35)
5:50:08 136 51
5:49:33
5:44:37
 "
137,MIDD=5388151213,Best Damn Race Cape Coral Marathon,"Cape Coral, FL USA","December 13, 2015","Alison Kearney (F29)
5:52:53 137 52
5:51:50
5:51:50
 "
138,MIDD=5388151213,Best Damn Race Cape Coral Marathon,"Cape Coral, FL USA","December 13, 2015","Kim Ballish (F48)
5:56:35 138 53
5:56:00
5:09:15
 "
139,MIDD=5388151213,Best Damn Race Cape Coral Marathon,"Cape Coral, FL USA","December 13, 2015","Shin-Young Pak (F37)
5:56:43 139 54
5:56:06
5:47:10
 "
140,MIDD=5388151213,Best Damn Race Cape Coral Marathon,"Cape Coral, FL USA","December 13, 2015","Abraham Lim (M65)
5:56:54 140 86
5:55:41
4:35:47
 "
141,MIDD=5388151213,Best Damn Race Cape Coral Marathon,"Cape Coral, FL USA","December 13, 2015","Lynne Damron (F53)
5:57:38 141 55
5:56:27
4:50:13
 "
142,MIDD=5388151213,Best Damn Race Cape Coral Marathon,"Cape Coral, FL USA","December 13, 2015","Lisette Villanueva (F33)
6:01:55 142 56
6:01:07
5:58:50
 "
143,MIDD=5388151213,Best Damn Race Cape Coral Marathon,"Cape Coral, FL USA","December 13, 2015","Daniel Suansing (M55)
6:02:41 143 87
6:01:35
5:09:22
 "
144,MIDD=5388151213,Best Damn Race Cape Coral Marathon,"Cape Coral, FL USA","December 13, 2015","Christopher Blevins (M32)
6:03:14 144 88
6:02:37
6:02:37
 "
145,MIDD=5388151213,Best Damn Race Cape Coral Marathon,"Cape Coral, FL USA","December 13, 2015","Cleveland Allen (M59)
6:03:58 145 89
6:03:07
4:59:04
 "
146,MIDD=5388151213,Best Damn Race Cape Coral Marathon,"Cape Coral, FL USA","December 13, 2015","Elizabeth Gibfried (F30)
6:05:24 146 57
6:04:48
6:04:40
 "
147,MIDD=5388151213,Best Damn Race Cape Coral Marathon,"Cape Coral, FL USA","December 13, 2015","Lesley Gillen (F47)
6:06:15 147 58
6:05:19
5:21:20
 "
148,MIDD=5388151213,Best Damn Race Cape Coral Marathon,"Cape Coral, FL USA","December 13, 2015","Katina Copeland (F40)
6:08:24 148 59
6:07:20
5:49:55
 "
149,MIDD=5388151213,Best Damn Race Cape Coral Marathon,"Cape Coral, FL USA","December 13, 2015","Kevin Porter (M34)
6:09:05 149 90
6:08:22
6:08:22
 "
150,MIDD=5388151213,Best Damn Race Cape Coral Marathon,"Cape Coral, FL USA","December 13, 2015","Edward Haskins (M30)
6:09:29 150 91
6:08:57
6:08:57
 "
151,MIDD=5388151213,Best Damn Race Cape Coral Marathon,"Cape Coral, FL USA","December 13, 2015","Heather Williams (F34)
6:11:46 151 60
6:11:06
6:07:27
 "
152,MIDD=5388151213,Best Damn Race Cape Coral Marathon,"Cape Coral, FL USA","December 13, 2015","Suzanne Lafranzo (F28)
6:13:32 152 61
6:12:52
6:12:52
 "
153,MIDD=5388151213,Best Damn Race Cape Coral Marathon,"Cape Coral, FL USA","December 13, 2015","Jeremy Schwinghamer (M39)
6:13:32 153 92
6:12:22
6:06:24
 "
154,MIDD=5388151213,Best Damn Race Cape Coral Marathon,"Cape Coral, FL USA","December 13, 2015","Brian Hurwitz (M45)
6:22:18 154 93
6:22:17
5:57:44
 "
155,MIDD=5388151213,Best Damn Race Cape Coral Marathon,"Cape Coral, FL USA","December 13, 2015","Edwin Vega (M58)
6:28:15 155 94
6:27:33
5:22:17
 "
156,MIDD=5388151213,Best Damn Race Cape Coral Marathon,"Cape Coral, FL USA","December 13, 2015","Sharon Todd (F40)
6:30:08 156 62
6:29:26
6:10:59
 "
157,MIDD=5388151213,Best Damn Race Cape Coral Marathon,"Cape Coral, FL USA","December 13, 2015","Arianna Schabilion (F22)
6:30:09 157 63
6:29:26
6:29:26
 "
158,MIDD=5388151213,Best Damn Race Cape Coral Marathon,"Cape Coral, FL USA","December 13, 2015","Jonas Weatherbie (M35)
6:31:13 158 95
6:30:46
6:30:46
 "
159,MIDD=5388151213,Best Damn Race Cape Coral Marathon,"Cape Coral, FL USA","December 13, 2015","Donna Loud (F62)
6:31:16 159 64
6:30:34
4:39:17
 "
160,MIDD=5388151213,Best Damn Race Cape Coral Marathon,"Cape Coral, FL USA","December 13, 2015","Steven Bialkin (M43)
6:33:12 160 96
6:33:12
6:14:17
 "
161,MIDD=5388151213,Best Damn Race Cape Coral Marathon,"Cape Coral, FL USA","December 13, 2015","Cindy Christie (F38)
6:35:12 161 65
6:34:03
6:21:32
 "
162,MIDD=5388151213,Best Damn Race Cape Coral Marathon,"Cape Coral, FL USA","December 13, 2015","Lis Heckmann (F76)
6:43:06 162 66
6:42:18
3:33:54
 "
163,MIDD=5388151213,Best Damn Race Cape Coral Marathon,"Cape Coral, FL USA","December 13, 2015","Susan Kelly (F64)
6:43:09 163 67
6:42:20
4:38:13
 "
164,MIDD=5388151213,Best Damn Race Cape Coral Marathon,"Cape Coral, FL USA","December 13, 2015","Scott Fitzgerald (M55)
6:47:53 164 97
6:47:34
5:48:43
 "
165,MIDD=5388151213,Best Damn Race Cape Coral Marathon,"Cape Coral, FL USA","December 13, 2015","Jayme Epstein (F26)
6:48:58 165 68
6:48:01
6:48:01
 "
166,MIDD=5388151213,Best Damn Race Cape Coral Marathon,"Cape Coral, FL USA","December 13, 2015","Sally Collins (F41)
6:50:42 166 69
6:50:28
6:27:16
 "
167,MIDD=5388151213,Best Damn Race Cape Coral Marathon,"Cape Coral, FL USA","December 13, 2015","Harry Hoffman Jr (M75)
6:53:30 167 98
6:52:18
4:43:45
 "
