,race_id,race,location,date,runners
0,MIDD=2491151219,Otter Creek Trail Marathon,"Brandenburg, KY USA","December 19, 2015","

Have you run this race?Then tell us about it.

Last Name, First Name(Sex/Age)
Time OverAllPlace
Sex Place

City AG Time* BQ*"
1,MIDD=2491151219,Otter Creek Trail Marathon,"Brandenburg, KY USA","December 19, 2015","matt hoyes (M41)
3:08:48 1 1 Bardstown
3:02:45
BQ"
2,MIDD=2491151219,Otter Creek Trail Marathon,"Brandenburg, KY USA","December 19, 2015","Chris Newton (M39)
3:54:42 2 2 Louisville
3:50:56
 "
3,MIDD=2491151219,Otter Creek Trail Marathon,"Brandenburg, KY USA","December 19, 2015","John Henning (M38)
3:56:13 3 3 RICHMOND
3:54:05
 "
4,MIDD=2491151219,Otter Creek Trail Marathon,"Brandenburg, KY USA","December 19, 2015","Stephen Macfarlane jr (M47)
3:59:33 4 4 Louisville
3:40:20
 "
5,MIDD=2491151219,Otter Creek Trail Marathon,"Brandenburg, KY USA","December 19, 2015","Tavi Wallace (F22)
4:08:59 5 1 Louisville
4:08:59
 "
6,MIDD=2491151219,Otter Creek Trail Marathon,"Brandenburg, KY USA","December 19, 2015","paul zani (M47)
4:09:21 6 5 Franklin
3:49:21
 "
7,MIDD=2491151219,Otter Creek Trail Marathon,"Brandenburg, KY USA","December 19, 2015","Erik Seibt (M24)
4:11:50 7 6 Louisville
4:11:50
 "
8,MIDD=2491151219,Otter Creek Trail Marathon,"Brandenburg, KY USA","December 19, 2015","Brian Batcheldor (M36)
4:22:05 8 7 Louisville
4:21:49
 "
9,MIDD=2491151219,Otter Creek Trail Marathon,"Brandenburg, KY USA","December 19, 2015","Jeremy Couch (M38)
4:23:49 9 8 Louisville
4:21:27
 "
10,MIDD=2491151219,Otter Creek Trail Marathon,"Brandenburg, KY USA","December 19, 2015","Robb Linnemanstons (M59)
4:34:59 10 9 Mequon
3:46:28
 "
11,MIDD=2491151219,Otter Creek Trail Marathon,"Brandenburg, KY USA","December 19, 2015","Kim Owens (F44)
4:35:56 11 2 East Grand Rapids
4:11:44
 "
12,MIDD=2491151219,Otter Creek Trail Marathon,"Brandenburg, KY USA","December 19, 2015","Unknown Runner (M)
4:35:57 12 10  
 
 "
13,MIDD=2491151219,Otter Creek Trail Marathon,"Brandenburg, KY USA","December 19, 2015","Jim Collins (M1)
4:37:45 13 11 Louisville
 
 "
14,MIDD=2491151219,Otter Creek Trail Marathon,"Brandenburg, KY USA","December 19, 2015","Greg Florey (M46)
4:41:57 14 12 Vine Grove
4:21:35
 "
15,MIDD=2491151219,Otter Creek Trail Marathon,"Brandenburg, KY USA","December 19, 2015","Lauren Clark (F35)
4:45:12 15 3 Lexington
4:41:10
 "
16,MIDD=2491151219,Otter Creek Trail Marathon,"Brandenburg, KY USA","December 19, 2015","Jonathan Rivera (M23)
4:47:08 16 13 Elizabethtown
4:47:08
 "
17,MIDD=2491151219,Otter Creek Trail Marathon,"Brandenburg, KY USA","December 19, 2015","Paul Elliott (M37)
4:48:40 17 14 Fort Knox
4:47:30
 "
18,MIDD=2491151219,Otter Creek Trail Marathon,"Brandenburg, KY USA","December 19, 2015","Erica Fitzpatrick (F41)
4:52:28 18 4 Wyoming
4:35:56
 "
19,MIDD=2491151219,Otter Creek Trail Marathon,"Brandenburg, KY USA","December 19, 2015","Ed Kirk (M60)
4:55:18 19 15 Fairdale
4:00:49
 "
20,MIDD=2491151219,Otter Creek Trail Marathon,"Brandenburg, KY USA","December 19, 2015","Johnathan McLean (M43)
5:01:19 20 16 Indianapolis
4:46:49
 "
21,MIDD=2491151219,Otter Creek Trail Marathon,"Brandenburg, KY USA","December 19, 2015","ronald schmoll (M46)
5:04:40 21 17  
4:42:40
 "
22,MIDD=2491151219,Otter Creek Trail Marathon,"Brandenburg, KY USA","December 19, 2015","Chris Scoppetta (M29)
5:11:53 22 18 Berlin
5:11:53
 "
23,MIDD=2491151219,Otter Creek Trail Marathon,"Brandenburg, KY USA","December 19, 2015","Rick Ruttinger (M41)
5:13:52 23 19  
5:03:47
 "
24,MIDD=2491151219,Otter Creek Trail Marathon,"Brandenburg, KY USA","December 19, 2015","Daniel Pearman (M49)
5:13:55 24 20 Hodgenville
4:43:43
 "
25,MIDD=2491151219,Otter Creek Trail Marathon,"Brandenburg, KY USA","December 19, 2015","David Miller (M46)
5:14:12 25 21 Charleston
4:51:30
 "
26,MIDD=2491151219,Otter Creek Trail Marathon,"Brandenburg, KY USA","December 19, 2015","Laurie Belcher (F46)
5:16:43 26 5 danville
4:42:02
 "
27,MIDD=2491151219,Otter Creek Trail Marathon,"Brandenburg, KY USA","December 19, 2015","Ben Hess (M37)
5:17:23 27 22 new palestine
5:16:06
 "
28,MIDD=2491151219,Otter Creek Trail Marathon,"Brandenburg, KY USA","December 19, 2015","belinda young (F46)
5:28:23 28 6 Chatsworth
4:52:25
 "
29,MIDD=2491151219,Otter Creek Trail Marathon,"Brandenburg, KY USA","December 19, 2015","Bogdan Protyniak (M31)
5:30:44 29 23 Louisville
5:30:44
 "
30,MIDD=2491151219,Otter Creek Trail Marathon,"Brandenburg, KY USA","December 19, 2015","Jessica White (F33)
5:33:00 30 7 Mount Sterling
5:30:54
 "
31,MIDD=2491151219,Otter Creek Trail Marathon,"Brandenburg, KY USA","December 19, 2015","kaitlin kennedy (F21)
5:34:19 31 8 Cleveland
5:34:19
 "
32,MIDD=2491151219,Otter Creek Trail Marathon,"Brandenburg, KY USA","December 19, 2015","Amy Frederick (F30)
5:34:55 32 9 Clarksville
5:34:47
 "
33,MIDD=2491151219,Otter Creek Trail Marathon,"Brandenburg, KY USA","December 19, 2015","joanna ring (F48)
5:35:51 33 10  
4:51:45
 "
34,MIDD=2491151219,Otter Creek Trail Marathon,"Brandenburg, KY USA","December 19, 2015","Mark Forman (M45)
5:38:26 34 24 Louisville
5:16:43
 "
35,MIDD=2491151219,Otter Creek Trail Marathon,"Brandenburg, KY USA","December 19, 2015","Frank Sikora (M57)
5:40:09 35 25 Lexington
4:45:35
 "
36,MIDD=2491151219,Otter Creek Trail Marathon,"Brandenburg, KY USA","December 19, 2015","Bob Markovich (M51)
5:59:34 36 26 Mars
5:19:11
 "
37,MIDD=2491151219,Otter Creek Trail Marathon,"Brandenburg, KY USA","December 19, 2015","Regis Pearsons (M22)
6:02:17 37 27  
6:02:06
 "
38,MIDD=2491151219,Otter Creek Trail Marathon,"Brandenburg, KY USA","December 19, 2015","Alan Jarratt (M69)
6:10:23 38 28 Billings
4:35:21
 "
39,MIDD=2491151219,Otter Creek Trail Marathon,"Brandenburg, KY USA","December 19, 2015","Karen Christensen (F48)
6:15:08 39 11 Jeffersonville
5:25:52
 "
40,MIDD=2491151219,Otter Creek Trail Marathon,"Brandenburg, KY USA","December 19, 2015","John Leighton (M55)
6:19:18 40 29 Newark
5:24:31
 "
41,MIDD=2491151219,Otter Creek Trail Marathon,"Brandenburg, KY USA","December 19, 2015","Unknown Runner (M)
7:03:29 41 30  
 
 "
42,MIDD=2491151219,Otter Creek Trail Marathon,"Brandenburg, KY USA","December 19, 2015","Melissa Heaton (F44)
7:14:36 42 12 Highland Heights
6:36:29
 "
43,MIDD=2491151219,Otter Creek Trail Marathon,"Brandenburg, KY USA","December 19, 2015","Michael Lesshafft (M65)
7:24:14 43 31 Lexington
5:44:27
 "
44,MIDD=2491151219,Otter Creek Trail Marathon,"Brandenburg, KY USA","December 19, 2015","daniel wells (M68)
7:31:22 44 32  
5:39:09
 "
45,MIDD=2491151219,Otter Creek Trail Marathon,"Brandenburg, KY USA","December 19, 2015","bill wells (M58)
7:37:22 45 33 new albany
6:20:21
 "
46,MIDD=2491151219,Otter Creek Trail Marathon,"Brandenburg, KY USA","December 19, 2015","Ila Brandli (F70)
7:44:13 46 13  
4:45:43
 "
47,MIDD=2491151219,Otter Creek Trail Marathon,"Brandenburg, KY USA","December 19, 2015","Henry Rueden (M65)
7:48:21 47 34 De Pere
6:03:09
 "
48,MIDD=2491151219,Otter Creek Trail Marathon,"Brandenburg, KY USA","December 19, 2015","HAJIME NISHI (M66)
8:20:52 48 35 Inzai, Chiba
6:24:21
 "
