,race_id,race,location,date,runners
0,MIDD=4836151108,Ft. Myers Beach Marathon,"Naples, FL USA","November 8, 2015","

Have you run this race?Then tell us about it.

Last Name, First Name(Sex/Age)
Time OverAllPlace
Sex Place/Div Place
DIV Net Time 
City, State, Country AG Time* BQ*"
1,MIDD=4836151108,Ft. Myers Beach Marathon,"Naples, FL USA","November 8, 2015","Monica Whitehouse (F24)
3:18:57 1 1 / 1 FOpen
3:18:50
Sarasota, FL, USA
3:18:50
BQ"
2,MIDD=4836151108,Ft. Myers Beach Marathon,"Naples, FL USA","November 8, 2015","Lilia Drew (F31)
3:35:39 2 2 / 2 FOpen
3:35:34
Jupiter, FL, USA
3:35:13
 "
3,MIDD=4836151108,Ft. Myers Beach Marathon,"Naples, FL USA","November 8, 2015","Katarzyna Mendez (F42)
3:42:38 3 3 / 3 FOpen
3:42:06
 
3:27:22
BQ"
4,MIDD=4836151108,Ft. Myers Beach Marathon,"Naples, FL USA","November 8, 2015","April Stowers (F38)
3:49:49 4 4 / 1 F 30-39
3:48:45
Ft. Myers FLORIDA, FL, USA
3:41:29
 "
5,MIDD=4836151108,Ft. Myers Beach Marathon,"Naples, FL USA","November 8, 2015","Michael Sheppard (M49)
4:08:36 5 1 / 1 MOpen
4:08:24
Cape Coral FLORIDA, FL, USA
3:44:30
 "
6,MIDD=4836151108,Ft. Myers Beach Marathon,"Naples, FL USA","November 8, 2015","Madeline Custer (F23)
4:10:57 6 5 / 1 F 20-29
4:10:42
Greenville, SC, USA
4:10:42
 "
7,MIDD=4836151108,Ft. Myers Beach Marathon,"Naples, FL USA","November 8, 2015","Liam Hutchinson (M25)
4:12:14 7 2 / 2 MOpen
4:12:13
Charleston, SC, USA
4:12:13
 "
8,MIDD=4836151108,Ft. Myers Beach Marathon,"Naples, FL USA","November 8, 2015","Lars Emanuelsson (M41)
4:12:21 8 3 / 3 MOpen
4:12:21
Katrineholm
4:04:15
 "
9,MIDD=4836151108,Ft. Myers Beach Marathon,"Naples, FL USA","November 8, 2015","Morgan Weller (F23)
4:12:48 9 6 / 2 F 20-29
4:12:40
Sarasota, FL, USA
4:12:40
 "
10,MIDD=4836151108,Ft. Myers Beach Marathon,"Naples, FL USA","November 8, 2015","Yeneneh Desta (M39)
4:16:12 10 4 / 1 M 30-39
4:15:26
Fort myers, FL, USA
4:11:21
 "
11,MIDD=4836151108,Ft. Myers Beach Marathon,"Naples, FL USA","November 8, 2015","Allistair McCaw (M41)
4:18:06 11 5 / 1 M 40-49
4:18:00
Tampa, FL, USA
4:09:43
 "
12,MIDD=4836151108,Ft. Myers Beach Marathon,"Naples, FL USA","November 8, 2015","Ruben Contreras (M61)
4:28:08 12 6 / 1 M 60-69
4:27:52
Naples, FL, USA
3:36:18
 "
13,MIDD=4836151108,Ft. Myers Beach Marathon,"Naples, FL USA","November 8, 2015","Don Salamon (M29)
4:30:34 13 7 / 1 M 20-29
4:30:26
Palm Beach Shores, FL, USA
4:30:26
 "
14,MIDD=4836151108,Ft. Myers Beach Marathon,"Naples, FL USA","November 8, 2015","James Deviese (M64)
4:31:31 14 8 / 2 M 60-69
4:31:17
Yorktown, VA, USA
3:32:33
 "
15,MIDD=4836151108,Ft. Myers Beach Marathon,"Naples, FL USA","November 8, 2015","Victoria McGuire (F44)
4:33:41 15 7 / 1 F 40-49
4:33:10
Land O Lakes, FL, USA
4:09:12
 "
16,MIDD=4836151108,Ft. Myers Beach Marathon,"Naples, FL USA","November 8, 2015","Amy Yanni (F61)
4:33:23 16 8 / 1 F 60-69
4:33:15
Fort Myers, FL, USA
3:18:31
 "
17,MIDD=4836151108,Ft. Myers Beach Marathon,"Naples, FL USA","November 8, 2015","Alfred Gitu (M45)
4:34:11 17 9 / 2 M 40-49
4:34:04
 
4:16:28
 "
18,MIDD=4836151108,Ft. Myers Beach Marathon,"Naples, FL USA","November 8, 2015","Aaron Earling (M34)
4:39:56 18 10 / 2 M 30-39
4:39:36
ft lauderdale, FL, USA
4:39:36
 "
19,MIDD=4836151108,Ft. Myers Beach Marathon,"Naples, FL USA","November 8, 2015","Todd Hunter (M54)
4:40:52 19 11 / 1 M 50-59
4:40:36
FORT MYERS, FL, USA
4:02:21
 "
20,MIDD=4836151108,Ft. Myers Beach Marathon,"Naples, FL USA","November 8, 2015","Charmaine Lundall (F58)
4:47:43 20 9 / 1 F 50-59
4:47:23
Red Deer
3:38:19
 "
21,MIDD=4836151108,Ft. Myers Beach Marathon,"Naples, FL USA","November 8, 2015","Darren Skinner (M37)
4:48:49 21 12 / 3 M 30-39
4:48:09
Orlando, FL, USA
4:47:00
 "
22,MIDD=4836151108,Ft. Myers Beach Marathon,"Naples, FL USA","November 8, 2015","Soraida Campbell Cevallos (F30)
4:49:12 22 10 / 2 F 30-39
4:49:09
Cape Coral, FL, USA
4:49:02
 "
23,MIDD=4836151108,Ft. Myers Beach Marathon,"Naples, FL USA","November 8, 2015","Angela Laylin (F40)
4:51:20 23 11 / 2 F 40-49
4:51:04
Reeseville, WI, USA
4:37:16
 "
24,MIDD=4836151108,Ft. Myers Beach Marathon,"Naples, FL USA","November 8, 2015","Mike Lake (M33)
4:54:21 24 13 / 4 M 30-39
4:53:56
Ft. Myers, FL, USA
4:53:56
 "
25,MIDD=4836151108,Ft. Myers Beach Marathon,"Naples, FL USA","November 8, 2015","Kathryn Williams (F53)
4:58:14 25 12 / 2 F 50-59
4:57:49
Ft Myers, FL, USA
4:02:29
 "
26,MIDD=4836151108,Ft. Myers Beach Marathon,"Naples, FL USA","November 8, 2015","Jami Maxwell (F41)
4:58:14 26 13 / 3 F 40-49
4:58:00
Fort Myers, FL, USA
4:41:10
 "
27,MIDD=4836151108,Ft. Myers Beach Marathon,"Naples, FL USA","November 8, 2015","John Leonhart (M64)
5:02:37 27 14 / 3 M 60-69
5:02:04
urbandale, IA, USA
3:56:40
 "
28,MIDD=4836151108,Ft. Myers Beach Marathon,"Naples, FL USA","November 8, 2015","Jaclyn Postma (F26)
5:03:02 28 14 / 3 F 20-29
5:02:23
 
5:02:23
 "
29,MIDD=4836151108,Ft. Myers Beach Marathon,"Naples, FL USA","November 8, 2015","Chris Smith (M58)
5:03:03 29 15 / 2 M 50-59
5:02:31
Naples, FL, USA
4:11:34
 "
30,MIDD=4836151108,Ft. Myers Beach Marathon,"Naples, FL USA","November 8, 2015","DOUG HILL (M61)
5:12:58 30 16 / 4 M 60-69
5:12:21
Harrisburg, PA, USA
4:12:13
 "
31,MIDD=4836151108,Ft. Myers Beach Marathon,"Naples, FL USA","November 8, 2015","Carla Fowell (F32)
5:14:27 31 15 / 3 F 30-39
5:14:09
 
5:13:03
 "
32,MIDD=4836151108,Ft. Myers Beach Marathon,"Naples, FL USA","November 8, 2015","Kathleen Corlett (F45)
5:16:48 32 16 / 4 F 40-49
5:16:30
Fort Myers, FL, USA
4:45:18
 "
33,MIDD=4836151108,Ft. Myers Beach Marathon,"Naples, FL USA","November 8, 2015","Michelle Boven (F38)
5:18:38 33 17 / 4 F 30-39
5:16:54
Katy, TX, USA
5:06:50
 "
34,MIDD=4836151108,Ft. Myers Beach Marathon,"Naples, FL USA","November 8, 2015","Melissa Stevens-Arreola (F36)
5:18:38 34 18 / 5 F 30-39
5:16:55
fort myers, FL, USA
5:10:50
 "
35,MIDD=4836151108,Ft. Myers Beach Marathon,"Naples, FL USA","November 8, 2015","Carita Skinner (F28)
5:19:23 35 19 / 4 F 20-29
5:18:43
Orlando, FL, USA
5:18:43
 "
36,MIDD=4836151108,Ft. Myers Beach Marathon,"Naples, FL USA","November 8, 2015","Ray Vigeant (M61)
5:20:22 36 17 / 5 M 60-69
5:19:59
 
4:18:23
 "
37,MIDD=4836151108,Ft. Myers Beach Marathon,"Naples, FL USA","November 8, 2015","Lisa Wall (F49)
5:20:21 37 20 / 5 F 40-49
5:20:00
Fort Myers, FL, USA
4:34:30
 "
38,MIDD=4836151108,Ft. Myers Beach Marathon,"Naples, FL USA","November 8, 2015","Mark Fedigan (M41)
5:21:55 38 18 / 3 M 40-49
5:21:02
Fort Myers, FL, USA
5:10:44
 "
39,MIDD=4836151108,Ft. Myers Beach Marathon,"Naples, FL USA","November 8, 2015","ANDRES QUINTANA (M41)
5:21:22 39 19 / 4 M 40-49
5:21:05
Cape Coral, FL, USA
5:10:46
 "
40,MIDD=4836151108,Ft. Myers Beach Marathon,"Naples, FL USA","November 8, 2015","Steve Hall (M47)
5:22:55 40 20 / 5 M 40-49
5:22:31
 
4:56:39
 "
41,MIDD=4836151108,Ft. Myers Beach Marathon,"Naples, FL USA","November 8, 2015","Joan Lampe (F58)
5:28:51 41 21 / 3 F 50-59
5:28:31
Red Deer AB
4:09:34
 "
42,MIDD=4836151108,Ft. Myers Beach Marathon,"Naples, FL USA","November 8, 2015","Lloyd Somers (M62)
5:30:21 42 21 / 6 M 60-69
5:29:36
Fort Myers, FL, USA
4:23:30
 "
43,MIDD=4836151108,Ft. Myers Beach Marathon,"Naples, FL USA","November 8, 2015","Jay Rossello (M44)
5:30:57 43 22 / 6 M 40-49
5:30:47
Naples, FL, USA
5:12:13
 "
44,MIDD=4836151108,Ft. Myers Beach Marathon,"Naples, FL USA","November 8, 2015","Jeannie Sutton (F26)
5:32:23 44 22 / 5 F 20-29
5:31:19
Port Charlotte, FL, USA
5:31:19
 "
45,MIDD=4836151108,Ft. Myers Beach Marathon,"Naples, FL USA","November 8, 2015","Julie Abrahams (F35)
5:31:25 45 23 / 6 F 30-39
5:31:19
jupiter, FL, USA
5:26:39
 "
46,MIDD=4836151108,Ft. Myers Beach Marathon,"Naples, FL USA","November 8, 2015","Liam Goddard (M24)
5:34:11 46 23 / 2 M 20-29
5:34:03
 
5:34:03
 "
47,MIDD=4836151108,Ft. Myers Beach Marathon,"Naples, FL USA","November 8, 2015","Justin McCreery (M31)
5:35:20 47 24 / 5 M 30-39
5:34:16
Punta Gorda, FL, USA
5:34:16
 "
48,MIDD=4836151108,Ft. Myers Beach Marathon,"Naples, FL USA","November 8, 2015","Juergen Kuhlmey (M77)
5:38:49 48 25 / 1 M 70-99
5:38:05
Oldenburg, DE, USA
3:44:37
 "
49,MIDD=4836151108,Ft. Myers Beach Marathon,"Naples, FL USA","November 8, 2015","Colette Rodgers (F40)
5:40:53 49 24 / 6 F 40-49
5:40:03
Cape Coral, FL, USA
5:23:56
 "
50,MIDD=4836151108,Ft. Myers Beach Marathon,"Naples, FL USA","November 8, 2015","Hank Barroso (M46)
5:42:36 50 26 / 7 M 40-49
5:42:36
Cape Coral FLORIDA, FL, USA
5:17:52
 "
51,MIDD=4836151108,Ft. Myers Beach Marathon,"Naples, FL USA","November 8, 2015","Steve Rodeiro (M50)
5:44:08 51 27 / 3 M 50-59
5:43:46
Tampa, FL, USA
5:07:54
 "
52,MIDD=4836151108,Ft. Myers Beach Marathon,"Naples, FL USA","November 8, 2015","ANNA SIMMONDS (F55)
5:45:48 52 25 / 4 F 50-59
5:45:27
Red Deer AB
4:33:44
 "
53,MIDD=4836151108,Ft. Myers Beach Marathon,"Naples, FL USA","November 8, 2015","Jason Bangos (M45)
5:53:21 53 28 / 8 M 40-49
5:52:19
Clearwater, FL, USA
5:29:42
 "
54,MIDD=4836151108,Ft. Myers Beach Marathon,"Naples, FL USA","November 8, 2015","Joseph Sladko (M31)
5:53:34 54 29 / 6 M 30-39
5:52:25
Nottingham, MD, USA
5:52:25
 "
55,MIDD=4836151108,Ft. Myers Beach Marathon,"Naples, FL USA","November 8, 2015","VIRGINIA Cates (F29)
5:53:34 55 26 / 6 F 20-29
5:52:25
Nottingham, MD, USA
5:52:25
 "
56,MIDD=4836151108,Ft. Myers Beach Marathon,"Naples, FL USA","November 8, 2015","Amanda Ratliff (F24)
5:53:39 56 27 / 7 F 20-29
5:53:29
orlando, FL, USA
5:53:29
 "
57,MIDD=4836151108,Ft. Myers Beach Marathon,"Naples, FL USA","November 8, 2015","Michele Purdy (F38)
5:54:45 57 28 / 7 F 30-39
5:54:23
Nokomis, FL, USA
5:43:06
 "
58,MIDD=4836151108,Ft. Myers Beach Marathon,"Naples, FL USA","November 8, 2015","Lisa Ridley (F50)
5:55:12 58 29 / 5 F 50-59
5:54:50
Venice, FL, USA
5:00:31
 "
59,MIDD=4836151108,Ft. Myers Beach Marathon,"Naples, FL USA","November 8, 2015","Jennifer Moser (F43)
5:57:24 59 30 / 7 F 40-49
5:56:11
Naples, FL, USA
5:28:50
 "
60,MIDD=4836151108,Ft. Myers Beach Marathon,"Naples, FL USA","November 8, 2015","SILVIO BARAVELLI (M71)
5:58:41 60 30 / 2 M 70-99
5:58:36
SAN LAZZARO DI SAVENA
4:20:46
 "
61,MIDD=4836151108,Ft. Myers Beach Marathon,"Naples, FL USA","November 8, 2015","Jaime Vidales (M55)
6:00:44 61 31 / 4 M 50-59
5:58:42
North Port, FL, USA
5:06:54
 "
62,MIDD=4836151108,Ft. Myers Beach Marathon,"Naples, FL USA","November 8, 2015","ZOE WINDFIELDER (F19)
6:00:41 62 31 / 1 F 0-19
5:59:50
Satellite Beach, FL, USA
5:57:32
 "
63,MIDD=4836151108,Ft. Myers Beach Marathon,"Naples, FL USA","November 8, 2015","Nick Palomba (M32)
6:02:24 63 32 / 7 M 30-39
6:01:53
Bonita Springs, FL, USA
6:01:53
 "
64,MIDD=4836151108,Ft. Myers Beach Marathon,"Naples, FL USA","November 8, 2015","Jeff Viestenz (M42)
6:08:15 64 33 / 9 M 40-49
6:07:27
Winona, MN, USA
5:52:43
 "
65,MIDD=4836151108,Ft. Myers Beach Marathon,"Naples, FL USA","November 8, 2015","Heidi Viestenz (F40)
6:08:16 65 32 / 8 F 40-49
6:07:28
Winona, MN, USA
5:50:03
 "
66,MIDD=4836151108,Ft. Myers Beach Marathon,"Naples, FL USA","November 8, 2015","David Darr (M52)
6:12:33 66 34 / 5 M 50-59
6:11:39
sandusky, OH, USA
5:26:57
 "
67,MIDD=4836151108,Ft. Myers Beach Marathon,"Naples, FL USA","November 8, 2015","Frank Bireley (M53)
6:14:05 67 35 / 6 M 50-59
6:13:10
Plano, TX, USA
5:25:17
 "
68,MIDD=4836151108,Ft. Myers Beach Marathon,"Naples, FL USA","November 8, 2015","Pam Tydrich (F46)
6:14:40 68 33 / 9 F 40-49
6:14:12
 
5:33:14
 "
69,MIDD=4836151108,Ft. Myers Beach Marathon,"Naples, FL USA","November 8, 2015","Josette Ledley (F26)
6:20:53 69 34 / 8 F 20-29
6:20:16
Naples, FL, USA
6:20:16
 "
70,MIDD=4836151108,Ft. Myers Beach Marathon,"Naples, FL USA","November 8, 2015","JOE MADDEN (M49)
6:22:34 70 36 / 10 M 40-49
6:22:03
Naples, FL, USA
5:45:17
 "
71,MIDD=4836151108,Ft. Myers Beach Marathon,"Naples, FL USA","November 8, 2015","Danielle Bergara (F30)
6:26:42 71 35 / 8 F 30-39
6:26:04
Live Oak, FL, USA
6:25:55
 "
72,MIDD=4836151108,Ft. Myers Beach Marathon,"Naples, FL USA","November 8, 2015","James Martin (M32)
6:30:25 72 37 / 8 M 30-39
6:30:03
Fort Myers, FL, USA
6:30:03
 "
73,MIDD=4836151108,Ft. Myers Beach Marathon,"Naples, FL USA","November 8, 2015","Anita Allen (F61)
6:30:24 73 36 / 2 F 60-69
6:30:10
Coral Springs, FL, USA
4:43:27
 "
74,MIDD=4836151108,Ft. Myers Beach Marathon,"Naples, FL USA","November 8, 2015","Cleveland Allen (M59)
6:37:41 74 38 / 7 M 50-59
6:36:20
plantation, FL, USA
5:26:25
 "
75,MIDD=4836151108,Ft. Myers Beach Marathon,"Naples, FL USA","November 8, 2015","Dana Philpott (F35)
6:37:41 75 37 / 9 F 30-39
6:37:09
 
6:31:33
 "
