,race_id,race,location,date,runners
0,MIDD=2732151108,Fort Worth Marathon,"Fort Worth, TX USA","November 8, 2015","

Have you run this race?Then tell us about it.

Last Name, First Name(Sex/Age)
Time OverAllPlace
Sex Place/Div Place
DIV Net Time AG Time* BQ*"
1,MIDD=2732151108,Fort Worth Marathon,"Fort Worth, TX USA","November 8, 2015","Rafael Posada (M19)
2:50:55 1 1 / 1 M0-19
2:50:52
2:46:40
BQ"
2,MIDD=2732151108,Fort Worth Marathon,"Fort Worth, TX USA","November 8, 2015","Manuel Villagrana (M43)
2:51:20 2 2 / 1 M40-44
2:51:20
2:43:05
BQ"
3,MIDD=2732151108,Fort Worth Marathon,"Fort Worth, TX USA","November 8, 2015","Jake Suss (M22)
2:56:45 3 3 / 1 M20-24
2:56:45
2:56:39
BQ"
4,MIDD=2732151108,Fort Worth Marathon,"Fort Worth, TX USA","November 8, 2015","Pat Schuster (M43)
2:56:53 4 4 / 2 M40-44
2:56:53
2:48:22
BQ"
5,MIDD=2732151108,Fort Worth Marathon,"Fort Worth, TX USA","November 8, 2015","Froylan Franco (M47)
2:57:53 5 5 / 1 M45-49
2:57:52
2:43:36
BQ"
6,MIDD=2732151108,Fort Worth Marathon,"Fort Worth, TX USA","November 8, 2015","Andreas Kreutzer (M33)
2:58:13 6 6 / 1 M30-34
2:58:13
2:58:13
BQ"
7,MIDD=2732151108,Fort Worth Marathon,"Fort Worth, TX USA","November 8, 2015","Gary Anderson (M54)
3:06:57 7 7 / 1 M50-54
3:06:57
2:41:28
BQ"
8,MIDD=2732151108,Fort Worth Marathon,"Fort Worth, TX USA","November 8, 2015","javier vilchis (M39)
3:07:19 8 8 / 1 M35-39
3:07:17
3:04:17
BQ"
9,MIDD=2732151108,Fort Worth Marathon,"Fort Worth, TX USA","November 8, 2015","Ericka Mason (F24)
3:08:40 9 1 / 1 F20-24
3:08:40
3:08:40
BQ"
10,MIDD=2732151108,Fort Worth Marathon,"Fort Worth, TX USA","November 8, 2015","Cassie Towne (F31)
3:10:24 10 2 / 1 F30-34
3:10:23
3:10:04
BQ"
11,MIDD=2732151108,Fort Worth Marathon,"Fort Worth, TX USA","November 8, 2015","Evan Knooihuizen (M27)
3:14:49 11 9 / 1 M25-29
3:14:40
3:14:40
 "
12,MIDD=2732151108,Fort Worth Marathon,"Fort Worth, TX USA","November 8, 2015","Armando Bocanegra (M49)
3:15:03 12 10 / 2 M45-49
3:15:02
2:56:16
BQ"
13,MIDD=2732151108,Fort Worth Marathon,"Fort Worth, TX USA","November 8, 2015","Rachel Mitchell (F27)
3:15:08 13 3 / 1 F25-29
3:15:04
3:15:04
BQ"
14,MIDD=2732151108,Fort Worth Marathon,"Fort Worth, TX USA","November 8, 2015","Maxwell Tiemann (M28)
3:15:46 14 11 / 2 M25-29
3:15:25
3:15:25
 "
15,MIDD=2732151108,Fort Worth Marathon,"Fort Worth, TX USA","November 8, 2015","Dave Emerson (M57)
3:16:37 15 12 / 1 M55-59
3:16:35
2:45:03
BQ"
16,MIDD=2732151108,Fort Worth Marathon,"Fort Worth, TX USA","November 8, 2015","Paul Vasta (M52)
3:17:36 16 13 / 2 M50-54
3:17:27
2:53:41
BQ"
17,MIDD=2732151108,Fort Worth Marathon,"Fort Worth, TX USA","November 8, 2015","Jack Jajewski (M23)
3:18:34 17 14 / 2 M20-24
3:18:20
3:18:20
 "
18,MIDD=2732151108,Fort Worth Marathon,"Fort Worth, TX USA","November 8, 2015","Terence Murphy (F39)
3:18:45 18 4 / 1 F35-39
3:18:41
3:10:53
BQ"
19,MIDD=2732151108,Fort Worth Marathon,"Fort Worth, TX USA","November 8, 2015","Monica Alston (F22)
3:19:10 19 5 / 2 F20-24
3:19:07
3:19:07
BQ"
20,MIDD=2732151108,Fort Worth Marathon,"Fort Worth, TX USA","November 8, 2015","Matthew Kingore (M36)
3:19:46 20 15 / 2 M35-39
3:19:43
3:19:31
 "
21,MIDD=2732151108,Fort Worth Marathon,"Fort Worth, TX USA","November 8, 2015","Cameron Singleton (M24)
3:21:53 21 16 / 3 M20-24
3:21:52
3:21:52
 "
22,MIDD=2732151108,Fort Worth Marathon,"Fort Worth, TX USA","November 8, 2015","Ruel Sword (F49)
3:22:09 22 6 / 1 F45-49
3:22:04
2:53:19
BQ"
23,MIDD=2732151108,Fort Worth Marathon,"Fort Worth, TX USA","November 8, 2015","Jim McGill (M44)
3:23:08 23 17 / 3 M40-44
3:23:06
3:11:42
 "
24,MIDD=2732151108,Fort Worth Marathon,"Fort Worth, TX USA","November 8, 2015","jean baptiste barras (M29)
3:23:12 24 18 / 3 M25-29
3:23:11
3:23:11
 "
25,MIDD=2732151108,Fort Worth Marathon,"Fort Worth, TX USA","November 8, 2015","Logan Stephens (M26)
3:23:33 25 19 / 4 M25-29
3:23:33
3:23:33
 "
26,MIDD=2732151108,Fort Worth Marathon,"Fort Worth, TX USA","November 8, 2015","Alan Moring (M49)
3:23:49 26 20 / 3 M45-49
3:23:48
3:04:11
BQ"
27,MIDD=2732151108,Fort Worth Marathon,"Fort Worth, TX USA","November 8, 2015","Sergiu Tofanel (M44)
3:24:45 27 21 / 4 M40-44
3:24:40
3:13:11
 "
28,MIDD=2732151108,Fort Worth Marathon,"Fort Worth, TX USA","November 8, 2015","Chelsy Cork (F27)
3:24:53 28 7 / 2 F25-29
3:24:49
3:24:49
BQ"
29,MIDD=2732151108,Fort Worth Marathon,"Fort Worth, TX USA","November 8, 2015","Dirk Reader (M50)
3:26:44 29 22 / 3 M50-54
3:26:42
3:05:08
BQ"
30,MIDD=2732151108,Fort Worth Marathon,"Fort Worth, TX USA","November 8, 2015","Matt Celone (M40)
3:26:45 30 23 / 5 M40-44
3:26:42
3:21:43
 "
31,MIDD=2732151108,Fort Worth Marathon,"Fort Worth, TX USA","November 8, 2015","Scott Hume (M25)
3:27:04 31 24 / 5 M25-29
3:27:04
3:27:04
 "
32,MIDD=2732151108,Fort Worth Marathon,"Fort Worth, TX USA","November 8, 2015","Miguel Quinones (M48)
3:27:09 32 25 / 4 M45-49
3:26:55
3:08:39
 "
33,MIDD=2732151108,Fort Worth Marathon,"Fort Worth, TX USA","November 8, 2015","Doyen Brinker (M54)
3:28:45 33 26 / 4 M50-54
3:28:36
3:00:10
BQ"
34,MIDD=2732151108,Fort Worth Marathon,"Fort Worth, TX USA","November 8, 2015","Bryan Caudle (M43)
3:31:02 34 27 / 6 M40-44
3:30:36
3:20:28
 "
35,MIDD=2732151108,Fort Worth Marathon,"Fort Worth, TX USA","November 8, 2015","Michael Carella (M23)
3:31:47 35 28 / 4 M20-24
3:31:47
3:31:47
 "
36,MIDD=2732151108,Fort Worth Marathon,"Fort Worth, TX USA","November 8, 2015","Denise Tennison (F44)
3:31:53 36 8 / 1 F40-44
3:31:48
3:13:13
BQ"
37,MIDD=2732151108,Fort Worth Marathon,"Fort Worth, TX USA","November 8, 2015","Enes Medic (M53)
3:33:36 37 29 / 5 M50-54
3:33:28
3:06:04
 "
38,MIDD=2732151108,Fort Worth Marathon,"Fort Worth, TX USA","November 8, 2015","bryan wahlberg (M46)
3:34:00 38 30 / 5 M45-49
3:33:38
3:18:12
 "
39,MIDD=2732151108,Fort Worth Marathon,"Fort Worth, TX USA","November 8, 2015","Gaehag Kim (M54)
3:35:13 39 31 / 6 M50-54
3:34:55
3:05:37
 "
40,MIDD=2732151108,Fort Worth Marathon,"Fort Worth, TX USA","November 8, 2015","Liz Painter (F49)
3:35:57 40 9 / 2 F45-49
3:35:53
3:05:11
BQ"
41,MIDD=2732151108,Fort Worth Marathon,"Fort Worth, TX USA","November 8, 2015","Dawn Forter (F39)
3:36:02 41 10 / 2 F35-39
3:35:52
3:27:24
BQ"
42,MIDD=2732151108,Fort Worth Marathon,"Fort Worth, TX USA","November 8, 2015","cody dacey (M34)
3:36:03 42 32 / 2 M30-34
3:35:53
3:35:53
 "
43,MIDD=2732151108,Fort Worth Marathon,"Fort Worth, TX USA","November 8, 2015","Derek Coker (M44)
3:36:15 43 33 / 7 M40-44
3:36:12
3:24:04
 "
44,MIDD=2732151108,Fort Worth Marathon,"Fort Worth, TX USA","November 8, 2015","Robert Turner (M56)
3:36:22 44 34 / 2 M55-59
3:36:17
3:03:19
BQ"
45,MIDD=2732151108,Fort Worth Marathon,"Fort Worth, TX USA","November 8, 2015","Lisa Diemoz (F43)
3:36:25 45 11 / 2 F40-44
3:36:18
3:19:41
BQ"
46,MIDD=2732151108,Fort Worth Marathon,"Fort Worth, TX USA","November 8, 2015","Lorelai Cole (F48)
3:36:42 46 12 / 3 F45-49
3:36:39
3:08:12
BQ"
47,MIDD=2732151108,Fort Worth Marathon,"Fort Worth, TX USA","November 8, 2015","Ed Hess (M59)
3:37:11 47 35 / 3 M55-59
3:37:11
2:58:52
BQ"
48,MIDD=2732151108,Fort Worth Marathon,"Fort Worth, TX USA","November 8, 2015","Steven Browne (M48)
3:37:55 48 36 / 6 M45-49
3:37:51
3:18:38
 "
49,MIDD=2732151108,Fort Worth Marathon,"Fort Worth, TX USA","November 8, 2015","Alex Barrientos (M35)
3:39:07 49 37 / 3 M35-39
3:38:52
3:38:52
 "
50,MIDD=2732151108,Fort Worth Marathon,"Fort Worth, TX USA","November 8, 2015","Larry Lichnovsky (M68)
3:39:39 50 38 / 1 M65-69
3:39:35
2:44:59
BQ"
51,MIDD=2732151108,Fort Worth Marathon,"Fort Worth, TX USA","November 8, 2015","Jennifer Patterson (F38)
3:40:06 51 13 / 3 F35-39
3:40:06
3:33:06
 "
52,MIDD=2732151108,Fort Worth Marathon,"Fort Worth, TX USA","November 8, 2015","Michael Papantonakis (M44)
3:40:29 52 39 / 8 M40-44
3:40:21
3:27:59
 "
53,MIDD=2732151108,Fort Worth Marathon,"Fort Worth, TX USA","November 8, 2015","Christina Pricketts (F29)
3:41:12 53 14 / 3 F25-29
3:41:08
3:41:08
 "
54,MIDD=2732151108,Fort Worth Marathon,"Fort Worth, TX USA","November 8, 2015","Carl Duffy (M48)
3:41:25 54 40 / 7 M45-49
3:41:10
3:21:39
 "
55,MIDD=2732151108,Fort Worth Marathon,"Fort Worth, TX USA","November 8, 2015","rohini mehta (F39)
3:41:51 55 15 / 4 F35-39
3:41:36
3:32:54
 "
56,MIDD=2732151108,Fort Worth Marathon,"Fort Worth, TX USA","November 8, 2015","Nancy Hannah (F47)
3:42:09 56 16 / 4 F45-49
3:42:09
3:15:24
BQ"
57,MIDD=2732151108,Fort Worth Marathon,"Fort Worth, TX USA","November 8, 2015","Thomas Rogers (M36)
3:42:22 57 41 / 4 M35-39
3:42:19
3:42:05
 "
58,MIDD=2732151108,Fort Worth Marathon,"Fort Worth, TX USA","November 8, 2015","Jeremy Vaughan (M35)
3:42:56 58 42 / 5 M35-39
3:42:47
3:42:47
 "
59,MIDD=2732151108,Fort Worth Marathon,"Fort Worth, TX USA","November 8, 2015","Nathan Wilson (M33)
3:43:14 59 43 / 3 M30-34
3:43:12
3:43:12
 "
60,MIDD=2732151108,Fort Worth Marathon,"Fort Worth, TX USA","November 8, 2015","Yoshiaki Sasaki (M57)
3:44:40 60 44 / 4 M55-59
3:44:33
3:08:31
 "
61,MIDD=2732151108,Fort Worth Marathon,"Fort Worth, TX USA","November 8, 2015","Brandon McClure (M25)
3:44:53 61 45 / 6 M25-29
3:44:45
3:44:45
 "
62,MIDD=2732151108,Fort Worth Marathon,"Fort Worth, TX USA","November 8, 2015","Dan Reinheimer (M49)
3:45:20 62 46 / 8 M45-49
3:45:08
3:23:28
 "
63,MIDD=2732151108,Fort Worth Marathon,"Fort Worth, TX USA","November 8, 2015","Patti Smith (F41)
3:45:27 63 17 / 3 F40-44
3:45:17
3:32:33
 "
64,MIDD=2732151108,Fort Worth Marathon,"Fort Worth, TX USA","November 8, 2015","Gina Jones (F34)
3:46:13 64 18 / 2 F30-34
3:45:37
3:43:24
 "
65,MIDD=2732151108,Fort Worth Marathon,"Fort Worth, TX USA","November 8, 2015","Marino Garcia (M65)
3:46:16 65 47 / 2 M65-69
3:46:16
2:55:26
BQ"
66,MIDD=2732151108,Fort Worth Marathon,"Fort Worth, TX USA","November 8, 2015","Debbie Slay (F37)
3:46:48 66 19 / 5 F35-39
3:46:38
3:40:56
 "
67,MIDD=2732151108,Fort Worth Marathon,"Fort Worth, TX USA","November 8, 2015","lari ranta (F48)
3:47:56 67 20 / 5 F45-49
3:47:44
3:17:49
BQ"
68,MIDD=2732151108,Fort Worth Marathon,"Fort Worth, TX USA","November 8, 2015","Chris Hartley (M41)
3:48:05 68 48 / 9 M40-44
3:47:53
3:40:34
 "
69,MIDD=2732151108,Fort Worth Marathon,"Fort Worth, TX USA","November 8, 2015","philip ballmann (M55)
3:48:23 69 49 / 5 M55-59
3:48:19
3:15:20
 "
70,MIDD=2732151108,Fort Worth Marathon,"Fort Worth, TX USA","November 8, 2015","Nancy Nichols (F46)
3:49:02 70 21 / 6 F45-49
3:48:57
3:23:52
BQ"
71,MIDD=2732151108,Fort Worth Marathon,"Fort Worth, TX USA","November 8, 2015","Kevin Lacefield (M40)
3:49:27 71 50 / 10 M40-44
3:49:10
3:43:38
 "
72,MIDD=2732151108,Fort Worth Marathon,"Fort Worth, TX USA","November 8, 2015","Haiying Huang (F46)
3:51:29 72 22 / 7 F45-49
3:51:29
3:26:08
BQ"
73,MIDD=2732151108,Fort Worth Marathon,"Fort Worth, TX USA","November 8, 2015","Tim Montgomery (M37)
3:51:46 73 51 / 6 M35-39
3:51:31
3:50:35
 "
74,MIDD=2732151108,Fort Worth Marathon,"Fort Worth, TX USA","November 8, 2015","Chris Scholz (M49)
3:51:59 74 52 / 9 M45-49
3:51:46
3:29:28
 "
75,MIDD=2732151108,Fort Worth Marathon,"Fort Worth, TX USA","November 8, 2015","william parker (M51)
3:52:24 75 53 / 7 M50-54
3:52:18
3:26:12
 "
76,MIDD=2732151108,Fort Worth Marathon,"Fort Worth, TX USA","November 8, 2015","Amber Meitz (F33)
3:52:50 76 23 / 3 F30-34
3:52:34
3:51:06
 "
77,MIDD=2732151108,Fort Worth Marathon,"Fort Worth, TX USA","November 8, 2015","mary parker (F52)
3:52:56 77 24 / 1 F50-54
3:52:51
3:12:07
BQ"
78,MIDD=2732151108,Fort Worth Marathon,"Fort Worth, TX USA","November 8, 2015","Abelieno Casanova (M34)
3:53:28 78 54 / 4 M30-34
3:53:07
3:53:07
 "
79,MIDD=2732151108,Fort Worth Marathon,"Fort Worth, TX USA","November 8, 2015","ashley Garcia (F24)
3:53:35 79 25 / 3 F20-24
3:53:29
3:53:29
 "
80,MIDD=2732151108,Fort Worth Marathon,"Fort Worth, TX USA","November 8, 2015","Hugh McConnell (M48)
3:53:41 80 55 / 10 M45-49
3:53:12
3:32:37
 "
81,MIDD=2732151108,Fort Worth Marathon,"Fort Worth, TX USA","November 8, 2015","Thuyvi Vinh (F39)
3:54:03 81 26 / 6 F35-39
3:54:03
3:44:52
 "
82,MIDD=2732151108,Fort Worth Marathon,"Fort Worth, TX USA","November 8, 2015","Bill Pepper (M46)
3:54:34 82 56 / 11 M45-49
3:54:07
3:37:12
 "
83,MIDD=2732151108,Fort Worth Marathon,"Fort Worth, TX USA","November 8, 2015","Brian Hinton (M44)
3:54:39 83 57 / 11 M40-44
3:54:19
3:41:10
 "
84,MIDD=2732151108,Fort Worth Marathon,"Fort Worth, TX USA","November 8, 2015","Jessica Smith (F29)
3:55:27 84 27 / 4 F25-29
3:55:13
3:55:13
 "
85,MIDD=2732151108,Fort Worth Marathon,"Fort Worth, TX USA","November 8, 2015","Michael Marcum (M54)
3:56:33 85 58 / 8 M50-54
3:56:22
3:24:08
 "
86,MIDD=2732151108,Fort Worth Marathon,"Fort Worth, TX USA","November 8, 2015","Ronnie Tiner (M47)
3:56:59 86 59 / 12 M45-49
3:56:57
3:37:56
 "
87,MIDD=2732151108,Fort Worth Marathon,"Fort Worth, TX USA","November 8, 2015","Shane Flint (M44)
3:58:22 87 60 / 12 M40-44
3:58:13
3:44:51
 "
88,MIDD=2732151108,Fort Worth Marathon,"Fort Worth, TX USA","November 8, 2015","Horace Wu (M46)
3:58:42 88 61 / 13 M45-49
3:58:19
3:41:06
 "
89,MIDD=2732151108,Fort Worth Marathon,"Fort Worth, TX USA","November 8, 2015","Paul Vance (M56)
3:59:00 89 62 / 6 M55-59
3:58:51
3:22:26
 "
90,MIDD=2732151108,Fort Worth Marathon,"Fort Worth, TX USA","November 8, 2015","Leslee Ewing (F35)
3:59:00 90 28 / 7 F35-39
3:58:48
3:55:25
 "
91,MIDD=2732151108,Fort Worth Marathon,"Fort Worth, TX USA","November 8, 2015","Doug Cox (M44)
3:59:09 91 63 / 13 M40-44
3:59:02
3:45:37
 "
92,MIDD=2732151108,Fort Worth Marathon,"Fort Worth, TX USA","November 8, 2015","Dan Becker (M52)
3:59:12 92 64 / 9 M50-54
3:59:09
3:30:22
 "
93,MIDD=2732151108,Fort Worth Marathon,"Fort Worth, TX USA","November 8, 2015","Hudon White (M62)
3:59:27 93 65 / 1 M60-64
3:59:14
3:11:16
 "
94,MIDD=2732151108,Fort Worth Marathon,"Fort Worth, TX USA","November 8, 2015","Kevin Matthews (M52)
3:59:34 94 66 / 10 M50-54
3:59:23
3:30:35
 "
95,MIDD=2732151108,Fort Worth Marathon,"Fort Worth, TX USA","November 8, 2015","Meghan Gaskamp (F21)
3:59:38 95 29 / 4 F20-24
3:59:23
3:59:23
 "
96,MIDD=2732151108,Fort Worth Marathon,"Fort Worth, TX USA","November 8, 2015","Natalie Baerwaldt (F36)
3:59:44 96 30 / 8 F35-39
3:59:11
3:54:35
 "
97,MIDD=2732151108,Fort Worth Marathon,"Fort Worth, TX USA","November 8, 2015","Angela Andrews (F28)
4:00:24 97 31 / 5 F25-29
3:59:50
3:59:50
 "
98,MIDD=2732151108,Fort Worth Marathon,"Fort Worth, TX USA","November 8, 2015","James Kirk (M45)
4:00:30 98 67 / 14 M45-49
4:00:26
3:44:59
 "
99,MIDD=2732151108,Fort Worth Marathon,"Fort Worth, TX USA","November 8, 2015","Daniel Rogers (M17)
4:00:57 99 68 / 2 M0-19
4:00:46
3:48:07
 "
100,MIDD=2732151108,Fort Worth Marathon,"Fort Worth, TX USA","November 8, 2015","Julia Greuner (F23)
4:01:08 100 32 / 5 F20-24
4:00:56
4:00:56
 "
101,MIDD=2732151108,Fort Worth Marathon,"Fort Worth, TX USA","November 8, 2015","Tiffany Lewey (F38)
4:01:18 101 33 / 9 F35-39
4:01:13
3:53:32
 "
102,MIDD=2732151108,Fort Worth Marathon,"Fort Worth, TX USA","November 8, 2015","Alejandro Franco (M39)
4:02:58 102 69 / 7 M35-39
4:02:56
3:59:02
 "
103,MIDD=2732151108,Fort Worth Marathon,"Fort Worth, TX USA","November 8, 2015","Anna Flores Remick (F28)
4:02:59 103 34 / 6 F25-29
4:02:32
4:02:32
 "
104,MIDD=2732151108,Fort Worth Marathon,"Fort Worth, TX USA","November 8, 2015","James Harrison (M47)
4:03:35 104 70 / 15 M45-49
4:03:11
3:43:40
 "
105,MIDD=2732151108,Fort Worth Marathon,"Fort Worth, TX USA","November 8, 2015","Todd Hawkins (M51)
4:03:47 105 71 / 11 M50-54
4:03:38
3:36:16
 "
106,MIDD=2732151108,Fort Worth Marathon,"Fort Worth, TX USA","November 8, 2015","Sarah Kilpatrick (F34)
4:04:29 106 35 / 4 F30-34
4:04:21
4:01:57
 "
107,MIDD=2732151108,Fort Worth Marathon,"Fort Worth, TX USA","November 8, 2015","Charlie Pate (M36)
4:05:19 107 72 / 8 M35-39
4:04:50
4:04:35
 "
108,MIDD=2732151108,Fort Worth Marathon,"Fort Worth, TX USA","November 8, 2015","Bill Drake (M58)
4:06:01 108 73 / 7 M55-59
4:05:47
3:24:23
 "
109,MIDD=2732151108,Fort Worth Marathon,"Fort Worth, TX USA","November 8, 2015","Aspen VanHooser (F26)
4:07:10 109 36 / 7 F25-29
4:07:03
4:07:03
 "
110,MIDD=2732151108,Fort Worth Marathon,"Fort Worth, TX USA","November 8, 2015","Matt Fosler (M30)
4:07:49 110 74 / 5 M30-34
4:07:41
4:07:41
 "
111,MIDD=2732151108,Fort Worth Marathon,"Fort Worth, TX USA","November 8, 2015","Amy McCampbell (F35)
4:07:55 111 37 / 10 F35-39
4:07:45
4:04:15
 "
112,MIDD=2732151108,Fort Worth Marathon,"Fort Worth, TX USA","November 8, 2015","Cory Cortesi (M40)
4:08:10 112 75 / 14 M40-44
4:08:00
4:02:01
 "
113,MIDD=2732151108,Fort Worth Marathon,"Fort Worth, TX USA","November 8, 2015","Terry Murphy (F54)
4:08:13 113 38 / 2 F50-54
5:09:48
4:08:51
 "
114,MIDD=2732151108,Fort Worth Marathon,"Fort Worth, TX USA","November 8, 2015","Karen Evans (F54)
4:08:13 114 39 / 3 F50-54
5:09:48
4:08:51
 "
115,MIDD=2732151108,Fort Worth Marathon,"Fort Worth, TX USA","November 8, 2015","Mackenzie Kiefer (F26)
4:09:18 115 40 / 8 F25-29
4:08:48
4:08:48
 "
116,MIDD=2732151108,Fort Worth Marathon,"Fort Worth, TX USA","November 8, 2015","Meghan Lockwood (F32)
4:09:48 116 41 / 5 F30-34
4:09:38
4:08:45
 "
117,MIDD=2732151108,Fort Worth Marathon,"Fort Worth, TX USA","November 8, 2015","Tony Kell (M46)
4:10:11 117 76 / 16 M45-49
4:10:06
3:52:02
 "
118,MIDD=2732151108,Fort Worth Marathon,"Fort Worth, TX USA","November 8, 2015","John Flint (M50)
4:10:34 118 77 / 12 M50-54
4:10:07
3:44:01
 "
119,MIDD=2732151108,Fort Worth Marathon,"Fort Worth, TX USA","November 8, 2015","Courtney Davis (F24)
4:10:37 119 42 / 6 F20-24
4:10:37
4:10:37
 "
120,MIDD=2732151108,Fort Worth Marathon,"Fort Worth, TX USA","November 8, 2015","Margaret Nguyen (F34)
4:10:53 120 43 / 6 F30-34
4:10:36
4:08:08
 "
121,MIDD=2732151108,Fort Worth Marathon,"Fort Worth, TX USA","November 8, 2015","Steve Cassidy (M61)
4:11:06 121 78 / 2 M60-64
4:11:06
3:22:45
 "
122,MIDD=2732151108,Fort Worth Marathon,"Fort Worth, TX USA","November 8, 2015","Brian DeWeese (M51)
4:11:12 122 79 / 13 M50-54
4:10:58
3:42:46
 "
123,MIDD=2732151108,Fort Worth Marathon,"Fort Worth, TX USA","November 8, 2015","scott lewis (M38)
4:11:45 123 80 / 9 M35-39
4:11:18
4:09:02
 "
124,MIDD=2732151108,Fort Worth Marathon,"Fort Worth, TX USA","November 8, 2015","Unknown Participant (M1)
4:11:58 124 81 / 1 M0-4
5:13:32
 
 "
125,MIDD=2732151108,Fort Worth Marathon,"Fort Worth, TX USA","November 8, 2015","Heidi Schwennesen (F37)
4:12:01 125 44 / 11 F35-39
4:11:55
4:05:35
 "
126,MIDD=2732151108,Fort Worth Marathon,"Fort Worth, TX USA","November 8, 2015","Julie Sabin (F36)
4:12:36 126 45 / 12 F35-39
4:12:23
4:07:32
 "
127,MIDD=2732151108,Fort Worth Marathon,"Fort Worth, TX USA","November 8, 2015","Randy Williams (M63)
4:14:21 127 82 / 3 M60-64
4:14:10
3:21:10
 "
128,MIDD=2732151108,Fort Worth Marathon,"Fort Worth, TX USA","November 8, 2015","Elisa Norman (F40)
4:14:41 128 46 / 4 F40-44
4:14:31
4:02:27
 "
129,MIDD=2732151108,Fort Worth Marathon,"Fort Worth, TX USA","November 8, 2015","Bernadette Bermejo (F35)
4:15:18 129 47 / 13 F35-39
4:15:05
4:11:29
 "
130,MIDD=2732151108,Fort Worth Marathon,"Fort Worth, TX USA","November 8, 2015","James Snyder (M36)
4:15:55 130 83 / 10 M35-39
4:15:38
4:15:22
 "
131,MIDD=2732151108,Fort Worth Marathon,"Fort Worth, TX USA","November 8, 2015","Patrick Fleming (M49)
4:16:06 131 84 / 17 M45-49
4:16:00
3:51:22
 "
132,MIDD=2732151108,Fort Worth Marathon,"Fort Worth, TX USA","November 8, 2015","Unknown Participant (M1)
4:16:27 132 85 / 2 M0-4
4:16:08
 
 "
133,MIDD=2732151108,Fort Worth Marathon,"Fort Worth, TX USA","November 8, 2015","Kevin Kinser (M58)
4:16:32 133 86 / 8 M55-59
4:16:26
3:33:14
 "
134,MIDD=2732151108,Fort Worth Marathon,"Fort Worth, TX USA","November 8, 2015","Jonathan Mitchel (M19)
4:16:48 134 87 / 3 M0-19
4:16:22
4:10:05
 "
135,MIDD=2732151108,Fort Worth Marathon,"Fort Worth, TX USA","November 8, 2015","Jarrad Brenek (M35)
4:18:22 135 88 / 11 M35-39
4:18:22
4:18:22
 "
136,MIDD=2732151108,Fort Worth Marathon,"Fort Worth, TX USA","November 8, 2015","Oleh Krutko (M43)
4:18:51 136 89 / 15 M40-44
4:18:51
4:06:23
 "
137,MIDD=2732151108,Fort Worth Marathon,"Fort Worth, TX USA","November 8, 2015","Theresa Markko (F56)
4:19:07 137 48 / 1 F55-59
4:19:01
3:22:25
 "
138,MIDD=2732151108,Fort Worth Marathon,"Fort Worth, TX USA","November 8, 2015","Stephen Dennis (M36)
4:19:22 138 90 / 12 M35-39
4:19:05
4:18:49
 "
139,MIDD=2732151108,Fort Worth Marathon,"Fort Worth, TX USA","November 8, 2015","Benjamin Norman (M23)
4:20:28 139 91 / 5 M20-24
4:20:28
4:20:28
 "
140,MIDD=2732151108,Fort Worth Marathon,"Fort Worth, TX USA","November 8, 2015","Charles Akers (M42)
4:20:37 140 92 / 16 M40-44
4:20:33
4:10:06
 "
141,MIDD=2732151108,Fort Worth Marathon,"Fort Worth, TX USA","November 8, 2015","Andrien Wang (M45)
4:20:40 141 93 / 18 M45-49
4:20:18
4:03:35
 "
142,MIDD=2732151108,Fort Worth Marathon,"Fort Worth, TX USA","November 8, 2015","Paige Woods (F26)
4:20:56 142 49 / 9 F25-29
4:20:32
4:20:32
 "
143,MIDD=2732151108,Fort Worth Marathon,"Fort Worth, TX USA","November 8, 2015","Luke Bishop (M22)
4:20:56 143 94 / 6 M20-24
4:20:31
4:20:23
 "
144,MIDD=2732151108,Fort Worth Marathon,"Fort Worth, TX USA","November 8, 2015","Timothy Noeske (M51)
4:21:06 144 95 / 14 M50-54
4:20:44
3:51:27
 "
145,MIDD=2732151108,Fort Worth Marathon,"Fort Worth, TX USA","November 8, 2015","Brian Lee (M34)
4:21:14 145 96 / 6 M30-34
4:21:14
4:21:14
 "
146,MIDD=2732151108,Fort Worth Marathon,"Fort Worth, TX USA","November 8, 2015","Richard Gillen (M56)
4:21:50 146 97 / 9 M55-59
4:21:45
3:41:51
 "
147,MIDD=2732151108,Fort Worth Marathon,"Fort Worth, TX USA","November 8, 2015","William Zimmerman (M27)
4:22:21 147 98 / 7 M25-29
4:22:08
4:22:08
 "
148,MIDD=2732151108,Fort Worth Marathon,"Fort Worth, TX USA","November 8, 2015","Jana Macdonald (F37)
4:22:40 148 50 / 14 F35-39
4:22:19
4:15:43
 "
149,MIDD=2732151108,Fort Worth Marathon,"Fort Worth, TX USA","November 8, 2015","Alin Hutanu (M39)
4:23:29 149 99 / 13 M35-39
4:23:19
4:19:06
 "
150,MIDD=2732151108,Fort Worth Marathon,"Fort Worth, TX USA","November 8, 2015","Tom Corbett (M47)
4:24:15 150 100 / 19 M45-49
4:24:13
4:03:01
 "
151,MIDD=2732151108,Fort Worth Marathon,"Fort Worth, TX USA","November 8, 2015","Bennett Cepak (M55)
4:24:16 151 101 / 10 M55-59
4:23:48
3:45:42
 "
152,MIDD=2732151108,Fort Worth Marathon,"Fort Worth, TX USA","November 8, 2015","Jeff Akers (M44)
4:24:44 152 102 / 17 M40-44
4:24:15
4:09:25
 "
153,MIDD=2732151108,Fort Worth Marathon,"Fort Worth, TX USA","November 8, 2015","Chelsey McCarthy (F26)
4:24:47 153 51 / 10 F25-29
4:24:42
4:24:42
 "
154,MIDD=2732151108,Fort Worth Marathon,"Fort Worth, TX USA","November 8, 2015","Martin T Martinez (M54)
4:24:54 154 103 / 15 M50-54
4:24:18
3:48:16
 "
155,MIDD=2732151108,Fort Worth Marathon,"Fort Worth, TX USA","November 8, 2015","Victoria Culp (F24)
4:25:23 155 52 / 7 F20-24
4:25:04
4:25:04
 "
156,MIDD=2732151108,Fort Worth Marathon,"Fort Worth, TX USA","November 8, 2015","Kaitlyn Shoemaker (F26)
4:25:31 156 53 / 11 F25-29
4:24:59
4:24:59
 "
157,MIDD=2732151108,Fort Worth Marathon,"Fort Worth, TX USA","November 8, 2015","Alejandro Mendoza (M45)
4:26:08 157 104 / 20 M45-49
4:26:08
4:09:02
 "
158,MIDD=2732151108,Fort Worth Marathon,"Fort Worth, TX USA","November 8, 2015","Alan Bull (M52)
4:27:43 158 105 / 16 M50-54
4:27:43
3:55:30
 "
159,MIDD=2732151108,Fort Worth Marathon,"Fort Worth, TX USA","November 8, 2015","Karina Zarate (F39)
4:27:55 159 54 / 15 F35-39
4:27:44
4:17:14
 "
160,MIDD=2732151108,Fort Worth Marathon,"Fort Worth, TX USA","November 8, 2015","Gary Gregory (M44)
4:27:57 160 106 / 18 M40-44
4:27:46
4:12:44
 "
161,MIDD=2732151108,Fort Worth Marathon,"Fort Worth, TX USA","November 8, 2015","Brandy Ray (F38)
4:28:12 161 55 / 16 F35-39
4:28:12
4:19:40
 "
162,MIDD=2732151108,Fort Worth Marathon,"Fort Worth, TX USA","November 8, 2015","Michelle Scaperlanda McWay (F27)
4:28:25 162 56 / 12 F25-29
4:28:09
4:28:09
 "
163,MIDD=2732151108,Fort Worth Marathon,"Fort Worth, TX USA","November 8, 2015","Michael Scaperlanda (M55)
4:28:25 163 107 / 11 M55-59
4:28:09
3:49:25
 "
164,MIDD=2732151108,Fort Worth Marathon,"Fort Worth, TX USA","November 8, 2015","Laura Holzwasser (F59)
4:28:58 164 57 / 2 F55-59
4:28:37
3:21:08
 "
165,MIDD=2732151108,Fort Worth Marathon,"Fort Worth, TX USA","November 8, 2015","Vanessa Antoine (F37)
4:29:17 165 58 / 17 F35-39
4:28:56
4:22:10
 "
166,MIDD=2732151108,Fort Worth Marathon,"Fort Worth, TX USA","November 8, 2015","Jennifer Murphy (F29)
4:29:34 166 59 / 13 F25-29
4:29:04
4:29:04
 "
167,MIDD=2732151108,Fort Worth Marathon,"Fort Worth, TX USA","November 8, 2015","Elizabeth Mendiola (F48)
4:29:39 167 60 / 8 F45-49
4:29:18
3:53:56
 "
168,MIDD=2732151108,Fort Worth Marathon,"Fort Worth, TX USA","November 8, 2015","Melody Ongayo (F37)
4:30:19 168 61 / 18 F35-39
4:30:02
4:23:15
 "
169,MIDD=2732151108,Fort Worth Marathon,"Fort Worth, TX USA","November 8, 2015","Jordan Gibson (F30)
4:31:10 169 62 / 7 F30-34
4:30:57
4:30:50
 "
170,MIDD=2732151108,Fort Worth Marathon,"Fort Worth, TX USA","November 8, 2015","Andy Schleitwiler (M25)
4:32:03 170 108 / 8 M25-29
4:31:35
4:31:35
 "
171,MIDD=2732151108,Fort Worth Marathon,"Fort Worth, TX USA","November 8, 2015","Erin Henry (F35)
4:32:16 171 63 / 19 F35-39
4:31:56
4:28:05
 "
172,MIDD=2732151108,Fort Worth Marathon,"Fort Worth, TX USA","November 8, 2015","Rogelio Resendiz (M50)
4:32:32 172 109 / 17 M50-54
4:32:24
4:03:59
 "
173,MIDD=2732151108,Fort Worth Marathon,"Fort Worth, TX USA","November 8, 2015","tawni carr (F27)
4:35:14 173 64 / 14 F25-29
4:35:11
4:35:11
 "
174,MIDD=2732151108,Fort Worth Marathon,"Fort Worth, TX USA","November 8, 2015","Natalia Harrison (F35)
4:35:25 174 65 / 20 F35-39
4:35:08
4:31:15
 "
175,MIDD=2732151108,Fort Worth Marathon,"Fort Worth, TX USA","November 8, 2015","Joscelyne Dracca (F34)
4:35:29 175 66 / 8 F30-34
4:35:04
4:32:22
 "
176,MIDD=2732151108,Fort Worth Marathon,"Fort Worth, TX USA","November 8, 2015","Jordan Mason (M29)
4:35:50 176 110 / 9 M25-29
4:35:14
4:35:14
 "
177,MIDD=2732151108,Fort Worth Marathon,"Fort Worth, TX USA","November 8, 2015","Darrin Touchet (M46)
4:35:51 177 111 / 21 M45-49
4:35:45
4:15:50
 "
178,MIDD=2732151108,Fort Worth Marathon,"Fort Worth, TX USA","November 8, 2015","Matthew Berlew (M40)
4:36:57 178 112 / 19 M40-44
4:36:25
4:29:45
 "
179,MIDD=2732151108,Fort Worth Marathon,"Fort Worth, TX USA","November 8, 2015","Lance Mangham (M46)
4:37:07 179 113 / 22 M45-49
4:36:50
4:16:50
 "
180,MIDD=2732151108,Fort Worth Marathon,"Fort Worth, TX USA","November 8, 2015","Laurie B. Williams (F48)
4:38:21 180 67 / 9 F45-49
4:38:19
4:01:46
 "
181,MIDD=2732151108,Fort Worth Marathon,"Fort Worth, TX USA","November 8, 2015","Pete Grett (M38)
4:38:58 181 114 / 14 M35-39
4:38:47
4:36:16
 "
182,MIDD=2732151108,Fort Worth Marathon,"Fort Worth, TX USA","November 8, 2015","Paul Prosser (M47)
4:39:15 182 115 / 23 M45-49
4:39:05
4:16:42
 "
183,MIDD=2732151108,Fort Worth Marathon,"Fort Worth, TX USA","November 8, 2015","Karin Slough (F44)
4:39:27 183 68 / 5 F40-44
4:39:15
4:14:45
 "
184,MIDD=2732151108,Fort Worth Marathon,"Fort Worth, TX USA","November 8, 2015","Kay Scott (F46)
4:40:44 184 69 / 10 F45-49
5:42:19
5:04:49
 "
185,MIDD=2732151108,Fort Worth Marathon,"Fort Worth, TX USA","November 8, 2015","Robert Clarkson (M42)
4:41:28 185 116 / 20 M40-44
5:43:03
5:29:17
 "
186,MIDD=2732151108,Fort Worth Marathon,"Fort Worth, TX USA","November 8, 2015","Jeff Le (M32)
4:42:22 186 117 / 7 M30-34
4:42:22
4:42:22
 "
187,MIDD=2732151108,Fort Worth Marathon,"Fort Worth, TX USA","November 8, 2015","Melinda Krueger (F50)
4:42:27 187 70 / 4 F50-54
4:42:00
3:58:49
 "
188,MIDD=2732151108,Fort Worth Marathon,"Fort Worth, TX USA","November 8, 2015","Andy Kivilaan (M53)
4:42:40 188 118 / 18 M50-54
4:42:20
4:06:06
 "
189,MIDD=2732151108,Fort Worth Marathon,"Fort Worth, TX USA","November 8, 2015","Gerardo Vazquez (M47)
4:43:27 189 119 / 24 M45-49
4:43:18
4:20:34
 "
190,MIDD=2732151108,Fort Worth Marathon,"Fort Worth, TX USA","November 8, 2015","Leslie Scheuring (F30)
4:43:28 190 71 / 9 F30-34
4:43:05
4:42:58
 "
191,MIDD=2732151108,Fort Worth Marathon,"Fort Worth, TX USA","November 8, 2015","Jonathan Rodriguez (M32)
4:43:40 191 120 / 8 M30-34
4:43:25
4:43:25
 "
192,MIDD=2732151108,Fort Worth Marathon,"Fort Worth, TX USA","November 8, 2015","Nicole Ramirez (F40)
4:44:21 192 72 / 6 F40-44
4:44:21
4:30:52
 "
193,MIDD=2732151108,Fort Worth Marathon,"Fort Worth, TX USA","November 8, 2015","Jennifer Lewis (F37)
4:44:58 193 73 / 21 F35-39
4:44:51
4:37:42
 "
194,MIDD=2732151108,Fort Worth Marathon,"Fort Worth, TX USA","November 8, 2015","Kavitha Shashikumar (F43)
4:45:08 194 74 / 7 F40-44
4:44:39
4:22:47
 "
195,MIDD=2732151108,Fort Worth Marathon,"Fort Worth, TX USA","November 8, 2015","Kevin Brosi (M59)
4:45:45 195 121 / 12 M55-59
5:47:20
4:46:03
 "
196,MIDD=2732151108,Fort Worth Marathon,"Fort Worth, TX USA","November 8, 2015","Steven Holehan (M50)
4:45:45 196 122 / 19 M50-54
5:47:20
5:11:06
 "
197,MIDD=2732151108,Fort Worth Marathon,"Fort Worth, TX USA","November 8, 2015","Parvaneh Moayedi (F51)
4:45:45 197 75 / 5 F50-54
5:47:20
4:50:22
 "
198,MIDD=2732151108,Fort Worth Marathon,"Fort Worth, TX USA","November 8, 2015","Hannah Quintas (F20)
4:46:10 198 76 / 8 F20-24
4:45:56
4:45:43
 "
199,MIDD=2732151108,Fort Worth Marathon,"Fort Worth, TX USA","November 8, 2015","Barbara Johnson (F44)
4:48:16 199 77 / 8 F40-44
5:49:51
5:19:10
 "
200,MIDD=2732151108,Fort Worth Marathon,"Fort Worth, TX USA","November 8, 2015","Merari Baeza (F40)
4:48:31 200 78 / 9 F40-44
5:50:06
5:33:30
 "
201,MIDD=2732151108,Fort Worth Marathon,"Fort Worth, TX USA","November 8, 2015","John O'Kain (M25)
4:48:38 201 123 / 10 M25-29
4:47:34
4:47:34
 "
202,MIDD=2732151108,Fort Worth Marathon,"Fort Worth, TX USA","November 8, 2015","Andrea Sutton (F29)
4:48:46 202 79 / 15 F25-29
4:48:20
4:48:20
 "
203,MIDD=2732151108,Fort Worth Marathon,"Fort Worth, TX USA","November 8, 2015","Debbie Koennecke (F59)
4:52:26 203 80 / 3 F55-59
4:52:16
3:38:50
 "
204,MIDD=2732151108,Fort Worth Marathon,"Fort Worth, TX USA","November 8, 2015","Laura Mitchell (F36)
4:53:32 204 81 / 22 F35-39
5:55:07
5:48:17
 "
205,MIDD=2732151108,Fort Worth Marathon,"Fort Worth, TX USA","November 8, 2015","Yi Zhang (M23)
4:53:35 205 124 / 7 M20-24
4:53:18
4:53:18
 "
206,MIDD=2732151108,Fort Worth Marathon,"Fort Worth, TX USA","November 8, 2015","George Castillo (M62)
4:54:02 206 125 / 4 M60-64
4:53:41
3:54:47
 "
207,MIDD=2732151108,Fort Worth Marathon,"Fort Worth, TX USA","November 8, 2015","Mark Hill (M33)
4:54:40 207 126 / 9 M30-34
4:54:21
4:54:21
 "
208,MIDD=2732151108,Fort Worth Marathon,"Fort Worth, TX USA","November 8, 2015","Helen Tannehill (F27)
4:54:42 208 82 / 16 F25-29
4:54:18
4:54:18
 "
209,MIDD=2732151108,Fort Worth Marathon,"Fort Worth, TX USA","November 8, 2015","Rhonda Foulds (F51)
4:55:36 209 83 / 6 F50-54
4:55:36
4:07:07
 "
210,MIDD=2732151108,Fort Worth Marathon,"Fort Worth, TX USA","November 8, 2015","Peter Bennett (M40)
4:56:37 210 127 / 21 M40-44
4:56:37
4:49:28
 "
211,MIDD=2732151108,Fort Worth Marathon,"Fort Worth, TX USA","November 8, 2015","Sheila Bundscho Lewis (F44)
4:56:46 211 84 / 10 F40-44
5:58:21
5:26:55
 "
212,MIDD=2732151108,Fort Worth Marathon,"Fort Worth, TX USA","November 8, 2015","Amymichelle Lucio (F37)
4:57:15 212 85 / 23 F35-39
4:56:55
4:49:27
 "
213,MIDD=2732151108,Fort Worth Marathon,"Fort Worth, TX USA","November 8, 2015","Ashlee Kautz (F20)
4:58:20 213 86 / 9 F20-24
4:58:20
4:58:07
 "
214,MIDD=2732151108,Fort Worth Marathon,"Fort Worth, TX USA","November 8, 2015","Erin Carrell (F33)
4:58:35 214 87 / 10 F30-34
4:58:16
4:56:23
 "
215,MIDD=2732151108,Fort Worth Marathon,"Fort Worth, TX USA","November 8, 2015","David Johnson (M62)
4:59:05 215 128 / 5 M60-64
4:58:45
3:58:51
 "
216,MIDD=2732151108,Fort Worth Marathon,"Fort Worth, TX USA","November 8, 2015","Janice Parker (F38)
4:59:13 216 88 / 24 F35-39
4:58:48
4:49:17
 "
217,MIDD=2732151108,Fort Worth Marathon,"Fort Worth, TX USA","November 8, 2015","Sharon Croegaert (F51)
4:59:22 217 89 / 7 F50-54
4:59:22
4:10:16
 "
218,MIDD=2732151108,Fort Worth Marathon,"Fort Worth, TX USA","November 8, 2015","Lisa Williams (F40)
4:59:36 218 90 / 11 F40-44
4:59:03
4:44:52
 "
219,MIDD=2732151108,Fort Worth Marathon,"Fort Worth, TX USA","November 8, 2015","Richard Aronin (M47)
4:59:48 219 129 / 25 M45-49
6:01:23
5:32:24
 "
220,MIDD=2732151108,Fort Worth Marathon,"Fort Worth, TX USA","November 8, 2015","Yen Nguyen (F53)
5:01:05 220 91 / 8 F50-54
6:02:40
4:55:16
 "
221,MIDD=2732151108,Fort Worth Marathon,"Fort Worth, TX USA","November 8, 2015","Mark Boatman (M50)
5:01:59 221 130 / 20 M50-54
5:01:33
4:30:05
 "
222,MIDD=2732151108,Fort Worth Marathon,"Fort Worth, TX USA","November 8, 2015","Sergio Garrido (M45)
5:02:36 222 131 / 26 M45-49
6:04:11
5:40:48
 "
223,MIDD=2732151108,Fort Worth Marathon,"Fort Worth, TX USA","November 8, 2015","Tom Strother (M60)
5:03:13 223 132 / 6 M60-64
5:02:50
4:06:57
 "
224,MIDD=2732151108,Fort Worth Marathon,"Fort Worth, TX USA","November 8, 2015","Alexis Mayo (F36)
5:04:14 224 92 / 25 F35-39
5:03:48
4:57:58
 "
225,MIDD=2732151108,Fort Worth Marathon,"Fort Worth, TX USA","November 8, 2015","Shinobu Kotake (F50)
5:04:19 225 93 / 9 F50-54
5:03:52
4:17:20
 "
226,MIDD=2732151108,Fort Worth Marathon,"Fort Worth, TX USA","November 8, 2015","Deepika Solomon (F45)
5:04:29 226 94 / 11 F45-49
5:04:00
4:34:01
 "
227,MIDD=2732151108,Fort Worth Marathon,"Fort Worth, TX USA","November 8, 2015","Javier velez (M36)
5:04:51 227 133 / 15 M35-39
5:04:31
5:04:12
 "
228,MIDD=2732151108,Fort Worth Marathon,"Fort Worth, TX USA","November 8, 2015","David Whipple (M32)
5:05:05 228 134 / 10 M30-34
5:04:53
5:04:53
 "
229,MIDD=2732151108,Fort Worth Marathon,"Fort Worth, TX USA","November 8, 2015","Bart Naciancenov (M40)
5:06:01 229 135 / 22 M40-44
5:05:38
4:58:16
 "
230,MIDD=2732151108,Fort Worth Marathon,"Fort Worth, TX USA","November 8, 2015","Janice Joslin (F54)
5:06:50 230 95 / 10 F50-54
5:06:28
4:06:11
 "
231,MIDD=2732151108,Fort Worth Marathon,"Fort Worth, TX USA","November 8, 2015","Lisbeth Arias (F31)
5:07:50 231 96 / 11 F30-34
6:09:25
6:08:49
 "
232,MIDD=2732151108,Fort Worth Marathon,"Fort Worth, TX USA","November 8, 2015","Deyla Lazo (F26)
5:07:51 232 97 / 17 F25-29
6:09:26
6:09:26
 "
233,MIDD=2732151108,Fort Worth Marathon,"Fort Worth, TX USA","November 8, 2015","Laura Bellman (F56)
5:08:03 233 98 / 4 F55-59
5:07:34
4:00:21
 "
234,MIDD=2732151108,Fort Worth Marathon,"Fort Worth, TX USA","November 8, 2015","Shannon Hucker (F25)
5:08:03 234 99 / 18 F25-29
5:07:40
5:07:40
 "
235,MIDD=2732151108,Fort Worth Marathon,"Fort Worth, TX USA","November 8, 2015","Tracy Erickson (F35)
5:08:04 235 100 / 26 F35-39
5:07:44
5:03:23
 "
236,MIDD=2732151108,Fort Worth Marathon,"Fort Worth, TX USA","November 8, 2015","William Sommers (M61)
5:08:23 236 136 / 7 M60-64
6:09:58
4:58:44
 "
237,MIDD=2732151108,Fort Worth Marathon,"Fort Worth, TX USA","November 8, 2015","Angela Tortorice (F47)
5:08:24 237 101 / 12 F45-49
6:09:59
5:25:26
 "
238,MIDD=2732151108,Fort Worth Marathon,"Fort Worth, TX USA","November 8, 2015","Wayne Frost (M61)
5:08:24 238 137 / 8 M60-64
6:09:59
4:58:45
 "
239,MIDD=2732151108,Fort Worth Marathon,"Fort Worth, TX USA","November 8, 2015","Jaime Marquardt (F37)
5:09:02 239 102 / 27 F35-39
5:08:45
5:01:00
 "
240,MIDD=2732151108,Fort Worth Marathon,"Fort Worth, TX USA","November 8, 2015","Karla Martin (F53)
5:09:04 240 103 / 11 F50-54
5:08:46
4:11:23
 "
241,MIDD=2732151108,Fort Worth Marathon,"Fort Worth, TX USA","November 8, 2015","Nick Sanchez (M34)
5:11:56 241 138 / 11 M30-34
5:11:46
5:11:46
 "
242,MIDD=2732151108,Fort Worth Marathon,"Fort Worth, TX USA","November 8, 2015","martin pham (M24)
5:13:59 242 139 / 8 M20-24
5:13:43
5:13:43
 "
243,MIDD=2732151108,Fort Worth Marathon,"Fort Worth, TX USA","November 8, 2015","Elise Canevascini (F22)
5:13:59 243 104 / 10 F20-24
5:13:42
5:13:42
 "
244,MIDD=2732151108,Fort Worth Marathon,"Fort Worth, TX USA","November 8, 2015","Anell Kern (F65)
5:14:11 244 105 / 1 F65-69
5:13:59
3:33:19
 "
245,MIDD=2732151108,Fort Worth Marathon,"Fort Worth, TX USA","November 8, 2015","Erika Barron (F40)
5:14:42 245 106 / 12 F40-44
6:16:17
5:58:26
 "
246,MIDD=2732151108,Fort Worth Marathon,"Fort Worth, TX USA","November 8, 2015","Clydine Preston (M34)
5:14:43 246 140 / 12 M30-34
5:14:43
5:14:43
 "
247,MIDD=2732151108,Fort Worth Marathon,"Fort Worth, TX USA","November 8, 2015","Stacy Bartlett (F57)
5:15:40 247 107 / 5 F55-59
5:15:19
4:02:58
 "
248,MIDD=2732151108,Fort Worth Marathon,"Fort Worth, TX USA","November 8, 2015","Kenneth Utzinger (M66)
5:15:44 248 141 / 3 M65-69
5:15:04
4:01:46
 "
249,MIDD=2732151108,Fort Worth Marathon,"Fort Worth, TX USA","November 8, 2015","Kim Miller (F43)
5:16:40 249 108 / 13 F40-44
6:18:15
5:49:12
 "
250,MIDD=2732151108,Fort Worth Marathon,"Fort Worth, TX USA","November 8, 2015","Jordan Amy (M26)
5:16:45 250 142 / 11 M25-29
5:16:26
5:16:26
 "
251,MIDD=2732151108,Fort Worth Marathon,"Fort Worth, TX USA","November 8, 2015","Michael Nguyen (M34)
5:17:11 251 143 / 13 M30-34
5:16:53
5:16:53
 "
252,MIDD=2732151108,Fort Worth Marathon,"Fort Worth, TX USA","November 8, 2015","Van wofford (F51)
5:17:40 252 109 / 12 F50-54
5:17:31
4:25:26
 "
253,MIDD=2732151108,Fort Worth Marathon,"Fort Worth, TX USA","November 8, 2015","Krisann Kent (F51)
5:19:16 253 110 / 13 F50-54
5:18:57
4:26:38
 "
254,MIDD=2732151108,Fort Worth Marathon,"Fort Worth, TX USA","November 8, 2015","John Sutton (M53)
5:19:40 254 144 / 21 M50-54
5:19:30
4:38:30
 "
255,MIDD=2732151108,Fort Worth Marathon,"Fort Worth, TX USA","November 8, 2015","Nicholas Lopez (M30)
5:20:01 255 145 / 14 M30-34
5:20:01
5:20:01
 "
256,MIDD=2732151108,Fort Worth Marathon,"Fort Worth, TX USA","November 8, 2015","Susan Christensen (F56)
5:20:06 256 111 / 6 F55-59
5:19:43
4:09:51
 "
257,MIDD=2732151108,Fort Worth Marathon,"Fort Worth, TX USA","November 8, 2015","Kristen Sutton (F41)
5:21:03 257 112 / 14 F40-44
6:22:38
6:01:00
 "
258,MIDD=2732151108,Fort Worth Marathon,"Fort Worth, TX USA","November 8, 2015","Jennifer Innis (F36)
5:22:27 258 113 / 28 F35-39
6:24:02
6:16:39
 "
259,MIDD=2732151108,Fort Worth Marathon,"Fort Worth, TX USA","November 8, 2015","Mary English (F40)
5:24:28 259 114 / 15 F40-44
5:23:57
5:08:35
 "
260,MIDD=2732151108,Fort Worth Marathon,"Fort Worth, TX USA","November 8, 2015","Todd Martinez (M45)
5:26:10 260 146 / 27 M45-49
5:26:05
5:05:08
 "
261,MIDD=2732151108,Fort Worth Marathon,"Fort Worth, TX USA","November 8, 2015","R. Don Ruggles (M71)
5:26:22 261 147 / 1 M70-74
5:26:16
3:57:15
 "
262,MIDD=2732151108,Fort Worth Marathon,"Fort Worth, TX USA","November 8, 2015","India Gamboa (F50)
5:26:48 262 115 / 14 F50-54
5:26:31
4:36:31
 "
263,MIDD=2732151108,Fort Worth Marathon,"Fort Worth, TX USA","November 8, 2015","chelsea baird (F40)
5:28:23 263 116 / 16 F40-44
5:28:03
5:12:30
 "
264,MIDD=2732151108,Fort Worth Marathon,"Fort Worth, TX USA","November 8, 2015","Mansour Koosha (M78)
5:29:58 264 148 / 1 M75-79
5:29:53
3:34:55
 "
265,MIDD=2732151108,Fort Worth Marathon,"Fort Worth, TX USA","November 8, 2015","Carrie Goff (F38)
5:30:36 265 117 / 29 F35-39
5:30:08
5:19:38
 "
266,MIDD=2732151108,Fort Worth Marathon,"Fort Worth, TX USA","November 8, 2015","John Brungardt (M15)
5:31:26 266 149 / 4 M0-19
6:33:01
5:59:38
 "
267,MIDD=2732151108,Fort Worth Marathon,"Fort Worth, TX USA","November 8, 2015","Steve jones (M45)
5:35:37 267 150 / 28 M45-49
5:35:25
5:13:52
 "
268,MIDD=2732151108,Fort Worth Marathon,"Fort Worth, TX USA","November 8, 2015","James Mills (M28)
5:36:39 268 151 / 12 M25-29
5:36:14
5:36:14
 "
269,MIDD=2732151108,Fort Worth Marathon,"Fort Worth, TX USA","November 8, 2015","Ginger Trimble Knox (F59)
5:38:29 269 118 / 7 F55-59
6:40:04
4:59:34
 "
270,MIDD=2732151108,Fort Worth Marathon,"Fort Worth, TX USA","November 8, 2015","Chip Bryant (M35)
5:38:43 270 152 / 16 M35-39
5:38:28
5:38:28
 "
271,MIDD=2732151108,Fort Worth Marathon,"Fort Worth, TX USA","November 8, 2015","Victor Matus (M37)
5:39:01 271 153 / 17 M35-39
5:38:32
5:37:10
 "
272,MIDD=2732151108,Fort Worth Marathon,"Fort Worth, TX USA","November 8, 2015","Jason Giles (M42)
5:39:19 272 154 / 23 M40-44
5:38:58
5:25:22
 "
273,MIDD=2732151108,Fort Worth Marathon,"Fort Worth, TX USA","November 8, 2015","Jen Brungardt (F43)
5:39:19 273 119 / 17 F40-44
6:40:54
6:10:06
 "
274,MIDD=2732151108,Fort Worth Marathon,"Fort Worth, TX USA","November 8, 2015","Felicia Naverrette (F25)
5:39:25 274 120 / 19 F25-29
5:39:10
5:39:10
 "
275,MIDD=2732151108,Fort Worth Marathon,"Fort Worth, TX USA","November 8, 2015","NATASHA ROBINSON (F36)
5:44:33 275 121 / 30 F35-39
5:44:33
5:37:56
 "
276,MIDD=2732151108,Fort Worth Marathon,"Fort Worth, TX USA","November 8, 2015","Grace parker (F40)
5:44:34 276 122 / 18 F40-44
5:44:12
5:27:53
 "
277,MIDD=2732151108,Fort Worth Marathon,"Fort Worth, TX USA","November 8, 2015","Trang Le Krause (F43)
5:46:40 277 123 / 19 F40-44
6:48:15
6:16:53
 "
278,MIDD=2732151108,Fort Worth Marathon,"Fort Worth, TX USA","November 8, 2015","Barbara Anderson (F60)
5:47:15 278 124 / 1 F60-64
5:47:15
4:16:09
 "
279,MIDD=2732151108,Fort Worth Marathon,"Fort Worth, TX USA","November 8, 2015","Taneka Brown (F46)
5:50:01 279 125 / 13 F45-49
5:49:34
5:11:17
 "
280,MIDD=2732151108,Fort Worth Marathon,"Fort Worth, TX USA","November 8, 2015","Dianna Williams (F33)
5:51:13 280 126 / 12 F30-34
5:50:57
5:48:44
 "
281,MIDD=2732151108,Fort Worth Marathon,"Fort Worth, TX USA","November 8, 2015","Steve Boone (M66)
5:54:41 281 155 / 4 M65-69
6:56:16
5:19:26
 "
282,MIDD=2732151108,Fort Worth Marathon,"Fort Worth, TX USA","November 8, 2015","Victor Bartolotta (M64)
5:56:37 282 156 / 9 M60-64
5:56:08
4:39:01
 "
283,MIDD=2732151108,Fort Worth Marathon,"Fort Worth, TX USA","November 8, 2015","Micaela Carter (F70)
6:00:03 283 127 / 1 F70-74
7:01:38
4:19:30
 "
284,MIDD=2732151108,Fort Worth Marathon,"Fort Worth, TX USA","November 8, 2015","Thomas Kleuser (M65)
6:02:51 284 157 / 5 M65-69
7:04:26
5:29:06
 "
285,MIDD=2732151108,Fort Worth Marathon,"Fort Worth, TX USA","November 8, 2015","Rhandy Regulacion (M37)
6:02:53 285 158 / 18 M35-39
6:02:13
6:00:46
 "
286,MIDD=2732151108,Fort Worth Marathon,"Fort Worth, TX USA","November 8, 2015","Xinji Li (M66)
6:05:28 286 159 / 6 M65-69
6:05:28
4:40:27
 "
287,MIDD=2732151108,Fort Worth Marathon,"Fort Worth, TX USA","November 8, 2015","Nina Bircher (F60)
6:15:09 287 128 / 2 F60-64
6:11:02
4:33:42
 "
288,MIDD=2732151108,Fort Worth Marathon,"Fort Worth, TX USA","November 8, 2015","Jeremy Jason Cavazos (M36)
6:26:01 288 160 / 19 M35-39
6:26:01
6:25:37
 "
289,MIDD=2732151108,Fort Worth Marathon,"Fort Worth, TX USA","November 8, 2015","George Kleuser (M32)
6:26:02 289 161 / 15 M30-34
7:27:37
7:27:37
 "
