,race_id,race,location,date,runners
0,MIDD=4622151101,Day of the Dead Marathon Series Day 2,"Las Cruces, NM USA","November 1, 2015","

Have you run this race?Then tell us about it.

Last Name, First Name(Sex/Age)
Time OverAllPlace
Sex Place

City, State, Country AG Time*"
1,MIDD=4622151101,Day of the Dead Marathon Series Day 2,"Las Cruces, NM USA","November 1, 2015","Kenneth Stebler (M58)
3:49:03 1 1 Las Cruces, NM, USA
3:10:28"
2,MIDD=4622151101,Day of the Dead Marathon Series Day 2,"Las Cruces, NM USA","November 1, 2015","Jabus Hamm (M42)
3:59:37 2 2 Las Cruces, NM, USA
3:50:00"
3,MIDD=4622151101,Day of the Dead Marathon Series Day 2,"Las Cruces, NM USA","November 1, 2015","Sopheak Jenny Seeto (F43)
4:06:25 3 1 Houston, TX, USA
3:47:29"
4,MIDD=4622151101,Day of the Dead Marathon Series Day 2,"Las Cruces, NM USA","November 1, 2015","Beverly Ameen (F52)
4:10:16 4 2 North Adams, MA, USA
3:26:29"
5,MIDD=4622151101,Day of the Dead Marathon Series Day 2,"Las Cruces, NM USA","November 1, 2015","Nicholas Amigoni (M58)
4:24:09 5 3 Chicago, IL, USA
3:39:40"
6,MIDD=4622151101,Day of the Dead Marathon Series Day 2,"Las Cruces, NM USA","November 1, 2015","Gregory James (M58)
4:29:14 6 4 Ridgeville, SC, USA
3:43:53"
7,MIDD=4622151101,Day of the Dead Marathon Series Day 2,"Las Cruces, NM USA","November 1, 2015","Jose Dominguez (F49)
5:00:06 7 3 Battlefield, MO, USA
4:17:25"
8,MIDD=4622151101,Day of the Dead Marathon Series Day 2,"Las Cruces, NM USA","November 1, 2015","Joe Anzivino (M59)
5:08:05 8 5 Las Cruces, NM, USA
4:13:44"
9,MIDD=4622151101,Day of the Dead Marathon Series Day 2,"Las Cruces, NM USA","November 1, 2015","Virginia Sosa (F20)
5:10:01 9 4 Las Cruces, NM, USA
5:09:47"
10,MIDD=4622151101,Day of the Dead Marathon Series Day 2,"Las Cruces, NM USA","November 1, 2015","Cheri Pompeo (F62)
5:17:27 10 5 Woodinville, WA, USA
3:47:00"
11,MIDD=4622151101,Day of the Dead Marathon Series Day 2,"Las Cruces, NM USA","November 1, 2015","Wayne Vanderpool (M51)
5:19:20 11 6 Adams Center, NY, USA
4:43:28"
12,MIDD=4622151101,Day of the Dead Marathon Series Day 2,"Las Cruces, NM USA","November 1, 2015","Shawn Johnson (M38)
5:23:37 12 7 Columbus, OH, USA
5:20:42"
13,MIDD=4622151101,Day of the Dead Marathon Series Day 2,"Las Cruces, NM USA","November 1, 2015","Alex Fox (M27)
5:23:37 13 8 Columbus, OH, USA
5:23:37"
14,MIDD=4622151101,Day of the Dead Marathon Series Day 2,"Las Cruces, NM USA","November 1, 2015","Kathleen McElhannon (F41)
5:24:28 14 6 Ridgeville, SC, USA
5:06:08"
15,MIDD=4622151101,Day of the Dead Marathon Series Day 2,"Las Cruces, NM USA","November 1, 2015","Nancy Pratt (F57)
5:27:28 15 7 Defiance, MO, USA
4:12:20"
16,MIDD=4622151101,Day of the Dead Marathon Series Day 2,"Las Cruces, NM USA","November 1, 2015","Patty Cyr (F52)
5:27:28 16 8 Maplewood, MO, USA
4:30:11"
17,MIDD=4622151101,Day of the Dead Marathon Series Day 2,"Las Cruces, NM USA","November 1, 2015","Gilberto Sosa (M51)
5:36:56 17 9 Granger, IA, USA
4:59:05"
18,MIDD=4622151101,Day of the Dead Marathon Series Day 2,"Las Cruces, NM USA","November 1, 2015","Mike Herrin (M66)
5:45:35 18 10 Tremont, IL, USA
4:25:12"
19,MIDD=4622151101,Day of the Dead Marathon Series Day 2,"Las Cruces, NM USA","November 1, 2015","David Holmen (M53)
5:47:30 19 11 Eagan, MN, USA
5:02:54"
20,MIDD=4622151101,Day of the Dead Marathon Series Day 2,"Las Cruces, NM USA","November 1, 2015","J. R. Nolen (M60)
5:48:23 20 12 Springfield, VA, USA
4:44:06"
21,MIDD=4622151101,Day of the Dead Marathon Series Day 2,"Las Cruces, NM USA","November 1, 2015","Liz Gmerek (F54)
5:48:41 21 9 Merritt Island, FL, USA
4:40:05"
22,MIDD=4622151101,Day of the Dead Marathon Series Day 2,"Las Cruces, NM USA","November 1, 2015","David Johnson (M61)
6:07:15 22 13 Odessa, TX, USA
4:56:33"
23,MIDD=4622151101,Day of the Dead Marathon Series Day 2,"Las Cruces, NM USA","November 1, 2015","Clyde Shank (M68)
6:07:15 23 14 Plano, TX, USA
4:35:57"
24,MIDD=4622151101,Day of the Dead Marathon Series Day 2,"Las Cruces, NM USA","November 1, 2015","Kathleen Gorman (F67)
6:20:46 24 10 Sun City, AZ, USA
4:09:12"
25,MIDD=4622151101,Day of the Dead Marathon Series Day 2,"Las Cruces, NM USA","November 1, 2015","Laura Gorycki (F50)
6:20:55 25 11 Pfafftown, NC, USA
5:22:35"
26,MIDD=4622151101,Day of the Dead Marathon Series Day 2,"Las Cruces, NM USA","November 1, 2015","Michele Siegrist (F54)
6:29:01 26 12 Morristown, NJ, USA
5:12:29"
27,MIDD=4622151101,Day of the Dead Marathon Series Day 2,"Las Cruces, NM USA","November 1, 2015","Laura Raeder (F41)
6:31:14 27 13 Sioux Falls, SD, USA
6:09:07"
28,MIDD=4622151101,Day of the Dead Marathon Series Day 2,"Las Cruces, NM USA","November 1, 2015","Parvaneh Moayedi (F51)
7:02:08 28 14 San Antonio, TX, USA
5:52:54"
29,MIDD=4622151101,Day of the Dead Marathon Series Day 2,"Las Cruces, NM USA","November 1, 2015","Jeff Burleson (M66)
7:06:38 29 15 Wrenshall, MN, USA
5:27:23"
30,MIDD=4622151101,Day of the Dead Marathon Series Day 2,"Las Cruces, NM USA","November 1, 2015","Lawrence Macon (M70)
7:07:02 30 16 San Antonio, TX, USA
5:13:59"
31,MIDD=4622151101,Day of the Dead Marathon Series Day 2,"Las Cruces, NM USA","November 1, 2015","Rima Woo (F39)
7:07:02 31 15 Phoenix, AZ, USA
6:50:17"
32,MIDD=4622151101,Day of the Dead Marathon Series Day 2,"Las Cruces, NM USA","November 1, 2015","Pam Penfield (F68)
7:14:30 32 16 Highlands Ranch, CO, USA
4:38:49"
33,MIDD=4622151101,Day of the Dead Marathon Series Day 2,"Las Cruces, NM USA","November 1, 2015","Chuck Hachmeister (M62)
7:52:17 33 17 Colorado Springs, CO, USA
6:17:35"
34,MIDD=4622151101,Day of the Dead Marathon Series Day 2,"Las Cruces, NM USA","November 1, 2015","Bettie Wailes (F70)
8:09:25 34 17 Winter Park, FL, USA
5:01:14"
35,MIDD=4622151101,Day of the Dead Marathon Series Day 2,"Las Cruces, NM USA","November 1, 2015","Clint Burleson (M61)
8:12:20 35 18 Organ, NM, USA
6:37:33"
36,MIDD=4622151101,Day of the Dead Marathon Series Day 2,"Las Cruces, NM USA","November 1, 2015","Jim Simpson (M73)
8:41:40 36 19 Huntington Beach, CA, USA
6:09:54"
