,race_id,race,location,date,runners
0,MIDD=2486151024,Marathon 2 Marathon,"Marathon, TX USA","October 24, 2015","

Have you run this race?Then tell us about it.

Last Name, First Name(Sex/Age)
Time OverAllPlace
Sex Place/Div Place
DIV Net Time 
City, Country BQ*"
1,MIDD=2486151024,Marathon 2 Marathon,"Marathon, TX USA","October 24, 2015","Jonathan Nichols (M)
2:50:57 1 1 / 1 Mopen
2:50:54
Arlington, TX
BQ"
2,MIDD=2486151024,Marathon 2 Marathon,"Marathon, TX USA","October 24, 2015","Liang Wu (M)
2:56:39 2 2 / 2 Mopen
2:56:35
Austin, TX
BQ"
3,MIDD=2486151024,Marathon 2 Marathon,"Marathon, TX USA","October 24, 2015","Troy Hibbitts (M)
2:58:07 3 3 / 3 Mopen
2:58:05
Brackettville, TX
BQ"
4,MIDD=2486151024,Marathon 2 Marathon,"Marathon, TX USA","October 24, 2015","Lee Simmons (M)
3:07:08 4 4 / 1 M40-49
3:07:05
Austin, TX
BQ"
5,MIDD=2486151024,Marathon 2 Marathon,"Marathon, TX USA","October 24, 2015","Tanner Parsons (M)
3:07:46 5 5 / 1 M20-29
3:07:24
Wichita Falls, TX
 "
6,MIDD=2486151024,Marathon 2 Marathon,"Marathon, TX USA","October 24, 2015","Terence Palmer (M)
3:11:15 6 6 / 1 M30-39
3:11:08
Corpus Christi, TX
 "
7,MIDD=2486151024,Marathon 2 Marathon,"Marathon, TX USA","October 24, 2015","Matthew Curtis (M)
3:13:27 7 7 / 2 M30-39
3:13:25
Waxahachie, TX
 "
8,MIDD=2486151024,Marathon 2 Marathon,"Marathon, TX USA","October 24, 2015","Michael Clark (M)
3:15:29 8 8 / 2 M40-49
3:15:21
Austin, TX
 "
9,MIDD=2486151024,Marathon 2 Marathon,"Marathon, TX USA","October 24, 2015","Kailey Gursoy (F)
3:18:29 9 1 / 1 Fopen
3:16:09
Austin, TX
BQ"
10,MIDD=2486151024,Marathon 2 Marathon,"Marathon, TX USA","October 24, 2015","Mike Muncrief (M)
3:19:30 10 9 / 3 M40-49
3:19:27
Forney, TX
 "
11,MIDD=2486151024,Marathon 2 Marathon,"Marathon, TX USA","October 24, 2015","Paul Box (M)
3:21:16 11 10 / 3 M30-39
3:21:15
Waxahachie, TX
 "
12,MIDD=2486151024,Marathon 2 Marathon,"Marathon, TX USA","October 24, 2015","Joe Garbutt (M)
3:29:04 12 11 / 4 M40-49
3:25:08
Murrieta, CA
 "
13,MIDD=2486151024,Marathon 2 Marathon,"Marathon, TX USA","October 24, 2015","Rob Mcrae (M)
3:27:57 13 12 / 4 M30-39
3:27:26
San Antonio, TX
 "
14,MIDD=2486151024,Marathon 2 Marathon,"Marathon, TX USA","October 24, 2015","George Ochoa (M)
3:28:27 14 13 / 1 M50-59
3:28:16
Dallas, TX
BQ"
15,MIDD=2486151024,Marathon 2 Marathon,"Marathon, TX USA","October 24, 2015","Peter Stanley (M)
3:29:35 15 14 / 5 M40-49
3:29:29
Marfa, TX
 "
16,MIDD=2486151024,Marathon 2 Marathon,"Marathon, TX USA","October 24, 2015","Gary Anderson (M)
3:30:25 16 15 / 2 M50-59
3:30:23
Fort Worth, TX
 "
17,MIDD=2486151024,Marathon 2 Marathon,"Marathon, TX USA","October 24, 2015","William Russell (M)
3:33:48 17 16 / 5 M30-39
3:33:42
San Antonio, TX
 "
18,MIDD=2486151024,Marathon 2 Marathon,"Marathon, TX USA","October 24, 2015","Alan Gibson (M)
3:38:43 18 17 / 2 M20-29
3:38:06
Midland, TX
 "
19,MIDD=2486151024,Marathon 2 Marathon,"Marathon, TX USA","October 24, 2015","Matt Lindsey (M)
3:43:03 19 18 / 6 M30-39
3:38:27
San Angelo, TX
 "
20,MIDD=2486151024,Marathon 2 Marathon,"Marathon, TX USA","October 24, 2015","James Booher (M)
3:38:57 20 19 / 6 M40-49
3:38:53
Austin, TX
 "
21,MIDD=2486151024,Marathon 2 Marathon,"Marathon, TX USA","October 24, 2015","Patrick Smith (M)
3:39:24 21 20 / 3 M50-59
3:39:08
El Paso, TX
 "
22,MIDD=2486151024,Marathon 2 Marathon,"Marathon, TX USA","October 24, 2015","Stephen Jayson (M)
3:41:21 22 21 / 1 M60-69
3:40:38
Cherokee, TX
BQ"
23,MIDD=2486151024,Marathon 2 Marathon,"Marathon, TX USA","October 24, 2015","Allan Torra (M)
3:41:35 23 22 / 3 M20-29
3:40:57
Austin, TX
 "
24,MIDD=2486151024,Marathon 2 Marathon,"Marathon, TX USA","October 24, 2015","Kevin Wass (M)
3:42:30 24 23 / 7 M40-49
3:42:14
Lubbock, TX
 "
25,MIDD=2486151024,Marathon 2 Marathon,"Marathon, TX USA","October 24, 2015","James Barker (M)
3:42:27 25 24 / 4 M50-59
3:42:15
El Segundo, CA
 "
26,MIDD=2486151024,Marathon 2 Marathon,"Marathon, TX USA","October 24, 2015","Blake Ferguson (M)
3:43:12 26 25 / 7 M30-39
3:42:48
Lubbock, TX
 "
27,MIDD=2486151024,Marathon 2 Marathon,"Marathon, TX USA","October 24, 2015","Thomas Enzweiler (M)
3:44:13 27 26 / 4 M20-29
3:44:04
Seattle, WA
 "
28,MIDD=2486151024,Marathon 2 Marathon,"Marathon, TX USA","October 24, 2015","Judy Taveira (F)
3:44:58 28 2 / 2 Fopen
3:44:38
Round Rock, TX
 "
29,MIDD=2486151024,Marathon 2 Marathon,"Marathon, TX USA","October 24, 2015","Josh Snider (M)
3:46:12 29 27 / 8 M30-39
3:45:55
Midland, TX
 "
30,MIDD=2486151024,Marathon 2 Marathon,"Marathon, TX USA","October 24, 2015","Kevin Mellinger (M)
3:46:12 30 28 / 9 M30-39
3:45:55
Midland, TX
 "
31,MIDD=2486151024,Marathon 2 Marathon,"Marathon, TX USA","October 24, 2015","Paige Gates (F)
3:46:35 31 3 / 3 Fopen
3:46:20
Midland, TX
 "
32,MIDD=2486151024,Marathon 2 Marathon,"Marathon, TX USA","October 24, 2015","Megan Buckner (F)
3:47:59 32 4 / 1 F20-29
3:47:49
Seattle, WA
 "
33,MIDD=2486151024,Marathon 2 Marathon,"Marathon, TX USA","October 24, 2015","Alton Kinsey (M)
3:49:04 33 29 / 8 M40-49
3:48:42
Tuscola, TX
 "
34,MIDD=2486151024,Marathon 2 Marathon,"Marathon, TX USA","October 24, 2015","Kiran Jayaram (M)
3:49:15 34 30 / 9 M40-49
3:49:10
San Antonio, TX
 "
35,MIDD=2486151024,Marathon 2 Marathon,"Marathon, TX USA","October 24, 2015","Matthias Henze (M)
3:52:03 35 31 / 5 M50-59
3:51:55
Houston, TX
 "
36,MIDD=2486151024,Marathon 2 Marathon,"Marathon, TX USA","October 24, 2015","Erin Macnabb (F)
3:52:36 36 5 / 1 F30-39
3:52:18
Justin, TX
 "
37,MIDD=2486151024,Marathon 2 Marathon,"Marathon, TX USA","October 24, 2015","Jeff Rogers (M)
3:52:53 37 32 / 6 M50-59
3:52:37
Canyon, TX
 "
38,MIDD=2486151024,Marathon 2 Marathon,"Marathon, TX USA","October 24, 2015","Jennifer Chavarria (F)
3:57:12 38 6 / 2 F20-29
3:56:53
Odessa, TX
 "
39,MIDD=2486151024,Marathon 2 Marathon,"Marathon, TX USA","October 24, 2015","Keith Click (M)
4:01:45 39 33 / 7 M50-59
3:57:07
Schertz, TX
 "
40,MIDD=2486151024,Marathon 2 Marathon,"Marathon, TX USA","October 24, 2015","Tim Beninato (M)
3:57:36 40 34 / 10 M40-49
3:57:12
San Antonio, TX
 "
41,MIDD=2486151024,Marathon 2 Marathon,"Marathon, TX USA","October 24, 2015","John Fisher (M)
3:57:48 41 35 / 2 M60-69
3:57:20
Naperville, IL
 "
42,MIDD=2486151024,Marathon 2 Marathon,"Marathon, TX USA","October 24, 2015","Elizabeth Pfleghardt (F)
3:58:42 42 7 / 3 F20-29
3:58:30
Sioux Falls, SD
 "
43,MIDD=2486151024,Marathon 2 Marathon,"Marathon, TX USA","October 24, 2015","Connie Collmorgen (F)
3:59:21 43 8 / 1 F50-59
3:59:14
Lufkin, TX
BQ"
44,MIDD=2486151024,Marathon 2 Marathon,"Marathon, TX USA","October 24, 2015","Jacqueline Carrasco (F)
3:59:24 44 9 / 1 F40-49
3:59:16
Kemah, TX
 "
45,MIDD=2486151024,Marathon 2 Marathon,"Marathon, TX USA","October 24, 2015","Kevin Yeager (M)
4:02:14 45 36 / 10 M30-39
4:01:55
Dallas, TX
 "
46,MIDD=2486151024,Marathon 2 Marathon,"Marathon, TX USA","October 24, 2015","Daniel Sudell (M)
4:04:43 46 37 / 11 M30-39
4:03:34
Corpus Christi, TX
 "
47,MIDD=2486151024,Marathon 2 Marathon,"Marathon, TX USA","October 24, 2015","Richard Bautch (M)
4:06:28 47 38 / 8 M50-59
4:06:19
Austin, TX
 "
48,MIDD=2486151024,Marathon 2 Marathon,"Marathon, TX USA","October 24, 2015","Chris Volek (M)
4:07:23 48 39 / 12 M30-39
4:06:42
Midland, TX
 "
49,MIDD=2486151024,Marathon 2 Marathon,"Marathon, TX USA","October 24, 2015","James Blankenship (M)
4:07:41 49 40 / 11 M40-49
4:06:45
Austin, TX
 "
50,MIDD=2486151024,Marathon 2 Marathon,"Marathon, TX USA","October 24, 2015","Melinda Fortin (F)
4:10:42 50 10 / 4 F20-29
4:10:38
El Paso, TX
 "
51,MIDD=2486151024,Marathon 2 Marathon,"Marathon, TX USA","October 24, 2015","Marchell Cross (F)
4:12:01 51 11 / 2 F40-49
4:11:25
Fort Worth, TX
 "
52,MIDD=2486151024,Marathon 2 Marathon,"Marathon, TX USA","October 24, 2015","Amanda Anderson (F)
4:12:37 52 12 / 2 F30-39
4:11:57
Austin, TX
 "
53,MIDD=2486151024,Marathon 2 Marathon,"Marathon, TX USA","October 24, 2015","James Phares (M)
4:13:08 53 41 / 9 M50-59
4:12:50
Austin, TX
 "
54,MIDD=2486151024,Marathon 2 Marathon,"Marathon, TX USA","October 24, 2015","Charles Scoville (M)
4:13:23 54 42 / 10 M50-59
4:13:04
Clear Lake Shores, TX
 "
55,MIDD=2486151024,Marathon 2 Marathon,"Marathon, TX USA","October 24, 2015","Teresa Aguirre (F)
4:15:40 55 13 / 3 F40-49
4:15:33
Austin, TX
 "
56,MIDD=2486151024,Marathon 2 Marathon,"Marathon, TX USA","October 24, 2015","Angela Deaver (F)
4:16:08 56 14 / 4 F40-49
4:15:52
Midland, TX
 "
57,MIDD=2486151024,Marathon 2 Marathon,"Marathon, TX USA","October 24, 2015","Randell Zerr (M)
4:20:43 57 43 / 12 M40-49
4:16:05
Friendswood, TX
 "
58,MIDD=2486151024,Marathon 2 Marathon,"Marathon, TX USA","October 24, 2015","Chris Hendricks (M)
4:20:06 58 44 / 13 M40-49
4:19:33
Edna, TX
 "
59,MIDD=2486151024,Marathon 2 Marathon,"Marathon, TX USA","October 24, 2015","Madhavi Reese (F)
4:20:22 59 15 / 3 F30-39
4:19:41
Austin, TX
 "
60,MIDD=2486151024,Marathon 2 Marathon,"Marathon, TX USA","October 24, 2015","Angie Garcia (F)
4:20:41 60 16 / 5 F40-49
4:20:15
Waxahachie, TX
 "
61,MIDD=2486151024,Marathon 2 Marathon,"Marathon, TX USA","October 24, 2015","Heather Elmburg (F)
4:21:34 61 17 / 6 F40-49
4:20:58
Austin, TX
 "
62,MIDD=2486151024,Marathon 2 Marathon,"Marathon, TX USA","October 24, 2015","Denise Sudell (F)
4:26:05 62 18 / 4 F30-39
4:22:30
Corpus Christi, TX
 "
63,MIDD=2486151024,Marathon 2 Marathon,"Marathon, TX USA","October 24, 2015","Larry Coker (M)
4:24:39 63 45 / 3 M60-69
4:24:18
Royse City, TX
 "
64,MIDD=2486151024,Marathon 2 Marathon,"Marathon, TX USA","October 24, 2015","Amanda Casarez (F)
4:27:29 64 19 / 5 F20-29
4:24:25
Austin, TX
 "
65,MIDD=2486151024,Marathon 2 Marathon,"Marathon, TX USA","October 24, 2015","Jamye Dennis (F)
4:25:25 65 20 / 7 F40-49
4:25:21
Fort Worth, TX
 "
66,MIDD=2486151024,Marathon 2 Marathon,"Marathon, TX USA","October 24, 2015","Jennifer Tenney (F)
4:26:48 66 21 / 2 F50-59
4:26:18
Austin, TX
 "
67,MIDD=2486151024,Marathon 2 Marathon,"Marathon, TX USA","October 24, 2015","Christopher Cahalan (M)
4:28:38 67 46 / 5 M20-29
4:28:00
Austin, TX
 "
68,MIDD=2486151024,Marathon 2 Marathon,"Marathon, TX USA","October 24, 2015","Scott Combs (M)
4:29:23 68 47 / 11 M50-59
4:29:00
San Antonio, TX
 "
69,MIDD=2486151024,Marathon 2 Marathon,"Marathon, TX USA","October 24, 2015","Nick Bratcher (M)
4:29:35 69 48 / 12 M50-59
4:29:12
Wichita Falls, TX
 "
70,MIDD=2486151024,Marathon 2 Marathon,"Marathon, TX USA","October 24, 2015","William Walker (M)
4:32:44 70 49 / 6 M20-29
4:32:34
Dickinson, TX
 "
71,MIDD=2486151024,Marathon 2 Marathon,"Marathon, TX USA","October 24, 2015","Nicole Bruce (F)
4:38:12 71 22 / 5 F30-39
4:33:35
Cedar Park, TX
 "
72,MIDD=2486151024,Marathon 2 Marathon,"Marathon, TX USA","October 24, 2015","John Bright (M)
4:34:00 72 50 / 4 M60-69
4:33:39
El Paso, TX
 "
73,MIDD=2486151024,Marathon 2 Marathon,"Marathon, TX USA","October 24, 2015","Todd Pylant (M)
4:36:21 73 51 / 14 M40-49
4:36:08
Benbrook, TX
 "
74,MIDD=2486151024,Marathon 2 Marathon,"Marathon, TX USA","October 24, 2015","Ben Brown (M)
4:36:44 74 52 / 13 M30-39
4:36:34
Houston, TX
 "
75,MIDD=2486151024,Marathon 2 Marathon,"Marathon, TX USA","October 24, 2015","Magnus Fyhr (M)
4:39:06 75 53 / 14 M30-39
4:38:54
Vsters, SE
 "
76,MIDD=2486151024,Marathon 2 Marathon,"Marathon, TX USA","October 24, 2015","David Johnson (M)
4:39:26 76 54 / 5 M60-69
4:38:58
Odessa, TX
 "
77,MIDD=2486151024,Marathon 2 Marathon,"Marathon, TX USA","October 24, 2015","Monica Reger (F)
4:39:44 77 23 / 8 F40-49
4:39:11
Hondo, TX
 "
78,MIDD=2486151024,Marathon 2 Marathon,"Marathon, TX USA","October 24, 2015","Jordan Ruckman (M)
4:40:42 78 55 / 7 M20-29
4:40:27
Midland, TX
 "
79,MIDD=2486151024,Marathon 2 Marathon,"Marathon, TX USA","October 24, 2015","Henk Kool (M)
4:43:28 79 56 / 13 M50-59
4:43:03
Conroe, TX
 "
80,MIDD=2486151024,Marathon 2 Marathon,"Marathon, TX USA","October 24, 2015","John Stasney (M)
4:57:33 80 57 / 15 M30-39
4:53:29
Dallas, TX
 "
81,MIDD=2486151024,Marathon 2 Marathon,"Marathon, TX USA","October 24, 2015","David Baker (M)
4:55:14 81 58 / 15 M40-49
4:54:30
Romeoville, IL
 "
82,MIDD=2486151024,Marathon 2 Marathon,"Marathon, TX USA","October 24, 2015","Lizet Alaniz (F)
4:55:47 82 24 / 3 F50-59
4:55:18
Austin, TX
 "
83,MIDD=2486151024,Marathon 2 Marathon,"Marathon, TX USA","October 24, 2015","Diana Van Brandwijk (F)
4:56:05 83 25 / 4 F50-59
4:55:40
Conroe, TX
 "
84,MIDD=2486151024,Marathon 2 Marathon,"Marathon, TX USA","October 24, 2015","Scottie Mataska (F)
4:56:53 84 26 / 6 F20-29
4:56:21
Lubbock, TX
 "
85,MIDD=2486151024,Marathon 2 Marathon,"Marathon, TX USA","October 24, 2015","Julio Peguero (M)
4:56:52 85 59 / 16 M30-39
4:56:23
Santa Fe, TX
 "
86,MIDD=2486151024,Marathon 2 Marathon,"Marathon, TX USA","October 24, 2015","Lillie Shipley (F)
4:58:25 86 27 / 6 F30-39
4:57:52
Abernathy, TX
 "
87,MIDD=2486151024,Marathon 2 Marathon,"Marathon, TX USA","October 24, 2015","Cassandra Ortiz (F)
5:04:56 87 28 / 7 F30-39
5:04:00
San Diego, CA
 "
88,MIDD=2486151024,Marathon 2 Marathon,"Marathon, TX USA","October 24, 2015","Isabella Neuenhaus (F)
5:04:56 88 29 / 8 F30-39
5:04:00
San Diego, CA
 "
89,MIDD=2486151024,Marathon 2 Marathon,"Marathon, TX USA","October 24, 2015","Robert Gundel (M)
5:04:17 89 60 / 14 M50-59
5:04:08
Houston, TX
 "
90,MIDD=2486151024,Marathon 2 Marathon,"Marathon, TX USA","October 24, 2015","Marcel Peguero (M)
5:13:09 90 61 / 17 M30-39
5:12:40
Santa Fe, TX
 "
91,MIDD=2486151024,Marathon 2 Marathon,"Marathon, TX USA","October 24, 2015","Kodi Dixon (F)
5:13:58 91 30 / 9 F30-39
5:13:43
Midland, TX
 "
92,MIDD=2486151024,Marathon 2 Marathon,"Marathon, TX USA","October 24, 2015","Sarah Strackhouse (F)
5:16:38 92 31 / 7 F20-29
5:16:04
Midland, TX
 "
93,MIDD=2486151024,Marathon 2 Marathon,"Marathon, TX USA","October 24, 2015","Joe Huerta (M)
5:16:35 93 62 / 6 M60-69
5:16:12
Austin, TX
 "
94,MIDD=2486151024,Marathon 2 Marathon,"Marathon, TX USA","October 24, 2015","Cory Listner (M)
5:20:57 94 63 / 16 M40-49
5:20:43
Midland, TX
 "
95,MIDD=2486151024,Marathon 2 Marathon,"Marathon, TX USA","October 24, 2015","Nadine Alkiswany (F)
5:31:56 95 32 / 8 F20-29
5:31:11
Needville, TX
 "
96,MIDD=2486151024,Marathon 2 Marathon,"Marathon, TX USA","October 24, 2015","Suzanna Finnegan-guyton (F)
5:32:51 96 33 / 9 F40-49
5:32:15
Austin, TX
 "
97,MIDD=2486151024,Marathon 2 Marathon,"Marathon, TX USA","October 24, 2015","John Tuggle (M)
5:34:27 97 64 / 17 M40-49
5:34:06
Lago Vista, TX
 "
98,MIDD=2486151024,Marathon 2 Marathon,"Marathon, TX USA","October 24, 2015","Cathy Cummings (F)
5:34:27 98 34 / 10 F40-49
5:34:07
Leander, TX
 "
99,MIDD=2486151024,Marathon 2 Marathon,"Marathon, TX USA","October 24, 2015","Jacob Chafik (M)
5:45:46 99 65 / 8 M20-29
5:45:35
Sioux Falls, SD
 "
100,MIDD=2486151024,Marathon 2 Marathon,"Marathon, TX USA","October 24, 2015","Leo Lavender (M)
5:55:00 100 66 / 1 M70-79
5:53:58
Fort Davis, TX
 "
101,MIDD=2486151024,Marathon 2 Marathon,"Marathon, TX USA","October 24, 2015","Natalie Alvarez (F)
6:12:37 101 35 / 10 F30-39
6:12:18
San Antonio, TX
 "
