,race_id,race,location,date,runners
0,MIDD=3800151107,Lake Chabot Trail Marathon,"Castro Valley, CA USA","November 7, 2015","

Have you run this race?Then tell us about it.

Last Name, First Name(Sex/Age)
Time OverAllPlace
Sex Place/Div Place
DIV 
City, State, Country AG Time*"
1,MIDD=3800151107,Lake Chabot Trail Marathon,"Castro Valley, CA USA","November 7, 2015","Noel Velasco (M)
3:30:39 1 1 /    Sunnyvale, CA, USA
 "
2,MIDD=3800151107,Lake Chabot Trail Marathon,"Castro Valley, CA USA","November 7, 2015","Ben Bosch (M22)
3:39:05 2 2 / 1 M20-29 Mountain View, CA, USA
3:38:58"
3,MIDD=3800151107,Lake Chabot Trail Marathon,"Castro Valley, CA USA","November 7, 2015","Damian Pyrkosz (M44)
3:51:24 3 3 / 1 M40-49 Rzeszow, PL
3:38:25"
4,MIDD=3800151107,Lake Chabot Trail Marathon,"Castro Valley, CA USA","November 7, 2015","David Chang (M21)
4:05:36 4 4 / 2 M20-29 Fremont, CA, USA
4:04:29"
5,MIDD=3800151107,Lake Chabot Trail Marathon,"Castro Valley, CA USA","November 7, 2015","Scott Kreider (M49)
4:05:58 5 5 / 2 M40-49 Sunnyvale, CA, USA
3:42:18"
6,MIDD=3800151107,Lake Chabot Trail Marathon,"Castro Valley, CA USA","November 7, 2015","Sean Grant (M29)
4:10:16 6 6 / 3 M20-29 San Rafael, CA, USA
4:10:16"
7,MIDD=3800151107,Lake Chabot Trail Marathon,"Castro Valley, CA USA","November 7, 2015","Jen Odom (F36)
4:10:47 7 1 / 1 F30-39 Oakland, CA, USA
4:05:58"
8,MIDD=3800151107,Lake Chabot Trail Marathon,"Castro Valley, CA USA","November 7, 2015","Cory Nyamora (M38)
4:14:48 8 7 / 1 M30-39 El Sobrante, CA, USA
4:12:30"
9,MIDD=3800151107,Lake Chabot Trail Marathon,"Castro Valley, CA USA","November 7, 2015","Adriana DeVost (F29)
4:15:38 9 2 / 1 F20-29 Berkeley, CA, USA
4:15:38"
10,MIDD=3800151107,Lake Chabot Trail Marathon,"Castro Valley, CA USA","November 7, 2015","Danny Renno (M29)
4:17:01 10 8 / 4 M20-29 Fairfax, CA, USA
4:17:01"
11,MIDD=3800151107,Lake Chabot Trail Marathon,"Castro Valley, CA USA","November 7, 2015","David Bartholomew (M60)
4:17:09 11 9 / 1 M60-69 Walnut Creek, CA, USA
3:29:42"
12,MIDD=3800151107,Lake Chabot Trail Marathon,"Castro Valley, CA USA","November 7, 2015","Christine Chapon (F57)
4:17:29 12 3 / 1 F50-59 Piedmont, CA, USA
3:18:24"
13,MIDD=3800151107,Lake Chabot Trail Marathon,"Castro Valley, CA USA","November 7, 2015","Stephanie Safdi (F32)
4:23:41 13 4 / 2 F30-39 San Francisco, CA, USA
4:22:45"
14,MIDD=3800151107,Lake Chabot Trail Marathon,"Castro Valley, CA USA","November 7, 2015","Kent Fung (M52)
4:26:17 14 10 / 1 M50-59 Castro Valley, CA, USA
3:54:14"
15,MIDD=3800151107,Lake Chabot Trail Marathon,"Castro Valley, CA USA","November 7, 2015","Roni Kornitz (M59)
4:39:09 15 11 / 2 M50-59 Sunnyvale, CA, USA
3:49:54"
16,MIDD=3800151107,Lake Chabot Trail Marathon,"Castro Valley, CA USA","November 7, 2015","Miriam Kaufman (F32)
4:39:18 16 5 / 3 F30-39 Napa, CA, USA
4:38:19"
17,MIDD=3800151107,Lake Chabot Trail Marathon,"Castro Valley, CA USA","November 7, 2015","Heather Siewert (F43)
4:39:19 17 6 / 1 F40-49 Napa, CA, USA
4:17:51"
18,MIDD=3800151107,Lake Chabot Trail Marathon,"Castro Valley, CA USA","November 7, 2015","Alan McGauran (M58)
4:39:19 18 12 / 3 M50-59 Yountville, CA, USA
3:52:16"
19,MIDD=3800151107,Lake Chabot Trail Marathon,"Castro Valley, CA USA","November 7, 2015","Hannah Euser (F34)
4:39:20 19 7 / 4 F30-39 Napa, CA, USA
4:36:35"
20,MIDD=3800151107,Lake Chabot Trail Marathon,"Castro Valley, CA USA","November 7, 2015","Lindsey Holland (F27)
4:45:32 20 8 / 2 F20-29 Palo Alto, CA, USA
4:45:32"
21,MIDD=3800151107,Lake Chabot Trail Marathon,"Castro Valley, CA USA","November 7, 2015","Nathan Cracraft (M43)
4:52:10 21 13 / 3 M40-49 San Francisco, CA, USA
4:38:06"
22,MIDD=3800151107,Lake Chabot Trail Marathon,"Castro Valley, CA USA","November 7, 2015","Eric Peterson (M45)
4:54:16 22 14 / 4 M40-49 Hayward, CA, USA
4:35:22"
23,MIDD=3800151107,Lake Chabot Trail Marathon,"Castro Valley, CA USA","November 7, 2015","Stephanie Hartouni (F38)
4:56:47 23 9 / 5 F30-39 San Francisco, CA, USA
4:47:20"
24,MIDD=3800151107,Lake Chabot Trail Marathon,"Castro Valley, CA USA","November 7, 2015","Sarah Hodges (F29)
4:59:28 24 10 / 3 F20-29 San Francisco, CA, USA
4:59:28"
25,MIDD=3800151107,Lake Chabot Trail Marathon,"Castro Valley, CA USA","November 7, 2015","Kari Prichard (F32)
5:00:18 25 11 / 6 F30-39 San Francisco, CA, USA
4:59:14"
26,MIDD=3800151107,Lake Chabot Trail Marathon,"Castro Valley, CA USA","November 7, 2015","Bart Woodward (M28)
5:02:28 26 15 / 5 M20-29 Scottsdale, AZ, USA
5:02:28"
27,MIDD=3800151107,Lake Chabot Trail Marathon,"Castro Valley, CA USA","November 7, 2015","Kimberly Perricelli (F43)
5:03:18 27 12 / 2 F40-49 Napa, CA, USA
4:40:00"
28,MIDD=3800151107,Lake Chabot Trail Marathon,"Castro Valley, CA USA","November 7, 2015","Jonathan Mayes (M58)
5:04:52 28 16 / 4 M50-59 Alameda, CA, USA
4:13:31"
29,MIDD=3800151107,Lake Chabot Trail Marathon,"Castro Valley, CA USA","November 7, 2015","Gadise Tadesse (F24)
5:09:18 29 13 / 4 F20-29 Castro Valley, CA, USA
5:09:18"
30,MIDD=3800151107,Lake Chabot Trail Marathon,"Castro Valley, CA USA","November 7, 2015","Dan Montoya (M31)
5:09:33 30 17 / 2 M30-39 San Jose, CA, USA
5:09:33"
31,MIDD=3800151107,Lake Chabot Trail Marathon,"Castro Valley, CA USA","November 7, 2015","Pamela Cochran (F45)
5:11:48 31 14 / 3 F40-49 East Palo Alto, CA, USA
4:41:03"
32,MIDD=3800151107,Lake Chabot Trail Marathon,"Castro Valley, CA USA","November 7, 2015","Hillary Stroup (F25)
5:14:38 32 15 / 5 F20-29 Bend, OR, USA
5:14:38"
33,MIDD=3800151107,Lake Chabot Trail Marathon,"Castro Valley, CA USA","November 7, 2015","Catherine Sancimino (F34)
5:16:06 33 16 / 7 F30-39 San Jose, CA, USA
5:13:00"
34,MIDD=3800151107,Lake Chabot Trail Marathon,"Castro Valley, CA USA","November 7, 2015","Leonard Itkin (M62)
5:20:22 34 18 / 2 M60-69 San Jose, CA, USA
4:16:07"
35,MIDD=3800151107,Lake Chabot Trail Marathon,"Castro Valley, CA USA","November 7, 2015","Dago Calderon (M40)
5:24:01 35 19 / 5 M40-49 San Jose, CA, USA
5:16:12"
36,MIDD=3800151107,Lake Chabot Trail Marathon,"Castro Valley, CA USA","November 7, 2015","Ethan Turner (M37)
5:27:14 36 20 / 3 M30-39 Amador City, CA, USA
5:25:55"
37,MIDD=3800151107,Lake Chabot Trail Marathon,"Castro Valley, CA USA","November 7, 2015","Annette Neely (F45)
5:28:37 37 17 / 4 F40-49 San Francisco, CA, USA
4:56:12"
38,MIDD=3800151107,Lake Chabot Trail Marathon,"Castro Valley, CA USA","November 7, 2015","Priya Sharma (F23)
5:45:46 38 18 / 6 F20-29 San Ramon, CA, USA
5:45:46"
39,MIDD=3800151107,Lake Chabot Trail Marathon,"Castro Valley, CA USA","November 7, 2015","Adam Borruso (M33)
5:46:58 39 21 / 4 M30-39 Colfax, CA, USA
5:46:58"
40,MIDD=3800151107,Lake Chabot Trail Marathon,"Castro Valley, CA USA","November 7, 2015","Eric Uranga (M56)
5:49:34 40 22 / 5 M50-59 San Ramon, CA, USA
4:56:17"
41,MIDD=3800151107,Lake Chabot Trail Marathon,"Castro Valley, CA USA","November 7, 2015","Frances Sorrondegui (F38)
5:54:32 41 19 / 8 F30-39 San Ramon, CA, USA
5:43:15"
42,MIDD=3800151107,Lake Chabot Trail Marathon,"Castro Valley, CA USA","November 7, 2015","Lucky Arciaga (M28)
5:57:59 42 23 / 6 M20-29 Alameda, CA, USA
5:57:59"
43,MIDD=3800151107,Lake Chabot Trail Marathon,"Castro Valley, CA USA","November 7, 2015","Kaila Kero (F25)
5:58:17 43 20 / 7 F20-29 Pacifica, CA, USA
5:58:17"
44,MIDD=3800151107,Lake Chabot Trail Marathon,"Castro Valley, CA USA","November 7, 2015","Britney Kero (F27)
5:58:17 44 21 / 8 F20-29 Pacifica, CA, USA
5:58:17"
45,MIDD=3800151107,Lake Chabot Trail Marathon,"Castro Valley, CA USA","November 7, 2015","Misha Rubesch (F48)
6:32:31 45 22 / 5 F40-49 San Francisco, CA, USA
5:40:58"
46,MIDD=3800151107,Lake Chabot Trail Marathon,"Castro Valley, CA USA","November 7, 2015","Heather Ostdiek (F40)
6:36:20 46 23 / 6 F40-49 Fremont, CA, USA
6:17:32"
47,MIDD=3800151107,Lake Chabot Trail Marathon,"Castro Valley, CA USA","November 7, 2015","Jennifer Peterson (F26)
6:39:49 47 24 / 9 F20-29 Palo Alto, CA, USA
6:39:49"
48,MIDD=3800151107,Lake Chabot Trail Marathon,"Castro Valley, CA USA","November 7, 2015","Josephine Johnson (F32)
6:44:21 48 25 / 9 F30-39 San Leandro, CA, USA
6:42:56"
49,MIDD=3800151107,Lake Chabot Trail Marathon,"Castro Valley, CA USA","November 7, 2015","Marius Nicolae (M45)
6:55:28 49 24 / 6 M40-49 Dublin, CA, USA
6:28:47"
50,MIDD=3800151107,Lake Chabot Trail Marathon,"Castro Valley, CA USA","November 7, 2015","Crista Corbett (F42)
7:01:51 50 26 / 7 F40-49 Roseville, CA, USA
6:33:52"
