,race_id,race,location,date,runners
0,MIDD=3313151115,Bucks County Marathon,"Washington Crossing and New Hope, PA USA","November 15, 2015","

Have you run this race?Then tell us about it.

Last Name, First Name(Sex/Age)
Time OverAllPlace
Sex Place
Net Time 
City, State, Country AG Time* BQ*"
1,MIDD=3313151115,Bucks County Marathon,"Washington Crossing and New Hope, PA USA","November 15, 2015","Michael Daigeaun (M)
2:38:59 1 1
2:39:00
 
 
BQ"
2,MIDD=3313151115,Bucks County Marathon,"Washington Crossing and New Hope, PA USA","November 15, 2015","Paul Bojczuk (M40)
2:52:08 2 2
2:52:07
Souderton, PA, USA
2:47:59
BQ"
3,MIDD=3313151115,Bucks County Marathon,"Washington Crossing and New Hope, PA USA","November 15, 2015","James Toomey (M29)
2:52:15 3 3
2:52:13
New London, CT, USA
2:52:13
BQ"
4,MIDD=3313151115,Bucks County Marathon,"Washington Crossing and New Hope, PA USA","November 15, 2015","Samuel Roets (M21)
2:56:04 4 4
2:56:04
New London, CT, USA
2:55:16
BQ"
5,MIDD=3313151115,Bucks County Marathon,"Washington Crossing and New Hope, PA USA","November 15, 2015","Edward Jara (M33)
3:03:45 5 5
3:03:44
Floral Park, NY, USA
3:03:44
BQ"
6,MIDD=3313151115,Bucks County Marathon,"Washington Crossing and New Hope, PA USA","November 15, 2015","Donald Woodford (M48)
3:05:27 6 6
3:05:25
Jamaica Plain, MA, USA
2:49:04
BQ"
7,MIDD=3313151115,Bucks County Marathon,"Washington Crossing and New Hope, PA USA","November 15, 2015","Christopher Delucia (M40)
3:05:39 7 7
3:05:32
Parsippany, NJ, USA
3:01:04
BQ"
8,MIDD=3313151115,Bucks County Marathon,"Washington Crossing and New Hope, PA USA","November 15, 2015","Daniel Swyers (M41)
3:05:55 8 8
3:05:51
New York, NY, USA
2:59:53
BQ"
9,MIDD=3313151115,Bucks County Marathon,"Washington Crossing and New Hope, PA USA","November 15, 2015","Stephane Boccara (M42)
3:08:18 9 9
3:08:14
New York, NY, USA
3:00:42
BQ"
10,MIDD=3313151115,Bucks County Marathon,"Washington Crossing and New Hope, PA USA","November 15, 2015","Jodi Bass (F40)
3:08:24 10 1
3:08:18
Doylestown, PA, USA
2:59:23
BQ"
11,MIDD=3313151115,Bucks County Marathon,"Washington Crossing and New Hope, PA USA","November 15, 2015","Bill Addison (M42)
3:08:34 11 10
3:08:32
Collegeville, PA, USA
3:00:58
BQ"
12,MIDD=3313151115,Bucks County Marathon,"Washington Crossing and New Hope, PA USA","November 15, 2015","Marek Turzynski (M51)
3:11:44 12 11
3:11:43
Fai Lawn, NJ, USA
2:50:12
BQ"
13,MIDD=3313151115,Bucks County Marathon,"Washington Crossing and New Hope, PA USA","November 15, 2015","Steven King (M55)
3:12:56 13 12
3:12:53
Lansdale, PA, USA
2:45:01
BQ"
14,MIDD=3313151115,Bucks County Marathon,"Washington Crossing and New Hope, PA USA","November 15, 2015","Thomas Jones (M38)
3:13:43 14 13
3:13:40
New York, NY, USA
3:11:56
 "
15,MIDD=3313151115,Bucks County Marathon,"Washington Crossing and New Hope, PA USA","November 15, 2015","Jonathan Pinkerton (M41)
3:14:47 15 14
3:14:46
York, PA, USA
3:08:31
BQ"
16,MIDD=3313151115,Bucks County Marathon,"Washington Crossing and New Hope, PA USA","November 15, 2015","Scott Fitzsimmons (M45)
3:15:20 16 15
3:14:25
Marlton, NJ, USA
3:01:57
BQ"
17,MIDD=3313151115,Bucks County Marathon,"Washington Crossing and New Hope, PA USA","November 15, 2015","Walt Hawthorne (M42)
3:16:01 17 16
3:15:58
PA, USA
3:08:06
 "
18,MIDD=3313151115,Bucks County Marathon,"Washington Crossing and New Hope, PA USA","November 15, 2015","Ernest Lehman (M44)
3:16:42 18 17
3:16:41
Marietta, PA, USA
3:05:39
 "
19,MIDD=3313151115,Bucks County Marathon,"Washington Crossing and New Hope, PA USA","November 15, 2015","Manuel Pereira (M54)
3:17:53 19 18
3:17:49
Elizabeth, NJ, USA
2:50:51
BQ"
20,MIDD=3313151115,Bucks County Marathon,"Washington Crossing and New Hope, PA USA","November 15, 2015","Patrick Durante (M33)
3:20:48 20 19
3:20:45
Ambler, PA, USA
3:20:45
 "
21,MIDD=3313151115,Bucks County Marathon,"Washington Crossing and New Hope, PA USA","November 15, 2015","Louis Bevilacqua (M31)
3:22:24 21 20
3:22:19
King Of Prussia, PA, USA
3:22:19
 "
22,MIDD=3313151115,Bucks County Marathon,"Washington Crossing and New Hope, PA USA","November 15, 2015","Scottie Biddle (M24)
3:23:51 22 21
3:23:48
San Francisco, CA, USA
3:23:48
 "
23,MIDD=3313151115,Bucks County Marathon,"Washington Crossing and New Hope, PA USA","November 15, 2015","James Smart (M48)
3:24:06 23 22
3:23:13
Stamford, CT, USA
3:05:18
BQ"
24,MIDD=3313151115,Bucks County Marathon,"Washington Crossing and New Hope, PA USA","November 15, 2015","Ryan Thorpe (M28)
3:25:30 24 23
3:24:37
Lebanon, NJ, USA
3:24:37
 "
25,MIDD=3313151115,Bucks County Marathon,"Washington Crossing and New Hope, PA USA","November 15, 2015","Mark Nyhan (M51)
3:26:00 25 24
3:25:05
Morristown, NJ, USA
3:02:03
BQ"
26,MIDD=3313151115,Bucks County Marathon,"Washington Crossing and New Hope, PA USA","November 15, 2015","Josh Scarano (M29)
3:26:05 26 25
3:26:04
Hoboken, NJ, USA
3:26:04
 "
27,MIDD=3313151115,Bucks County Marathon,"Washington Crossing and New Hope, PA USA","November 15, 2015","Allison Lawruk (F35)
3:26:26 27 2
3:26:23
Camp Hill, PA, USA
3:23:29
BQ"
28,MIDD=3313151115,Bucks County Marathon,"Washington Crossing and New Hope, PA USA","November 15, 2015","Sarah Robertson (F31)
3:26:55 28 3
3:26:53
Philadelphia, PA, USA
3:26:33
BQ"
29,MIDD=3313151115,Bucks County Marathon,"Washington Crossing and New Hope, PA USA","November 15, 2015","Alicia Eno (F38)
3:27:00 29 4
3:26:58
Shrewsbury, MA, USA
3:20:23
BQ"
30,MIDD=3313151115,Bucks County Marathon,"Washington Crossing and New Hope, PA USA","November 15, 2015","Stephen Goldstein (M46)
3:27:15 30 26
3:27:10
Tenafly, NJ, USA
3:12:13
 "
31,MIDD=3313151115,Bucks County Marathon,"Washington Crossing and New Hope, PA USA","November 15, 2015","Jitendra Rawat (M53)
3:27:20 31 27
3:26:28
Jersey City, NJ, USA
2:59:59
BQ"
32,MIDD=3313151115,Bucks County Marathon,"Washington Crossing and New Hope, PA USA","November 15, 2015","Rich Timlen (M42)
3:27:22 32 28
3:27:22
Rutherford, NJ, USA
3:19:03
 "
33,MIDD=3313151115,Bucks County Marathon,"Washington Crossing and New Hope, PA USA","November 15, 2015","Michael Rice (M51)
3:27:23 33 29
3:26:28
New York, NY, USA
3:03:17
BQ"
34,MIDD=3313151115,Bucks County Marathon,"Washington Crossing and New Hope, PA USA","November 15, 2015","David Halloran (M43)
3:27:26 34 30
3:26:33
Long Island City, NY, USA
3:16:36
 "
35,MIDD=3313151115,Bucks County Marathon,"Washington Crossing and New Hope, PA USA","November 15, 2015","Thomas Lamanna (M49)
3:27:29 35 31
3:26:40
New Providence, NJ, USA
3:06:47
 "
36,MIDD=3313151115,Bucks County Marathon,"Washington Crossing and New Hope, PA USA","November 15, 2015","David Duran (M34)
3:27:36 36 32
3:26:46
Madison, NJ, USA
3:26:46
 "
37,MIDD=3313151115,Bucks County Marathon,"Washington Crossing and New Hope, PA USA","November 15, 2015","Brent Kessler (M38)
3:28:05 37 33
3:28:02
Brooklyn, NY, USA
3:26:09
 "
38,MIDD=3313151115,Bucks County Marathon,"Washington Crossing and New Hope, PA USA","November 15, 2015","Brian Borden (M52)
3:28:11 38 34
3:27:15
Altamont, NY, USA
3:02:19
BQ"
39,MIDD=3313151115,Bucks County Marathon,"Washington Crossing and New Hope, PA USA","November 15, 2015","Rich Warncke (M56)
3:28:43 39 35
3:27:52
Freehold, NJ, USA
2:56:11
BQ"
40,MIDD=3313151115,Bucks County Marathon,"Washington Crossing and New Hope, PA USA","November 15, 2015","Richard P Yanoski Jr (M42)
3:29:46 40 36
3:29:45
Harrisburg, PA, USA
3:21:20
 "
41,MIDD=3313151115,Bucks County Marathon,"Washington Crossing and New Hope, PA USA","November 15, 2015","Denise Peterson (F44)
3:31:01 41 5
3:30:55
New York, NY, USA
3:12:26
BQ"
42,MIDD=3313151115,Bucks County Marathon,"Washington Crossing and New Hope, PA USA","November 15, 2015","Frederick Dolan (M43)
3:32:00 42 37
3:31:50
Madison, SD, USA
3:21:39
 "
43,MIDD=3313151115,Bucks County Marathon,"Washington Crossing and New Hope, PA USA","November 15, 2015","Carol Kolimago (F45)
3:32:21 43 6
3:30:44
Glenmoore, PA, USA
3:09:58
BQ"
44,MIDD=3313151115,Bucks County Marathon,"Washington Crossing and New Hope, PA USA","November 15, 2015","James Lawruk (M35)
3:32:57 44 38
3:32:55
Camp Hill, PA, USA
3:32:55
 "
45,MIDD=3313151115,Bucks County Marathon,"Washington Crossing and New Hope, PA USA","November 15, 2015","Wayne Chan (M38)
3:33:10 45 39
3:27:06
Hamden, CT, USA
3:25:15
 "
46,MIDD=3313151115,Bucks County Marathon,"Washington Crossing and New Hope, PA USA","November 15, 2015","Lindsay Vogt (F41)
3:33:41 46 7
3:32:51
Harrisburg, PA, USA
3:20:49
BQ"
47,MIDD=3313151115,Bucks County Marathon,"Washington Crossing and New Hope, PA USA","November 15, 2015","Ryan Baskwell (M39)
3:34:57 47 40
3:34:03
Hamilton, NJ, USA
3:30:37
 "
48,MIDD=3313151115,Bucks County Marathon,"Washington Crossing and New Hope, PA USA","November 15, 2015","Jonnie Shackman (M37)
3:36:39 48 41
3:36:34
Yardley, PA, USA
3:35:43
 "
49,MIDD=3313151115,Bucks County Marathon,"Washington Crossing and New Hope, PA USA","November 15, 2015","James Hrubesh (M60)
3:36:42 49 42
3:35:02
Flemington (Hunter, NJ, USA
2:55:22
BQ"
50,MIDD=3313151115,Bucks County Marathon,"Washington Crossing and New Hope, PA USA","November 15, 2015","Vaughn Wisneski (M39)
3:38:51 50 43
3:38:43
Woodside, NY, USA
3:35:13
 "
51,MIDD=3313151115,Bucks County Marathon,"Washington Crossing and New Hope, PA USA","November 15, 2015","Meini Zaehner (M59)
3:38:54 51 44
3:38:43
Boca Raton, FL, USA
3:00:08
BQ"
52,MIDD=3313151115,Bucks County Marathon,"Washington Crossing and New Hope, PA USA","November 15, 2015","Edward Angley (M36)
3:39:04 52 45
3:39:02
Teaneck, NJ, USA
3:38:49
 "
53,MIDD=3313151115,Bucks County Marathon,"Washington Crossing and New Hope, PA USA","November 15, 2015","Daniel Jablon (M45)
3:40:00 53 46
3:38:26
Fanwood, NJ, USA
3:24:24
 "
54,MIDD=3313151115,Bucks County Marathon,"Washington Crossing and New Hope, PA USA","November 15, 2015","Sarah Humbarger (F38)
3:40:48 54 8
3:39:51
Wayne, PA, USA
3:32:51
BQ"
55,MIDD=3313151115,Bucks County Marathon,"Washington Crossing and New Hope, PA USA","November 15, 2015","Patrick Ryan (M48)
3:40:55 55 47
3:39:15
Phoenixville, PA, USA
3:19:54
 "
56,MIDD=3313151115,Bucks County Marathon,"Washington Crossing and New Hope, PA USA","November 15, 2015","Rick Capotosto-Baio (M39)
3:41:25 56 48
3:41:20
Flemington, NJ, USA
3:37:48
 "
57,MIDD=3313151115,Bucks County Marathon,"Washington Crossing and New Hope, PA USA","November 15, 2015","Mariann Tullius (F56)
3:41:34 57 9
3:41:29
Wexford, PA, USA
2:53:06
BQ"
58,MIDD=3313151115,Bucks County Marathon,"Washington Crossing and New Hope, PA USA","November 15, 2015","Matt Magnuson (M26)
3:41:39 58 49
3:40:02
Cherry Hill, NJ, USA
3:40:02
 "
59,MIDD=3313151115,Bucks County Marathon,"Washington Crossing and New Hope, PA USA","November 15, 2015","Jianfei Wang (M49)
3:41:55 59 50
3:41:01
Princeton Junction, NJ, USA
3:19:46
 "
60,MIDD=3313151115,Bucks County Marathon,"Washington Crossing and New Hope, PA USA","November 15, 2015","Andrew Solomon (M42)
3:42:16 60 51
3:41:15
Short Hills, NJ, USA
3:32:22
 "
61,MIDD=3313151115,Bucks County Marathon,"Washington Crossing and New Hope, PA USA","November 15, 2015","Diane Sloan Thase (F40)
3:42:30 61 10
3:42:21
Media, PA, USA
3:31:48
BQ"
62,MIDD=3313151115,Bucks County Marathon,"Washington Crossing and New Hope, PA USA","November 15, 2015","Stacey Volkmann (F29)
3:42:43 62 11
3:41:04
Pittstown, NJ, USA
3:41:04
 "
63,MIDD=3313151115,Bucks County Marathon,"Washington Crossing and New Hope, PA USA","November 15, 2015","Beth Mullen (F44)
3:43:01 63 12
3:41:25
Newtown, PA, USA
3:22:00
BQ"
64,MIDD=3313151115,Bucks County Marathon,"Washington Crossing and New Hope, PA USA","November 15, 2015","Galen Kraybill (M40)
3:43:09 64 52
3:42:19
Lancaster, PA, USA
3:36:57
 "
65,MIDD=3313151115,Bucks County Marathon,"Washington Crossing and New Hope, PA USA","November 15, 2015","Bryan Corrado (M36)
3:43:39 65 53
3:42:45
Edgewater, NJ, USA
3:42:32
 "
66,MIDD=3313151115,Bucks County Marathon,"Washington Crossing and New Hope, PA USA","November 15, 2015","Jeremiah Bargar (M39)
3:44:29 66 54
3:42:51
Brooklyn, NY, USA
3:39:17
 "
67,MIDD=3313151115,Bucks County Marathon,"Washington Crossing and New Hope, PA USA","November 15, 2015","Wendy Walsh (F49)
3:45:15 67 13
3:44:23
Gladwyne, PA, USA
3:12:28
BQ"
68,MIDD=3313151115,Bucks County Marathon,"Washington Crossing and New Hope, PA USA","November 15, 2015","Mike Negri (M43)
3:45:56 68 55
3:45:03
Kintnersville, PA, USA
3:34:13
 "
69,MIDD=3313151115,Bucks County Marathon,"Washington Crossing and New Hope, PA USA","November 15, 2015","Braiden Kindt (M37)
3:46:02 69 56
3:45:12
New York, NY, USA
3:44:17
 "
70,MIDD=3313151115,Bucks County Marathon,"Washington Crossing and New Hope, PA USA","November 15, 2015","Steven Gallatig (M47)
3:47:36 70 57
3:45:29
Alloway, NJ, USA
3:27:24
 "
71,MIDD=3313151115,Bucks County Marathon,"Washington Crossing and New Hope, PA USA","November 15, 2015","James Nash (M56)
3:47:53 71 58
3:47:45
Doylestown, PA, USA
3:13:03
 "
72,MIDD=3313151115,Bucks County Marathon,"Washington Crossing and New Hope, PA USA","November 15, 2015","Joseph Jensen (M36)
3:47:53 72 59
3:46:58
Wantagh, NY, USA
3:46:44
 "
73,MIDD=3313151115,Bucks County Marathon,"Washington Crossing and New Hope, PA USA","November 15, 2015","Eric Meth (M44)
3:48:33 73 60
3:47:38
Lawrenceville, NJ, USA
3:34:52
 "
74,MIDD=3313151115,Bucks County Marathon,"Washington Crossing and New Hope, PA USA","November 15, 2015","Mark Enright (M51)
3:49:51 74 61
3:47:10
PA, USA
3:21:40
 "
75,MIDD=3313151115,Bucks County Marathon,"Washington Crossing and New Hope, PA USA","November 15, 2015","Lesley Cyrus (F41)
3:49:54 75 14
3:48:20
Astoria, NY, USA
3:35:25
 "
76,MIDD=3313151115,Bucks County Marathon,"Washington Crossing and New Hope, PA USA","November 15, 2015","Kevin Cahill (M48)
3:49:56 76 62
3:49:50
Malvern, PA, USA
3:29:34
 "
77,MIDD=3313151115,Bucks County Marathon,"Washington Crossing and New Hope, PA USA","November 15, 2015","Moses Lee (M53)
3:50:04 77 63
3:49:07
Tenafly, NJ, USA
3:19:44
 "
78,MIDD=3313151115,Bucks County Marathon,"Washington Crossing and New Hope, PA USA","November 15, 2015","Mike Mccall (M59)
3:50:24 78 64
3:48:22
Ridgewood, NJ, USA
3:08:04
 "
79,MIDD=3313151115,Bucks County Marathon,"Washington Crossing and New Hope, PA USA","November 15, 2015","Sharon Fetters (F27)
3:50:25 79 15
3:48:20
Nanuet, NY, USA
3:48:20
 "
80,MIDD=3313151115,Bucks County Marathon,"Washington Crossing and New Hope, PA USA","November 15, 2015","Aaron Marks (M45)
3:50:32 80 65
3:49:38
Dresher, PA, USA
3:34:53
 "
81,MIDD=3313151115,Bucks County Marathon,"Washington Crossing and New Hope, PA USA","November 15, 2015","Aaron Campbell (M40)
3:50:36 81 66
3:48:29
Wallingford, PA, USA
3:42:58
 "
82,MIDD=3313151115,Bucks County Marathon,"Washington Crossing and New Hope, PA USA","November 15, 2015","Michael Ives (M37)
3:50:54 82 67
3:48:51
Oakland, NJ, USA
3:47:56
 "
83,MIDD=3313151115,Bucks County Marathon,"Washington Crossing and New Hope, PA USA","November 15, 2015","Joshua House (M16)
3:51:09 83 68
3:49:03
Doylestown, PA, USA
3:33:34
 "
84,MIDD=3313151115,Bucks County Marathon,"Washington Crossing and New Hope, PA USA","November 15, 2015","Ailsa Drelick (F46)
3:51:16 84 16
3:49:42
Chalfont, PA, USA
3:24:32
BQ"
85,MIDD=3313151115,Bucks County Marathon,"Washington Crossing and New Hope, PA USA","November 15, 2015","Ashley Field (F24)
3:51:25 85 17
3:49:19
Malvern, PA, USA
3:49:19
 "
86,MIDD=3313151115,Bucks County Marathon,"Washington Crossing and New Hope, PA USA","November 15, 2015","Nicole Ives (F33)
3:51:59 86 18
3:49:56
Oakland, NJ, USA
3:48:29
 "
87,MIDD=3313151115,Bucks County Marathon,"Washington Crossing and New Hope, PA USA","November 15, 2015","Kevin Hill (M52)
3:52:07 87 69
3:50:01
Rumson, NJ, USA
3:22:21
 "
88,MIDD=3313151115,Bucks County Marathon,"Washington Crossing and New Hope, PA USA","November 15, 2015","Michael Sock (M34)
3:52:22 88 70
3:50:20
Jamison, PA, USA
3:50:20
 "
89,MIDD=3313151115,Bucks County Marathon,"Washington Crossing and New Hope, PA USA","November 15, 2015","Jake Dupont (M17)
3:52:36 89 71
3:50:30
New Hope, PA, USA
3:38:24
 "
90,MIDD=3313151115,Bucks County Marathon,"Washington Crossing and New Hope, PA USA","November 15, 2015","Darren Raiguel (M45)
3:53:10 90 72
3:52:18
Collegeville, PA, USA
3:37:24
 "
91,MIDD=3313151115,Bucks County Marathon,"Washington Crossing and New Hope, PA USA","November 15, 2015","Zachary Cooper (M23)
3:53:23 91 73
3:51:47
Roslyn, PA, USA
3:51:47
 "
92,MIDD=3313151115,Bucks County Marathon,"Washington Crossing and New Hope, PA USA","November 15, 2015","Michael Lord (M62)
3:54:20 92 74
3:52:43
Annapolis, MD, USA
3:06:04
BQ"
93,MIDD=3313151115,Bucks County Marathon,"Washington Crossing and New Hope, PA USA","November 15, 2015","Julia Terry (F38)
3:54:36 93 19
3:53:00
Glenmoore, PA, USA
3:45:35
 "
94,MIDD=3313151115,Bucks County Marathon,"Washington Crossing and New Hope, PA USA","November 15, 2015","Michelle Krumenacker (F43)
3:55:25 94 20
3:53:51
North Wales, PA, USA
3:35:53
 "
95,MIDD=3313151115,Bucks County Marathon,"Washington Crossing and New Hope, PA USA","November 15, 2015","Kate Shumeyko (F38)
3:55:29 95 21
3:53:49
Pompton Plains, NJ, USA
3:46:23
 "
96,MIDD=3313151115,Bucks County Marathon,"Washington Crossing and New Hope, PA USA","November 15, 2015","Jennifer Febles (F46)
3:55:34 96 22
3:54:43
PA, USA
3:29:00
BQ"
97,MIDD=3313151115,Bucks County Marathon,"Washington Crossing and New Hope, PA USA","November 15, 2015","Marc Butler (M45)
3:55:40 97 75
3:54:01
Newtown, PA, USA
3:39:00
 "
98,MIDD=3313151115,Bucks County Marathon,"Washington Crossing and New Hope, PA USA","November 15, 2015","Brian Schactman (M46)
3:55:48 98 76
3:54:12
Red Bank, NJ, USA
3:37:17
 "
99,MIDD=3313151115,Bucks County Marathon,"Washington Crossing and New Hope, PA USA","November 15, 2015","Marsha Spalding (F57)
3:56:35 99 23
3:53:54
PA, USA
3:00:15
BQ"
100,MIDD=3313151115,Bucks County Marathon,"Washington Crossing and New Hope, PA USA","November 15, 2015","Sean Troth (M45)
3:56:45 100 77
3:55:11
Furlong, PA, USA
3:40:05
 "
101,MIDD=3313151115,Bucks County Marathon,"Washington Crossing and New Hope, PA USA","November 15, 2015","Tomasz Sablinski (M59)
3:56:52 101 78
3:56:00
Short Hills, NJ, USA
3:14:22
 "
102,MIDD=3313151115,Bucks County Marathon,"Washington Crossing and New Hope, PA USA","November 15, 2015","Victoria Marley (F26)
3:56:52 102 24
3:54:45
CA, USA
3:54:45
 "
103,MIDD=3313151115,Bucks County Marathon,"Washington Crossing and New Hope, PA USA","November 15, 2015","Frank Macinsky (M28)
3:58:16 103 79
3:56:10
Plymouth Meeting, PA, USA
3:56:10
 "
104,MIDD=3313151115,Bucks County Marathon,"Washington Crossing and New Hope, PA USA","November 15, 2015","Mark Kirk (M42)
3:58:18 104 80
3:57:25
Glen Ridge, NJ, USA
3:47:54
 "
105,MIDD=3313151115,Bucks County Marathon,"Washington Crossing and New Hope, PA USA","November 15, 2015","Jan Willem Poels (M47)
3:58:24 105 81
3:56:45
Brooklyn, NY, USA
3:37:46
 "
106,MIDD=3313151115,Bucks County Marathon,"Washington Crossing and New Hope, PA USA","November 15, 2015","Daniel Metz (M39)
3:58:43 106 82
3:57:49
CA, USA
3:54:01
 "
107,MIDD=3313151115,Bucks County Marathon,"Washington Crossing and New Hope, PA USA","November 15, 2015","Mary Vanacore (F51)
3:58:52 107 25
3:57:13
Ringoes, NJ, USA
3:18:18
BQ"
108,MIDD=3313151115,Bucks County Marathon,"Washington Crossing and New Hope, PA USA","November 15, 2015","Mark Guerin (M46)
3:59:46 108 83
3:58:50
PA, USA
3:41:36
 "
109,MIDD=3313151115,Bucks County Marathon,"Washington Crossing and New Hope, PA USA","November 15, 2015","Charles Anderson (M52)
4:00:33 109 84
3:58:57
Huntingdon Valley, PA, USA
3:30:13
 "
110,MIDD=3313151115,Bucks County Marathon,"Washington Crossing and New Hope, PA USA","November 15, 2015","Christine Olszanski (F50)
4:00:57 110 26
4:00:54
Newtown, PA, USA
3:24:01
 "
111,MIDD=3313151115,Bucks County Marathon,"Washington Crossing and New Hope, PA USA","November 15, 2015","Allison Lassoe (F52)
4:01:01 111 27
3:59:25
Sheffield, MA, USA
3:17:33
BQ"
112,MIDD=3313151115,Bucks County Marathon,"Washington Crossing and New Hope, PA USA","November 15, 2015","Dwight Fahnestock (M46)
4:03:34 112 85
4:02:37
Manheim, PA, USA
3:45:06
 "
113,MIDD=3313151115,Bucks County Marathon,"Washington Crossing and New Hope, PA USA","November 15, 2015","Dave Stoltzfus (M39)
4:07:09 113 86
4:05:05
Narvon, PA, USA
4:01:10
 "
114,MIDD=3313151115,Bucks County Marathon,"Washington Crossing and New Hope, PA USA","November 15, 2015","John Colsher (M41)
4:07:40 114 87
4:04:54
Langhorne, PA, USA
3:57:03
 "
115,MIDD=3313151115,Bucks County Marathon,"Washington Crossing and New Hope, PA USA","November 15, 2015","Susan Mello (F51)
4:08:08 115 28
4:07:17
Essex Fells, NJ, USA
3:26:43
 "
116,MIDD=3313151115,Bucks County Marathon,"Washington Crossing and New Hope, PA USA","November 15, 2015","Todd Tillou (M51)
4:08:20 116 88
4:06:41
Wind Gap, PA, USA
3:38:59
 "
117,MIDD=3313151115,Bucks County Marathon,"Washington Crossing and New Hope, PA USA","November 15, 2015","David Berger (M41)
4:08:28 117 89
4:06:53
Landenberg, PA, USA
3:58:58
 "
118,MIDD=3313151115,Bucks County Marathon,"Washington Crossing and New Hope, PA USA","November 15, 2015","Brett Bonfield (M45)
4:08:59 118 90
4:06:55
Collingswood, NJ, USA
3:51:03
 "
119,MIDD=3313151115,Bucks County Marathon,"Washington Crossing and New Hope, PA USA","November 15, 2015","Wesley Furgiuele (M44)
4:09:00 119 91
4:06:23
PA, USA
3:52:34
 "
120,MIDD=3313151115,Bucks County Marathon,"Washington Crossing and New Hope, PA USA","November 15, 2015","Andrew Cohen (M29)
4:09:15 120 92
4:08:24
Titusville, NJ, USA
4:08:24
 "
121,MIDD=3313151115,Bucks County Marathon,"Washington Crossing and New Hope, PA USA","November 15, 2015","Anne Demarco (F42)
4:10:05 121 29
4:08:03
 
3:51:36
 "
122,MIDD=3313151115,Bucks County Marathon,"Washington Crossing and New Hope, PA USA","November 15, 2015","Helene Usher (F41)
4:10:47 122 30
4:09:54
Audubon, NJ, USA
3:55:46
 "
123,MIDD=3313151115,Bucks County Marathon,"Washington Crossing and New Hope, PA USA","November 15, 2015","Stephen Dipietro (M37)
4:11:33 123 93
4:08:51
Norristown, PA, USA
4:07:51
 "
124,MIDD=3313151115,Bucks County Marathon,"Washington Crossing and New Hope, PA USA","November 15, 2015","Genevieve Lee (F36)
4:11:34 124 31
4:10:01
Fort Lee, NJ, USA
4:05:13
 "
125,MIDD=3313151115,Bucks County Marathon,"Washington Crossing and New Hope, PA USA","November 15, 2015","Owen Yake (M15)
4:12:35 125 94
4:10:34
Yardley, PA, USA
3:49:17
 "
126,MIDD=3313151115,Bucks County Marathon,"Washington Crossing and New Hope, PA USA","November 15, 2015","Mikey Dehner (F40)
4:12:54 126 32
4:10:48
Littleton, CO, USA
3:58:55
 "
127,MIDD=3313151115,Bucks County Marathon,"Washington Crossing and New Hope, PA USA","November 15, 2015","Laura Dunn (F33)
4:13:03 127 33
4:10:22
Scotch Plains, NJ, USA
4:08:47
 "
128,MIDD=3313151115,Bucks County Marathon,"Washington Crossing and New Hope, PA USA","November 15, 2015","Aaron Fuchs (M38)
4:13:08 128 95
4:10:31
Brooklyn, NY, USA
4:08:15
 "
129,MIDD=3313151115,Bucks County Marathon,"Washington Crossing and New Hope, PA USA","November 15, 2015","Mary Connolly (F50)
4:14:05 129 34
4:12:27
Ramsey, NJ, USA
3:33:48
 "
130,MIDD=3313151115,Bucks County Marathon,"Washington Crossing and New Hope, PA USA","November 15, 2015","Joan Pizzini (Just Marr (F45)
4:15:44 130 35
4:14:54
Wilmington, DE, USA
3:49:46
 "
131,MIDD=3313151115,Bucks County Marathon,"Washington Crossing and New Hope, PA USA","November 15, 2015","Doug Powley (M50)
4:16:05 131 96
4:13:58
Philadelphia, PA, USA
3:47:29
 "
132,MIDD=3313151115,Bucks County Marathon,"Washington Crossing and New Hope, PA USA","November 15, 2015","Rachel Wood (F55)
4:17:16 132 36
4:15:39
Lambertville, NJ, USA
3:22:34
 "
133,MIDD=3313151115,Bucks County Marathon,"Washington Crossing and New Hope, PA USA","November 15, 2015","Maura Guedouar (F47)
4:20:21 133 37
4:18:47
Kings Park, NY, USA
3:47:37
 "
134,MIDD=3313151115,Bucks County Marathon,"Washington Crossing and New Hope, PA USA","November 15, 2015","John Paluchowski (M57)
4:20:33 134 97
4:18:00
Hamilton, NJ, USA
3:36:37
 "
135,MIDD=3313151115,Bucks County Marathon,"Washington Crossing and New Hope, PA USA","November 15, 2015","Jeff Baskwill (M47)
4:20:46 135 98
4:18:40
Mont Clare, PA, USA
3:57:56
 "
136,MIDD=3313151115,Bucks County Marathon,"Washington Crossing and New Hope, PA USA","November 15, 2015","Anthony Migliozzi (M51)
4:20:56 136 99
4:18:16
Chatham, NJ, USA
3:49:16
 "
137,MIDD=3313151115,Bucks County Marathon,"Washington Crossing and New Hope, PA USA","November 15, 2015","Rebecca Bishop (F38)
4:21:27 137 38
4:21:24
Phoenixville, PA, USA
4:13:06
 "
138,MIDD=3313151115,Bucks County Marathon,"Washington Crossing and New Hope, PA USA","November 15, 2015","Jenny Chow (F52)
4:21:36 138 39
4:18:56
Long Valley, NJ, USA
3:33:39
 "
139,MIDD=3313151115,Bucks County Marathon,"Washington Crossing and New Hope, PA USA","November 15, 2015","Kimberly Schwartz (F36)
4:22:08 139 40
4:20:30
Brick, NJ, USA
4:15:30
 "
140,MIDD=3313151115,Bucks County Marathon,"Washington Crossing and New Hope, PA USA","November 15, 2015","Judith Ward (F56)
4:22:39 140 41
4:19:45
 
3:22:59
 "
141,MIDD=3313151115,Bucks County Marathon,"Washington Crossing and New Hope, PA USA","November 15, 2015","Sally Shreeves (F53)
4:23:57 141 42
4:22:18
New York, NY, USA
3:33:34
 "
142,MIDD=3313151115,Bucks County Marathon,"Washington Crossing and New Hope, PA USA","November 15, 2015","Gary Desantis (M46)
4:24:20 142 100
4:22:42
Lincoln Park, NJ, USA
4:03:44
 "
143,MIDD=3313151115,Bucks County Marathon,"Washington Crossing and New Hope, PA USA","November 15, 2015","Robert Richter (M49)
4:26:55 143 101
4:24:18
Oak Ridge, NC, USA
3:58:52
 "
144,MIDD=3313151115,Bucks County Marathon,"Washington Crossing and New Hope, PA USA","November 15, 2015","Magnus Skonberg (M24)
4:27:49 144 102
4:25:17
Wyckoff, NJ, USA
4:25:17
 "
145,MIDD=3313151115,Bucks County Marathon,"Washington Crossing and New Hope, PA USA","November 15, 2015","Robert Robinson (M42)
4:28:07 145 103
4:26:04
Doylestown, PA, USA
4:15:23
 "
146,MIDD=3313151115,Bucks County Marathon,"Washington Crossing and New Hope, PA USA","November 15, 2015","Sharon Morrissey (F54)
4:28:25 146 43
4:27:35
West Caldwell, NJ, USA
3:34:57
 "
147,MIDD=3313151115,Bucks County Marathon,"Washington Crossing and New Hope, PA USA","November 15, 2015","William Hart (M59)
4:29:21 147 104
4:26:43
Princeton, NJ, USA
3:39:40
 "
148,MIDD=3313151115,Bucks County Marathon,"Washington Crossing and New Hope, PA USA","November 15, 2015","Melanie Derstine (F51)
4:30:38 148 44
4:28:27
Sellersville, PA, USA
3:44:26
 "
149,MIDD=3313151115,Bucks County Marathon,"Washington Crossing and New Hope, PA USA","November 15, 2015","Susan Muhaw (F58)
4:30:50 149 45
4:28:15
Montville, NJ, USA
3:23:48
 "
150,MIDD=3313151115,Bucks County Marathon,"Washington Crossing and New Hope, PA USA","November 15, 2015","Steve Orichowskyj (M56)
4:31:21 150 105
4:28:43
Cherry Hill, NJ, USA
3:47:46
 "
151,MIDD=3313151115,Bucks County Marathon,"Washington Crossing and New Hope, PA USA","November 15, 2015","Valerie Lalor (F45)
4:31:27 151 46
4:30:31
Sparta, NJ, USA
4:03:50
 "
152,MIDD=3313151115,Bucks County Marathon,"Washington Crossing and New Hope, PA USA","November 15, 2015","Jean Pietsch (F46)
4:31:46 152 47
4:28:53
North Wales, PA, USA
3:59:27
 "
153,MIDD=3313151115,Bucks County Marathon,"Washington Crossing and New Hope, PA USA","November 15, 2015","Regan Hofmann (F32)
4:32:11 153 48
4:30:08
Astoria, NY, USA
4:29:12
 "
154,MIDD=3313151115,Bucks County Marathon,"Washington Crossing and New Hope, PA USA","November 15, 2015","Steve Sawyer (M64)
4:32:20 154 106
4:30:12
Philadelphia, PA, USA
3:31:42
 "
155,MIDD=3313151115,Bucks County Marathon,"Washington Crossing and New Hope, PA USA","November 15, 2015","James Mathew (M55)
4:32:57 155 107
4:32:52
Edison, NJ, USA
3:53:27
 "
156,MIDD=3313151115,Bucks County Marathon,"Washington Crossing and New Hope, PA USA","November 15, 2015","Jonathan Singer (M51)
4:33:22 156 108
4:31:16
New Hope, PA, USA
4:00:49
 "
157,MIDD=3313151115,Bucks County Marathon,"Washington Crossing and New Hope, PA USA","November 15, 2015","Maggie Derstine (F23)
4:33:44 157 49
4:31:34
Sellersville, PA, USA
4:31:34
 "
158,MIDD=3313151115,Bucks County Marathon,"Washington Crossing and New Hope, PA USA","November 15, 2015","Hannah Singer (F17)
4:33:50 158 50
4:31:44
New Hope, PA, USA
4:22:14
 "
159,MIDD=3313151115,Bucks County Marathon,"Washington Crossing and New Hope, PA USA","November 15, 2015","Anne Haag (F50)
4:34:02 159 51
4:31:16
Chalfont, PA, USA
3:49:44
 "
160,MIDD=3313151115,Bucks County Marathon,"Washington Crossing and New Hope, PA USA","November 15, 2015","Joseph Gencarelli (M35)
4:34:21 160 109
4:32:17
Oakland, NJ, USA
4:32:17
 "
161,MIDD=3313151115,Bucks County Marathon,"Washington Crossing and New Hope, PA USA","November 15, 2015","Eric Delfau (M43)
4:34:38 161 110
4:32:36
Danbury, CT, USA
4:19:29
 "
162,MIDD=3313151115,Bucks County Marathon,"Washington Crossing and New Hope, PA USA","November 15, 2015","Patty Woram (F50)
4:35:00 162 52
4:32:22
Toms River, NJ, USA
3:50:40
 "
163,MIDD=3313151115,Bucks County Marathon,"Washington Crossing and New Hope, PA USA","November 15, 2015","Cherjui Fu (M40)
4:35:13 163 111
4:32:31
Cedar Knolls, NJ, USA
4:25:56
 "
164,MIDD=3313151115,Bucks County Marathon,"Washington Crossing and New Hope, PA USA","November 15, 2015","Penelope Delucia (F39)
4:35:48 164 53
4:33:04
Parsippany, NJ, USA
4:22:22
 "
165,MIDD=3313151115,Bucks County Marathon,"Washington Crossing and New Hope, PA USA","November 15, 2015","Jessica Douma (F36)
4:35:51 165 54
4:34:12
Falls Church, VA, USA
4:28:56
 "
166,MIDD=3313151115,Bucks County Marathon,"Washington Crossing and New Hope, PA USA","November 15, 2015","Kevin Savage (M52)
4:36:31 166 112
4:33:34
Garnet Valley, PA, USA
4:00:39
 "
167,MIDD=3313151115,Bucks County Marathon,"Washington Crossing and New Hope, PA USA","November 15, 2015","Christopher Jaworski (M57)
4:37:08 167 113
4:36:16
Bloomfield, NJ, USA
3:51:58
 "
168,MIDD=3313151115,Bucks County Marathon,"Washington Crossing and New Hope, PA USA","November 15, 2015","Tim Lenihan (M59)
4:38:02 168 114
4:35:58
Morrisville, PA, USA
3:47:17
 "
169,MIDD=3313151115,Bucks County Marathon,"Washington Crossing and New Hope, PA USA","November 15, 2015","Frank Herold (M72)
4:38:19 169 115
4:35:43
Kinnelon, NJ, USA
3:18:06
 "
170,MIDD=3313151115,Bucks County Marathon,"Washington Crossing and New Hope, PA USA","November 15, 2015","Peter Prachthauser (M49)
4:38:48 170 116
4:36:09
Brick, NJ, USA
4:09:35
 "
171,MIDD=3313151115,Bucks County Marathon,"Washington Crossing and New Hope, PA USA","November 15, 2015","Christopher Klem (M47)
4:39:20 171 117
4:37:43
Frenchtown, NJ, USA
4:15:27
 "
172,MIDD=3313151115,Bucks County Marathon,"Washington Crossing and New Hope, PA USA","November 15, 2015","Andrew Moulton (M41)
4:40:21 172 118
4:38:11
Maplewood, NJ, USA
4:29:16
 "
173,MIDD=3313151115,Bucks County Marathon,"Washington Crossing and New Hope, PA USA","November 15, 2015","Bob Huckins (M63)
4:40:44 173 119
4:38:40
Southington, CT, USA
3:40:33
 "
174,MIDD=3313151115,Bucks County Marathon,"Washington Crossing and New Hope, PA USA","November 15, 2015","Krista Getty (F40)
4:41:26 174 55
4:39:15
Quakertown, PA, USA
4:26:00
 "
175,MIDD=3313151115,Bucks County Marathon,"Washington Crossing and New Hope, PA USA","November 15, 2015","Scott Crossney (M39)
4:41:37 175 120
4:40:46
Hamilton, NJ, USA
4:36:16
 "
176,MIDD=3313151115,Bucks County Marathon,"Washington Crossing and New Hope, PA USA","November 15, 2015","Jessica Valdes (F26)
4:41:45 176 56
4:38:58
CA, USA
4:38:58
 "
177,MIDD=3313151115,Bucks County Marathon,"Washington Crossing and New Hope, PA USA","November 15, 2015","Sydney Maxwell (F23)
4:42:31 177 57
4:41:36
Holland, PA, USA
4:41:36
 "
178,MIDD=3313151115,Bucks County Marathon,"Washington Crossing and New Hope, PA USA","November 15, 2015","Stephanie Sims (F55)
4:43:04 178 58
4:40:51
Lancaster, PA, USA
3:42:33
 "
179,MIDD=3313151115,Bucks County Marathon,"Washington Crossing and New Hope, PA USA","November 15, 2015","Patricia Corral (F36)
4:43:08 179 59
4:40:30
Flemington, NJ, USA
4:35:07
 "
180,MIDD=3313151115,Bucks County Marathon,"Washington Crossing and New Hope, PA USA","November 15, 2015","Maria F. Soley (F54)
4:44:30 180 60
4:41:55
Lebanon, NJ, USA
3:46:28
 "
181,MIDD=3313151115,Bucks County Marathon,"Washington Crossing and New Hope, PA USA","November 15, 2015","Jerry Rosetti (M66)
4:45:05 181 121
4:42:16
 
3:36:37
 "
182,MIDD=3313151115,Bucks County Marathon,"Washington Crossing and New Hope, PA USA","November 15, 2015","Robert Conover (M66)
4:47:31 182 122
4:46:31
Wyndmoor, PA, USA
3:39:52
 "
183,MIDD=3313151115,Bucks County Marathon,"Washington Crossing and New Hope, PA USA","November 15, 2015","Bill Kerr (M38)
4:48:20 183 123
4:46:10
Chalfont, PA, USA
4:43:36
 "
184,MIDD=3313151115,Bucks County Marathon,"Washington Crossing and New Hope, PA USA","November 15, 2015","Anna Tillou (F51)
4:48:21 184 61
4:45:28
Wind Gap, PA, USA
3:58:39
 "
185,MIDD=3313151115,Bucks County Marathon,"Washington Crossing and New Hope, PA USA","November 15, 2015","Robert Brigham (M64)
4:48:21 185 124
4:45:37
Basking Ridge, NJ, USA
3:43:47
 "
186,MIDD=3313151115,Bucks County Marathon,"Washington Crossing and New Hope, PA USA","November 15, 2015","Ellen Suarez (F44)
4:48:49 186 62
4:45:54
Syracuse, NY, USA
4:20:49
 "
187,MIDD=3313151115,Bucks County Marathon,"Washington Crossing and New Hope, PA USA","November 15, 2015","Joe Sorbanelli (M47)
4:49:25 187 125
4:46:29
Englewood, NJ, USA
4:23:30
 "
188,MIDD=3313151115,Bucks County Marathon,"Washington Crossing and New Hope, PA USA","November 15, 2015","Joseph Ford (M44)
4:50:03 188 126
4:47:58
Newtwon Square, PA, USA
4:31:48
 "
189,MIDD=3313151115,Bucks County Marathon,"Washington Crossing and New Hope, PA USA","November 15, 2015","Sreeram Ramanathan (M47)
4:50:12 189 127
4:47:12
Plainsboro, NJ, USA
4:24:10
 "
190,MIDD=3313151115,Bucks County Marathon,"Washington Crossing and New Hope, PA USA","November 15, 2015","Faithe Anderson (F50)
4:51:24 190 63
4:48:36
CA, USA
4:04:25
 "
191,MIDD=3313151115,Bucks County Marathon,"Washington Crossing and New Hope, PA USA","November 15, 2015","Michael Lechner (M29)
4:51:34 191 128
4:48:59
Claymont, DE, USA
4:48:59
 "
192,MIDD=3313151115,Bucks County Marathon,"Washington Crossing and New Hope, PA USA","November 15, 2015","David Carbonell (M51)
4:52:19 192 129
4:50:15
Radnor, PA, USA
4:17:40
 "
193,MIDD=3313151115,Bucks County Marathon,"Washington Crossing and New Hope, PA USA","November 15, 2015","Harry Kelly (M58)
4:52:20 193 130
4:49:37
Macungie, PA, USA
4:00:50
 "
194,MIDD=3313151115,Bucks County Marathon,"Washington Crossing and New Hope, PA USA","November 15, 2015","Matthew Brody (M26)
4:52:43 194 131
4:51:08
Gillette, NJ, USA
4:51:08
 "
195,MIDD=3313151115,Bucks County Marathon,"Washington Crossing and New Hope, PA USA","November 15, 2015","Robert Brown (M59)
4:52:44 195 132
4:49:56
Sinking Spring, PA, USA
3:58:47
 "
196,MIDD=3313151115,Bucks County Marathon,"Washington Crossing and New Hope, PA USA","November 15, 2015","Scott Brown (M53)
4:54:35 196 133
4:54:28
Bristol, PA, USA
4:16:42
 "
197,MIDD=3313151115,Bucks County Marathon,"Washington Crossing and New Hope, PA USA","November 15, 2015","Kirk Elken (M48)
4:55:44 197 134
4:53:37
Berwyn, PA, USA
4:27:44
 "
198,MIDD=3313151115,Bucks County Marathon,"Washington Crossing and New Hope, PA USA","November 15, 2015","Kyle Elken (M47)
4:55:44 198 135
4:53:36
Berwyn, PA, USA
4:30:04
 "
199,MIDD=3313151115,Bucks County Marathon,"Washington Crossing and New Hope, PA USA","November 15, 2015","Chris Miciek (M46)
4:55:59 199 136
4:55:08
Havertown, PA, USA
4:33:49
 "
200,MIDD=3313151115,Bucks County Marathon,"Washington Crossing and New Hope, PA USA","November 15, 2015","Robert Meade (M62)
4:56:15 200 137
4:53:32
Parsippany, NJ, USA
3:54:40
 "
201,MIDD=3313151115,Bucks County Marathon,"Washington Crossing and New Hope, PA USA","November 15, 2015","Matthew Stein (M42)
4:56:52 201 138
4:54:09
Quakertown, PA, USA
4:42:22
 "
202,MIDD=3313151115,Bucks County Marathon,"Washington Crossing and New Hope, PA USA","November 15, 2015","Andy Pustay (M39)
4:57:42 202 139
4:54:59
Fairless Hills, PA, USA
4:50:16
 "
203,MIDD=3313151115,Bucks County Marathon,"Washington Crossing and New Hope, PA USA","November 15, 2015","Antonio Alicea (M34)
5:00:10 203 140
4:57:12
Fanwood, NJ, USA
4:57:12
 "
204,MIDD=3313151115,Bucks County Marathon,"Washington Crossing and New Hope, PA USA","November 15, 2015","Alexandra Thorpe (F27)
5:00:51 204 64
4:58:09
Lebanon, NJ, USA
4:58:09
 "
205,MIDD=3313151115,Bucks County Marathon,"Washington Crossing and New Hope, PA USA","November 15, 2015","Ciro Santacroce (M54)
5:01:15 205 141
4:58:13
Florham Park, NJ, USA
4:17:34
 "
206,MIDD=3313151115,Bucks County Marathon,"Washington Crossing and New Hope, PA USA","November 15, 2015","Rachel Caine (F30)
5:02:18 206 65
5:00:16
Watertown, MA, USA
5:00:08
 "
207,MIDD=3313151115,Bucks County Marathon,"Washington Crossing and New Hope, PA USA","November 15, 2015","Michael Martinez (M50)
5:03:51 207 142
5:01:17
Malvern, PA, USA
4:29:51
 "
208,MIDD=3313151115,Bucks County Marathon,"Washington Crossing and New Hope, PA USA","November 15, 2015","Tyler Sharp (M26)
5:03:52 208 143
5:01:17
Wilmington, DE, USA
5:01:17
 "
209,MIDD=3313151115,Bucks County Marathon,"Washington Crossing and New Hope, PA USA","November 15, 2015","Julia Dresser (F54)
5:06:57 209 66
5:04:17
PA, USA
4:04:25
 "
210,MIDD=3313151115,Bucks County Marathon,"Washington Crossing and New Hope, PA USA","November 15, 2015","Will Hodge (M37)
5:09:07 210 144
5:07:00
Berkeley Heights, NJ, USA
5:05:47
 "
211,MIDD=3313151115,Bucks County Marathon,"Washington Crossing and New Hope, PA USA","November 15, 2015","Douglas Walsh (M66)
5:10:18 211 145
5:07:32
Brooklyn, NY, USA
3:56:00
 "
212,MIDD=3313151115,Bucks County Marathon,"Washington Crossing and New Hope, PA USA","November 15, 2015","Marcia Goldberg (F57)
5:11:03 212 67
5:08:12
Massapequa, NY, USA
3:57:30
 "
213,MIDD=3313151115,Bucks County Marathon,"Washington Crossing and New Hope, PA USA","November 15, 2015","Chris Skidmore (M42)
5:11:17 213 146
5:08:26
Mount Laurel, NJ, USA
4:56:04
 "
214,MIDD=3313151115,Bucks County Marathon,"Washington Crossing and New Hope, PA USA","November 15, 2015","Michael Kenney (M35)
5:12:53 214 147
5:10:17
West New York, NJ, USA
5:10:17
 "
215,MIDD=3313151115,Bucks County Marathon,"Washington Crossing and New Hope, PA USA","November 15, 2015","Valerie Kenney (F34)
5:12:53 215 68
5:10:17
West New York, NJ, USA
5:07:15
 "
216,MIDD=3313151115,Bucks County Marathon,"Washington Crossing and New Hope, PA USA","November 15, 2015","Bradford Hammer (M50)
5:13:31 216 148
5:10:43
PA, USA
4:38:19
 "
217,MIDD=3313151115,Bucks County Marathon,"Washington Crossing and New Hope, PA USA","November 15, 2015","Dianna Green (F22)
5:13:37 217 69
5:10:47
Glen Mills, PA, USA
5:10:47
 "
218,MIDD=3313151115,Bucks County Marathon,"Washington Crossing and New Hope, PA USA","November 15, 2015","Thomas Jones (M62)
5:14:18 218 149
5:11:27
Murfreesboro, NC, USA
4:09:01
 "
219,MIDD=3313151115,Bucks County Marathon,"Washington Crossing and New Hope, PA USA","November 15, 2015","Justine Carmine (F27)
5:14:54 219 70
5:12:47
Bensalem, PA, USA
5:12:47
 "
220,MIDD=3313151115,Bucks County Marathon,"Washington Crossing and New Hope, PA USA","November 15, 2015","Bev Raab (F46)
5:19:18 220 71
5:17:10
Berkeley Heights, NJ, USA
4:42:27
 "
221,MIDD=3313151115,Bucks County Marathon,"Washington Crossing and New Hope, PA USA","November 15, 2015","David Owens (M45)
5:19:58 221 150
5:17:21
Quakertown, PA, USA
4:56:58
 "
222,MIDD=3313151115,Bucks County Marathon,"Washington Crossing and New Hope, PA USA","November 15, 2015","Jake Vanriper (M44)
5:21:20 222 151
5:18:34
Phoenixville, PA, USA
5:00:42
 "
223,MIDD=3313151115,Bucks County Marathon,"Washington Crossing and New Hope, PA USA","November 15, 2015","Leslie Touchton (F47)
5:22:10 223 72
5:19:31
Fountain Hill, PA, USA
4:41:03
 "
224,MIDD=3313151115,Bucks County Marathon,"Washington Crossing and New Hope, PA USA","November 15, 2015","Burton Rubin (M53)
5:24:33 224 152
5:21:56
Old Greenwich, CT, USA
4:40:38
 "
225,MIDD=3313151115,Bucks County Marathon,"Washington Crossing and New Hope, PA USA","November 15, 2015","Sean Tracy (M50)
5:29:02 225 153
5:26:19
Ottsville, PA, USA
4:52:17
 "
226,MIDD=3313151115,Bucks County Marathon,"Washington Crossing and New Hope, PA USA","November 15, 2015","Susan Solecki (F53)
5:29:33 226 73
5:26:40
Philadelphia, PA, USA
4:25:59
 "
227,MIDD=3313151115,Bucks County Marathon,"Washington Crossing and New Hope, PA USA","November 15, 2015","Tracey Newenhouse (F54)
5:30:30 227 74
5:28:50
West Long Branch, NJ, USA
4:24:09
 "
228,MIDD=3313151115,Bucks County Marathon,"Washington Crossing and New Hope, PA USA","November 15, 2015","Levaughn Awkard (M26)
5:30:36 228 154
5:28:02
Wilmington, DE, USA
5:28:02
 "
229,MIDD=3313151115,Bucks County Marathon,"Washington Crossing and New Hope, PA USA","November 15, 2015","John Juchniewicz (M43)
5:31:49 229 155
5:29:11
Jackson, NJ, USA
5:13:21
 "
230,MIDD=3313151115,Bucks County Marathon,"Washington Crossing and New Hope, PA USA","November 15, 2015","Michael Aiello (M37)
5:31:50 230 156
5:29:11
Toms River, NJ, USA
5:27:52
 "
231,MIDD=3313151115,Bucks County Marathon,"Washington Crossing and New Hope, PA USA","November 15, 2015","Sherri Delmonte (F45)
5:32:34 231 75
5:29:53
Hamilton, NJ, USA
4:57:21
 "
232,MIDD=3313151115,Bucks County Marathon,"Washington Crossing and New Hope, PA USA","November 15, 2015","Martha Lanko (F44)
5:33:27 232 76
5:30:49
CA, USA
5:01:48
 "
233,MIDD=3313151115,Bucks County Marathon,"Washington Crossing and New Hope, PA USA","November 15, 2015","Bryan Obarowski (M23)
5:33:43 233 157
5:31:08
PA, USA
5:31:08
 "
234,MIDD=3313151115,Bucks County Marathon,"Washington Crossing and New Hope, PA USA","November 15, 2015","Nicole Liette (F39)
5:35:25 234 77
5:33:48
Madison, SD, USA
5:20:43
 "
235,MIDD=3313151115,Bucks County Marathon,"Washington Crossing and New Hope, PA USA","November 15, 2015","David Eberhart (M43)
5:35:42 235 158
5:32:47
CA, USA
5:16:46
 "
236,MIDD=3313151115,Bucks County Marathon,"Washington Crossing and New Hope, PA USA","November 15, 2015","Kelsey Bradley (F26)
5:40:07 236 78
5:37:31
Hoboken, NJ, USA
5:37:31
 "
237,MIDD=3313151115,Bucks County Marathon,"Washington Crossing and New Hope, PA USA","November 15, 2015","Jessica Bass (F33)
5:41:51 237 79
5:38:58
CA, USA
5:36:50
 "
238,MIDD=3313151115,Bucks County Marathon,"Washington Crossing and New Hope, PA USA","November 15, 2015","Jared Green (M35)
5:42:09 238 159
5:39:24
Somerset, NJ, USA
5:39:24
 "
239,MIDD=3313151115,Bucks County Marathon,"Washington Crossing and New Hope, PA USA","November 15, 2015","Al Emma (M75)
5:44:15 239 160
5:41:25
Exton, PA, USA
3:54:58
 "
240,MIDD=3313151115,Bucks County Marathon,"Washington Crossing and New Hope, PA USA","November 15, 2015","Heather Shaffer (F40)
5:44:32 240 80
5:41:51
Lansdale, PA, USA
5:25:39
 "
241,MIDD=3313151115,Bucks County Marathon,"Washington Crossing and New Hope, PA USA","November 15, 2015","Randy Maugle (M60)
5:45:33 241 161
5:42:38
Fountainville, PA, USA
4:39:25
 "
242,MIDD=3313151115,Bucks County Marathon,"Washington Crossing and New Hope, PA USA","November 15, 2015","Diane Elmore (F44)
5:47:23 242 81
5:44:28
Hamilton, NJ, USA
5:14:15
 "
243,MIDD=3313151115,Bucks County Marathon,"Washington Crossing and New Hope, PA USA","November 15, 2015","Michele Siegrist (F54)
5:47:23 243 82
5:44:28
Morristown, NJ, USA
4:36:42
 "
244,MIDD=3313151115,Bucks County Marathon,"Washington Crossing and New Hope, PA USA","November 15, 2015","Craig Mcgovern (M40)
5:50:17 244 162
5:48:09
Downingtown, PA, USA
5:39:46
 "
245,MIDD=3313151115,Bucks County Marathon,"Washington Crossing and New Hope, PA USA","November 15, 2015","Walter Stanek (M63)
5:57:00 245 163
5:54:08
Byram, NJ, USA
4:40:17
 "
246,MIDD=3313151115,Bucks County Marathon,"Washington Crossing and New Hope, PA USA","November 15, 2015","Jennifer Groves (F35)
6:02:56 246 83
6:02:52
PA, USA
5:57:45
 "
247,MIDD=3313151115,Bucks County Marathon,"Washington Crossing and New Hope, PA USA","November 15, 2015","Sky Waterpeace (M38)
6:11:40 247 164
6:08:30
Pitman, NJ, USA
6:05:11
 "
248,MIDD=3313151115,Bucks County Marathon,"Washington Crossing and New Hope, PA USA","November 15, 2015","Jeffrey Dorko (M62)
6:11:46 248 165
6:09:06
Wyomissing, PA, USA
4:55:06
 "
249,MIDD=3313151115,Bucks County Marathon,"Washington Crossing and New Hope, PA USA","November 15, 2015","Peter Connors (M63)
6:12:51 249 166
6:10:11
New York, NY, USA
4:53:00
 "
250,MIDD=3313151115,Bucks County Marathon,"Washington Crossing and New Hope, PA USA","November 15, 2015","Jim Shoopack (M41)
6:16:16 250 167
6:13:14
East Stroudsburg, PA, USA
6:01:16
 "
251,MIDD=3313151115,Bucks County Marathon,"Washington Crossing and New Hope, PA USA","November 15, 2015","Karen Steele (F45)
6:18:32 251 84
6:15:37
Bethlehem, PA, USA
5:38:35
 "
252,MIDD=3313151115,Bucks County Marathon,"Washington Crossing and New Hope, PA USA","November 15, 2015","Colleen Peterson (F46)
6:19:12 252 85
6:16:20
Southampton, PA, USA
5:35:07
 "
