,race_id,race,location,date,runners
0,MIDD=1504151108,Gobbler Grind Marathon,"Overland Park, KS USA","November 8, 2015","

Have you run this race?Then tell us about it.

Last Name, First Name(Sex/Age)
Time OverAllPlace
Sex Place/Div Place
DIV 
City, State, Country AG Time* BQ*"
1,MIDD=1504151108,Gobbler Grind Marathon,"Overland Park, KS USA","November 8, 2015","Raul Manzanares (M39)
2:43:46 1 1 / 1 M35-39 Abiquiu, NM, USA
2:41:08
BQ"
2,MIDD=1504151108,Gobbler Grind Marathon,"Overland Park, KS USA","November 8, 2015","Ryan Hahn (M26)
2:51:46 2 2 / 1 M25-29 Berryton, KS, USA
2:51:46
BQ"
3,MIDD=1504151108,Gobbler Grind Marathon,"Overland Park, KS USA","November 8, 2015","Scott Brown (M33)
3:05:25 3 3 / 1 M30-34 Urbandale, IA, USA
3:05:25
 "
4,MIDD=1504151108,Gobbler Grind Marathon,"Overland Park, KS USA","November 8, 2015","Terry Harlow (M41)
3:06:07 4 4 / 1 M40-44 Lenexa, KS, USA
3:00:08
BQ"
5,MIDD=1504151108,Gobbler Grind Marathon,"Overland Park, KS USA","November 8, 2015","Timothy Schafer (M31)
3:06:30 5 5 / 2 M30-34 Manhattan, KS, USA
3:06:30
 "
6,MIDD=1504151108,Gobbler Grind Marathon,"Overland Park, KS USA","November 8, 2015","Wiaan Beeton (M28)
3:09:12 6 6 / 2 M25-29 Brackenfell, South Africa
3:09:12
 "
7,MIDD=1504151108,Gobbler Grind Marathon,"Overland Park, KS USA","November 8, 2015","Eddie Walters (M23)
3:12:22 7 7 / 1 M20-24 Omaha, NE, USA
3:12:22
 "
8,MIDD=1504151108,Gobbler Grind Marathon,"Overland Park, KS USA","November 8, 2015","Seth Kutikoff (M27)
3:13:55 8 8 / 3 M25-29 Manhattan, KS, USA
3:13:55
 "
9,MIDD=1504151108,Gobbler Grind Marathon,"Overland Park, KS USA","November 8, 2015","Jeffrey Kail (M35)
3:15:49 9 9 / 2 M35-39 Leawood, KS, USA
3:15:49
 "
10,MIDD=1504151108,Gobbler Grind Marathon,"Overland Park, KS USA","November 8, 2015","zachary boleyn (M39)
3:17:51 10 10 / 3 M35-39 Butler, MO, USA
3:14:41
 "
11,MIDD=1504151108,Gobbler Grind Marathon,"Overland Park, KS USA","November 8, 2015","NK Martin (M50)
3:18:57 11 11 / 1 M50-54 Bloomington, IL, USA
2:58:11
BQ"
12,MIDD=1504151108,Gobbler Grind Marathon,"Overland Park, KS USA","November 8, 2015","Amanda Salzman (F27)
3:19:08 12 1 / 1 F25-29 Winfield, KS, USA
3:19:08
BQ"
13,MIDD=1504151108,Gobbler Grind Marathon,"Overland Park, KS USA","November 8, 2015","Will Malcolm (M30)
3:21:38 13 12 / 3 M30-34 Leavenworth, KS, USA
3:21:38
 "
14,MIDD=1504151108,Gobbler Grind Marathon,"Overland Park, KS USA","November 8, 2015","Ken White (M45)
3:23:16 14 13 / 1 M45-49 Shawnee, KS, USA
3:10:13
BQ"
15,MIDD=1504151108,Gobbler Grind Marathon,"Overland Park, KS USA","November 8, 2015","Teresa Girolamo (F29)
3:24:48 15 2 / 2 F25-29 Lawrence, KS, USA
3:24:48
BQ"
16,MIDD=1504151108,Gobbler Grind Marathon,"Overland Park, KS USA","November 8, 2015","Daniel Johnston (M48)
3:26:37 16 14 / 2 M45-49 Appleton, WI, USA
3:08:23
 "
17,MIDD=1504151108,Gobbler Grind Marathon,"Overland Park, KS USA","November 8, 2015","Abby Knight Einspahr (F31)
3:26:41 17 3 / 1 F30-34 Omaha, NE, USA
3:26:21
BQ"
18,MIDD=1504151108,Gobbler Grind Marathon,"Overland Park, KS USA","November 8, 2015","Eliot Ephraim (M48)
3:28:46 18 15 / 3 M45-49 Chicago, IL, USA
3:10:21
 "
19,MIDD=1504151108,Gobbler Grind Marathon,"Overland Park, KS USA","November 8, 2015","Benjamin Chan (M27)
3:28:51 19 16 / 4 M25-29 Lees Summit, MO, USA
3:28:51
 "
20,MIDD=1504151108,Gobbler Grind Marathon,"Overland Park, KS USA","November 8, 2015","Cory Scheer (M39)
3:29:37 20 17 / 4 M35-39 Liberty, MO, USA
3:26:15
 "
21,MIDD=1504151108,Gobbler Grind Marathon,"Overland Park, KS USA","November 8, 2015","Jim Behrens (M54)
3:29:40 21 18 / 2 M50-54 Saint Louis, MO, USA
3:01:05
BQ"
22,MIDD=1504151108,Gobbler Grind Marathon,"Overland Park, KS USA","November 8, 2015","John Rogers (M18)
3:30:01 22 19 / 1 M0-19 Mission, KS, USA
3:21:55
 "
23,MIDD=1504151108,Gobbler Grind Marathon,"Overland Park, KS USA","November 8, 2015","Kenny Miller (M38)
3:30:16 23 20 / 5 M35-39 Saint Joseph, MO, USA
3:28:22
 "
24,MIDD=1504151108,Gobbler Grind Marathon,"Overland Park, KS USA","November 8, 2015","Gary Mundhenke (M54)
3:30:27 24 21 / 3 M50-54 Kansas City, MO, USA
3:01:45
 "
25,MIDD=1504151108,Gobbler Grind Marathon,"Overland Park, KS USA","November 8, 2015","Craig Stroup (M51)
3:32:18 25 22 / 4 M50-54 White Lake, MI, USA
3:08:27
 "
26,MIDD=1504151108,Gobbler Grind Marathon,"Overland Park, KS USA","November 8, 2015","Chris White (M20)
3:34:43 26 23 / 2 M20-24 Manhattan, KS, USA
3:32:01
 "
27,MIDD=1504151108,Gobbler Grind Marathon,"Overland Park, KS USA","November 8, 2015","Jeff Picken (M53)
3:36:24 27 24 / 5 M50-54 Appleton, WI, USA
3:08:38
 "
28,MIDD=1504151108,Gobbler Grind Marathon,"Overland Park, KS USA","November 8, 2015","Matthew Schmidt (M33)
3:36:53 28 25 / 4 M30-34 Overland Park, KS, USA
3:36:53
 "
29,MIDD=1504151108,Gobbler Grind Marathon,"Overland Park, KS USA","November 8, 2015","RAJ BHALA (M53)
3:38:08 29 26 / 6 M50-54 Lawrence, KS, USA
3:10:08
 "
30,MIDD=1504151108,Gobbler Grind Marathon,"Overland Park, KS USA","November 8, 2015","Scott Kunz (M33)
3:39:53 30 27 / 5 M30-34 Plano, TX, USA
3:39:53
 "
31,MIDD=1504151108,Gobbler Grind Marathon,"Overland Park, KS USA","November 8, 2015","Sherry Mckee (F43)
3:39:57 31 4 / 1 F40-44 Lenexa, KS, USA
3:23:03
BQ"
32,MIDD=1504151108,Gobbler Grind Marathon,"Overland Park, KS USA","November 8, 2015","Ashby Garcia (F34)
3:40:17 32 5 / 2 F30-34 Independence, MO, USA
3:38:07
 "
33,MIDD=1504151108,Gobbler Grind Marathon,"Overland Park, KS USA","November 8, 2015","Daren Schumaker (M34)
3:40:39 33 28 / 6 M30-34 Cedar Rapids, IA, USA
3:40:39
 "
34,MIDD=1504151108,Gobbler Grind Marathon,"Overland Park, KS USA","November 8, 2015","Pedro Blanco (M39)
3:41:26 34 29 / 6 M35-39 Omaha, NE, USA
3:37:53
 "
35,MIDD=1504151108,Gobbler Grind Marathon,"Overland Park, KS USA","November 8, 2015","Kyle Swift (M18)
3:42:27 35 30 / 2 M0-19 Olathe, KS, USA
3:33:53
 "
36,MIDD=1504151108,Gobbler Grind Marathon,"Overland Park, KS USA","November 8, 2015","Brady Campbell (M22)
3:42:55 36 31 / 3 M20-24 Clive, IA, USA
3:42:48
 "
37,MIDD=1504151108,Gobbler Grind Marathon,"Overland Park, KS USA","November 8, 2015","Ken Beach (M63)
3:45:32 37 32 / 1 M60-64 Kansas City, MO, USA
2:58:30
BQ"
38,MIDD=1504151108,Gobbler Grind Marathon,"Overland Park, KS USA","November 8, 2015","Scott Smith (M40)
3:46:39 38 33 / 2 M40-44 Excelsior Springs, MO, USA
3:41:11
 "
39,MIDD=1504151108,Gobbler Grind Marathon,"Overland Park, KS USA","November 8, 2015","Brett Seeliger (M30)
3:47:02 39 34 / 7 M30-34 Mission, KS, USA
3:47:02
 "
40,MIDD=1504151108,Gobbler Grind Marathon,"Overland Park, KS USA","November 8, 2015","Ryan Moore (M32)
3:47:42 40 35 / 8 M30-34 Blue Springs, MO, USA
3:47:42
 "
41,MIDD=1504151108,Gobbler Grind Marathon,"Overland Park, KS USA","November 8, 2015","Sean Ahern (M47)
3:47:52 41 36 / 4 M45-49 Lees Summit, MO, USA
3:29:35
 "
42,MIDD=1504151108,Gobbler Grind Marathon,"Overland Park, KS USA","November 8, 2015","Kurt Brundage (M36)
3:49:00 42 37 / 7 M35-39 Wichita, KS, USA
3:48:46
 "
43,MIDD=1504151108,Gobbler Grind Marathon,"Overland Park, KS USA","November 8, 2015","Donald Wells (M47)
3:50:20 43 38 / 5 M45-49 Kansas City, MO, USA
3:31:51
 "
44,MIDD=1504151108,Gobbler Grind Marathon,"Overland Park, KS USA","November 8, 2015","Tony Brinkman (M58)
3:50:27 44 39 / 1 M55-59 Selma, IN, USA
3:11:38
 "
45,MIDD=1504151108,Gobbler Grind Marathon,"Overland Park, KS USA","November 8, 2015","Amy Haley (F39)
3:51:19 45 6 / 1 F35-39 Costa Mesa, CA, USA
3:42:14
 "
46,MIDD=1504151108,Gobbler Grind Marathon,"Overland Park, KS USA","November 8, 2015","Stacey Slover (F49)
3:53:25 46 7 / 1 F45-49 Kansas City, MO, USA
3:20:13
BQ"
47,MIDD=1504151108,Gobbler Grind Marathon,"Overland Park, KS USA","November 8, 2015","Jeff Swift (M46)
3:53:35 47 40 / 6 M45-49 Olathe, KS, USA
3:36:43
 "
48,MIDD=1504151108,Gobbler Grind Marathon,"Overland Park, KS USA","November 8, 2015","Ashok Attaluri (M37)
3:53:49 48 41 / 8 M35-39 Overland Park, KS, USA
3:52:52
 "
49,MIDD=1504151108,Gobbler Grind Marathon,"Overland Park, KS USA","November 8, 2015","Timothy Powell (M55)
3:56:47 49 42 / 2 M55-59 Akron, OH, USA
3:22:35
 "
50,MIDD=1504151108,Gobbler Grind Marathon,"Overland Park, KS USA","November 8, 2015","Melissa Welty (F23)
3:57:07 50 8 / 1 F20-24 Wichita, KS, USA
3:57:07
 "
51,MIDD=1504151108,Gobbler Grind Marathon,"Overland Park, KS USA","November 8, 2015","Ryan Swift (M20)
3:57:59 51 43 / 4 M20-24 Olathe, KS, USA
3:55:00
 "
52,MIDD=1504151108,Gobbler Grind Marathon,"Overland Park, KS USA","November 8, 2015","Stephanie Michaelis (F34)
3:59:16 52 9 / 3 F30-34 Independence, MO, USA
3:56:55
 "
53,MIDD=1504151108,Gobbler Grind Marathon,"Overland Park, KS USA","November 8, 2015","Alex Feria (M32)
3:59:29 53 44 / 9 M30-34 Dublin, OH, USA
3:59:29
 "
54,MIDD=1504151108,Gobbler Grind Marathon,"Overland Park, KS USA","November 8, 2015","Tom Moore (M57)
3:59:30 54 45 / 3 M55-59 Greenwood, MO, USA
3:21:05
 "
55,MIDD=1504151108,Gobbler Grind Marathon,"Overland Park, KS USA","November 8, 2015","Lamburtus Melcher (M55)
4:01:12 55 46 / 4 M55-59 Dallastown, PA, USA
3:26:22
 "
56,MIDD=1504151108,Gobbler Grind Marathon,"Overland Park, KS USA","November 8, 2015","Badhri Chakravarthy (M55)
4:01:26 56 47 / 5 M55-59 Saint Louis, MO, USA
3:26:34
 "
57,MIDD=1504151108,Gobbler Grind Marathon,"Overland Park, KS USA","November 8, 2015","Lane Nichols (M18)
4:02:45 57 48 / 3 M0-19 Manhattan, KS, USA
3:53:24
 "
58,MIDD=1504151108,Gobbler Grind Marathon,"Overland Park, KS USA","November 8, 2015","Keith Baumert (M60)
4:05:05 58 49 / 2 M60-64 Omaha, NE, USA
3:19:51
 "
59,MIDD=1504151108,Gobbler Grind Marathon,"Overland Park, KS USA","November 8, 2015","Leia Anderson (F32)
4:05:31 59 10 / 4 F30-34 Kansas City, MO, USA
4:04:39
 "
60,MIDD=1504151108,Gobbler Grind Marathon,"Overland Park, KS USA","November 8, 2015","Phillip Hodges (M31)
4:06:05 60 50 / 10 M30-34 Independence, MO, USA
4:06:05
 "
61,MIDD=1504151108,Gobbler Grind Marathon,"Overland Park, KS USA","November 8, 2015","Shaun Pate (M33)
4:06:19 61 51 / 11 M30-34 Overland Park, KS, USA
4:06:19
 "
62,MIDD=1504151108,Gobbler Grind Marathon,"Overland Park, KS USA","November 8, 2015","Teresa Gooch (F37)
4:07:19 62 11 / 2 F35-39 Columbia, MO, USA
4:01:06
 "
63,MIDD=1504151108,Gobbler Grind Marathon,"Overland Park, KS USA","November 8, 2015","Michael Ferguson (M32)
4:08:55 63 52 / 12 M30-34 Tonganoxie, KS, USA
4:08:55
 "
64,MIDD=1504151108,Gobbler Grind Marathon,"Overland Park, KS USA","November 8, 2015","James Debartolo (M52)
4:09:01 64 53 / 7 M50-54 Ankeny, IA, USA
3:39:03
 "
65,MIDD=1504151108,Gobbler Grind Marathon,"Overland Park, KS USA","November 8, 2015","Wael Sammur (M53)
4:09:08 65 54 / 8 M50-54 Raymore, MO, USA
3:37:10
 "
66,MIDD=1504151108,Gobbler Grind Marathon,"Overland Park, KS USA","November 8, 2015","William Carter (M18)
4:09:52 66 55 / 4 M0-19 Stilwell, KS, USA
4:00:14
 "
67,MIDD=1504151108,Gobbler Grind Marathon,"Overland Park, KS USA","November 8, 2015","Jonathan Terlouw (M52)
4:09:58 67 56 / 9 M50-54 Bentonville, AR, USA
3:39:53
 "
68,MIDD=1504151108,Gobbler Grind Marathon,"Overland Park, KS USA","November 8, 2015","Elizabeth Dyer (F33)
4:11:12 68 12 / 5 F30-34 Omaha, NE, USA
4:09:37
 "
69,MIDD=1504151108,Gobbler Grind Marathon,"Overland Park, KS USA","November 8, 2015","MICHAEL DORNBUSCH (M50)
4:12:46 69 57 / 10 M50-54 Mission, KS, USA
3:46:24
 "
70,MIDD=1504151108,Gobbler Grind Marathon,"Overland Park, KS USA","November 8, 2015","Haley Roach (F21)
4:12:57 70 13 / 2 F20-24 Lees Summit, MO, USA
4:12:57
 "
71,MIDD=1504151108,Gobbler Grind Marathon,"Overland Park, KS USA","November 8, 2015","Naoki Mikoshiba (M36)
4:14:42 71 58 / 9 M35-39 Overland Park, KS, USA
4:14:26
 "
72,MIDD=1504151108,Gobbler Grind Marathon,"Overland Park, KS USA","November 8, 2015","Ruben Noguera (M39)
4:16:06 72 59 / 10 M35-39 Kansas City, MO, USA
4:12:00
 "
73,MIDD=1504151108,Gobbler Grind Marathon,"Overland Park, KS USA","November 8, 2015","Debe Jajko (F61)
4:16:37 73 14 / 1 F60-64 Jefferson City, MO, USA
3:06:25
BQ"
74,MIDD=1504151108,Gobbler Grind Marathon,"Overland Park, KS USA","November 8, 2015","Jim McKinney (M44)
4:17:14 74 60 / 3 M40-44 Lamoni, IA, USA
4:02:48
 "
75,MIDD=1504151108,Gobbler Grind Marathon,"Overland Park, KS USA","November 8, 2015","Cynthia Muparaganda (F38)
4:17:46 75 15 / 3 F35-39 Kansas City, MO, USA
4:09:34
 "
76,MIDD=1504151108,Gobbler Grind Marathon,"Overland Park, KS USA","November 8, 2015","Becky Sudik (F49)
4:18:06 76 16 / 2 F45-49 Lincoln, NE, USA
3:41:23
 "
77,MIDD=1504151108,Gobbler Grind Marathon,"Overland Park, KS USA","November 8, 2015","Adam Stroik (M25)
4:18:15 77 61 / 5 M25-29 Fort Riley, KS, USA
4:18:15
 "
78,MIDD=1504151108,Gobbler Grind Marathon,"Overland Park, KS USA","November 8, 2015","Mary Anthes (F50)
4:18:37 78 17 / 1 F50-54 Kansas City, MO, USA
3:39:01
 "
79,MIDD=1504151108,Gobbler Grind Marathon,"Overland Park, KS USA","November 8, 2015","David Peters (M60)
4:18:39 79 62 / 3 M60-64 Lincoln, NE, USA
3:30:55
 "
80,MIDD=1504151108,Gobbler Grind Marathon,"Overland Park, KS USA","November 8, 2015","Adria Parr (F23)
4:19:08 80 18 / 3 F20-24 Stilwell, KS, USA
4:19:08
 "
81,MIDD=1504151108,Gobbler Grind Marathon,"Overland Park, KS USA","November 8, 2015","Greg Schultz (M58)
4:20:49 81 63 / 6 M55-59 Kansas City, MO, USA
3:36:53
 "
82,MIDD=1504151108,Gobbler Grind Marathon,"Overland Park, KS USA","November 8, 2015","Rebecca Steven (F54)
4:21:20 82 19 / 2 F50-54 Wichita, KS, USA
3:29:55
 "
83,MIDD=1504151108,Gobbler Grind Marathon,"Overland Park, KS USA","November 8, 2015","Laura Kapustka (F53)
4:21:40 83 20 / 3 F50-54 Lincoln, NE, USA
3:33:02
 "
84,MIDD=1504151108,Gobbler Grind Marathon,"Overland Park, KS USA","November 8, 2015","Jarred Shorr (M26)
4:21:49 84 64 / 6 M25-29 Warwick, RI, USA
4:21:49
 "
85,MIDD=1504151108,Gobbler Grind Marathon,"Overland Park, KS USA","November 8, 2015","Melanie Linderer (F38)
4:22:26 85 21 / 4 F35-39 Liberty, MO, USA
4:14:05
 "
86,MIDD=1504151108,Gobbler Grind Marathon,"Overland Park, KS USA","November 8, 2015","Jeff Stephens (M28)
4:23:37 86 65 / 7 M25-29 Overland Park, KS, USA
4:23:37
 "
87,MIDD=1504151108,Gobbler Grind Marathon,"Overland Park, KS USA","November 8, 2015","Justin Moss (M33)
4:23:42 87 66 / 13 M30-34 Topeka, KS, USA
4:23:42
 "
88,MIDD=1504151108,Gobbler Grind Marathon,"Overland Park, KS USA","November 8, 2015","Joe Nichols (M50)
4:24:20 88 67 / 11 M50-54 Savannah, MO, USA
3:56:45
 "
89,MIDD=1504151108,Gobbler Grind Marathon,"Overland Park, KS USA","November 8, 2015","Danny Miller (M35)
4:24:25 89 68 / 11 M35-39 Kansas City, MO, USA
4:24:25
 "
90,MIDD=1504151108,Gobbler Grind Marathon,"Overland Park, KS USA","November 8, 2015","Adam Garrett (M42)
4:24:47 90 69 / 4 M40-44 Lees Summit, MO, USA
4:14:09
 "
91,MIDD=1504151108,Gobbler Grind Marathon,"Overland Park, KS USA","November 8, 2015","Ellen Brinkman (F58)
4:24:58 91 22 / 1 F55-59 Selma, IN, USA
3:21:17
 "
92,MIDD=1504151108,Gobbler Grind Marathon,"Overland Park, KS USA","November 8, 2015","John Kinnicutt (M53)
4:25:40 92 70 / 12 M50-54 Albany, NY, USA
3:51:34
 "
93,MIDD=1504151108,Gobbler Grind Marathon,"Overland Park, KS USA","November 8, 2015","Matt Walker (M28)
4:26:26 93 71 / 8 M25-29 Lenexa, KS, USA
4:26:26
 "
94,MIDD=1504151108,Gobbler Grind Marathon,"Overland Park, KS USA","November 8, 2015","David McCorquodale (M71)
4:27:41 94 72 / 1 M70-74 Wilmington, DE, USA
3:14:39
 "
95,MIDD=1504151108,Gobbler Grind Marathon,"Overland Park, KS USA","November 8, 2015","Terrence Andrew Simpson (M25)
4:27:42 95 73 / 9 M25-29 Tulsa, OK, USA
4:27:42
 "
96,MIDD=1504151108,Gobbler Grind Marathon,"Overland Park, KS USA","November 8, 2015","Stephen Young (M68)
4:28:23 96 74 / 1 M65-69 Jefferson City, MO, USA
3:21:39
 "
97,MIDD=1504151108,Gobbler Grind Marathon,"Overland Park, KS USA","November 8, 2015","Sheila Beermann (F53)
4:28:45 97 23 / 4 F50-54 Elk Point, SD, USA
3:38:48
 "
98,MIDD=1504151108,Gobbler Grind Marathon,"Overland Park, KS USA","November 8, 2015","Rick Farrand (M58)
4:28:45 98 75 / 7 M55-59 Denver, CO, USA
3:43:29
 "
99,MIDD=1504151108,Gobbler Grind Marathon,"Overland Park, KS USA","November 8, 2015","Jennifer Lash (F47)
4:28:47 99 24 / 3 F45-49 Fishers, IN, USA
3:56:25
 "
100,MIDD=1504151108,Gobbler Grind Marathon,"Overland Park, KS USA","November 8, 2015","Paulette Smith (F41)
4:28:47 100 25 / 2 F40-44 Rogers, AR, USA
4:13:35
 "
101,MIDD=1504151108,Gobbler Grind Marathon,"Overland Park, KS USA","November 8, 2015","Mark Verschelden (M51)
4:28:54 101 76 / 13 M50-54 Lenexa, KS, USA
3:58:42
 "
102,MIDD=1504151108,Gobbler Grind Marathon,"Overland Park, KS USA","November 8, 2015","Brian Mann (M46)
4:30:30 102 77 / 7 M45-49 West Des Moines, IA, USA
4:10:58
 "
103,MIDD=1504151108,Gobbler Grind Marathon,"Overland Park, KS USA","November 8, 2015","Bill Frazier (M53)
4:30:33 103 78 / 14 M50-54 Kearney, MO, USA
3:55:50
 "
104,MIDD=1504151108,Gobbler Grind Marathon,"Overland Park, KS USA","November 8, 2015","Rosemarie Ornellas (F53)
4:30:48 104 26 / 5 F50-54 Elbert, CO, USA
3:40:29
 "
105,MIDD=1504151108,Gobbler Grind Marathon,"Overland Park, KS USA","November 8, 2015","Kathy Pride (F55)
4:34:20 105 27 / 2 F55-59 Danville, PA, USA
3:37:22
 "
106,MIDD=1504151108,Gobbler Grind Marathon,"Overland Park, KS USA","November 8, 2015","Michael Mall (M43)
4:34:29 106 79 / 5 M40-44 Overland Park, KS, USA
4:21:16
 "
107,MIDD=1504151108,Gobbler Grind Marathon,"Overland Park, KS USA","November 8, 2015","Justin Werner (M25)
4:35:29 107 80 / 10 M25-29 Topeka, KS, USA
4:35:29
 "
108,MIDD=1504151108,Gobbler Grind Marathon,"Overland Park, KS USA","November 8, 2015","Natalie Davis (F19)
4:36:09 108 28 / 1 F0-19 South Hutchinson, KS, USA
4:34:22
 "
109,MIDD=1504151108,Gobbler Grind Marathon,"Overland Park, KS USA","November 8, 2015","Eric Konen (M46)
4:36:16 109 81 / 8 M45-49 Sugar Grove, IL, USA
4:16:19
 "
110,MIDD=1504151108,Gobbler Grind Marathon,"Overland Park, KS USA","November 8, 2015","Lori Terlouw (F51)
4:36:30 110 29 / 6 F50-54 Bentonville, AR, USA
3:51:09
 "
111,MIDD=1504151108,Gobbler Grind Marathon,"Overland Park, KS USA","November 8, 2015","Tj Blodgett (M33)
4:37:06 111 82 / 14 M30-34 Liberty, MO, USA
4:37:06
 "
112,MIDD=1504151108,Gobbler Grind Marathon,"Overland Park, KS USA","November 8, 2015","Robyn Powell (F48)
4:37:26 112 30 / 4 F45-49 Marietta, GA, USA
4:01:00
 "
113,MIDD=1504151108,Gobbler Grind Marathon,"Overland Park, KS USA","November 8, 2015","Michelle Peterson (F34)
4:38:46 113 31 / 6 F30-34 Stilwell, KS, USA
4:36:02
 "
114,MIDD=1504151108,Gobbler Grind Marathon,"Overland Park, KS USA","November 8, 2015","Noah Palmer (M63)
4:42:06 114 83 / 4 M60-64 North Platte, NE, USA
3:43:16
 "
115,MIDD=1504151108,Gobbler Grind Marathon,"Overland Park, KS USA","November 8, 2015","Jeff Baker (M50)
4:43:01 115 84 / 15 M50-54 Leavenworth, KS, USA
4:13:29
 "
116,MIDD=1504151108,Gobbler Grind Marathon,"Overland Park, KS USA","November 8, 2015","Russell Benton (M54)
4:43:31 116 85 / 16 M50-54 Paola, KS, USA
4:04:52
 "
117,MIDD=1504151108,Gobbler Grind Marathon,"Overland Park, KS USA","November 8, 2015","John Cordogan (M59)
4:45:30 117 86 / 8 M55-59 Sugar Grove, IL, USA
3:55:08
 "
118,MIDD=1504151108,Gobbler Grind Marathon,"Overland Park, KS USA","November 8, 2015","Robert Merritt (M37)
4:45:41 118 87 / 12 M35-39 Lees Summit, MO, USA
4:44:32
 "
119,MIDD=1504151108,Gobbler Grind Marathon,"Overland Park, KS USA","November 8, 2015","Jennifer Tieman (F44)
4:45:51 119 32 / 3 F40-44 Lees Summit, MO, USA
4:20:46
 "
120,MIDD=1504151108,Gobbler Grind Marathon,"Overland Park, KS USA","November 8, 2015","Nicholas Brondel (M28)
4:46:34 120 88 / 11 M25-29 Kansas City, MO, USA
4:46:34
 "
121,MIDD=1504151108,Gobbler Grind Marathon,"Overland Park, KS USA","November 8, 2015","Mark Zaremba (M54)
4:48:05 121 89 / 17 M50-54 Killen, AL, USA
4:08:49
 "
122,MIDD=1504151108,Gobbler Grind Marathon,"Overland Park, KS USA","November 8, 2015","Rick Roeber (M59)
4:48:39 122 90 / 9 M55-59 Lees Summit, MO, USA
3:57:43
 "
123,MIDD=1504151108,Gobbler Grind Marathon,"Overland Park, KS USA","November 8, 2015","Lindsay Cuadra (F21)
4:50:25 123 33 / 4 F20-24 Derby, KS, USA
4:50:25
 "
124,MIDD=1504151108,Gobbler Grind Marathon,"Overland Park, KS USA","November 8, 2015","Carolyn Wallace (F22)
4:50:26 124 34 / 5 F20-24 Olathe, KS, USA
4:50:26
 "
125,MIDD=1504151108,Gobbler Grind Marathon,"Overland Park, KS USA","November 8, 2015","Katie Nelson (F20)
4:51:49 125 35 / 6 F20-24 Lawrence, KS, USA
4:51:36
 "
126,MIDD=1504151108,Gobbler Grind Marathon,"Overland Park, KS USA","November 8, 2015","Brook Plato (F27)
4:51:50 126 36 / 3 F25-29 Stilwell, KS, USA
4:51:50
 "
127,MIDD=1504151108,Gobbler Grind Marathon,"Overland Park, KS USA","November 8, 2015","Mackenzie Gorthy (F21)
4:51:50 127 37 / 7 F20-24 Stilwell, KS, USA
4:51:50
 "
128,MIDD=1504151108,Gobbler Grind Marathon,"Overland Park, KS USA","November 8, 2015","Brandon Parker (M34)
4:52:14 128 91 / 15 M30-34 Wagner, SD, USA
4:52:14
 "
129,MIDD=1504151108,Gobbler Grind Marathon,"Overland Park, KS USA","November 8, 2015","Sheridan Warren (M45)
4:56:10 129 92 / 9 M45-49 Olathe, KS, USA
4:37:09
 "
130,MIDD=1504151108,Gobbler Grind Marathon,"Overland Park, KS USA","November 8, 2015","Chris Revoir (M62)
4:56:14 130 93 / 5 M60-64 Nixa, MO, USA
3:56:50
 "
131,MIDD=1504151108,Gobbler Grind Marathon,"Overland Park, KS USA","November 8, 2015","Tracy Angold (F62)
4:57:40 131 38 / 2 F60-64 Saint Joseph, MO, USA
3:32:51
 "
132,MIDD=1504151108,Gobbler Grind Marathon,"Overland Park, KS USA","November 8, 2015","Leslie Boughton (F45)
4:58:05 132 39 / 5 F45-49 Anchorage, AK, USA
4:28:41
 "
133,MIDD=1504151108,Gobbler Grind Marathon,"Overland Park, KS USA","November 8, 2015","Larry Butler (M53)
4:58:56 133 94 / 18 M50-54 Lees Summit, MO, USA
4:20:34
 "
134,MIDD=1504151108,Gobbler Grind Marathon,"Overland Park, KS USA","November 8, 2015","Thomas Brand (M68)
4:58:59 134 95 / 2 M65-69 Summit, NJ, USA
3:44:39
 "
135,MIDD=1504151108,Gobbler Grind Marathon,"Overland Park, KS USA","November 8, 2015","Sophie Lamb (F29)
4:59:13 135 40 / 4 F25-29 Lawrence, KS, USA
4:59:13
 "
136,MIDD=1504151108,Gobbler Grind Marathon,"Overland Park, KS USA","November 8, 2015","Christina Howell (F29)
4:59:29 136 41 / 5 F25-29 Pratt, KS, USA
4:59:29
 "
137,MIDD=1504151108,Gobbler Grind Marathon,"Overland Park, KS USA","November 8, 2015","Phillip Kinnison (M29)
4:59:31 137 96 / 12 M25-29 Chicago, IL, USA
4:59:31
 "
138,MIDD=1504151108,Gobbler Grind Marathon,"Overland Park, KS USA","November 8, 2015","Michael Brown (M48)
5:00:46 138 97 / 10 M45-49 Kansas City, MO, USA
4:34:14
 "
139,MIDD=1504151108,Gobbler Grind Marathon,"Overland Park, KS USA","November 8, 2015","Jose Luis Manriquez (M50)
5:02:33 139 98 / 19 M50-54 Lenexa, KS, USA
4:30:59
 "
140,MIDD=1504151108,Gobbler Grind Marathon,"Overland Park, KS USA","November 8, 2015","Myra Valdez (F40)
5:03:15 140 42 / 4 F40-44 Shawnee, KS, USA
4:48:52
 "
141,MIDD=1504151108,Gobbler Grind Marathon,"Overland Park, KS USA","November 8, 2015","Theresa Mills (F50)
5:03:15 141 43 / 7 F50-54 Shawnee, KS, USA
4:16:49
 "
142,MIDD=1504151108,Gobbler Grind Marathon,"Overland Park, KS USA","November 8, 2015","Andrew Mersman (M34)
5:04:06 142 99 / 16 M30-34 Overland Park, KS, USA
5:04:06
 "
143,MIDD=1504151108,Gobbler Grind Marathon,"Overland Park, KS USA","November 8, 2015","Tim Hoggard (M51)
5:05:25 143 100 / 20 M50-54 Gardner, KS, USA
4:31:07
 "
144,MIDD=1504151108,Gobbler Grind Marathon,"Overland Park, KS USA","November 8, 2015","Mary Papreck (F62)
5:05:28 144 44 / 3 F60-64 Mount Prospect, IL, USA
3:38:26
 "
145,MIDD=1504151108,Gobbler Grind Marathon,"Overland Park, KS USA","November 8, 2015","Susan Parmele (F40)
5:07:58 145 45 / 5 F40-44 Minnetonka, MN, USA
4:53:22
 "
146,MIDD=1504151108,Gobbler Grind Marathon,"Overland Park, KS USA","November 8, 2015","Sarah Stangl (F28)
5:08:25 146 46 / 6 F25-29 Minneapolis, MN, USA
5:08:25
 "
147,MIDD=1504151108,Gobbler Grind Marathon,"Overland Park, KS USA","November 8, 2015","Krupakar Revanna Revanna (M72)
5:09:15 147 101 / 2 M70-74 Falls Church, VA, USA
3:42:11
 "
148,MIDD=1504151108,Gobbler Grind Marathon,"Overland Park, KS USA","November 8, 2015","Anthony Alvarado (M29)
5:11:30 148 102 / 13 M25-29 Romeoville, IL, USA
5:11:30
 "
149,MIDD=1504151108,Gobbler Grind Marathon,"Overland Park, KS USA","November 8, 2015","Marlene Birkholtz-Wier (F44)
5:11:39 149 47 / 6 F40-44 Clarinda, IA, USA
4:44:19
 "
150,MIDD=1504151108,Gobbler Grind Marathon,"Overland Park, KS USA","November 8, 2015","Cathie Boyles (F64)
5:12:57 150 48 / 4 F60-64 Decatur, GA, USA
3:36:24
 "
151,MIDD=1504151108,Gobbler Grind Marathon,"Overland Park, KS USA","November 8, 2015","Becky Bien (F24)
5:14:43 151 49 / 8 F20-24 Leawood, KS, USA
5:14:43
 "
152,MIDD=1504151108,Gobbler Grind Marathon,"Overland Park, KS USA","November 8, 2015","Travis Newport (M25)
5:16:17 152 103 / 14 M25-29 Kansas City, MO, USA
5:16:17
 "
153,MIDD=1504151108,Gobbler Grind Marathon,"Overland Park, KS USA","November 8, 2015","Abbey Holtz (F24)
5:17:08 153 50 / 9 F20-24 Topeka, KS, USA
5:17:08
 "
154,MIDD=1504151108,Gobbler Grind Marathon,"Overland Park, KS USA","November 8, 2015","Barbara Alston (F49)
5:19:02 154 51 / 6 F45-49 Sanford, FL, USA
4:33:40
 "
155,MIDD=1504151108,Gobbler Grind Marathon,"Overland Park, KS USA","November 8, 2015","Lori Trampas (F39)
5:19:08 155 52 / 5 F35-39 Chicago, IL, USA
5:06:37
 "
156,MIDD=1504151108,Gobbler Grind Marathon,"Overland Park, KS USA","November 8, 2015","Steve Harris (M35)
5:19:26 156 104 / 13 M35-39 Olathe, KS, USA
5:19:26
 "
157,MIDD=1504151108,Gobbler Grind Marathon,"Overland Park, KS USA","November 8, 2015","Brian Whitworth (M45)
5:19:39 157 105 / 11 M45-49 Saint Louis, MO, USA
4:59:07
 "
158,MIDD=1504151108,Gobbler Grind Marathon,"Overland Park, KS USA","November 8, 2015","Marjorie Kuzminski (F43)
5:23:41 158 53 / 7 F40-44 Leesburg, VA, USA
4:58:49
 "
159,MIDD=1504151108,Gobbler Grind Marathon,"Overland Park, KS USA","November 8, 2015","MELISSA GRIFFIN (F48)
5:27:57 159 54 / 7 F45-49 Lees Summit, MO, USA
4:44:53
 "
160,MIDD=1504151108,Gobbler Grind Marathon,"Overland Park, KS USA","November 8, 2015","Susan McCarthy (F66)
5:28:08 160 55 / 1 F65-69 Kansas City, MO, USA
3:38:53
 "
161,MIDD=1504151108,Gobbler Grind Marathon,"Overland Park, KS USA","November 8, 2015","Lexi Gahagan (F16)
5:28:31 161 56 / 2 F0-19 Overland Park, KS, USA
5:10:26
 "
162,MIDD=1504151108,Gobbler Grind Marathon,"Overland Park, KS USA","November 8, 2015","Lea Hayduk (F42)
5:28:37 162 57 / 8 F40-44 Tulsa, OK, USA
5:06:49
 "
163,MIDD=1504151108,Gobbler Grind Marathon,"Overland Park, KS USA","November 8, 2015","Amanda Bradford (F45)
5:30:09 163 58 / 8 F45-49 Independence, MO, USA
4:57:35
 "
164,MIDD=1504151108,Gobbler Grind Marathon,"Overland Park, KS USA","November 8, 2015","Ric Bradford (M42)
5:31:51 164 106 / 6 M40-44 Independence, MO, USA
5:18:32
 "
165,MIDD=1504151108,Gobbler Grind Marathon,"Overland Park, KS USA","November 8, 2015","Philip Roberts (M31)
5:31:59 165 107 / 17 M30-34 Topeka, KS, USA
5:31:59
 "
166,MIDD=1504151108,Gobbler Grind Marathon,"Overland Park, KS USA","November 8, 2015","Fran Libasci (F63)
5:33:16 166 59 / 5 F60-64 Summit, NJ, USA
3:54:25
 "
167,MIDD=1504151108,Gobbler Grind Marathon,"Overland Park, KS USA","November 8, 2015","Ken Whiting (M59)
5:33:56 167 108 / 10 M55-59 Scotts Valley, CA, USA
4:35:01
 "
168,MIDD=1504151108,Gobbler Grind Marathon,"Overland Park, KS USA","November 8, 2015","Eugene Naughton (M48)
5:33:56 168 109 / 12 M45-49  
5:04:28
 "
169,MIDD=1504151108,Gobbler Grind Marathon,"Overland Park, KS USA","November 8, 2015","Jerod Chaffin (M17)
5:37:40 169 110 / 5 M0-19 Overland Park, KS, USA
5:19:56
 "
170,MIDD=1504151108,Gobbler Grind Marathon,"Overland Park, KS USA","November 8, 2015","Joe Arthur (M27)
5:39:59 170 111 / 15 M25-29 Lees Summit, MO, USA
5:39:59
 "
171,MIDD=1504151108,Gobbler Grind Marathon,"Overland Park, KS USA","November 8, 2015","Amanda Clinton (F46)
5:43:24 171 60 / 9 F45-49 Trujillo Alto, Puerto Rico
5:05:47
 "
172,MIDD=1504151108,Gobbler Grind Marathon,"Overland Park, KS USA","November 8, 2015","Debra Roberts (F57)
5:45:48 172 61 / 3 F55-59 Pratt, KS, USA
4:26:28
 "
173,MIDD=1504151108,Gobbler Grind Marathon,"Overland Park, KS USA","November 8, 2015","Margaret Hvatum (F59)
5:46:53 173 62 / 4 F55-59 Saint Louis, MO, USA
4:19:44
 "
174,MIDD=1504151108,Gobbler Grind Marathon,"Overland Park, KS USA","November 8, 2015","JJ Libal (M45)
5:51:31 174 112 / 13 M45-49 Overland Park, KS, USA
5:28:56
 "
175,MIDD=1504151108,Gobbler Grind Marathon,"Overland Park, KS USA","November 8, 2015","Kelly Gilstrap (M47)
5:56:22 175 113 / 14 M45-49 Grandview, MO, USA
5:27:47
 "
176,MIDD=1504151108,Gobbler Grind Marathon,"Overland Park, KS USA","November 8, 2015","Ed Dobbles (M45)
5:57:24 176 114 / 15 M45-49 Overland Park, KS, USA
5:34:27
 "
177,MIDD=1504151108,Gobbler Grind Marathon,"Overland Park, KS USA","November 8, 2015","Donald Landry (M70)
5:57:49 177 115 / 3 M70-74 Montreal, QB, Canada
4:23:06
 "
178,MIDD=1504151108,Gobbler Grind Marathon,"Overland Park, KS USA","November 8, 2015","Marion Landry (F71)
5:57:49 178 63 / 1 F70-74 Montreal, QB, Canada
3:35:26
 "
179,MIDD=1504151108,Gobbler Grind Marathon,"Overland Park, KS USA","November 8, 2015","Glynda Wilson (F60)
5:59:49 179 64 / 6 F60-64 Kansas City, MO, USA
4:25:26
 "
180,MIDD=1504151108,Gobbler Grind Marathon,"Overland Park, KS USA","November 8, 2015","Jeffrey Miller (M37)
6:01:13 180 116 / 14 M35-39 Columbia, MO, USA
5:59:46
 "
181,MIDD=1504151108,Gobbler Grind Marathon,"Overland Park, KS USA","November 8, 2015","Gwendolyn Rucker (F54)
6:03:02 181 65 / 8 F50-54 Elkhorn, NE, USA
4:51:37
 "
182,MIDD=1504151108,Gobbler Grind Marathon,"Overland Park, KS USA","November 8, 2015","Thomas Korn (M69)
6:05:35 182 117 / 3 M65-69 Louisville, NE, USA
4:31:46
 "
183,MIDD=1504151108,Gobbler Grind Marathon,"Overland Park, KS USA","November 8, 2015","JoLee Gardner (F62)
6:06:00 183 66 / 7 F60-64 Jacksonville, FL, USA
4:21:43
 "
184,MIDD=1504151108,Gobbler Grind Marathon,"Overland Park, KS USA","November 8, 2015","Tom Detore (M67)
6:08:58 184 118 / 4 M65-69 Columbia, MO, USA
4:40:11
 "
185,MIDD=1504151108,Gobbler Grind Marathon,"Overland Park, KS USA","November 8, 2015","Melissa Herring (F32)
6:09:34 185 67 / 7 F30-34 Emporia, KS, USA
6:08:16
 "
186,MIDD=1504151108,Gobbler Grind Marathon,"Overland Park, KS USA","November 8, 2015","Mark Landry (M65)
6:17:16 186 119 / 5 M65-69 Overland Park, KS, USA
4:52:31
 "
187,MIDD=1504151108,Gobbler Grind Marathon,"Overland Park, KS USA","November 8, 2015","Chandy Thomas (F39)
6:25:24 187 68 / 6 F35-39 Kansas City, MO, USA
6:10:17
 "
188,MIDD=1504151108,Gobbler Grind Marathon,"Overland Park, KS USA","November 8, 2015","Emily Mills (F33)
6:25:24 188 69 / 8 F30-34 Lawrence, KS, USA
6:22:58
 "
189,MIDD=1504151108,Gobbler Grind Marathon,"Overland Park, KS USA","November 8, 2015","Susan Smith (F60)
6:51:41 189 70 / 8 F60-64 Leawood, KS, USA
5:03:41
 "
190,MIDD=1504151108,Gobbler Grind Marathon,"Overland Park, KS USA","November 8, 2015","Michelle Hatfield (F42)
6:54:16 190 71 / 9 F40-44 Blue Springs, MO, USA
6:26:48
 "
191,MIDD=1504151108,Gobbler Grind Marathon,"Overland Park, KS USA","November 8, 2015","Kathy DeaKyne (F62)
7:06:21 191 72 / 9 F60-64 Carmel, IN, USA
5:04:52
 "
192,MIDD=1504151108,Gobbler Grind Marathon,"Overland Park, KS USA","November 8, 2015","Chris Baker (M43)
7:20:26 192 120 / 7 M40-44 Lenexa, KS, USA
6:59:14
 "
