,race_id,race,location,date,runners
0,MIDD=4623151102,Day of the Dead Marathon Series Day 3,"Las Cruces, NM USA","November 2, 2015","

Have you run this race?Then tell us about it.

Last Name, First Name(Sex/Age)
Time OverAllPlace
Sex Place

City, State, Country AG Time*"
1,MIDD=4623151102,Day of the Dead Marathon Series Day 3,"Las Cruces, NM USA","November 2, 2015","Jacquie Richardson (F32)
5:10:40 1 1 Boulder, CO, USA
5:09:34"
2,MIDD=4623151102,Day of the Dead Marathon Series Day 3,"Las Cruces, NM USA","November 2, 2015","David Holmen (M53)
5:26:26 2 1 Eagan, MN, USA
4:44:33"
3,MIDD=4623151102,Day of the Dead Marathon Series Day 3,"Las Cruces, NM USA","November 2, 2015","Kathleen McElhannon (F41)
5:30:11 3 2 Ridgeville, SC, USA
5:11:31"
4,MIDD=4623151102,Day of the Dead Marathon Series Day 3,"Las Cruces, NM USA","November 2, 2015","Jim Reimann (M58)
5:45:49 4 2 Eagan, MN, USA
4:47:34"
5,MIDD=4623151102,Day of the Dead Marathon Series Day 3,"Las Cruces, NM USA","November 2, 2015","Clyde Shank (M68)
5:48:35 5 3 Plano, TX, USA
4:21:55"
6,MIDD=4623151102,Day of the Dead Marathon Series Day 3,"Las Cruces, NM USA","November 2, 2015","Laura Raeder (F41)
6:00:27 6 3 Sioux Falls, SD, USA
5:40:05"
7,MIDD=4623151102,Day of the Dead Marathon Series Day 3,"Las Cruces, NM USA","November 2, 2015","Liz Gmerek (F54)
6:10:08 7 4 Merritt Island, FL, USA
4:57:19"
8,MIDD=4623151102,Day of the Dead Marathon Series Day 3,"Las Cruces, NM USA","November 2, 2015","Lawrence Macon (M70)
6:24:00 8 4 San Antonio, TX, USA
4:42:21"
9,MIDD=4623151102,Day of the Dead Marathon Series Day 3,"Las Cruces, NM USA","November 2, 2015","Parvaneh Moayedi (F51)
6:24:00 9 5 San Antonio, TX, USA
5:21:01"
10,MIDD=4623151102,Day of the Dead Marathon Series Day 3,"Las Cruces, NM USA","November 2, 2015","Barb Hoffman (F57)
6:28:40 10 6 Cold Spring, KY, USA
4:59:30"
11,MIDD=4623151102,Day of the Dead Marathon Series Day 3,"Las Cruces, NM USA","November 2, 2015","Jeff Burleson (M56)
7:06:00 11 5 Wrenshall, MN, USA
6:01:04"
12,MIDD=4623151102,Day of the Dead Marathon Series Day 3,"Las Cruces, NM USA","November 2, 2015","Mary Chuey (F66)
7:12:50 12 7 Cincinnati, OH, USA
4:48:44"
13,MIDD=4623151102,Day of the Dead Marathon Series Day 3,"Las Cruces, NM USA","November 2, 2015","Pam Penfield (F68)
7:22:46 13 8 Highlands Ranch, CO, USA
4:44:07"
14,MIDD=4623151102,Day of the Dead Marathon Series Day 3,"Las Cruces, NM USA","November 2, 2015","Antoinette Casselberry (F65)
7:33:30 14 9 Santa Cruz, CA, USA
5:08:06"
15,MIDD=4623151102,Day of the Dead Marathon Series Day 3,"Las Cruces, NM USA","November 2, 2015","George Rose (M42)
8:49:05 15 6 Wheeler, MI, USA
8:27:52"
16,MIDD=4623151102,Day of the Dead Marathon Series Day 3,"Las Cruces, NM USA","November 2, 2015","Jim Simpson (M73)
8:49:29 16 7 Huntington Beach, CA, USA
6:15:27"
17,MIDD=4623151102,Day of the Dead Marathon Series Day 3,"Las Cruces, NM USA","November 2, 2015","Clint Burleson (M61)
9:28:39 17 8 Organ, NM, USA
7:39:11"
