,race_id,race,location,date,runners
0,MIDD=4579151108,Veterans Marathon (PA),"Black Lick, PA USA","November 8, 2015","

Have you run this race?Then tell us about it.

Last Name, First Name(Sex/Age)
Time OverAllPlace
Sex Place/Div Place
DIV AG Time* BQ*"
1,MIDD=4579151108,Veterans Marathon (PA),"Black Lick, PA USA","November 8, 2015","BRIAN CASKEY (M39)
2:56:52 1 1 / 1 MOpen
2:54:02
BQ"
2,MIDD=4579151108,Veterans Marathon (PA),"Black Lick, PA USA","November 8, 2015","DOUGLAS BASINSKI (M44)
2:59:44 2 2 / 2 MOpen
2:49:39
BQ"
3,MIDD=4579151108,Veterans Marathon (PA),"Black Lick, PA USA","November 8, 2015","MICHAEL YODER (M44)
3:10:57 3 3 / 3 MOpen
3:00:14
BQ"
4,MIDD=4579151108,Veterans Marathon (PA),"Black Lick, PA USA","November 8, 2015","LESLIE KRAMER (F38)
3:18:45 4 1 / 1 FOpen
3:12:25
BQ"
5,MIDD=4579151108,Veterans Marathon (PA),"Black Lick, PA USA","November 8, 2015","JACOB TACIUCH (M19)
3:22:10 5 4 / 1 M15-19
3:17:12
 "
6,MIDD=4579151108,Veterans Marathon (PA),"Black Lick, PA USA","November 8, 2015","RICK GABLER (M42)
3:23:23 6 5 / 1 M40-44
3:15:13
 "
7,MIDD=4579151108,Veterans Marathon (PA),"Black Lick, PA USA","November 8, 2015","MANDY FROMMEYER (F37)
3:23:23 7 2 / 2 FOpen
3:18:16
BQ"
8,MIDD=4579151108,Veterans Marathon (PA),"Black Lick, PA USA","November 8, 2015","JOHN CASKEY (M40)
3:23:31 8 6 / 2 M40-44
3:18:36
 "
9,MIDD=4579151108,Veterans Marathon (PA),"Black Lick, PA USA","November 8, 2015","BRIAN HUBERT (M42)
3:25:38 9 7 / 3 M40-44
3:17:23
 "
10,MIDD=4579151108,Veterans Marathon (PA),"Black Lick, PA USA","November 8, 2015","ASHLEY FORSYTH (F34)
3:28:31 10 3 / 3 FOpen
3:26:28
BQ"
11,MIDD=4579151108,Veterans Marathon (PA),"Black Lick, PA USA","November 8, 2015","JIM ROCHE (M46)
3:29:07 11 8 / 1 M45-49
3:14:01
 "
12,MIDD=4579151108,Veterans Marathon (PA),"Black Lick, PA USA","November 8, 2015","KEN ROARK (M65)
3:30:11 12 9 / 1 M65-69
2:42:58
BQ"
13,MIDD=4579151108,Veterans Marathon (PA),"Black Lick, PA USA","November 8, 2015","TIM SHIRLEY (M39)
3:31:07 13 10 / 1 M35-39
3:27:44
 "
14,MIDD=4579151108,Veterans Marathon (PA),"Black Lick, PA USA","November 8, 2015","JAMES EDGAR (M46)
3:32:45 14 11 / 2 M45-49
3:17:23
 "
15,MIDD=4579151108,Veterans Marathon (PA),"Black Lick, PA USA","November 8, 2015","ANDREW WILLIAMS (M50)
3:32:45 15 12 / 1 M50-54
3:10:33
 "
16,MIDD=4579151108,Veterans Marathon (PA),"Black Lick, PA USA","November 8, 2015","JOHN ARMSTRONG (M50)
3:33:33 16 13 / 2 M50-54
3:11:16
 "
17,MIDD=4579151108,Veterans Marathon (PA),"Black Lick, PA USA","November 8, 2015","JAMES MOORE (M55)
3:35:27 17 14 / 1 M55-59
3:04:20
BQ"
18,MIDD=4579151108,Veterans Marathon (PA),"Black Lick, PA USA","November 8, 2015","ROB TOONKEL (M40)
3:36:25 18 15 / 4 M40-44
3:31:12
 "
19,MIDD=4579151108,Veterans Marathon (PA),"Black Lick, PA USA","November 8, 2015","ELISA EDGAR (F44)
3:38:35 19 4 / 1 F40-44
3:19:24
BQ"
20,MIDD=4579151108,Veterans Marathon (PA),"Black Lick, PA USA","November 8, 2015","STEPHEN LASKA (M53)
3:39:56 20 16 / 3 M50-54
3:11:42
 "
21,MIDD=4579151108,Veterans Marathon (PA),"Black Lick, PA USA","November 8, 2015","JEFF DAUB (M49)
3:41:36 21 17 / 3 M45-49
3:20:16
 "
22,MIDD=4579151108,Veterans Marathon (PA),"Black Lick, PA USA","November 8, 2015","IAN CAMPBELL (M36)
3:41:59 22 18 / 2 M35-39
3:41:45
 "
23,MIDD=4579151108,Veterans Marathon (PA),"Black Lick, PA USA","November 8, 2015","CHARLES ROSS (M66)
3:43:06 23 19 / 2 M65-69
2:51:12
BQ"
24,MIDD=4579151108,Veterans Marathon (PA),"Black Lick, PA USA","November 8, 2015","JASON SMITH (M44)
3:47:37 24 20 / 5 M40-44
3:34:50
 "
25,MIDD=4579151108,Veterans Marathon (PA),"Black Lick, PA USA","November 8, 2015","ERIC SLAGLE (M46)
3:50:58 25 21 / 4 M45-49
3:34:17
 "
26,MIDD=4579151108,Veterans Marathon (PA),"Black Lick, PA USA","November 8, 2015","KIMBERLY EVERHART (F29)
3:50:59 26 5 / 1 F25-29
3:50:59
 "
27,MIDD=4579151108,Veterans Marathon (PA),"Black Lick, PA USA","November 8, 2015","BRETT DECKER (M50)
3:51:06 27 22 / 4 M50-54
3:26:59
 "
28,MIDD=4579151108,Veterans Marathon (PA),"Black Lick, PA USA","November 8, 2015","KIM YOHE (F45)
3:56:02 28 6 / 1 F45-49
3:32:45
 "
29,MIDD=4579151108,Veterans Marathon (PA),"Black Lick, PA USA","November 8, 2015","LYNDA FEDERINKO (F52)
3:58:00 29 7 / 1 F50-54
3:16:22
BQ"
30,MIDD=4579151108,Veterans Marathon (PA),"Black Lick, PA USA","November 8, 2015","LEANNE KURPIEL (F47)
3:58:32 30 8 / 2 F45-49
3:29:48
 "
31,MIDD=4579151108,Veterans Marathon (PA),"Black Lick, PA USA","November 8, 2015","GLENN GOMBA (M52)
3:59:02 31 23 / 5 M50-54
3:30:16
 "
32,MIDD=4579151108,Veterans Marathon (PA),"Black Lick, PA USA","November 8, 2015","RYAN BOCK (M38)
4:03:51 32 24 / 3 M35-39
4:01:39
 "
33,MIDD=4579151108,Veterans Marathon (PA),"Black Lick, PA USA","November 8, 2015","JASON KURTZ (M36)
4:06:34 33 25 / 4 M35-39
4:06:19
 "
34,MIDD=4579151108,Veterans Marathon (PA),"Black Lick, PA USA","November 8, 2015","JEFF RITENOUR (M41)
4:13:03 34 26 / 6 M40-44
4:04:55
 "
35,MIDD=4579151108,Veterans Marathon (PA),"Black Lick, PA USA","November 8, 2015","EDWARD MAY (M52)
4:13:31 35 27 / 6 M50-54
3:43:01
 "
36,MIDD=4579151108,Veterans Marathon (PA),"Black Lick, PA USA","November 8, 2015","JOSHUA VOIGHT (M20)
4:14:06 36 28 / 1 M20-24
4:10:55
 "
37,MIDD=4579151108,Veterans Marathon (PA),"Black Lick, PA USA","November 8, 2015","CAROL BARNHARDT (F56)
4:14:07 37 9 / 1 F55-59
3:18:35
 "
38,MIDD=4579151108,Veterans Marathon (PA),"Black Lick, PA USA","November 8, 2015","JINNY HERTWECK (F43)
4:15:13 38 10 / 2 F40-44
3:55:36
 "
39,MIDD=4579151108,Veterans Marathon (PA),"Black Lick, PA USA","November 8, 2015","BRENT MORSE (M58)
4:16:01 39 29 / 2 M55-59
3:32:54
 "
40,MIDD=4579151108,Veterans Marathon (PA),"Black Lick, PA USA","November 8, 2015","GARY CASKEY (M39)
4:18:55 40 30 / 5 M35-39
4:14:46
 "
41,MIDD=4579151108,Veterans Marathon (PA),"Black Lick, PA USA","November 8, 2015","NIKKI IMHOFF (F36)
4:20:33 41 11 / 1 F35-39
4:15:32
 "
42,MIDD=4579151108,Veterans Marathon (PA),"Black Lick, PA USA","November 8, 2015","KATHERINE COLTON (F42)
4:21:16 42 12 / 3 F40-44
4:03:56
 "
43,MIDD=4579151108,Veterans Marathon (PA),"Black Lick, PA USA","November 8, 2015","MARY SIEGEL (F44)
4:21:45 43 13 / 4 F40-44
3:58:47
 "
44,MIDD=4579151108,Veterans Marathon (PA),"Black Lick, PA USA","November 8, 2015","ADRIENNE GOSS (F27)
4:22:31 44 14 / 2 F25-29
4:22:31
 "
45,MIDD=4579151108,Veterans Marathon (PA),"Black Lick, PA USA","November 8, 2015","MARY JEAN BUJDOS (F53)
4:22:32 45 15 / 2 F50-54
3:33:45
 "
46,MIDD=4579151108,Veterans Marathon (PA),"Black Lick, PA USA","November 8, 2015","NATHAN HILEMAN (M31)
4:24:25 46 31 / 1 M30-34
4:24:25
 "
47,MIDD=4579151108,Veterans Marathon (PA),"Black Lick, PA USA","November 8, 2015","JOHN PRYDE (M61)
4:24:25 47 32 / 1 M60-64
3:33:30
 "
48,MIDD=4579151108,Veterans Marathon (PA),"Black Lick, PA USA","November 8, 2015","BETH HORNING (F49)
4:26:48 48 16 / 3 F45-49
3:48:51
 "
49,MIDD=4579151108,Veterans Marathon (PA),"Black Lick, PA USA","November 8, 2015","ROBERT SLOPEK (M58)
4:27:57 49 33 / 3 M55-59
3:42:49
 "
50,MIDD=4579151108,Veterans Marathon (PA),"Black Lick, PA USA","November 8, 2015","BRYNN WAYLONIS (F25)
4:30:38 50 17 / 3 F25-29
4:30:38
 "
51,MIDD=4579151108,Veterans Marathon (PA),"Black Lick, PA USA","November 8, 2015","STEPHEN LUTHER (M45)
4:31:32 51 34 / 5 M45-49
4:14:06
 "
52,MIDD=4579151108,Veterans Marathon (PA),"Black Lick, PA USA","November 8, 2015","BETSY MAGOVERN (F60)
4:33:13 52 18 / 1 F60-64
3:21:33
 "
53,MIDD=4579151108,Veterans Marathon (PA),"Black Lick, PA USA","November 8, 2015","ERIN ATHERTON (F49)
4:33:37 53 19 / 4 F45-49
3:54:42
 "
54,MIDD=4579151108,Veterans Marathon (PA),"Black Lick, PA USA","November 8, 2015","MICHAEL WYMAN (M57)
4:36:51 54 35 / 4 M55-59
3:52:26
 "
55,MIDD=4579151108,Veterans Marathon (PA),"Black Lick, PA USA","November 8, 2015","JULIE SHIRLEY (F38)
4:38:36 55 20 / 2 F35-39
4:29:44
 "
56,MIDD=4579151108,Veterans Marathon (PA),"Black Lick, PA USA","November 8, 2015","MORGAN JANOCHA (F32)
4:40:10 56 21 / 1 F30-34
4:39:11
 "
57,MIDD=4579151108,Veterans Marathon (PA),"Black Lick, PA USA","November 8, 2015","SKYLYN KOPAS (F22)
4:40:10 57 22 / 1 F20-24
4:40:10
 "
58,MIDD=4579151108,Veterans Marathon (PA),"Black Lick, PA USA","November 8, 2015","KAYCIE SLIVA (F40)
4:40:55 58 23 / 5 F40-44
4:27:36
 "
59,MIDD=4579151108,Veterans Marathon (PA),"Black Lick, PA USA","November 8, 2015","JOHN THAXTON (M37)
4:41:25 59 36 / 6 M35-39
4:40:17
 "
60,MIDD=4579151108,Veterans Marathon (PA),"Black Lick, PA USA","November 8, 2015","DAVID G. ROSS (M64)
4:42:07 60 37 / 2 M60-64
3:41:02
 "
61,MIDD=4579151108,Veterans Marathon (PA),"Black Lick, PA USA","November 8, 2015","JASON YOUNT (M46)
4:45:17 61 38 / 6 M45-49
4:24:41
 "
62,MIDD=4579151108,Veterans Marathon (PA),"Black Lick, PA USA","November 8, 2015","DAVID BRONGO (M64)
4:45:24 62 39 / 3 M60-64
3:43:36
 "
63,MIDD=4579151108,Veterans Marathon (PA),"Black Lick, PA USA","November 8, 2015","SEAN V. HOWARD (M50)
4:49:17 63 40 / 7 M50-54
4:19:06
 "
64,MIDD=4579151108,Veterans Marathon (PA),"Black Lick, PA USA","November 8, 2015","DONALD BIERER (M57)
4:53:46 64 41 / 5 M55-59
4:06:38
 "
65,MIDD=4579151108,Veterans Marathon (PA),"Black Lick, PA USA","November 8, 2015","STEVEN GRIDLEY (M59)
4:56:03 65 42 / 6 M55-59
4:03:49
 "
66,MIDD=4579151108,Veterans Marathon (PA),"Black Lick, PA USA","November 8, 2015","EMILY NESBIT (F32)
4:56:38 66 24 / 2 F30-34
4:55:35
 "
67,MIDD=4579151108,Veterans Marathon (PA),"Black Lick, PA USA","November 8, 2015","AMY MOTTIN (F37)
5:01:19 67 25 / 3 F35-39
4:53:45
 "
68,MIDD=4579151108,Veterans Marathon (PA),"Black Lick, PA USA","November 8, 2015","TOM DEICAS (M34)
5:10:55 68 43 / 2 M30-34
5:10:55
 "
69,MIDD=4579151108,Veterans Marathon (PA),"Black Lick, PA USA","November 8, 2015","PHILLIP LEVRI (M44)
5:12:10 69 44 / 7 M40-44
4:54:39
 "
70,MIDD=4579151108,Veterans Marathon (PA),"Black Lick, PA USA","November 8, 2015","SCOTT A. FERRARI (M57)
5:18:27 70 45 / 7 M55-59
4:27:22
 "
71,MIDD=4579151108,Veterans Marathon (PA),"Black Lick, PA USA","November 8, 2015","MICHAEL MILLER (M60)
5:40:42 71 46 / 4 M60-64
4:37:50
 "
72,MIDD=4579151108,Veterans Marathon (PA),"Black Lick, PA USA","November 8, 2015","KRIS MCCORMICK (F31)
5:43:17 72 26 / 3 F30-34
5:42:44
 "
73,MIDD=4579151108,Veterans Marathon (PA),"Black Lick, PA USA","November 8, 2015","RON BROWN (M47)
5:43:17 73 47 / 7 M45-49
5:15:45
 "
74,MIDD=4579151108,Veterans Marathon (PA),"Black Lick, PA USA","November 8, 2015","JENNIFER LONG (F26)
5:48:41 74 27 / 4 F25-29
5:48:41
 "
75,MIDD=4579151108,Veterans Marathon (PA),"Black Lick, PA USA","November 8, 2015","ADRIAN FEDORCO (M61)
5:49:38 75 48 / 5 M60-64
4:42:19
 "
76,MIDD=4579151108,Veterans Marathon (PA),"Black Lick, PA USA","November 8, 2015","PEGGY THOMAS (F58)
6:15:31 76 28 / 2 F55-59
4:45:16
 "
