,race_id,race,location,date,runners
0,MIDD=5226151106,Day of the Dead Marathon Series Day 7- El Maraton del Rio Grande,"Las Cruces, NM USA","November 6, 2015","

Have you run this race?Then tell us about it.

Last Name, First Name(Sex/Age)
Time OverAllPlace
Sex Place

City, State, Country AG Time*"
1,MIDD=5226151106,Day of the Dead Marathon Series Day 7- El Maraton del Rio Grande,"Las Cruces, NM USA","November 6, 2015","Stevan Ranson (M61)
4:41:15 1 1 Clayton, IN, USA
3:47:06"
2,MIDD=5226151106,Day of the Dead Marathon Series Day 7- El Maraton del Rio Grande,"Las Cruces, NM USA","November 6, 2015","Thianny Abadia (F29)
6:23:10 2 1 El Paso, TX, USA
6:23:10"
3,MIDD=5226151106,Day of the Dead Marathon Series Day 7- El Maraton del Rio Grande,"Las Cruces, NM USA","November 6, 2015","Parvaneh Moayedi (F51)
6:45:30 3 2 San Antonio, TX, USA
5:38:59"
4,MIDD=5226151106,Day of the Dead Marathon Series Day 7- El Maraton del Rio Grande,"Las Cruces, NM USA","November 6, 2015","Jeff Burleson (M67)
6:46:09 4 2 Wrenshall, MN, USA
5:08:25"
5,MIDD=5226151106,Day of the Dead Marathon Series Day 7- El Maraton del Rio Grande,"Las Cruces, NM USA","November 6, 2015","Kathleen McElhannon (F41)
6:48:36 5 3 Ridgeville, SC, USA
6:25:30"
6,MIDD=5226151106,Day of the Dead Marathon Series Day 7- El Maraton del Rio Grande,"Las Cruces, NM USA","November 6, 2015","Liz Gmerek (F54)
6:48:36 6 4 Merritt Island, FL, USA
5:28:13"
7,MIDD=5226151106,Day of the Dead Marathon Series Day 7- El Maraton del Rio Grande,"Las Cruces, NM USA","November 6, 2015","Pam Penfield (F68)
7:22:22 7 5 Highlands Ranch, CO, USA
4:43:52"
8,MIDD=5226151106,Day of the Dead Marathon Series Day 7- El Maraton del Rio Grande,"Las Cruces, NM USA","November 6, 2015","Clint Burleson (M61)
8:23:35 8 3 Organ, NM, USA
6:46:38"
9,MIDD=5226151106,Day of the Dead Marathon Series Day 7- El Maraton del Rio Grande,"Las Cruces, NM USA","November 6, 2015","George Rose (M42)
8:23:35 9 4 Woodlawn, VA, USA
8:03:23"
10,MIDD=5226151106,Day of the Dead Marathon Series Day 7- El Maraton del Rio Grande,"Las Cruces, NM USA","November 6, 2015","Jim Simpson (M73)
8:46:45 10 5 Huntington Beach, CA, USA
6:13:31"
