,race_id,race,location,date,runners
0,MIDD=2372151108,Pensacola Marathon,"Pensacola, FL USA","November 8, 2015","JORGE GARCIA (M42)
3:36:21 101 82 / 16 M40-44 GLEN CARBON, IL, USA
3:27:40
 "
1,MIDD=2372151108,Pensacola Marathon,"Pensacola, FL USA","November 8, 2015","Mindy Yard (F35)
3:36:35 102 20 / 3 F35-39 Hanover, PA, USA
3:33:31
BQ"
2,MIDD=2372151108,Pensacola Marathon,"Pensacola, FL USA","November 8, 2015","Thomas Brzozowski (M41)
3:36:54 103 83 / 17 M40-44 Owings, MD, USA
3:29:56
 "
3,MIDD=2372151108,Pensacola Marathon,"Pensacola, FL USA","November 8, 2015","Josh Skiles (M26)
3:37:07 104 84 / 9 M25-29 Charlottesville, VA, USA
3:37:07
 "
4,MIDD=2372151108,Pensacola Marathon,"Pensacola, FL USA","November 8, 2015","Erin Beckman (F25)
3:37:18 105 21 / 8 F25-29 Durham, NC, USA
3:37:18
 "
5,MIDD=2372151108,Pensacola Marathon,"Pensacola, FL USA","November 8, 2015","Shane Zimmerman (M30)
3:37:18 106 85 / 21 M30-34 Kingston, NY, USA
3:37:18
 "
6,MIDD=2372151108,Pensacola Marathon,"Pensacola, FL USA","November 8, 2015","Brent Jewell (M54)
3:38:09 107 86 / 4 M50-54 Raleigh, NC, USA
3:08:24
 "
7,MIDD=2372151108,Pensacola Marathon,"Pensacola, FL USA","November 8, 2015","Vincenzo Casbarro (M23)
3:38:54 108 87 / 5 M20-24 Carrboro, NC, USA
3:38:54
 "
8,MIDD=2372151108,Pensacola Marathon,"Pensacola, FL USA","November 8, 2015","Callie McAdams (F28)
3:39:07 109 22 / 9 F25-29 Arlington, VA, USA
3:39:07
 "
9,MIDD=2372151108,Pensacola Marathon,"Pensacola, FL USA","November 8, 2015","Eric Everton (M57)
3:39:16 110 88 / 3 M55-59 Seaford, VA, USA
3:04:05
BQ"
10,MIDD=2372151108,Pensacola Marathon,"Pensacola, FL USA","November 8, 2015","Holly Scott (F54)
3:39:31 111 23 / 1 F50-54 Dover, DE, USA
2:56:20
BQ"
11,MIDD=2372151108,Pensacola Marathon,"Pensacola, FL USA","November 8, 2015","Abby Russell (F35)
3:39:53 112 24 / 4 F35-39 Taylors, SC, USA
3:36:46
BQ"
12,MIDD=2372151108,Pensacola Marathon,"Pensacola, FL USA","November 8, 2015","Elizabeth Said (F44)
3:39:58 113 25 / 5 F40-44 Apex, NC, USA
3:20:40
BQ"
13,MIDD=2372151108,Pensacola Marathon,"Pensacola, FL USA","November 8, 2015","George Gori (M36)
3:40:07 114 89 / 14 M35-39 Newport News, VA, USA
3:39:53
 "
14,MIDD=2372151108,Pensacola Marathon,"Pensacola, FL USA","November 8, 2015","Debbie Price (F52)
3:40:15 115 26 / 2 F50-54 Newport News, VA, USA
3:01:43
BQ"
15,MIDD=2372151108,Pensacola Marathon,"Pensacola, FL USA","November 8, 2015","Susan Stempek (F37)
3:40:21 116 27 / 5 F35-39 Andover, MA, USA
3:34:49
 "
16,MIDD=2372151108,Pensacola Marathon,"Pensacola, FL USA","November 8, 2015","Billy Soffera (M35)
3:40:31 117 90 / 15 M35-39 Durham, NC, USA
3:40:31
 "
17,MIDD=2372151108,Pensacola Marathon,"Pensacola, FL USA","November 8, 2015","Josh Black (M25)
3:40:55 118 91 / 10 M25-29 Durham, NC, USA
3:40:55
 "
18,MIDD=2372151108,Pensacola Marathon,"Pensacola, FL USA","November 8, 2015","Jordan Kozal (F24)
3:40:55 119 28 / 2 F20-24 Durham, NC, USA
3:40:55
 "
19,MIDD=2372151108,Pensacola Marathon,"Pensacola, FL USA","November 8, 2015","Craig Leisher (M55)
3:40:59 120 92 / 4 M55-59 Chambersburg, PA, USA
3:09:04
 "
20,MIDD=2372151108,Pensacola Marathon,"Pensacola, FL USA","November 8, 2015","Richard Barton (M62)
3:41:07 121 93 / 2 M60-64 Greenville, OH, USA
2:56:46
BQ"
21,MIDD=2372151108,Pensacola Marathon,"Pensacola, FL USA","November 8, 2015","W. Daniel Costello Jr. (M28)
3:41:09 122 94 / 11 M25-29 San Francisco, CA, USA
3:41:09
 "
22,MIDD=2372151108,Pensacola Marathon,"Pensacola, FL USA","November 8, 2015","Dorothy Hans (F37)
3:41:41 123 29 / 6 F35-39 Greensboro, NC, USA
3:36:07
 "
23,MIDD=2372151108,Pensacola Marathon,"Pensacola, FL USA","November 8, 2015","Rob Wilkins (M59)
3:41:55 124 95 / 5 M55-59 Loudonville, OH, USA
3:02:46
 "
24,MIDD=2372151108,Pensacola Marathon,"Pensacola, FL USA","November 8, 2015","Brandon Craig (M40)
3:42:46 125 96 / 18 M40-44 Christiansburg, VA, USA
3:37:23
 "
25,MIDD=2372151108,Pensacola Marathon,"Pensacola, FL USA","November 8, 2015","Christopher Free (M30)
3:42:48 126 97 / 22 M30-34 Virginia Beach, VA, USA
3:42:48
 "
26,MIDD=2372151108,Pensacola Marathon,"Pensacola, FL USA","November 8, 2015","James Doran (M41)
3:43:32 127 98 / 19 M40-44 Mechanicsville, VA, USA
3:36:21
 "
27,MIDD=2372151108,Pensacola Marathon,"Pensacola, FL USA","November 8, 2015","Lauren Truwit (F21)
3:43:58 128 30 / 3 F20-24 Charlottesville, VA, USA
3:43:58
 "
28,MIDD=2372151108,Pensacola Marathon,"Pensacola, FL USA","November 8, 2015","Peter Wilson (M54)
3:44:04 129 99 / 5 M50-54 River Vale, NJ, USA
3:13:31
 "
29,MIDD=2372151108,Pensacola Marathon,"Pensacola, FL USA","November 8, 2015","christopher blount (M45)
3:44:10 130 100 / 15 M45-49 mebane, NC, USA
3:29:46
 "
30,MIDD=2372151108,Pensacola Marathon,"Pensacola, FL USA","November 8, 2015","Steve Truhlar (M52)
3:44:26 131 101 / 6 M50-54 Fairfax Station, VA, USA
3:17:26
 "
31,MIDD=2372151108,Pensacola Marathon,"Pensacola, FL USA","November 8, 2015","John McElroy (M30)
3:44:28 132 102 / 23 M30-34 Cameron, NC, USA
3:44:28
 "
32,MIDD=2372151108,Pensacola Marathon,"Pensacola, FL USA","November 8, 2015","Rex Marvel (M28)
3:44:42 133 103 / 12 M25-29 Charlotte, NC, USA
3:44:42
 "
33,MIDD=2372151108,Pensacola Marathon,"Pensacola, FL USA","November 8, 2015","Westley Fenton (M35)
3:44:47 134 104 / 16 M35-39 Radford, VA, USA
3:44:47
 "
34,MIDD=2372151108,Pensacola Marathon,"Pensacola, FL USA","November 8, 2015","Craig Stewart (M57)
3:44:59 135 105 / 6 M55-59 Virginia Beach, VA, USA
3:08:53
 "
35,MIDD=2372151108,Pensacola Marathon,"Pensacola, FL USA","November 8, 2015","Mike Bailey (M34)
3:45:00 136 106 / 24 M30-34 Norfolk, VA, USA
3:45:00
 "
36,MIDD=2372151108,Pensacola Marathon,"Pensacola, FL USA","November 8, 2015","Omar Kashmiri (M35)
3:45:00 137 107 / 17 M35-39 Cameron, NC, USA
3:45:00
 "
37,MIDD=2372151108,Pensacola Marathon,"Pensacola, FL USA","November 8, 2015","Richard Tyndall (M40)
3:45:00 138 108 / 20 M40-44 Greenville, NC, USA
3:39:34
 "
38,MIDD=2372151108,Pensacola Marathon,"Pensacola, FL USA","November 8, 2015","Scott Hasken (M50)
3:45:03 139 109 / 7 M50-54 Lorton, VA, USA
3:21:34
 "
39,MIDD=2372151108,Pensacola Marathon,"Pensacola, FL USA","November 8, 2015","Joey Conrad (M30)
3:45:50 140 110 / 25 M30-34 Christiansburg, VA, USA
3:45:50
 "
40,MIDD=2372151108,Pensacola Marathon,"Pensacola, FL USA","November 8, 2015","Shelagh Maloney (F52)
3:46:12 141 31 / 3 F50-54 Mississauga
3:06:38
BQ"
41,MIDD=2372151108,Pensacola Marathon,"Pensacola, FL USA","November 8, 2015","Ryan Smith (M29)
3:46:12 142 111 / 13 M25-29 Raleigh, NC, USA
3:46:12
 "
42,MIDD=2372151108,Pensacola Marathon,"Pensacola, FL USA","November 8, 2015","James O'Leary (M42)
3:46:16 143 112 / 21 M40-44 Stafford, VA, USA
3:37:11
 "
43,MIDD=2372151108,Pensacola Marathon,"Pensacola, FL USA","November 8, 2015","Adam Reuscher (M32)
3:46:17 144 113 / 26 M30-34 Loveland, OH, USA
3:46:17
 "
44,MIDD=2372151108,Pensacola Marathon,"Pensacola, FL USA","November 8, 2015","Maggie Tubridy (F21)
3:46:26 145 32 / 4 F20-24 Blacksburg, VA, USA
3:46:26
 "
45,MIDD=2372151108,Pensacola Marathon,"Pensacola, FL USA","November 8, 2015","katie watson (F47)
3:46:34 146 33 / 4 F45-49 mt pleasant, SC, USA
3:19:17
BQ"
46,MIDD=2372151108,Pensacola Marathon,"Pensacola, FL USA","November 8, 2015","Britney Taylor (F30)
3:46:34 147 34 / 3 F30-34 Norfolk, VA, USA
3:46:28
 "
47,MIDD=2372151108,Pensacola Marathon,"Pensacola, FL USA","November 8, 2015","Andrew Lennox (M26)
3:47:26 148 114 / 14 M25-29 Grosse Pointe, MI, USA
3:47:26
 "
48,MIDD=2372151108,Pensacola Marathon,"Pensacola, FL USA","November 8, 2015","Sophie Capshaw-Mack (F20)
3:47:28 149 35 / 5 F20-24 Winston Salem, NC, USA
3:47:18
 "
49,MIDD=2372151108,Pensacola Marathon,"Pensacola, FL USA","November 8, 2015","Michael Hainsworth (M46)
3:47:40 150 115 / 16 M45-49 Seattle, WA, USA
3:31:13
 "
50,MIDD=2372151108,Pensacola Marathon,"Pensacola, FL USA","November 8, 2015","Kim McManus (F41)
3:48:28 151 36 / 6 F40-44 Bethesda, MD, USA
3:35:33
 "
51,MIDD=2372151108,Pensacola Marathon,"Pensacola, FL USA","November 8, 2015","Richard Hayes (M49)
3:49:01 152 116 / 17 M45-49 Knightdale, NC, USA
3:26:59
 "
52,MIDD=2372151108,Pensacola Marathon,"Pensacola, FL USA","November 8, 2015","Emily Farrar Neill (F26)
3:49:11 153 37 / 10 F25-29 Arlington, VA, USA
3:49:11
 "
53,MIDD=2372151108,Pensacola Marathon,"Pensacola, FL USA","November 8, 2015","Jordan Felps (M33)
3:49:37 154 117 / 27 M30-34 Midlothian, VA, USA
3:49:37
 "
54,MIDD=2372151108,Pensacola Marathon,"Pensacola, FL USA","November 8, 2015","Bob Lotz (M52)
3:49:41 155 118 / 8 M50-54 Miami, FL, USA
3:22:03
 "
55,MIDD=2372151108,Pensacola Marathon,"Pensacola, FL USA","November 8, 2015","Ashley Diette (F32)
3:49:53 156 38 / 4 F30-34 chesapeake, VA, USA
3:49:04
 "
56,MIDD=2372151108,Pensacola Marathon,"Pensacola, FL USA","November 8, 2015","Shannon Scranton (F40)
3:50:16 157 39 / 7 F40-44 Mount airy, MD, USA
3:39:21
 "
57,MIDD=2372151108,Pensacola Marathon,"Pensacola, FL USA","November 8, 2015","James Hanson (M36)
3:50:20 158 119 / 18 M35-39 Wilmington, NC, USA
3:50:06
 "
58,MIDD=2372151108,Pensacola Marathon,"Pensacola, FL USA","November 8, 2015","Robert Smolko (M31)
3:50:25 159 120 / 28 M30-34 Chicago, IL, USA
3:50:25
 "
59,MIDD=2372151108,Pensacola Marathon,"Pensacola, FL USA","November 8, 2015","Jeffrey Cobb (M50)
3:50:29 160 121 / 9 M50-54 Raleigh, NC, USA
3:26:26
 "
60,MIDD=2372151108,Pensacola Marathon,"Pensacola, FL USA","November 8, 2015","gary davis (M57)
3:50:35 161 122 / 7 M55-59 marshallberg, NC, USA
3:13:35
 "
61,MIDD=2372151108,Pensacola Marathon,"Pensacola, FL USA","November 8, 2015","Matthew Tolbert (M39)
3:50:41 162 123 / 19 M35-39 Christiansburg, VA, USA
3:46:59
 "
62,MIDD=2372151108,Pensacola Marathon,"Pensacola, FL USA","November 8, 2015","Matt Reynolds (M35)
3:50:41 163 124 / 20 M35-39 Riner, VA, USA
3:50:41
 "
63,MIDD=2372151108,Pensacola Marathon,"Pensacola, FL USA","November 8, 2015","Erick Kuhlmann (M28)
3:50:44 164 125 / 15 M25-29 Staunton, VA, USA
3:50:44
 "
64,MIDD=2372151108,Pensacola Marathon,"Pensacola, FL USA","November 8, 2015","Rachel Wander (F33)
3:50:45 165 40 / 5 F30-34 Hackettstown, NJ, USA
3:49:17
 "
65,MIDD=2372151108,Pensacola Marathon,"Pensacola, FL USA","November 8, 2015","Mollie Kempa (F30)
3:50:58 166 41 / 6 F30-34 Denver, CO, USA
3:50:52
 "
66,MIDD=2372151108,Pensacola Marathon,"Pensacola, FL USA","November 8, 2015","Benjamin Pfeffer (M31)
3:51:54 167 126 / 29 M30-34 Charlottesville, VA, USA
3:51:54
 "
67,MIDD=2372151108,Pensacola Marathon,"Pensacola, FL USA","November 8, 2015","Luke Moore (M29)
3:52:21 168 127 / 16 M25-29 Norfolk, VA, USA
3:52:21
 "
68,MIDD=2372151108,Pensacola Marathon,"Pensacola, FL USA","November 8, 2015","larry shears (M51)
3:52:25 169 128 / 10 M50-54 york, PA, USA
3:26:18
 "
69,MIDD=2372151108,Pensacola Marathon,"Pensacola, FL USA","November 8, 2015","Colleen Karr (F50)
3:52:48 170 42 / 4 F50-54 Raleigh, NC, USA
3:17:09
BQ"
70,MIDD=2372151108,Pensacola Marathon,"Pensacola, FL USA","November 8, 2015","Megan Taylor (F26)
3:53:00 171 43 / 11 F25-29 Stafford, VA, USA
3:53:00
 "
71,MIDD=2372151108,Pensacola Marathon,"Pensacola, FL USA","November 8, 2015","Mark Halliday (M51)
3:53:03 172 129 / 11 M50-54 Roaring Spring, PA, USA
3:26:52
 "
72,MIDD=2372151108,Pensacola Marathon,"Pensacola, FL USA","November 8, 2015","James Mead (M25)
3:53:18 173 130 / 17 M25-29 Greenville, NC, USA
3:53:18
 "
73,MIDD=2372151108,Pensacola Marathon,"Pensacola, FL USA","November 8, 2015","Hilary Heilig (F42)
3:53:25 174 44 / 8 F40-44 Waxhaw, NC, USA
3:37:56
 "
74,MIDD=2372151108,Pensacola Marathon,"Pensacola, FL USA","November 8, 2015","Brian Breiholz (M42)
3:53:37 175 131 / 22 M40-44 Wilson, NC, USA
3:44:14
 "
75,MIDD=2372151108,Pensacola Marathon,"Pensacola, FL USA","November 8, 2015","Bob Sistko (M62)
3:53:40 176 132 / 3 M60-64 Fernandina Beach, FL, USA
3:06:48
BQ"
76,MIDD=2372151108,Pensacola Marathon,"Pensacola, FL USA","November 8, 2015","David Story (M35)
3:54:01 177 133 / 21 M35-39 High Point, NC, USA
3:54:01
 "
77,MIDD=2372151108,Pensacola Marathon,"Pensacola, FL USA","November 8, 2015","Rose Rodriguez (F47)
3:54:01 178 45 / 5 F45-49 Orlando, FL, USA
3:25:50
BQ"
78,MIDD=2372151108,Pensacola Marathon,"Pensacola, FL USA","November 8, 2015","Chris Ray (M42)
3:54:12 179 134 / 23 M40-44 Bealeton, VA, USA
3:44:48
 "
79,MIDD=2372151108,Pensacola Marathon,"Pensacola, FL USA","November 8, 2015","Geoffrey Lamke (M45)
3:54:13 180 135 / 18 M45-49 Greensboro, NC, USA
3:39:10
 "
80,MIDD=2372151108,Pensacola Marathon,"Pensacola, FL USA","November 8, 2015","John Zavatchan (M37)
3:54:17 181 136 / 22 M35-39 Connellsville, PA, USA
3:53:20
 "
81,MIDD=2372151108,Pensacola Marathon,"Pensacola, FL USA","November 8, 2015","Mark Savercool (M52)
3:54:25 182 137 / 12 M50-54 Silver Spring, MD, USA
3:26:12
 "
82,MIDD=2372151108,Pensacola Marathon,"Pensacola, FL USA","November 8, 2015","Rick Thornton (M46)
3:54:26 183 138 / 19 M45-49 Omaha, NE, USA
3:37:30
 "
83,MIDD=2372151108,Pensacola Marathon,"Pensacola, FL USA","November 8, 2015","Kyle Fletke (M31)
3:54:51 184 139 / 30 M30-34 Mebane, NC, USA
3:54:51
 "
84,MIDD=2372151108,Pensacola Marathon,"Pensacola, FL USA","November 8, 2015","David Gaither (M51)
3:54:54 185 140 / 13 M50-54 Winston-Salem, NC, USA
3:28:31
 "
85,MIDD=2372151108,Pensacola Marathon,"Pensacola, FL USA","November 8, 2015","Corey Smith (M25)
3:54:55 186 141 / 18 M25-29 Greenville, NC, USA
3:54:55
 "
86,MIDD=2372151108,Pensacola Marathon,"Pensacola, FL USA","November 8, 2015","MICHAEL ARMSTRONG (M33)
3:54:56 187 142 / 31 M30-34 GREENVILLE, NC, USA
3:54:56
 "
87,MIDD=2372151108,Pensacola Marathon,"Pensacola, FL USA","November 8, 2015","Steve Parker (M46)
3:54:56 188 143 / 20 M45-49 Leesburg, VA, USA
3:37:58
 "
88,MIDD=2372151108,Pensacola Marathon,"Pensacola, FL USA","November 8, 2015","Suzanne Furr (F54)
3:55:24 189 46 / 5 F50-54 Harwood, MD, USA
3:09:05
BQ"
89,MIDD=2372151108,Pensacola Marathon,"Pensacola, FL USA","November 8, 2015","Steven Parks (M40)
3:55:30 190 144 / 24 M40-44 Lexington, KY, USA
3:49:49
 "
90,MIDD=2372151108,Pensacola Marathon,"Pensacola, FL USA","November 8, 2015","Brad Jackson (M36)
3:55:30 191 145 / 23 M35-39 Apex, NC, USA
3:55:15
 "
91,MIDD=2372151108,Pensacola Marathon,"Pensacola, FL USA","November 8, 2015","Jen Parks (F36)
3:55:32 192 47 / 7 F35-39 Lexington, KY, USA
3:51:00
 "
92,MIDD=2372151108,Pensacola Marathon,"Pensacola, FL USA","November 8, 2015","jason pannkuk (M42)
3:55:38 193 146 / 25 M40-44 garner, NC, USA
3:46:11
 "
93,MIDD=2372151108,Pensacola Marathon,"Pensacola, FL USA","November 8, 2015","Eileen Rice (F42)
3:55:39 194 48 / 9 F40-44 Cromwell, CT, USA
3:40:01
 "
94,MIDD=2372151108,Pensacola Marathon,"Pensacola, FL USA","November 8, 2015","John Wills (M63)
3:55:49 195 147 / 4 M60-64 Virginia Beach, VA, USA
3:06:38
 "
95,MIDD=2372151108,Pensacola Marathon,"Pensacola, FL USA","November 8, 2015","Kara Beasley (F38)
3:56:01 196 49 / 8 F35-39 Charlotte, NC, USA
3:48:30
 "
96,MIDD=2372151108,Pensacola Marathon,"Pensacola, FL USA","November 8, 2015","Scott Woods (M41)
3:56:08 197 148 / 26 M40-44 Ellicott City, MD, USA
3:48:33
 "
97,MIDD=2372151108,Pensacola Marathon,"Pensacola, FL USA","November 8, 2015","Eric Hunley (M45)
3:56:13 198 149 / 21 M45-49 Hampton, VA, USA
3:41:03
 "
98,MIDD=2372151108,Pensacola Marathon,"Pensacola, FL USA","November 8, 2015","Patrick Bayer (M42)
3:56:25 199 150 / 27 M40-44 Durham, NC, USA
3:46:56
 "
99,MIDD=2372151108,Pensacola Marathon,"Pensacola, FL USA","November 8, 2015","Daniel Michel (M46)
3:56:35 200 151 / 22 M45-49 Defiance, OH, USA
3:39:30
 "
100,MIDD=2372151108,Pensacola Marathon,"Pensacola, FL USA","November 8, 2015","Amelia Zwiener (F19)
3:56:38 201 50 / 1 F0-19 Mooresville, NC, USA
3:55:07
 "
101,MIDD=2372151108,Pensacola Marathon,"Pensacola, FL USA","November 8, 2015","Jim Kelly (M27)
3:56:42 202 152 / 19 M25-29 Harrisonburg, VA, USA
3:56:42
 "
102,MIDD=2372151108,Pensacola Marathon,"Pensacola, FL USA","November 8, 2015","mary costello (F54)
3:56:44 203 51 / 6 F50-54 webster, NY, USA
3:10:10
BQ"
103,MIDD=2372151108,Pensacola Marathon,"Pensacola, FL USA","November 8, 2015","Gordon Blackwell (M47)
3:56:49 204 153 / 23 M45-49 Raleigh, NC, USA
3:37:49
 "
104,MIDD=2372151108,Pensacola Marathon,"Pensacola, FL USA","November 8, 2015","Jake Wiseman (M40)
3:56:57 205 154 / 28 M40-44 Richmond, VA, USA
3:51:14
 "
105,MIDD=2372151108,Pensacola Marathon,"Pensacola, FL USA","November 8, 2015","James Burke (M26)
3:57:13 206 155 / 20 M25-29 Wilmington, NC, USA
3:57:13
 "
106,MIDD=2372151108,Pensacola Marathon,"Pensacola, FL USA","November 8, 2015","Patrick Link (M31)
3:57:14 207 156 / 32 M30-34 Henrico, VA, USA
3:57:14
 "
107,MIDD=2372151108,Pensacola Marathon,"Pensacola, FL USA","November 8, 2015","Keith Perkins (M29)
3:57:25 208 157 / 21 M25-29 Rose Hill, VA, USA
3:57:25
 "
108,MIDD=2372151108,Pensacola Marathon,"Pensacola, FL USA","November 8, 2015","Scott Stambuagh (M45)
3:57:28 209 158 / 24 M45-49 Defiance, OH, USA
3:42:13
 "
109,MIDD=2372151108,Pensacola Marathon,"Pensacola, FL USA","November 8, 2015","Case Anderson (M30)
3:57:46 210 159 / 33 M30-34 Bethesda, MD, USA
3:57:46
 "
110,MIDD=2372151108,Pensacola Marathon,"Pensacola, FL USA","November 8, 2015","Jennifer Hamilton (F38)
3:57:50 211 52 / 9 F35-39 Clayton, NC, USA
3:50:16
 "
111,MIDD=2372151108,Pensacola Marathon,"Pensacola, FL USA","November 8, 2015","Carlos Carrera (M38)
3:57:54 212 160 / 24 M35-39 Edenton, NC, USA
3:55:45
 "
112,MIDD=2372151108,Pensacola Marathon,"Pensacola, FL USA","November 8, 2015","Meredith Moore (F42)
3:58:00 213 53 / 10 F40-44 Charlotte, NC, USA
3:42:13
 "
113,MIDD=2372151108,Pensacola Marathon,"Pensacola, FL USA","November 8, 2015","James Dail (M36)
3:58:46 214 161 / 25 M35-39 Richmond, VA, USA
3:58:31
 "
114,MIDD=2372151108,Pensacola Marathon,"Pensacola, FL USA","November 8, 2015","Michael Howell (M54)
3:59:13 215 162 / 14 M50-54 Goldsboro, NC, USA
3:26:36
 "
115,MIDD=2372151108,Pensacola Marathon,"Pensacola, FL USA","November 8, 2015","Emily Holub (F27)
3:59:16 216 54 / 12 F25-29 Duck, NC, USA
3:59:16
 "
116,MIDD=2372151108,Pensacola Marathon,"Pensacola, FL USA","November 8, 2015","Robert Leugers (M52)
3:59:23 217 163 / 15 M50-54 Indian Trail, NC, USA
3:30:35
 "
117,MIDD=2372151108,Pensacola Marathon,"Pensacola, FL USA","November 8, 2015","Diane Allen (F46)
3:59:40 218 55 / 6 F45-49 Durham, NC, USA
3:33:25
 "
118,MIDD=2372151108,Pensacola Marathon,"Pensacola, FL USA","November 8, 2015","David Bradbury (M34)
3:59:54 219 164 / 34 M30-34 Elizabeth City, NC, USA
3:59:54
 "
119,MIDD=2372151108,Pensacola Marathon,"Pensacola, FL USA","November 8, 2015","Heather McKee (F34)
4:00:05 220 56 / 7 F30-34 Moyock, NC, USA
3:57:43
 "
120,MIDD=2372151108,Pensacola Marathon,"Pensacola, FL USA","November 8, 2015","Matt Ellington (M45)
4:00:07 221 165 / 25 M45-49 Zebulon, NC, USA
3:44:42
 "
121,MIDD=2372151108,Pensacola Marathon,"Pensacola, FL USA","November 8, 2015","Eric Sheffield (M54)
4:00:10 222 166 / 16 M50-54 Buena Vista, VA, USA
3:27:25
 "
122,MIDD=2372151108,Pensacola Marathon,"Pensacola, FL USA","November 8, 2015","Tommy Neeson (M46)
4:00:12 223 167 / 26 M45-49 Virginia Beach, VA, USA
3:42:51
 "
123,MIDD=2372151108,Pensacola Marathon,"Pensacola, FL USA","November 8, 2015","Michelle Pressley (F46)
4:00:12 224 57 / 7 F45-49 Norfolk, VA, USA
3:33:53
 "
124,MIDD=2372151108,Pensacola Marathon,"Pensacola, FL USA","November 8, 2015","John Woodlock (M48)
4:00:16 225 168 / 27 M45-49 Goldsboro, NC, USA
3:39:04
 "
125,MIDD=2372151108,Pensacola Marathon,"Pensacola, FL USA","November 8, 2015","Bill Long (M42)
4:00:25 226 169 / 29 M40-44 Rocky Mount, NC, USA
3:50:46
 "
126,MIDD=2372151108,Pensacola Marathon,"Pensacola, FL USA","November 8, 2015","Jennifer Veillette (F27)
4:00:28 227 58 / 13 F25-29 Rocky Mount, NC, USA
4:00:28
 "
127,MIDD=2372151108,Pensacola Marathon,"Pensacola, FL USA","November 8, 2015","Madhan Bosemani (M37)
4:00:44 228 170 / 26 M35-39 Ellicott City, MD, USA
3:59:46
 "
128,MIDD=2372151108,Pensacola Marathon,"Pensacola, FL USA","November 8, 2015","Efe Karanci (M34)
4:00:48 229 171 / 35 M30-34 Astoria, NY, USA
4:00:48
 "
129,MIDD=2372151108,Pensacola Marathon,"Pensacola, FL USA","November 8, 2015","malcolm parks (M48)
4:00:49 230 172 / 28 M45-49 Kitty Hawk, NC, USA
3:39:34
 "
130,MIDD=2372151108,Pensacola Marathon,"Pensacola, FL USA","November 8, 2015","Terence Raley (M53)
4:00:50 231 173 / 17 M50-54 Woodbridge, VA, USA
3:29:56
 "
131,MIDD=2372151108,Pensacola Marathon,"Pensacola, FL USA","November 8, 2015","Laura Michael (F32)
4:01:05 232 59 / 8 F30-34 Greensboro, NC, USA
4:00:14
 "
132,MIDD=2372151108,Pensacola Marathon,"Pensacola, FL USA","November 8, 2015","Deb Mathews (F33)
4:01:06 233 60 / 9 F30-34 Raleigh, NC, USA
3:59:34
 "
133,MIDD=2372151108,Pensacola Marathon,"Pensacola, FL USA","November 8, 2015","Scott Fletcher (M53)
4:01:09 234 174 / 18 M50-54 Southern Pines, NC, USA
3:30:12
 "
134,MIDD=2372151108,Pensacola Marathon,"Pensacola, FL USA","November 8, 2015","fiona murphy (F50)
4:01:11 235 61 / 7 F50-54 walpole, MA, USA
3:24:15
 "
135,MIDD=2372151108,Pensacola Marathon,"Pensacola, FL USA","November 8, 2015","Abby Andrews (F32)
4:01:15 236 62 / 10 F30-34 Seaford, DE, USA
4:00:24
 "
136,MIDD=2372151108,Pensacola Marathon,"Pensacola, FL USA","November 8, 2015","Wendee Bull (F27)
4:01:17 237 63 / 14 F25-29 Harrington, DE, USA
4:01:17
 "
137,MIDD=2372151108,Pensacola Marathon,"Pensacola, FL USA","November 8, 2015","Harold Hubbard (M37)
4:02:08 238 175 / 27 M35-39 Traphill, NC, USA
4:01:09
 "
138,MIDD=2372151108,Pensacola Marathon,"Pensacola, FL USA","November 8, 2015","Roby Di Giovine (M42)
4:02:11 239 176 / 30 M40-44 Greenville, SC, USA
3:52:28
 "
139,MIDD=2372151108,Pensacola Marathon,"Pensacola, FL USA","November 8, 2015","Jamie Shea (F23)
4:02:14 240 64 / 6 F20-24 Carrboro, NC, USA
4:02:14
 "
140,MIDD=2372151108,Pensacola Marathon,"Pensacola, FL USA","November 8, 2015","john bartsch (M59)
4:02:33 241 177 / 8 M55-59 wheeling, WV, USA
3:19:45
 "
141,MIDD=2372151108,Pensacola Marathon,"Pensacola, FL USA","November 8, 2015","Richard Belcourt (M57)
4:02:35 242 178 / 9 M55-59 Waxhaw, NC, USA
3:23:40
 "
142,MIDD=2372151108,Pensacola Marathon,"Pensacola, FL USA","November 8, 2015","Kat Page (F32)
4:02:39 243 65 / 11 F30-34 Waltham, MA, USA
4:01:48
 "
143,MIDD=2372151108,Pensacola Marathon,"Pensacola, FL USA","November 8, 2015","Mark Dupuis (M53)
4:02:41 244 179 / 19 M50-54 Glen Allen, VA, USA
3:31:32
 "
144,MIDD=2372151108,Pensacola Marathon,"Pensacola, FL USA","November 8, 2015","Michael Evans (M35)
4:02:49 245 180 / 28 M35-39 Greenville, SC, USA
4:02:49
 "
145,MIDD=2372151108,Pensacola Marathon,"Pensacola, FL USA","November 8, 2015","Julie Anderson (F57)
4:03:20 246 66 / 1 F55-59 Amelia, OH, USA
3:07:30
BQ"
146,MIDD=2372151108,Pensacola Marathon,"Pensacola, FL USA","November 8, 2015","Jeri Hughes (F51)
4:03:23 247 67 / 8 F50-54 Chesapeake, VA, USA
3:23:28
 "
147,MIDD=2372151108,Pensacola Marathon,"Pensacola, FL USA","November 8, 2015","Tim McKee (M44)
4:03:37 248 181 / 31 M40-44 Moyock, NC, USA
3:49:56
 "
148,MIDD=2372151108,Pensacola Marathon,"Pensacola, FL USA","November 8, 2015","Garret Brown (M32)
4:03:38 249 182 / 36 M30-34 Alexandria, VA, USA
4:03:38
 "
149,MIDD=2372151108,Pensacola Marathon,"Pensacola, FL USA","November 8, 2015","Jessica Kramer (F42)
4:04:16 250 68 / 11 F40-44 Washington, DC, USA
3:48:04
 "
150,MIDD=2372151108,Pensacola Marathon,"Pensacola, FL USA","November 8, 2015","Jennifer McNeill (F47)
4:04:43 251 69 / 8 F45-49 Va Beach, VA, USA
3:35:15
 "
151,MIDD=2372151108,Pensacola Marathon,"Pensacola, FL USA","November 8, 2015","Jessica Krueger (F25)
4:04:47 252 70 / 15 F25-29 Towson, MD, USA
4:04:47
 "
152,MIDD=2372151108,Pensacola Marathon,"Pensacola, FL USA","November 8, 2015","Brett Cottrell (M28)
4:04:49 253 183 / 22 M25-29 Wilmington, NC, USA
4:04:49
 "
153,MIDD=2372151108,Pensacola Marathon,"Pensacola, FL USA","November 8, 2015","Brian Gilger (M53)
4:04:49 254 184 / 20 M50-54 Raleigh, NC, USA
3:33:24
 "
154,MIDD=2372151108,Pensacola Marathon,"Pensacola, FL USA","November 8, 2015","Thom Williamson (M50)
4:04:55 255 185 / 21 M50-54  
3:39:22
 "
155,MIDD=2372151108,Pensacola Marathon,"Pensacola, FL USA","November 8, 2015","Bobby Benge (M45)
4:04:57 256 186 / 29 M45-49 Havelock, NC, USA
3:49:13
 "
156,MIDD=2372151108,Pensacola Marathon,"Pensacola, FL USA","November 8, 2015","Dirk Baumgardner (M54)
4:05:07 257 187 / 22 M50-54 Chambersburg, PA, USA
3:31:42
 "
157,MIDD=2372151108,Pensacola Marathon,"Pensacola, FL USA","November 8, 2015","Jeff Emily (M39)
4:05:07 258 188 / 29 M35-39 Alexandria, VA, USA
4:01:11
 "
158,MIDD=2372151108,Pensacola Marathon,"Pensacola, FL USA","November 8, 2015","Neal Cooper (M31)
4:05:24 259 189 / 37 M30-34 Wilmington, NC, USA
4:05:24
 "
159,MIDD=2372151108,Pensacola Marathon,"Pensacola, FL USA","November 8, 2015","Maria Marois (F34)
4:05:33 260 71 / 12 F30-34 Hope Mills, NC, USA
4:03:08
 "
160,MIDD=2372151108,Pensacola Marathon,"Pensacola, FL USA","November 8, 2015","Broc Higgins (M33)
4:06:00 261 190 / 38 M30-34 virginia beach, VA, USA
4:06:00
 "
161,MIDD=2372151108,Pensacola Marathon,"Pensacola, FL USA","November 8, 2015","Richard Ogle (M45)
4:06:06 262 191 / 30 M45-49 Wilmington, NC, USA
3:50:18
 "
162,MIDD=2372151108,Pensacola Marathon,"Pensacola, FL USA","November 8, 2015","Lawrence Jones (M60)
4:06:38 263 192 / 5 M60-64 Alexandria, VA, USA
3:21:07
 "
163,MIDD=2372151108,Pensacola Marathon,"Pensacola, FL USA","November 8, 2015","Jeff McHugh (M30)
4:06:44 264 193 / 39 M30-34 New Haven, CT, USA
4:06:44
 "
164,MIDD=2372151108,Pensacola Marathon,"Pensacola, FL USA","November 8, 2015","Ernest Simmons (M56)
4:07:21 265 194 / 10 M55-59 Langdon, ND, USA
3:29:39
 "
165,MIDD=2372151108,Pensacola Marathon,"Pensacola, FL USA","November 8, 2015","Tim Lewis (M26)
4:07:41 266 195 / 23 M25-29 Vinton, VA, USA
4:07:41
 "
166,MIDD=2372151108,Pensacola Marathon,"Pensacola, FL USA","November 8, 2015","George Barr (M64)
4:08:02 267 196 / 6 M60-64 Lancaster, PA, USA
3:14:20
 "
167,MIDD=2372151108,Pensacola Marathon,"Pensacola, FL USA","November 8, 2015","Todor Radoulov (M40)
4:08:07 268 197 / 32 M40-44 Henrico, VA, USA
4:02:08
 "
168,MIDD=2372151108,Pensacola Marathon,"Pensacola, FL USA","November 8, 2015","Tim Robinson (M53)
4:08:24 269 198 / 23 M50-54 Virginia Beach, VA, USA
3:36:31
 "
169,MIDD=2372151108,Pensacola Marathon,"Pensacola, FL USA","November 8, 2015","David Tucker (M44)
4:08:32 270 199 / 33 M40-44 Fuquay Varina, NC, USA
3:54:35
 "
170,MIDD=2372151108,Pensacola Marathon,"Pensacola, FL USA","November 8, 2015","David Beckwith (M56)
4:09:03 271 200 / 11 M55-59 Valparaiso, IN, USA
3:31:05
 "
171,MIDD=2372151108,Pensacola Marathon,"Pensacola, FL USA","November 8, 2015","Lisa Meadows (F42)
4:09:05 272 72 / 12 F40-44 Raleigh, NC, USA
3:52:34
 "
172,MIDD=2372151108,Pensacola Marathon,"Pensacola, FL USA","November 8, 2015","Katie Ledesma (F32)
4:09:23 273 73 / 13 F30-34 Richmond, VA, USA
4:08:30
 "
173,MIDD=2372151108,Pensacola Marathon,"Pensacola, FL USA","November 8, 2015","Stuart Eubank (M36)
4:09:24 274 201 / 30 M35-39 Greensboro, NC, USA
4:09:09
 "
174,MIDD=2372151108,Pensacola Marathon,"Pensacola, FL USA","November 8, 2015","Michael McGee (M22)
4:09:33 275 202 / 6 M20-24 Westford, MA, USA
4:09:25
 "
175,MIDD=2372151108,Pensacola Marathon,"Pensacola, FL USA","November 8, 2015","melissa davoli (F47)
4:09:56 276 74 / 9 F45-49 raleigh, NC, USA
3:39:50
 "
176,MIDD=2372151108,Pensacola Marathon,"Pensacola, FL USA","November 8, 2015","John Aman (M46)
4:09:56 277 203 / 31 M45-49 Cary, NC, USA
3:51:53
 "
177,MIDD=2372151108,Pensacola Marathon,"Pensacola, FL USA","November 8, 2015","Stephen Gallagher (M56)
4:10:10 278 204 / 12 M55-59 pearl river, NY, USA
3:32:02
 "
178,MIDD=2372151108,Pensacola Marathon,"Pensacola, FL USA","November 8, 2015","Nichole Scuteri (F34)
4:10:21 279 75 / 14 F30-34 Greensboro, NC, USA
4:07:53
 "
179,MIDD=2372151108,Pensacola Marathon,"Pensacola, FL USA","November 8, 2015","Abigail Hill (F32)
4:10:22 280 76 / 15 F30-34 Manteo, NC, USA
4:09:29
 "
180,MIDD=2372151108,Pensacola Marathon,"Pensacola, FL USA","November 8, 2015","wesley moats (M47)
4:10:26 281 205 / 32 M45-49 defiance, OH, USA
3:50:20
 "
181,MIDD=2372151108,Pensacola Marathon,"Pensacola, FL USA","November 8, 2015","Christopher Butz (M37)
4:10:59 282 206 / 31 M35-39 Durham, NC, USA
4:09:58
 "
182,MIDD=2372151108,Pensacola Marathon,"Pensacola, FL USA","November 8, 2015","Tyler Robinson (M30)
4:11:05 283 207 / 40 M30-34 Fredericksburg, VA, USA
4:11:05
 "
183,MIDD=2372151108,Pensacola Marathon,"Pensacola, FL USA","November 8, 2015","Daniel Hess (M45)
4:11:06 284 208 / 33 M45-49 Chapel Hill, NC, USA
3:54:58
 "
184,MIDD=2372151108,Pensacola Marathon,"Pensacola, FL USA","November 8, 2015","Edward Saxman (M53)
4:11:10 285 209 / 24 M50-54 Cooperstown, PA, USA
3:38:56
 "
185,MIDD=2372151108,Pensacola Marathon,"Pensacola, FL USA","November 8, 2015","Joe Kunesh (M53)
4:11:18 286 210 / 25 M50-54 Raleigh, NC, USA
3:39:03
 "
186,MIDD=2372151108,Pensacola Marathon,"Pensacola, FL USA","November 8, 2015","John Oldham (M43)
4:11:36 287 211 / 34 M40-44 Mechanicsville, VA, USA
3:59:29
 "
187,MIDD=2372151108,Pensacola Marathon,"Pensacola, FL USA","November 8, 2015","Gray Gurkin (M47)
4:11:42 288 212 / 34 M45-49 Richmond, VA, USA
3:51:30
 "
188,MIDD=2372151108,Pensacola Marathon,"Pensacola, FL USA","November 8, 2015","Annie Kepler (F52)
4:11:48 289 77 / 9 F50-54 Casper, WY, USA
3:27:45
 "
189,MIDD=2372151108,Pensacola Marathon,"Pensacola, FL USA","November 8, 2015","Kyle Pitchford (M44)
4:12:19 290 213 / 35 M40-44 Greenville, NC, USA
3:58:09
 "
190,MIDD=2372151108,Pensacola Marathon,"Pensacola, FL USA","November 8, 2015","Tommy Thompson (M58)
4:12:29 291 214 / 13 M55-59 Greenville, NC, USA
3:29:57
 "
191,MIDD=2372151108,Pensacola Marathon,"Pensacola, FL USA","November 8, 2015","Rodney Robertson (M44)
4:12:30 292 215 / 36 M40-44 Littleton, NC, USA
3:58:20
 "
192,MIDD=2372151108,Pensacola Marathon,"Pensacola, FL USA","November 8, 2015","Randy Derr (M55)
4:12:32 293 216 / 14 M55-59 Chesterfield, VA, USA
3:36:04
 "
193,MIDD=2372151108,Pensacola Marathon,"Pensacola, FL USA","November 8, 2015","Fred Thimme (M46)
4:12:32 294 217 / 35 M45-49 Wake Forest, NC, USA
3:54:18
 "
194,MIDD=2372151108,Pensacola Marathon,"Pensacola, FL USA","November 8, 2015","Anne Hazlett (F42)
4:13:17 295 78 / 13 F40-44 Washington, DC, USA
3:56:29
 "
195,MIDD=2372151108,Pensacola Marathon,"Pensacola, FL USA","November 8, 2015","Karen Quick (F41)
4:13:19 296 79 / 14 F40-44 Winterville, NC, USA
3:59:00
 "
196,MIDD=2372151108,Pensacola Marathon,"Pensacola, FL USA","November 8, 2015","Mark Friedlander (M54)
4:13:22 297 218 / 26 M50-54 Centreville, VA, USA
3:38:49
 "
197,MIDD=2372151108,Pensacola Marathon,"Pensacola, FL USA","November 8, 2015","Jonathan Gardow (M32)
4:13:39 298 219 / 41 M30-34 Cary, NC, USA
4:13:39
 "
198,MIDD=2372151108,Pensacola Marathon,"Pensacola, FL USA","November 8, 2015","Travis Kerns (M26)
4:14:18 299 220 / 24 M25-29 Chesapeake, VA, USA
4:14:18
 "
199,MIDD=2372151108,Pensacola Marathon,"Pensacola, FL USA","November 8, 2015","Tara Kerns (F24)
4:14:19 300 80 / 7 F20-24 Chesapeake, VA, USA
4:14:19
 "
200,MIDD=2372151108,Pensacola Marathon,"Pensacola, FL USA","November 8, 2015","Amelia Zwiener (F19)
3:56:38 201 50 / 1 F0-19 Mooresville, NC, USA
3:55:07
 "
201,MIDD=2372151108,Pensacola Marathon,"Pensacola, FL USA","November 8, 2015","Jim Kelly (M27)
3:56:42 202 152 / 19 M25-29 Harrisonburg, VA, USA
3:56:42
 "
202,MIDD=2372151108,Pensacola Marathon,"Pensacola, FL USA","November 8, 2015","mary costello (F54)
3:56:44 203 51 / 6 F50-54 webster, NY, USA
3:10:10
BQ"
203,MIDD=2372151108,Pensacola Marathon,"Pensacola, FL USA","November 8, 2015","Gordon Blackwell (M47)
3:56:49 204 153 / 23 M45-49 Raleigh, NC, USA
3:37:49
 "
204,MIDD=2372151108,Pensacola Marathon,"Pensacola, FL USA","November 8, 2015","Jake Wiseman (M40)
3:56:57 205 154 / 28 M40-44 Richmond, VA, USA
3:51:14
 "
205,MIDD=2372151108,Pensacola Marathon,"Pensacola, FL USA","November 8, 2015","James Burke (M26)
3:57:13 206 155 / 20 M25-29 Wilmington, NC, USA
3:57:13
 "
206,MIDD=2372151108,Pensacola Marathon,"Pensacola, FL USA","November 8, 2015","Patrick Link (M31)
3:57:14 207 156 / 32 M30-34 Henrico, VA, USA
3:57:14
 "
207,MIDD=2372151108,Pensacola Marathon,"Pensacola, FL USA","November 8, 2015","Keith Perkins (M29)
3:57:25 208 157 / 21 M25-29 Rose Hill, VA, USA
3:57:25
 "
208,MIDD=2372151108,Pensacola Marathon,"Pensacola, FL USA","November 8, 2015","Scott Stambuagh (M45)
3:57:28 209 158 / 24 M45-49 Defiance, OH, USA
3:42:13
 "
209,MIDD=2372151108,Pensacola Marathon,"Pensacola, FL USA","November 8, 2015","Case Anderson (M30)
3:57:46 210 159 / 33 M30-34 Bethesda, MD, USA
3:57:46
 "
210,MIDD=2372151108,Pensacola Marathon,"Pensacola, FL USA","November 8, 2015","Jennifer Hamilton (F38)
3:57:50 211 52 / 9 F35-39 Clayton, NC, USA
3:50:16
 "
211,MIDD=2372151108,Pensacola Marathon,"Pensacola, FL USA","November 8, 2015","Carlos Carrera (M38)
3:57:54 212 160 / 24 M35-39 Edenton, NC, USA
3:55:45
 "
212,MIDD=2372151108,Pensacola Marathon,"Pensacola, FL USA","November 8, 2015","Meredith Moore (F42)
3:58:00 213 53 / 10 F40-44 Charlotte, NC, USA
3:42:13
 "
213,MIDD=2372151108,Pensacola Marathon,"Pensacola, FL USA","November 8, 2015","James Dail (M36)
3:58:46 214 161 / 25 M35-39 Richmond, VA, USA
3:58:31
 "
214,MIDD=2372151108,Pensacola Marathon,"Pensacola, FL USA","November 8, 2015","Michael Howell (M54)
3:59:13 215 162 / 14 M50-54 Goldsboro, NC, USA
3:26:36
 "
215,MIDD=2372151108,Pensacola Marathon,"Pensacola, FL USA","November 8, 2015","Emily Holub (F27)
3:59:16 216 54 / 12 F25-29 Duck, NC, USA
3:59:16
 "
216,MIDD=2372151108,Pensacola Marathon,"Pensacola, FL USA","November 8, 2015","Robert Leugers (M52)
3:59:23 217 163 / 15 M50-54 Indian Trail, NC, USA
3:30:35
 "
217,MIDD=2372151108,Pensacola Marathon,"Pensacola, FL USA","November 8, 2015","Diane Allen (F46)
3:59:40 218 55 / 6 F45-49 Durham, NC, USA
3:33:25
 "
218,MIDD=2372151108,Pensacola Marathon,"Pensacola, FL USA","November 8, 2015","David Bradbury (M34)
3:59:54 219 164 / 34 M30-34 Elizabeth City, NC, USA
3:59:54
 "
219,MIDD=2372151108,Pensacola Marathon,"Pensacola, FL USA","November 8, 2015","Heather McKee (F34)
4:00:05 220 56 / 7 F30-34 Moyock, NC, USA
3:57:43
 "
220,MIDD=2372151108,Pensacola Marathon,"Pensacola, FL USA","November 8, 2015","Matt Ellington (M45)
4:00:07 221 165 / 25 M45-49 Zebulon, NC, USA
3:44:42
 "
221,MIDD=2372151108,Pensacola Marathon,"Pensacola, FL USA","November 8, 2015","Eric Sheffield (M54)
4:00:10 222 166 / 16 M50-54 Buena Vista, VA, USA
3:27:25
 "
222,MIDD=2372151108,Pensacola Marathon,"Pensacola, FL USA","November 8, 2015","Tommy Neeson (M46)
4:00:12 223 167 / 26 M45-49 Virginia Beach, VA, USA
3:42:51
 "
223,MIDD=2372151108,Pensacola Marathon,"Pensacola, FL USA","November 8, 2015","Michelle Pressley (F46)
4:00:12 224 57 / 7 F45-49 Norfolk, VA, USA
3:33:53
 "
224,MIDD=2372151108,Pensacola Marathon,"Pensacola, FL USA","November 8, 2015","John Woodlock (M48)
4:00:16 225 168 / 27 M45-49 Goldsboro, NC, USA
3:39:04
 "
225,MIDD=2372151108,Pensacola Marathon,"Pensacola, FL USA","November 8, 2015","Bill Long (M42)
4:00:25 226 169 / 29 M40-44 Rocky Mount, NC, USA
3:50:46
 "
226,MIDD=2372151108,Pensacola Marathon,"Pensacola, FL USA","November 8, 2015","Jennifer Veillette (F27)
4:00:28 227 58 / 13 F25-29 Rocky Mount, NC, USA
4:00:28
 "
227,MIDD=2372151108,Pensacola Marathon,"Pensacola, FL USA","November 8, 2015","Madhan Bosemani (M37)
4:00:44 228 170 / 26 M35-39 Ellicott City, MD, USA
3:59:46
 "
228,MIDD=2372151108,Pensacola Marathon,"Pensacola, FL USA","November 8, 2015","Efe Karanci (M34)
4:00:48 229 171 / 35 M30-34 Astoria, NY, USA
4:00:48
 "
229,MIDD=2372151108,Pensacola Marathon,"Pensacola, FL USA","November 8, 2015","malcolm parks (M48)
4:00:49 230 172 / 28 M45-49 Kitty Hawk, NC, USA
3:39:34
 "
230,MIDD=2372151108,Pensacola Marathon,"Pensacola, FL USA","November 8, 2015","Terence Raley (M53)
4:00:50 231 173 / 17 M50-54 Woodbridge, VA, USA
3:29:56
 "
231,MIDD=2372151108,Pensacola Marathon,"Pensacola, FL USA","November 8, 2015","Laura Michael (F32)
4:01:05 232 59 / 8 F30-34 Greensboro, NC, USA
4:00:14
 "
232,MIDD=2372151108,Pensacola Marathon,"Pensacola, FL USA","November 8, 2015","Deb Mathews (F33)
4:01:06 233 60 / 9 F30-34 Raleigh, NC, USA
3:59:34
 "
233,MIDD=2372151108,Pensacola Marathon,"Pensacola, FL USA","November 8, 2015","Scott Fletcher (M53)
4:01:09 234 174 / 18 M50-54 Southern Pines, NC, USA
3:30:12
 "
234,MIDD=2372151108,Pensacola Marathon,"Pensacola, FL USA","November 8, 2015","fiona murphy (F50)
4:01:11 235 61 / 7 F50-54 walpole, MA, USA
3:24:15
 "
235,MIDD=2372151108,Pensacola Marathon,"Pensacola, FL USA","November 8, 2015","Abby Andrews (F32)
4:01:15 236 62 / 10 F30-34 Seaford, DE, USA
4:00:24
 "
236,MIDD=2372151108,Pensacola Marathon,"Pensacola, FL USA","November 8, 2015","Wendee Bull (F27)
4:01:17 237 63 / 14 F25-29 Harrington, DE, USA
4:01:17
 "
237,MIDD=2372151108,Pensacola Marathon,"Pensacola, FL USA","November 8, 2015","Harold Hubbard (M37)
4:02:08 238 175 / 27 M35-39 Traphill, NC, USA
4:01:09
 "
238,MIDD=2372151108,Pensacola Marathon,"Pensacola, FL USA","November 8, 2015","Roby Di Giovine (M42)
4:02:11 239 176 / 30 M40-44 Greenville, SC, USA
3:52:28
 "
239,MIDD=2372151108,Pensacola Marathon,"Pensacola, FL USA","November 8, 2015","Jamie Shea (F23)
4:02:14 240 64 / 6 F20-24 Carrboro, NC, USA
4:02:14
 "
240,MIDD=2372151108,Pensacola Marathon,"Pensacola, FL USA","November 8, 2015","john bartsch (M59)
4:02:33 241 177 / 8 M55-59 wheeling, WV, USA
3:19:45
 "
241,MIDD=2372151108,Pensacola Marathon,"Pensacola, FL USA","November 8, 2015","Richard Belcourt (M57)
4:02:35 242 178 / 9 M55-59 Waxhaw, NC, USA
3:23:40
 "
242,MIDD=2372151108,Pensacola Marathon,"Pensacola, FL USA","November 8, 2015","Kat Page (F32)
4:02:39 243 65 / 11 F30-34 Waltham, MA, USA
4:01:48
 "
243,MIDD=2372151108,Pensacola Marathon,"Pensacola, FL USA","November 8, 2015","Mark Dupuis (M53)
4:02:41 244 179 / 19 M50-54 Glen Allen, VA, USA
3:31:32
 "
244,MIDD=2372151108,Pensacola Marathon,"Pensacola, FL USA","November 8, 2015","Michael Evans (M35)
4:02:49 245 180 / 28 M35-39 Greenville, SC, USA
4:02:49
 "
245,MIDD=2372151108,Pensacola Marathon,"Pensacola, FL USA","November 8, 2015","Julie Anderson (F57)
4:03:20 246 66 / 1 F55-59 Amelia, OH, USA
3:07:30
BQ"
246,MIDD=2372151108,Pensacola Marathon,"Pensacola, FL USA","November 8, 2015","Jeri Hughes (F51)
4:03:23 247 67 / 8 F50-54 Chesapeake, VA, USA
3:23:28
 "
247,MIDD=2372151108,Pensacola Marathon,"Pensacola, FL USA","November 8, 2015","Tim McKee (M44)
4:03:37 248 181 / 31 M40-44 Moyock, NC, USA
3:49:56
 "
248,MIDD=2372151108,Pensacola Marathon,"Pensacola, FL USA","November 8, 2015","Garret Brown (M32)
4:03:38 249 182 / 36 M30-34 Alexandria, VA, USA
4:03:38
 "
249,MIDD=2372151108,Pensacola Marathon,"Pensacola, FL USA","November 8, 2015","Jessica Kramer (F42)
4:04:16 250 68 / 11 F40-44 Washington, DC, USA
3:48:04
 "
250,MIDD=2372151108,Pensacola Marathon,"Pensacola, FL USA","November 8, 2015","Jennifer McNeill (F47)
4:04:43 251 69 / 8 F45-49 Va Beach, VA, USA
3:35:15
 "
251,MIDD=2372151108,Pensacola Marathon,"Pensacola, FL USA","November 8, 2015","Jessica Krueger (F25)
4:04:47 252 70 / 15 F25-29 Towson, MD, USA
4:04:47
 "
252,MIDD=2372151108,Pensacola Marathon,"Pensacola, FL USA","November 8, 2015","Brett Cottrell (M28)
4:04:49 253 183 / 22 M25-29 Wilmington, NC, USA
4:04:49
 "
253,MIDD=2372151108,Pensacola Marathon,"Pensacola, FL USA","November 8, 2015","Brian Gilger (M53)
4:04:49 254 184 / 20 M50-54 Raleigh, NC, USA
3:33:24
 "
254,MIDD=2372151108,Pensacola Marathon,"Pensacola, FL USA","November 8, 2015","Thom Williamson (M50)
4:04:55 255 185 / 21 M50-54  
3:39:22
 "
255,MIDD=2372151108,Pensacola Marathon,"Pensacola, FL USA","November 8, 2015","Bobby Benge (M45)
4:04:57 256 186 / 29 M45-49 Havelock, NC, USA
3:49:13
 "
256,MIDD=2372151108,Pensacola Marathon,"Pensacola, FL USA","November 8, 2015","Dirk Baumgardner (M54)
4:05:07 257 187 / 22 M50-54 Chambersburg, PA, USA
3:31:42
 "
257,MIDD=2372151108,Pensacola Marathon,"Pensacola, FL USA","November 8, 2015","Jeff Emily (M39)
4:05:07 258 188 / 29 M35-39 Alexandria, VA, USA
4:01:11
 "
258,MIDD=2372151108,Pensacola Marathon,"Pensacola, FL USA","November 8, 2015","Neal Cooper (M31)
4:05:24 259 189 / 37 M30-34 Wilmington, NC, USA
4:05:24
 "
259,MIDD=2372151108,Pensacola Marathon,"Pensacola, FL USA","November 8, 2015","Maria Marois (F34)
4:05:33 260 71 / 12 F30-34 Hope Mills, NC, USA
4:03:08
 "
260,MIDD=2372151108,Pensacola Marathon,"Pensacola, FL USA","November 8, 2015","Broc Higgins (M33)
4:06:00 261 190 / 38 M30-34 virginia beach, VA, USA
4:06:00
 "
261,MIDD=2372151108,Pensacola Marathon,"Pensacola, FL USA","November 8, 2015","Richard Ogle (M45)
4:06:06 262 191 / 30 M45-49 Wilmington, NC, USA
3:50:18
 "
262,MIDD=2372151108,Pensacola Marathon,"Pensacola, FL USA","November 8, 2015","Lawrence Jones (M60)
4:06:38 263 192 / 5 M60-64 Alexandria, VA, USA
3:21:07
 "
263,MIDD=2372151108,Pensacola Marathon,"Pensacola, FL USA","November 8, 2015","Jeff McHugh (M30)
4:06:44 264 193 / 39 M30-34 New Haven, CT, USA
4:06:44
 "
264,MIDD=2372151108,Pensacola Marathon,"Pensacola, FL USA","November 8, 2015","Ernest Simmons (M56)
4:07:21 265 194 / 10 M55-59 Langdon, ND, USA
3:29:39
 "
265,MIDD=2372151108,Pensacola Marathon,"Pensacola, FL USA","November 8, 2015","Tim Lewis (M26)
4:07:41 266 195 / 23 M25-29 Vinton, VA, USA
4:07:41
 "
266,MIDD=2372151108,Pensacola Marathon,"Pensacola, FL USA","November 8, 2015","George Barr (M64)
4:08:02 267 196 / 6 M60-64 Lancaster, PA, USA
3:14:20
 "
267,MIDD=2372151108,Pensacola Marathon,"Pensacola, FL USA","November 8, 2015","Todor Radoulov (M40)
4:08:07 268 197 / 32 M40-44 Henrico, VA, USA
4:02:08
 "
268,MIDD=2372151108,Pensacola Marathon,"Pensacola, FL USA","November 8, 2015","Tim Robinson (M53)
4:08:24 269 198 / 23 M50-54 Virginia Beach, VA, USA
3:36:31
 "
269,MIDD=2372151108,Pensacola Marathon,"Pensacola, FL USA","November 8, 2015","David Tucker (M44)
4:08:32 270 199 / 33 M40-44 Fuquay Varina, NC, USA
3:54:35
 "
270,MIDD=2372151108,Pensacola Marathon,"Pensacola, FL USA","November 8, 2015","David Beckwith (M56)
4:09:03 271 200 / 11 M55-59 Valparaiso, IN, USA
3:31:05
 "
271,MIDD=2372151108,Pensacola Marathon,"Pensacola, FL USA","November 8, 2015","Lisa Meadows (F42)
4:09:05 272 72 / 12 F40-44 Raleigh, NC, USA
3:52:34
 "
272,MIDD=2372151108,Pensacola Marathon,"Pensacola, FL USA","November 8, 2015","Katie Ledesma (F32)
4:09:23 273 73 / 13 F30-34 Richmond, VA, USA
4:08:30
 "
273,MIDD=2372151108,Pensacola Marathon,"Pensacola, FL USA","November 8, 2015","Stuart Eubank (M36)
4:09:24 274 201 / 30 M35-39 Greensboro, NC, USA
4:09:09
 "
274,MIDD=2372151108,Pensacola Marathon,"Pensacola, FL USA","November 8, 2015","Michael McGee (M22)
4:09:33 275 202 / 6 M20-24 Westford, MA, USA
4:09:25
 "
275,MIDD=2372151108,Pensacola Marathon,"Pensacola, FL USA","November 8, 2015","melissa davoli (F47)
4:09:56 276 74 / 9 F45-49 raleigh, NC, USA
3:39:50
 "
276,MIDD=2372151108,Pensacola Marathon,"Pensacola, FL USA","November 8, 2015","John Aman (M46)
4:09:56 277 203 / 31 M45-49 Cary, NC, USA
3:51:53
 "
277,MIDD=2372151108,Pensacola Marathon,"Pensacola, FL USA","November 8, 2015","Stephen Gallagher (M56)
4:10:10 278 204 / 12 M55-59 pearl river, NY, USA
3:32:02
 "
278,MIDD=2372151108,Pensacola Marathon,"Pensacola, FL USA","November 8, 2015","Nichole Scuteri (F34)
4:10:21 279 75 / 14 F30-34 Greensboro, NC, USA
4:07:53
 "
279,MIDD=2372151108,Pensacola Marathon,"Pensacola, FL USA","November 8, 2015","Abigail Hill (F32)
4:10:22 280 76 / 15 F30-34 Manteo, NC, USA
4:09:29
 "
280,MIDD=2372151108,Pensacola Marathon,"Pensacola, FL USA","November 8, 2015","wesley moats (M47)
4:10:26 281 205 / 32 M45-49 defiance, OH, USA
3:50:20
 "
281,MIDD=2372151108,Pensacola Marathon,"Pensacola, FL USA","November 8, 2015","Christopher Butz (M37)
4:10:59 282 206 / 31 M35-39 Durham, NC, USA
4:09:58
 "
282,MIDD=2372151108,Pensacola Marathon,"Pensacola, FL USA","November 8, 2015","Tyler Robinson (M30)
4:11:05 283 207 / 40 M30-34 Fredericksburg, VA, USA
4:11:05
 "
283,MIDD=2372151108,Pensacola Marathon,"Pensacola, FL USA","November 8, 2015","Daniel Hess (M45)
4:11:06 284 208 / 33 M45-49 Chapel Hill, NC, USA
3:54:58
 "
284,MIDD=2372151108,Pensacola Marathon,"Pensacola, FL USA","November 8, 2015","Edward Saxman (M53)
4:11:10 285 209 / 24 M50-54 Cooperstown, PA, USA
3:38:56
 "
285,MIDD=2372151108,Pensacola Marathon,"Pensacola, FL USA","November 8, 2015","Joe Kunesh (M53)
4:11:18 286 210 / 25 M50-54 Raleigh, NC, USA
3:39:03
 "
286,MIDD=2372151108,Pensacola Marathon,"Pensacola, FL USA","November 8, 2015","John Oldham (M43)
4:11:36 287 211 / 34 M40-44 Mechanicsville, VA, USA
3:59:29
 "
287,MIDD=2372151108,Pensacola Marathon,"Pensacola, FL USA","November 8, 2015","Gray Gurkin (M47)
4:11:42 288 212 / 34 M45-49 Richmond, VA, USA
3:51:30
 "
288,MIDD=2372151108,Pensacola Marathon,"Pensacola, FL USA","November 8, 2015","Annie Kepler (F52)
4:11:48 289 77 / 9 F50-54 Casper, WY, USA
3:27:45
 "
289,MIDD=2372151108,Pensacola Marathon,"Pensacola, FL USA","November 8, 2015","Kyle Pitchford (M44)
4:12:19 290 213 / 35 M40-44 Greenville, NC, USA
3:58:09
 "
290,MIDD=2372151108,Pensacola Marathon,"Pensacola, FL USA","November 8, 2015","Tommy Thompson (M58)
4:12:29 291 214 / 13 M55-59 Greenville, NC, USA
3:29:57
 "
291,MIDD=2372151108,Pensacola Marathon,"Pensacola, FL USA","November 8, 2015","Rodney Robertson (M44)
4:12:30 292 215 / 36 M40-44 Littleton, NC, USA
3:58:20
 "
292,MIDD=2372151108,Pensacola Marathon,"Pensacola, FL USA","November 8, 2015","Randy Derr (M55)
4:12:32 293 216 / 14 M55-59 Chesterfield, VA, USA
3:36:04
 "
293,MIDD=2372151108,Pensacola Marathon,"Pensacola, FL USA","November 8, 2015","Fred Thimme (M46)
4:12:32 294 217 / 35 M45-49 Wake Forest, NC, USA
3:54:18
 "
294,MIDD=2372151108,Pensacola Marathon,"Pensacola, FL USA","November 8, 2015","Anne Hazlett (F42)
4:13:17 295 78 / 13 F40-44 Washington, DC, USA
3:56:29
 "
295,MIDD=2372151108,Pensacola Marathon,"Pensacola, FL USA","November 8, 2015","Karen Quick (F41)
4:13:19 296 79 / 14 F40-44 Winterville, NC, USA
3:59:00
 "
296,MIDD=2372151108,Pensacola Marathon,"Pensacola, FL USA","November 8, 2015","Mark Friedlander (M54)
4:13:22 297 218 / 26 M50-54 Centreville, VA, USA
3:38:49
 "
297,MIDD=2372151108,Pensacola Marathon,"Pensacola, FL USA","November 8, 2015","Jonathan Gardow (M32)
4:13:39 298 219 / 41 M30-34 Cary, NC, USA
4:13:39
 "
298,MIDD=2372151108,Pensacola Marathon,"Pensacola, FL USA","November 8, 2015","Travis Kerns (M26)
4:14:18 299 220 / 24 M25-29 Chesapeake, VA, USA
4:14:18
 "
299,MIDD=2372151108,Pensacola Marathon,"Pensacola, FL USA","November 8, 2015","Tara Kerns (F24)
4:14:19 300 80 / 7 F20-24 Chesapeake, VA, USA
4:14:19
 "
