,race_id,race,location,date,runners
0,MIDD=4625151101,BG26.2 Marathon,"Bowling Green, KY USA","November 1, 2015","

Have you run this race?Then tell us about it.

Last Name, First Name(Sex/Age)
OverAllPlace
Sex Place
Net Time 
City, State, Country AG Time* BQ*"
1,MIDD=4625151101,BG26.2 Marathon,"Bowling Green, KY USA","November 1, 2015","RYAN LOISELLE (M40)
1 1
2:51:55
WESTFIELD, IN, USA
2:47:46
BQ"
2,MIDD=4625151101,BG26.2 Marathon,"Bowling Green, KY USA","November 1, 2015","ELIAS GROFT (M26)
2 2
3:03:08
PORTLAND, TN, USA
3:03:08
BQ"
3,MIDD=4625151101,BG26.2 Marathon,"Bowling Green, KY USA","November 1, 2015","DAVID HAYS (M34)
3 3
3:22:38
LONDON, KY, USA
3:22:38
 "
4,MIDD=4625151101,BG26.2 Marathon,"Bowling Green, KY USA","November 1, 2015","BELLE THOMAS (F26)
4 1
3:24:03
GLASGOW, KY, USA
3:24:03
BQ"
5,MIDD=4625151101,BG26.2 Marathon,"Bowling Green, KY USA","November 1, 2015","JASON MAGUIRE (M37)
5 4
3:25:23
LOUISVILLE, KY, USA
3:24:33
 "
6,MIDD=4625151101,BG26.2 Marathon,"Bowling Green, KY USA","November 1, 2015","DAVID DOWNING (M26)
6 5
3:27:32
LEXINGTON, KY, USA
3:27:32
 "
7,MIDD=4625151101,BG26.2 Marathon,"Bowling Green, KY USA","November 1, 2015","LINDA MIHALEC (F33)
7 2
3:29:39
RICHMOND, KY, USA
3:28:19
BQ"
8,MIDD=4625151101,BG26.2 Marathon,"Bowling Green, KY USA","November 1, 2015","MIKE SCHEETZ (M37)
8 6
3:35:37
PORTLAND, TN, USA
3:34:45
 "
9,MIDD=4625151101,BG26.2 Marathon,"Bowling Green, KY USA","November 1, 2015","MARK ELDERBROCK (M54)
9 7
3:37:08
WOOSTER, OH, USA
3:07:32
 "
10,MIDD=4625151101,BG26.2 Marathon,"Bowling Green, KY USA","November 1, 2015","MIKE WHITE (M48)
10 8
3:37:33
BRENTWOOD, TN, USA
3:18:21
 "
11,MIDD=4625151101,BG26.2 Marathon,"Bowling Green, KY USA","November 1, 2015","BRYAN BAROFFIO (M57)
11 9
3:39:24
GRAND JUNCTION, CO, USA
3:04:12
BQ"
12,MIDD=4625151101,BG26.2 Marathon,"Bowling Green, KY USA","November 1, 2015","HEATHER LOZON (F33)
12 3
3:40:58
FLOYDS KNOBS, IN, USA
3:39:34
 "
13,MIDD=4625151101,BG26.2 Marathon,"Bowling Green, KY USA","November 1, 2015","DAVID SNOW (M43)
13 10
3:41:29
BRANDENBURG, KY, USA
3:30:49
 "
14,MIDD=4625151101,BG26.2 Marathon,"Bowling Green, KY USA","November 1, 2015","VINCENT MA (M46)
14 11
3:42:46
SAN JOSE, CA, USA
3:26:40
 "
15,MIDD=4625151101,BG26.2 Marathon,"Bowling Green, KY USA","November 1, 2015","BRITTNEY HUNTER (F31)
15 4
3:42:49
PRAIRIE VILLAGE, KS, USA
3:42:27
 "
16,MIDD=4625151101,BG26.2 Marathon,"Bowling Green, KY USA","November 1, 2015","ROBERT ALLEN (M48)
16 12
3:43:25
BOWLING GREEN, KY, USA
3:23:42
 "
17,MIDD=4625151101,BG26.2 Marathon,"Bowling Green, KY USA","November 1, 2015","CARSTEN GIESSMANN (M47)
17 13
3:44:04
IRVINE, CA, USA
3:26:05
 "
18,MIDD=4625151101,BG26.2 Marathon,"Bowling Green, KY USA","November 1, 2015","ANDREA KOVACH (F47)
18 5
3:44:28
NAPERVILLE, IL, USA
3:17:26
BQ"
19,MIDD=4625151101,BG26.2 Marathon,"Bowling Green, KY USA","November 1, 2015","SCOTT KOMINKIEWICZ (M25)
19 14
3:44:41
NASHVILLE, TN, USA
3:44:41
 "
20,MIDD=4625151101,BG26.2 Marathon,"Bowling Green, KY USA","November 1, 2015","DUNCAN SHARRITS (M51)
20 15
3:45:47
HENDERSONVILLE, NC, USA
3:20:25
 "
21,MIDD=4625151101,BG26.2 Marathon,"Bowling Green, KY USA","November 1, 2015","JANNA HENDRIX (F47)
21 6
3:47:34
OWENSBORO, KY, USA
3:20:10
BQ"
22,MIDD=4625151101,BG26.2 Marathon,"Bowling Green, KY USA","November 1, 2015","LISA KIRKHAM (F48)
22 7
3:50:01
NASHVILLE, TN, USA
3:19:48
BQ"
23,MIDD=4625151101,BG26.2 Marathon,"Bowling Green, KY USA","November 1, 2015","CHERYL LEI BRYLL (F47)
23 8
3:52:58
PLEASANT SHADE, TN, USA
3:24:55
BQ"
24,MIDD=4625151101,BG26.2 Marathon,"Bowling Green, KY USA","November 1, 2015","GREG CORBIN (M56)
24 16
3:53:31
ELIZABETHTOWN, KY, USA
3:17:55
 "
25,MIDD=4625151101,BG26.2 Marathon,"Bowling Green, KY USA","November 1, 2015","HARLAN HOLMES (M29)
25 17
3:53:33
BOWLING GREEN, KY, USA
3:53:33
 "
26,MIDD=4625151101,BG26.2 Marathon,"Bowling Green, KY USA","November 1, 2015","WILL MCCORMICK (M44)
26 18
3:56:36
GALLATIN, TN, USA
3:43:19
 "
27,MIDD=4625151101,BG26.2 Marathon,"Bowling Green, KY USA","November 1, 2015","MICHELLE LENAHAN (F35)
27 9
3:56:54
EVANSVILLE, IN, USA
3:53:33
 "
28,MIDD=4625151101,BG26.2 Marathon,"Bowling Green, KY USA","November 1, 2015","MARTINA GUTIK (F38)
28 10
3:57:24
DUBLIN, OH, USA
3:49:51
 "
29,MIDD=4625151101,BG26.2 Marathon,"Bowling Green, KY USA","November 1, 2015","WILLIAM OWEN (M34)
29 19
3:57:30
HOPKINSVILLE, KY, USA
3:57:30
 "
30,MIDD=4625151101,BG26.2 Marathon,"Bowling Green, KY USA","November 1, 2015","TABOR NUDD (M34)
30 20
3:57:55
OOLTEWAH, TN, USA
3:57:55
 "
31,MIDD=4625151101,BG26.2 Marathon,"Bowling Green, KY USA","November 1, 2015","AARON THOMAS (M44)
31 21
3:58:34
RANGER, GA, USA
3:45:10
 "
32,MIDD=4625151101,BG26.2 Marathon,"Bowling Green, KY USA","November 1, 2015","JONTAI MCQUEEN (M33)
32 22
3:58:45
LONDON, KY, USA
3:58:45
 "
33,MIDD=4625151101,BG26.2 Marathon,"Bowling Green, KY USA","November 1, 2015","MICHELLE BISCHOF BRYANT (F36)
33 11
4:00:03
PROSPECT, KY, USA
3:55:26
 "
34,MIDD=4625151101,BG26.2 Marathon,"Bowling Green, KY USA","November 1, 2015","FRED DUVALL (M64)
34 23
4:00:49
SMITHS GROVE, KY, USA
3:08:40
 "
35,MIDD=4625151101,BG26.2 Marathon,"Bowling Green, KY USA","November 1, 2015","SANDEE MCMILLEN (F46)
35 12
4:01:24
EVANSVILLE, IN, USA
3:34:58
 "
36,MIDD=4625151101,BG26.2 Marathon,"Bowling Green, KY USA","November 1, 2015","DEIDRA TUXEN (F34)
36 13
4:01:33
TURTLE LAKE, WI, USA
3:59:10
 "
37,MIDD=4625151101,BG26.2 Marathon,"Bowling Green, KY USA","November 1, 2015","KEVIN JOHNSON (M41)
37 24
4:02:55
BOWLING GREEN, KY, USA
3:55:07
 "
38,MIDD=4625151101,BG26.2 Marathon,"Bowling Green, KY USA","November 1, 2015","CAROL LEWIS (F51)
38 14
4:03:42
SOUTH HAVEN, MI, USA
3:23:43
 "
39,MIDD=4625151101,BG26.2 Marathon,"Bowling Green, KY USA","November 1, 2015","LORI DOTSON (F49)
39 15
4:03:43
SOUTH HAVEN, MI, USA
3:29:03
 "
40,MIDD=4625151101,BG26.2 Marathon,"Bowling Green, KY USA","November 1, 2015","SUZANNE ANDERSON (F50)
40 16
4:04:09
OWENSBORO, KY, USA
3:26:46
 "
41,MIDD=4625151101,BG26.2 Marathon,"Bowling Green, KY USA","November 1, 2015","RUSSELL VANCE (M51)
41 25
4:04:18
SMYRNA, TN, USA
3:36:51
 "
42,MIDD=4625151101,BG26.2 Marathon,"Bowling Green, KY USA","November 1, 2015","JEFF JOHNSTON (M61)
42 26
4:04:46
DEER PARK, WI, USA
3:17:38
 "
43,MIDD=4625151101,BG26.2 Marathon,"Bowling Green, KY USA","November 1, 2015","LYDIA BLANKENSHIP (F27)
43 17
4:05:06
BOWLING GREEN, KY, USA
4:05:06
 "
44,MIDD=4625151101,BG26.2 Marathon,"Bowling Green, KY USA","November 1, 2015","WAYNE TREADWAY (M64)
44 27
4:06:13
BOWLING GREEN, KY, USA
3:12:54
 "
45,MIDD=4625151101,BG26.2 Marathon,"Bowling Green, KY USA","November 1, 2015","MICHAEL DODSON (M51)
45 28
4:06:15
ALVATON, KY, USA
3:38:35
 "
46,MIDD=4625151101,BG26.2 Marathon,"Bowling Green, KY USA","November 1, 2015","TARA KREUSER (F34)
46 18
4:07:01
SHOREWOOD, WI, USA
4:04:35
 "
47,MIDD=4625151101,BG26.2 Marathon,"Bowling Green, KY USA","November 1, 2015","BENJAMIN HUMPHRIES (M37)
47 29
4:07:01
ELIZABETHTOWN, KY, USA
4:06:01
 "
48,MIDD=4625151101,BG26.2 Marathon,"Bowling Green, KY USA","November 1, 2015","LAURIE GOBLIRSCH (F55)
48 19
4:07:04
ELIZABETHTOWN, KY, USA
3:15:46
BQ"
49,MIDD=4625151101,BG26.2 Marathon,"Bowling Green, KY USA","November 1, 2015","ANNA SORACE (F28)
49 20
4:07:04
NASHVILLE, TN, USA
4:07:04
 "
50,MIDD=4625151101,BG26.2 Marathon,"Bowling Green, KY USA","November 1, 2015","DIANA BIBEAU (F55)
50 21
4:07:22
HERMITAGE, TN, USA
3:16:00
BQ"
51,MIDD=4625151101,BG26.2 Marathon,"Bowling Green, KY USA","November 1, 2015","MIKE SAMUELSON (M50)
51 30
4:10:17
LAKELAND, TN, USA
3:44:10
 "
52,MIDD=4625151101,BG26.2 Marathon,"Bowling Green, KY USA","November 1, 2015","AMY PARKER (F39)
52 22
4:10:26
BOWLING GREEN, KY, USA
4:00:36
 "
53,MIDD=4625151101,BG26.2 Marathon,"Bowling Green, KY USA","November 1, 2015","JAKE GAEBLER (M29)
53 31
4:12:44
BOWLING GREEN, KY, USA
4:12:44
 "
54,MIDD=4625151101,BG26.2 Marathon,"Bowling Green, KY USA","November 1, 2015","D. CHONGO MUNDENDE (M61)
54 32
4:13:29
EDMOND, OK, USA
3:24:41
 "
55,MIDD=4625151101,BG26.2 Marathon,"Bowling Green, KY USA","November 1, 2015","JASON ABBOTT (M44)
55 33
4:16:07
LOUISVILLE, KY, USA
4:01:44
 "
56,MIDD=4625151101,BG26.2 Marathon,"Bowling Green, KY USA","November 1, 2015","JULIA MACFARLAND (F29)
56 23
4:16:10
CASTALIAN SPRINGS, TN, USA
4:16:10
 "
57,MIDD=4625151101,BG26.2 Marathon,"Bowling Green, KY USA","November 1, 2015","CHRIS FONNESBECK (M45)
57 34
4:16:25
NASHVILLE, TN, USA
3:59:57
 "
58,MIDD=4625151101,BG26.2 Marathon,"Bowling Green, KY USA","November 1, 2015","ZACHARY WARREN (M39)
58 35
4:16:25
NASHVILLE, TN, USA
4:12:18
 "
59,MIDD=4625151101,BG26.2 Marathon,"Bowling Green, KY USA","November 1, 2015","ALLEN BABARAN (M42)
59 36
4:17:15
BELMONT, CA, USA
4:06:56
 "
60,MIDD=4625151101,BG26.2 Marathon,"Bowling Green, KY USA","November 1, 2015","BILLY COSBY (M35)
60 37
4:17:32
VERSAILLES, KY, USA
4:17:32
 "
61,MIDD=4625151101,BG26.2 Marathon,"Bowling Green, KY USA","November 1, 2015","GLENN TAKAHASHI (M68)
61 38
4:18:37
DUNNELLON, FL, USA
3:14:19
 "
62,MIDD=4625151101,BG26.2 Marathon,"Bowling Green, KY USA","November 1, 2015","CRAIG KANNAPEL (M31)
62 39
4:18:51
LOUISVILLE, KY, USA
4:18:51
 "
63,MIDD=4625151101,BG26.2 Marathon,"Bowling Green, KY USA","November 1, 2015","TONY RECKER (M63)
63 40
4:19:03
HERMITAGE, TN, USA
3:25:02
 "
64,MIDD=4625151101,BG26.2 Marathon,"Bowling Green, KY USA","November 1, 2015","SHELBY SWETMON (M21)
64 41
4:19:33
BOWLING GREEN, KY, USA
4:18:22
 "
65,MIDD=4625151101,BG26.2 Marathon,"Bowling Green, KY USA","November 1, 2015","GABI MADISON (F33)
65 24
4:20:18
WOODBURN, KY, USA
4:18:39
 "
66,MIDD=4625151101,BG26.2 Marathon,"Bowling Green, KY USA","November 1, 2015","KEVIN GIEG (M48)
66 42
4:21:29
PICKERINGTON, OH, USA
3:58:25
 "
67,MIDD=4625151101,BG26.2 Marathon,"Bowling Green, KY USA","November 1, 2015","EMILY MILLER (F40)
67 25
4:23:07
LEXINGTON, KY, USA
4:10:38
 "
68,MIDD=4625151101,BG26.2 Marathon,"Bowling Green, KY USA","November 1, 2015","RICHARD DICKERSON (M57)
68 43
4:24:29
WEST JEFFERSON, OH, USA
3:42:03
 "
69,MIDD=4625151101,BG26.2 Marathon,"Bowling Green, KY USA","November 1, 2015","DAVID RUHLING (M50)
69 44
4:24:53
APISON, TN, USA
3:57:15
 "
70,MIDD=4625151101,BG26.2 Marathon,"Bowling Green, KY USA","November 1, 2015","DAVID MARTIN (M40)
70 45
4:27:31
BOWLING GREEN, KY, USA
4:21:04
 "
71,MIDD=4625151101,BG26.2 Marathon,"Bowling Green, KY USA","November 1, 2015","JAMES THOMAS WILLIAMS (M29)
71 46
4:30:20
CLARKSVILLE, TN, USA
4:30:20
 "
72,MIDD=4625151101,BG26.2 Marathon,"Bowling Green, KY USA","November 1, 2015","ALICIA BOWLING (F33)
72 26
4:31:53
ASHLAND, KY, USA
4:30:10
 "
73,MIDD=4625151101,BG26.2 Marathon,"Bowling Green, KY USA","November 1, 2015","CHRISTOPHER WILLIS (M45)
73 47
4:32:35
CLARKSVILLE, TN, USA
4:15:05
 "
74,MIDD=4625151101,BG26.2 Marathon,"Bowling Green, KY USA","November 1, 2015","KRISTINA RICE (F33)
74 27
4:33:07
WILMORE, KY, USA
4:31:23
 "
75,MIDD=4625151101,BG26.2 Marathon,"Bowling Green, KY USA","November 1, 2015","SONYA BERMEO (F31)
75 28
4:33:07
BERRIEN SPRINGS, MI, USA
4:32:40
 "
76,MIDD=4625151101,BG26.2 Marathon,"Bowling Green, KY USA","November 1, 2015","LISA PRUETT (F47)
76 29
4:34:58
LOVELAND, OH, USA
4:01:51
 "
77,MIDD=4625151101,BG26.2 Marathon,"Bowling Green, KY USA","November 1, 2015","ERIC MCMILLEN (M45)
77 48
4:35:01
EVANSVILLE, IN, USA
4:17:21
 "
78,MIDD=4625151101,BG26.2 Marathon,"Bowling Green, KY USA","November 1, 2015","PAUL SNYDER (M55)
78 49
4:36:03
WESTERVILLE, OH, USA
3:56:11
 "
79,MIDD=4625151101,BG26.2 Marathon,"Bowling Green, KY USA","November 1, 2015","JESSICA TUCKER (F32)
79 30
4:38:00
EDMONTON, KY, USA
4:37:01
 "
80,MIDD=4625151101,BG26.2 Marathon,"Bowling Green, KY USA","November 1, 2015","ADAM JAMES HYMER (M27)
80 50
4:38:39
SPRINGFIELD, TN, USA
4:38:39
 "
81,MIDD=4625151101,BG26.2 Marathon,"Bowling Green, KY USA","November 1, 2015","ANN-MARIE SHARRITS (F50)
81 31
4:39:59
HENDERSONVILLE, NC, USA
3:57:07
 "
82,MIDD=4625151101,BG26.2 Marathon,"Bowling Green, KY USA","November 1, 2015","SHAWN MOORE (M39)
82 51
4:40:12
COLLINSVILLE, IL, USA
4:35:43
 "
83,MIDD=4625151101,BG26.2 Marathon,"Bowling Green, KY USA","November 1, 2015","DEBRA SHONE (F51)
83 32
4:40:43
GLASGOW, KY, USA
3:54:40
 "
84,MIDD=4625151101,BG26.2 Marathon,"Bowling Green, KY USA","November 1, 2015","CINDY VANDEVERE (F50)
84 33
4:42:25
MIDDLETOWN, MD, USA
3:59:10
 "
85,MIDD=4625151101,BG26.2 Marathon,"Bowling Green, KY USA","November 1, 2015","LEE ANDERSON (M57)
85 52
4:44:42
OWENSBORO, KY, USA
3:59:02
 "
86,MIDD=4625151101,BG26.2 Marathon,"Bowling Green, KY USA","November 1, 2015","PAM FOURIE (F53)
86 34
4:46:09
SUGAR LAND, TX, USA
3:52:58
 "
87,MIDD=4625151101,BG26.2 Marathon,"Bowling Green, KY USA","November 1, 2015","JENNIFER HIBBS (F33)
87 35
4:47:03
MADISONVILLE, KY, USA
4:45:14
 "
88,MIDD=4625151101,BG26.2 Marathon,"Bowling Green, KY USA","November 1, 2015","SAM NORTHERN (M29)
88 53
4:48:22
RUSSELLVILLE, KY, USA
4:48:22
 "
89,MIDD=4625151101,BG26.2 Marathon,"Bowling Green, KY USA","November 1, 2015","MANDY HUNT (F40)
89 36
4:53:13
CLARKSVILLE, TN, USA
4:39:19
 "
90,MIDD=4625151101,BG26.2 Marathon,"Bowling Green, KY USA","November 1, 2015","MARTIN SPENCER (M43)
90 54
4:53:46
MILFORD, MI, USA
4:39:38
 "
91,MIDD=4625151101,BG26.2 Marathon,"Bowling Green, KY USA","November 1, 2015","JOEL BLACKMON (M21)
91 55
4:55:31
AURORA, IL, USA
4:54:11
 "
92,MIDD=4625151101,BG26.2 Marathon,"Bowling Green, KY USA","November 1, 2015","WILLIAM ECTON (M61)
92 56
4:56:02
ROBINSON, IL, USA
3:59:02
 "
93,MIDD=4625151101,BG26.2 Marathon,"Bowling Green, KY USA","November 1, 2015","SARAH ASHLEY SOLIE (F42)
93 37
4:56:48
LEXINGTON, KY, USA
4:37:07
 "
94,MIDD=4625151101,BG26.2 Marathon,"Bowling Green, KY USA","November 1, 2015","LYNN PHILLIPS (F55)
94 38
4:56:58
LEXINGTON, KY, USA
3:55:18
 "
95,MIDD=4625151101,BG26.2 Marathon,"Bowling Green, KY USA","November 1, 2015","KANDIS GALAGHER (F44)
95 39
4:57:29
EDMONTON, KY, USA
4:31:23
 "
96,MIDD=4625151101,BG26.2 Marathon,"Bowling Green, KY USA","November 1, 2015","CARSON KING (M29)
96 57
4:58:24
APISON, TN, USA
4:58:24
 "
97,MIDD=4625151101,BG26.2 Marathon,"Bowling Green, KY USA","November 1, 2015","JOSEPH MONTGOMERY (M56)
97 58
4:59:09
BEECH BLUFF, TN, USA
4:13:33
 "
98,MIDD=4625151101,BG26.2 Marathon,"Bowling Green, KY USA","November 1, 2015","SHAUN GOULBOURNE (M43)
98 59
4:59:18
GLASGOW, KY, USA
4:44:54
 "
99,MIDD=4625151101,BG26.2 Marathon,"Bowling Green, KY USA","November 1, 2015","CLAUDIA ZUAZUA (F42)
99 40
5:00:20
NOLENSVILLE, TN, USA
4:40:25
 "
100,MIDD=4625151101,BG26.2 Marathon,"Bowling Green, KY USA","November 1, 2015","PATTI MUCK (F57)
100 41
5:00:26
RICHMOND, TX, USA
3:51:30
 "
101,MIDD=4625151101,BG26.2 Marathon,"Bowling Green, KY USA","November 1, 2015","BRAD WOODWARD (M38)
101 60
5:00:50
MOBILE, AL, USA
4:58:07
 "
102,MIDD=4625151101,BG26.2 Marathon,"Bowling Green, KY USA","November 1, 2015","KATIE SMITH (F26)
102 42
5:01:36
EDMONTON, KY, USA
5:01:36
 "
103,MIDD=4625151101,BG26.2 Marathon,"Bowling Green, KY USA","November 1, 2015","ICHIRO WADA (M63)
103 61
5:02:36
CHARLESTOWN, IN, USA
3:59:30
 "
104,MIDD=4625151101,BG26.2 Marathon,"Bowling Green, KY USA","November 1, 2015","CHARLES ADAMS (M41)
104 62
5:03:33
FRANKFORT, KY, USA
4:53:48
 "
105,MIDD=4625151101,BG26.2 Marathon,"Bowling Green, KY USA","November 1, 2015","STEVEN HALBER (M42)
105 63
5:03:35
EVANSVILLE, IN, USA
4:51:24
 "
106,MIDD=4625151101,BG26.2 Marathon,"Bowling Green, KY USA","November 1, 2015","KRISTI COSTELLOW (F35)
106 43
5:03:44
ROCKFIELD, KY, USA
4:59:27
 "
107,MIDD=4625151101,BG26.2 Marathon,"Bowling Green, KY USA","November 1, 2015","JANICE LOCKWOOD (F52)
107 44
5:04:47
BOWLING GREEN, KY, USA
4:11:28
 "
108,MIDD=4625151101,BG26.2 Marathon,"Bowling Green, KY USA","November 1, 2015","KELLY SHEPPERD (F46)
108 45
5:06:36
MUNFORDVILLE, KY, USA
4:33:01
 "
109,MIDD=4625151101,BG26.2 Marathon,"Bowling Green, KY USA","November 1, 2015","STACY BARTLETT (F57)
109 46
5:07:01
FORT WORTH, TX, USA
3:56:35
 "
110,MIDD=4625151101,BG26.2 Marathon,"Bowling Green, KY USA","November 1, 2015","DAVID VANDEVERE (M51)
110 64
5:08:21
MIDDLETOWN, MD, USA
4:33:43
 "
111,MIDD=4625151101,BG26.2 Marathon,"Bowling Green, KY USA","November 1, 2015","GEORGE SOUTHGATE (M69)
111 65
5:09:27
CALHOUN, GA, USA
3:50:02
 "
112,MIDD=4625151101,BG26.2 Marathon,"Bowling Green, KY USA","November 1, 2015","STEPHEN JOHNSON (M39)
112 66
5:10:05
SADORUS, IL, USA
5:05:07
 "
113,MIDD=4625151101,BG26.2 Marathon,"Bowling Green, KY USA","November 1, 2015","DARREN SHRUM (M50)
113 67
5:10:26
HOPKINSVILLE, KY, USA
4:38:03
 "
114,MIDD=4625151101,BG26.2 Marathon,"Bowling Green, KY USA","November 1, 2015","SCOT BARCO (M44)
114 68
5:16:54
ARLINGTON, VA, USA
4:59:07
 "
115,MIDD=4625151101,BG26.2 Marathon,"Bowling Green, KY USA","November 1, 2015","ASHLEY MARTINEZ (F21)
115 47
5:20:15
SAN ANTONIO, TX, USA
5:20:15
 "
116,MIDD=4625151101,BG26.2 Marathon,"Bowling Green, KY USA","November 1, 2015","KIMBERLY MCGUFFEY (F45)
116 48
5:24:23
BOWLING GREEN, KY, USA
4:52:23
 "
117,MIDD=4625151101,BG26.2 Marathon,"Bowling Green, KY USA","November 1, 2015","JEANNA NEWTON (F45)
117 49
5:26:06
MAMMOTH CAVE, KY, USA
4:53:56
 "
118,MIDD=4625151101,BG26.2 Marathon,"Bowling Green, KY USA","November 1, 2015","PHIL MIN (M60)
118 69
5:26:13
MOUNT OLIVE, AL, USA
4:26:01
 "
119,MIDD=4625151101,BG26.2 Marathon,"Bowling Green, KY USA","November 1, 2015","WIL SMITH (M40)
119 70
5:26:59
CUBRUN, KY, USA
5:19:06
 "
120,MIDD=4625151101,BG26.2 Marathon,"Bowling Green, KY USA","November 1, 2015","RENEE ANDRES (F49)
120 50
5:28:13
HOWARD LAKE, MN, USA
4:41:32
 "
121,MIDD=4625151101,BG26.2 Marathon,"Bowling Green, KY USA","November 1, 2015","DONALD ROBINSON (M79)
121 71
5:28:30
XENIA, OH, USA
3:29:33
 "
122,MIDD=4625151101,BG26.2 Marathon,"Bowling Green, KY USA","November 1, 2015","BILL WELLS (M58)
122 72
5:32:30
NEW ALBANY, KY, USA
4:36:30
 "
123,MIDD=4625151101,BG26.2 Marathon,"Bowling Green, KY USA","November 1, 2015","MELANIE MCCOY (F33)
123 51
5:34:15
CINCINNATI, OH, USA
5:32:08
 "
124,MIDD=4625151101,BG26.2 Marathon,"Bowling Green, KY USA","November 1, 2015","DAN KLEIN (M42)
124 73
5:35:50
BOWLING GREEN, KY, USA
5:22:21
 "
125,MIDD=4625151101,BG26.2 Marathon,"Bowling Green, KY USA","November 1, 2015","KEVIN LOCKWOOD (M52)
125 74
5:38:34
BOWLING GREEN, KY, USA
4:57:50
 "
126,MIDD=4625151101,BG26.2 Marathon,"Bowling Green, KY USA","November 1, 2015","MIKE MURPHY (M51)
126 75
5:39:33
BOWLING GREEN, KY, USA
5:01:25
 "
127,MIDD=4625151101,BG26.2 Marathon,"Bowling Green, KY USA","November 1, 2015","FRANK SEARFUS (M65)
127 76
5:42:49
COOS BAY, OR, USA
4:25:49
 "
128,MIDD=4625151101,BG26.2 Marathon,"Bowling Green, KY USA","November 1, 2015","AMI STRINGER (F34)
128 52
5:46:30
GALLATIN, TN, USA
5:43:06
 "
129,MIDD=4625151101,BG26.2 Marathon,"Bowling Green, KY USA","November 1, 2015","LORI JOHNSON (F51)
129 53
5:46:53
GALLATIN, TN, USA
4:49:59
 "
130,MIDD=4625151101,BG26.2 Marathon,"Bowling Green, KY USA","November 1, 2015","HALBERT WALSTON (M41)
130 77
5:48:19
RADCLIFF, KY, USA
5:37:08
 "
131,MIDD=4625151101,BG26.2 Marathon,"Bowling Green, KY USA","November 1, 2015","JULIE CHAPMAN (F46)
131 54
5:48:20
BEAVERCREEK, OH, USA
5:10:11
 "
132,MIDD=4625151101,BG26.2 Marathon,"Bowling Green, KY USA","November 1, 2015","TOMMIE TOLER (F58)
132 55
5:49:12
PENSACOLA BEACH, FL, USA
4:25:17
 "
133,MIDD=4625151101,BG26.2 Marathon,"Bowling Green, KY USA","November 1, 2015","LAURA BURRESS (F35)
133 56
5:52:25
COLUMBIA, KY, USA
5:47:26
 "
134,MIDD=4625151101,BG26.2 Marathon,"Bowling Green, KY USA","November 1, 2015","WESLEY HARDACRE (M35)
134 78
5:52:36
FLORA, MS, USA
5:52:36
 "
135,MIDD=4625151101,BG26.2 Marathon,"Bowling Green, KY USA","November 1, 2015","NENA SMITH (F30)
135 57
5:57:49
GALLATIN, TN, USA
5:57:40
 "
136,MIDD=4625151101,BG26.2 Marathon,"Bowling Green, KY USA","November 1, 2015","RICK MURRAY (M60)
136 79
5:58:00
HENDERSONVILLE, TN, USA
4:51:56
 "
137,MIDD=4625151101,BG26.2 Marathon,"Bowling Green, KY USA","November 1, 2015","DENNIS MORI (M68)
137 80
6:07:44
SAN LEANDRO, CA, USA
4:36:18
 "
138,MIDD=4625151101,BG26.2 Marathon,"Bowling Green, KY USA","November 1, 2015","LAURA QUALMAN (F57)
138 58
6:08:31
BRENTWOOD, KY, USA
4:43:58
 "
139,MIDD=4625151101,BG26.2 Marathon,"Bowling Green, KY USA","November 1, 2015","AUTUMN RATLIFF (F34)
139 59
6:12:54
BOWLING GREEN, KY, USA
6:09:14
 "
140,MIDD=4625151101,BG26.2 Marathon,"Bowling Green, KY USA","November 1, 2015","MICHELLE PALMER (F65)
140 60
6:17:04
WYLIE, TX, USA
4:16:10
 "
141,MIDD=4625151101,BG26.2 Marathon,"Bowling Green, KY USA","November 1, 2015","ADAM THOMPSON (M40)
141 81
6:30:14
CUB RUN, KY, USA
6:20:49
 "
142,MIDD=4625151101,BG26.2 Marathon,"Bowling Green, KY USA","November 1, 2015","SABRINA BEST (F37)
142 61
6:30:26
BOWLING GREEN, KY, USA
6:20:38
 "
