,race_id,race,location,date,runners
0,MIDD=2072151024,Tecumseh Trail Marathon,"Bloomington, IN USA","October 24, 2015","

Have you run this race?Then tell us about it.

Last Name, First Name(Sex/Age)
Time OverAllPlace
Sex Place/Div Place
DIV 
City, State, Country"
1,MIDD=2072151024,Tecumseh Trail Marathon,"Bloomington, IN USA","October 24, 2015","Cole Smith (M)
3:31:16 1 1 / 1 Mopen Nashville, IN, USA"
2,MIDD=2072151024,Tecumseh Trail Marathon,"Bloomington, IN USA","October 24, 2015","Eli Baratz (M)
3:32:38 2 2 / 2 Mopen Indianapolis, IN, USA"
3,MIDD=2072151024,Tecumseh Trail Marathon,"Bloomington, IN USA","October 24, 2015","Ted Polley (M)
3:45:08 3 3 / 3 Mopen Bloomington, IN, USA"
4,MIDD=2072151024,Tecumseh Trail Marathon,"Bloomington, IN USA","October 24, 2015","Lindsay Feske (F)
3:57:29 4 1 / 1 Fopen Bloomington, IN, USA"
5,MIDD=2072151024,Tecumseh Trail Marathon,"Bloomington, IN USA","October 24, 2015","Scott Fihma (M)
4:04:33 5 4 / 1 M40-44 Indianapolis, IN, USA"
6,MIDD=2072151024,Tecumseh Trail Marathon,"Bloomington, IN USA","October 24, 2015","Russ Goodman (M)
4:05:20 6 5 / 2 M40-44 Bloomington, IN, USA"
7,MIDD=2072151024,Tecumseh Trail Marathon,"Bloomington, IN USA","October 24, 2015","Douglas Schrader (M)
4:07:23 7 6 / 1 M45-49 Indianapolis, IN, USA"
8,MIDD=2072151024,Tecumseh Trail Marathon,"Bloomington, IN USA","October 24, 2015","Donald Nave (M)
4:09:02 8 7 / 1 M35-39 Carmel, IN, USA"
9,MIDD=2072151024,Tecumseh Trail Marathon,"Bloomington, IN USA","October 24, 2015","Joseph Pitt (M)
4:14:48 9 8 / 1 M30-34 Pendleton, OR, USA"
10,MIDD=2072151024,Tecumseh Trail Marathon,"Bloomington, IN USA","October 24, 2015","Clay Edwards (M)
4:15:43 10 9 / 2 M35-39 Bloomington, IN, USA"
11,MIDD=2072151024,Tecumseh Trail Marathon,"Bloomington, IN USA","October 24, 2015","Bradley Debroux (M)
4:16:51 11 10 / 1 M25-29 Lowell, IN, USA"
12,MIDD=2072151024,Tecumseh Trail Marathon,"Bloomington, IN USA","October 24, 2015","Troy Carolus (M)
4:22:39 12 11 / 1 M20-24 Leesburg, IN, USA"
13,MIDD=2072151024,Tecumseh Trail Marathon,"Bloomington, IN USA","October 24, 2015","James Kyle (M)
4:23:02 13 12 / 1 M50-54 Valparaios, IN, USA"
14,MIDD=2072151024,Tecumseh Trail Marathon,"Bloomington, IN USA","October 24, 2015","Lester Hockenberry (M)
4:23:18 14 13 / 3 M40-44 Flossmoor, IL, USA"
15,MIDD=2072151024,Tecumseh Trail Marathon,"Bloomington, IN USA","October 24, 2015","Ethan McCall (M)
4:26:47 15 14 / 1 M0-19 Ft. Wayne, IN, USA"
16,MIDD=2072151024,Tecumseh Trail Marathon,"Bloomington, IN USA","October 24, 2015","Tamas Rauznitz (M)
4:27:32 16 15 / 3 M35-39 Columbus, IN, USA"
17,MIDD=2072151024,Tecumseh Trail Marathon,"Bloomington, IN USA","October 24, 2015","Jim Clinger (M)
4:29:12 17 16 / 2 M45-49 Indianapolis, IN, USA"
18,MIDD=2072151024,Tecumseh Trail Marathon,"Bloomington, IN USA","October 24, 2015","Brian Rayl (M)
4:29:24 18 17 / 2 M50-54 Anderson, IN, USA"
19,MIDD=2072151024,Tecumseh Trail Marathon,"Bloomington, IN USA","October 24, 2015","Shonn Parmeter (M)
4:32:32 19 18 / 3 M45-49 Logansport, IN, USA"
20,MIDD=2072151024,Tecumseh Trail Marathon,"Bloomington, IN USA","October 24, 2015","Jarad Tapy (M)
4:32:48 20 19 / 4 M35-39 Terre Haute, IN, USA"
21,MIDD=2072151024,Tecumseh Trail Marathon,"Bloomington, IN USA","October 24, 2015","James Furr (M)
4:34:42 21 20 / 5 M35-39 Hillsboro, IN, USA"
22,MIDD=2072151024,Tecumseh Trail Marathon,"Bloomington, IN USA","October 24, 2015","Brandon Shaw (M)
4:35:15 22 21 / 2 M30-34 Indianapolis, IN, USA"
23,MIDD=2072151024,Tecumseh Trail Marathon,"Bloomington, IN USA","October 24, 2015","Grant McFarren (M)
4:35:29 23 22 / 3 M30-34 Asheville, NC, USA"
24,MIDD=2072151024,Tecumseh Trail Marathon,"Bloomington, IN USA","October 24, 2015","Christy Borst (F)
4:36:07 24 2 / 2 Fopen Plainfield, IN, USA"
25,MIDD=2072151024,Tecumseh Trail Marathon,"Bloomington, IN USA","October 24, 2015","Cory Gackenheimer (M)
4:36:54 25 23 / 4 M30-34 Warsaw, IN, USA"
26,MIDD=2072151024,Tecumseh Trail Marathon,"Bloomington, IN USA","October 24, 2015","Cyndi Devers (F)
4:37:15 26 3 / 3 Fopen Anderson, IN, USA"
27,MIDD=2072151024,Tecumseh Trail Marathon,"Bloomington, IN USA","October 24, 2015","Ryan Mitchell (M)
4:37:31 27 24 / 4 M40-44 Bloomington, IN, USA"
28,MIDD=2072151024,Tecumseh Trail Marathon,"Bloomington, IN USA","October 24, 2015","Kyle Davis (M)
4:38:23 28 25 / 3 M50-54 Plainfield, IN, USA"
29,MIDD=2072151024,Tecumseh Trail Marathon,"Bloomington, IN USA","October 24, 2015","Bob Roudebush (M)
4:38:30 29 26 / 6 M35-39 Indianapolis, IN, USA"
30,MIDD=2072151024,Tecumseh Trail Marathon,"Bloomington, IN USA","October 24, 2015","Shad Vanatti (M)
4:39:18 30 27 / 5 M40-44 Terre Haute, IN, USA"
31,MIDD=2072151024,Tecumseh Trail Marathon,"Bloomington, IN USA","October 24, 2015","Balazs Rauznitz (M)
4:41:45 31 28 / 6 M40-44 Arvada, CO, USA"
32,MIDD=2072151024,Tecumseh Trail Marathon,"Bloomington, IN USA","October 24, 2015","Dave Gans (M)
4:41:50 32 29 / 2 M25-29 Carmel, IN, USA"
33,MIDD=2072151024,Tecumseh Trail Marathon,"Bloomington, IN USA","October 24, 2015","Garett Carolus (M)
4:42:07 33 30 / 4 M50-54 Leesburg, IN, USA"
34,MIDD=2072151024,Tecumseh Trail Marathon,"Bloomington, IN USA","October 24, 2015","Amanda Tomasikiewicz (F)
4:42:18 34 4 / 1 F25-29 Indianapolis, IN, USA"
35,MIDD=2072151024,Tecumseh Trail Marathon,"Bloomington, IN USA","October 24, 2015","Ryan Vitale (M)
4:43:40 35 31 / 3 M25-29 Bloomington, IN, USA"
36,MIDD=2072151024,Tecumseh Trail Marathon,"Bloomington, IN USA","October 24, 2015","George Purdy (M)
4:46:24 36 32 / 1 M60-64 Morgantown, IN, USA"
37,MIDD=2072151024,Tecumseh Trail Marathon,"Bloomington, IN USA","October 24, 2015","David Buysse (M)
4:46:24 37 33 / 4 M45-49 Carmel, IN, USA"
38,MIDD=2072151024,Tecumseh Trail Marathon,"Bloomington, IN USA","October 24, 2015","Dustin Frey (M)
4:47:36 38 34 / 4 M25-29 Indianapolis, IN, USA"
39,MIDD=2072151024,Tecumseh Trail Marathon,"Bloomington, IN USA","October 24, 2015","Charles Williams (M)
4:48:59 39 35 / 7 M35-39 Fishers, IN, USA"
40,MIDD=2072151024,Tecumseh Trail Marathon,"Bloomington, IN USA","October 24, 2015","Tom Metsch (M)
4:50:51 40 36 / 7 M40-44 Cincinnati, OH, USA"
41,MIDD=2072151024,Tecumseh Trail Marathon,"Bloomington, IN USA","October 24, 2015","Marc Metsch (M)
4:51:04 41 37 / 8 M35-39 Cincinnati, OH, USA"
42,MIDD=2072151024,Tecumseh Trail Marathon,"Bloomington, IN USA","October 24, 2015","Seth Wonning (M)
4:51:26 42 38 / 9 M35-39 Seymour, IN, USA"
43,MIDD=2072151024,Tecumseh Trail Marathon,"Bloomington, IN USA","October 24, 2015","Katherine Boone (F)
4:51:30 43 5 / 1 F30-34 Greenwood, IN, USA"
44,MIDD=2072151024,Tecumseh Trail Marathon,"Bloomington, IN USA","October 24, 2015","Becky Henning (F)
4:52:06 44 6 / 1 F40-44 Kansas City, MO, USA"
45,MIDD=2072151024,Tecumseh Trail Marathon,"Bloomington, IN USA","October 24, 2015","Drew Brattain (M)
4:52:10 45 39 / 5 M45-49 Greencastle, IN, USA"
46,MIDD=2072151024,Tecumseh Trail Marathon,"Bloomington, IN USA","October 24, 2015","Ashley Haynes (F)
4:52:11 46 7 / 2 F25-29 Indianapolis, IN, USA"
47,MIDD=2072151024,Tecumseh Trail Marathon,"Bloomington, IN USA","October 24, 2015","Blake Vinson (M)
4:52:40 47 40 / 5 M30-34 Indianapolis, VA, USA"
48,MIDD=2072151024,Tecumseh Trail Marathon,"Bloomington, IN USA","October 24, 2015","Andrew Saunders (M)
4:52:53 48 41 / 5 M25-29 Camby, IN, USA"
49,MIDD=2072151024,Tecumseh Trail Marathon,"Bloomington, IN USA","October 24, 2015","Veronica Bradsby (F)
4:53:35 49 8 / 1 F45-49 Denver, CO, USA"
50,MIDD=2072151024,Tecumseh Trail Marathon,"Bloomington, IN USA","October 24, 2015","Brian Burgess (M)
4:53:42 50 42 / 6 M25-29 Chicago, IL, USA"
51,MIDD=2072151024,Tecumseh Trail Marathon,"Bloomington, IN USA","October 24, 2015","Jim Kirkham (M)
4:53:44 51 43 / 6 M45-49 Bloomington, IN, USA"
52,MIDD=2072151024,Tecumseh Trail Marathon,"Bloomington, IN USA","October 24, 2015","Jason Eshleman (M)
4:53:45 52 44 / 7 M25-29 Indianapolis, IN, USA"
53,MIDD=2072151024,Tecumseh Trail Marathon,"Bloomington, IN USA","October 24, 2015","Jessica Cavallo (F)
4:53:50 53 9 / 1 F35-39 Chicago, IL, USA"
54,MIDD=2072151024,Tecumseh Trail Marathon,"Bloomington, IN USA","October 24, 2015","Dave Lever (M)
4:55:31 54 45 / 5 M50-54 Delaware, OH, USA"
55,MIDD=2072151024,Tecumseh Trail Marathon,"Bloomington, IN USA","October 24, 2015","Robert Lynch (M)
4:55:31 55 46 / 8 M40-44 West Terre Haute, IN, USA"
56,MIDD=2072151024,Tecumseh Trail Marathon,"Bloomington, IN USA","October 24, 2015","Jacob Findley (M)
4:57:48 56 47 / 10 M35-39 Seymour, IN, USA"
57,MIDD=2072151024,Tecumseh Trail Marathon,"Bloomington, IN USA","October 24, 2015","Damon Clements (M)
4:58:14 57 48 / 1 M55-59 Crawfordsville, IN, USA"
58,MIDD=2072151024,Tecumseh Trail Marathon,"Bloomington, IN USA","October 24, 2015","Stephen James (M)
4:58:47 58 49 / 2 M60-64 Colfax, IN, USA"
59,MIDD=2072151024,Tecumseh Trail Marathon,"Bloomington, IN USA","October 24, 2015","Todd Obbie (M)
4:59:06 59 50 / 6 M50-54 Cincinnati, OH, USA"
60,MIDD=2072151024,Tecumseh Trail Marathon,"Bloomington, IN USA","October 24, 2015","Zachary Dickerson (M)
4:59:27 60 51 / 6 M30-34 Indianapolis, IN, USA"
61,MIDD=2072151024,Tecumseh Trail Marathon,"Bloomington, IN USA","October 24, 2015","Zach Rose (M)
5:00:24 61 52 / 9 M40-44 Bloomington, IN, USA"
62,MIDD=2072151024,Tecumseh Trail Marathon,"Bloomington, IN USA","October 24, 2015","Alan Coppinger (M)
5:02:31 62 53 / 2 M55-59 Greenwood, IN, USA"
63,MIDD=2072151024,Tecumseh Trail Marathon,"Bloomington, IN USA","October 24, 2015","Denise Poynter (F)
5:04:20 63 10 / 2 F40-44 Greenwood, IN, USA"
64,MIDD=2072151024,Tecumseh Trail Marathon,"Bloomington, IN USA","October 24, 2015","Travis Wheeler (M)
5:05:30 64 54 / 10 M40-44 Unionville, IN, USA"
65,MIDD=2072151024,Tecumseh Trail Marathon,"Bloomington, IN USA","October 24, 2015","Renee McCall (F)
5:07:22 65 11 / 3 F40-44 Ft. Wayne, IN, USA"
66,MIDD=2072151024,Tecumseh Trail Marathon,"Bloomington, IN USA","October 24, 2015","Vaughn Ehrhardt (M)
5:07:52 66 55 / 11 M40-44 South Elgin, IL, USA"
67,MIDD=2072151024,Tecumseh Trail Marathon,"Bloomington, IN USA","October 24, 2015","Michael O'Brien (M)
5:09:14 67 56 / 7 M45-49 Indianapolis, IN, USA"
68,MIDD=2072151024,Tecumseh Trail Marathon,"Bloomington, IN USA","October 24, 2015","Craig Brown (M)
5:09:53 68 57 / 12 M40-44 Keystone, IN, USA"
69,MIDD=2072151024,Tecumseh Trail Marathon,"Bloomington, IN USA","October 24, 2015","Mark Stosberg (M)
5:10:12 69 58 / 11 M35-39 Bloomington, IN, USA"
70,MIDD=2072151024,Tecumseh Trail Marathon,"Bloomington, IN USA","October 24, 2015","Johnathan McLean (M)
5:10:48 70 59 / 13 M40-44 Indianaolis, IN, USA"
71,MIDD=2072151024,Tecumseh Trail Marathon,"Bloomington, IN USA","October 24, 2015","Mathew Kendig (M)
5:11:02 71 60 / 8 M25-29 Huntington, IN, USA"
72,MIDD=2072151024,Tecumseh Trail Marathon,"Bloomington, IN USA","October 24, 2015","Ryan Clayton (M)
5:11:22 72 61 / 7 M30-34 West Lafayette, IN, USA"
73,MIDD=2072151024,Tecumseh Trail Marathon,"Bloomington, IN USA","October 24, 2015","Kadee Melby (F)
5:12:48 73 12 / 3 F25-29 Arvada, CO, USA"
74,MIDD=2072151024,Tecumseh Trail Marathon,"Bloomington, IN USA","October 24, 2015","Marc Shubert (M)
5:12:57 74 62 / 2 M0-19 Fort Wayne, IN, USA"
75,MIDD=2072151024,Tecumseh Trail Marathon,"Bloomington, IN USA","October 24, 2015","Autumn Evans (F)
5:13:00 75 13 / 4 F40-44 Melbourne, FL, USA"
76,MIDD=2072151024,Tecumseh Trail Marathon,"Bloomington, IN USA","October 24, 2015","Todd Morgan (M)
5:13:17 76 63 / 8 M45-49 Muncie, IN, USA"
77,MIDD=2072151024,Tecumseh Trail Marathon,"Bloomington, IN USA","October 24, 2015","Lory Michael (F)
5:13:55 77 14 / 2 F45-49 Muncie, IN, USA"
78,MIDD=2072151024,Tecumseh Trail Marathon,"Bloomington, IN USA","October 24, 2015","Troy Michael (M)
5:13:55 78 64 / 9 M45-49 Muncie, IN, USA"
79,MIDD=2072151024,Tecumseh Trail Marathon,"Bloomington, IN USA","October 24, 2015","Dan Gorbics (M)
5:15:55 79 65 / 14 M40-44 Elkhart, IN, USA"
80,MIDD=2072151024,Tecumseh Trail Marathon,"Bloomington, IN USA","October 24, 2015","Richard Laue (M)
5:17:03 80 66 / 10 M45-49 Martinsville, IN, USA"
81,MIDD=2072151024,Tecumseh Trail Marathon,"Bloomington, IN USA","October 24, 2015","Chad Kenworthy (M)
5:17:20 81 67 / 15 M40-44 Martinsville, IN, USA"
82,MIDD=2072151024,Tecumseh Trail Marathon,"Bloomington, IN USA","October 24, 2015","Christine Buehler (F)
5:17:45 82 15 / 5 F40-44 Bloomington, IN, USA"
83,MIDD=2072151024,Tecumseh Trail Marathon,"Bloomington, IN USA","October 24, 2015","Mark Buehler (M)
5:17:50 83 68 / 16 M40-44 Bloomington, IN, USA"
84,MIDD=2072151024,Tecumseh Trail Marathon,"Bloomington, IN USA","October 24, 2015","Greg Morgan (M)
5:18:02 84 69 / 8 M30-34 Taylor Mill, KY, USA"
85,MIDD=2072151024,Tecumseh Trail Marathon,"Bloomington, IN USA","October 24, 2015","Leann Faust (F)
5:18:18 85 16 / 6 F40-44 Noblesville, IN, USA"
86,MIDD=2072151024,Tecumseh Trail Marathon,"Bloomington, IN USA","October 24, 2015","Patrick York (M)
5:18:19 86 70 / 9 M30-34 Freedom, IN, USA"
87,MIDD=2072151024,Tecumseh Trail Marathon,"Bloomington, IN USA","October 24, 2015","Ross McNary (M)
5:18:54 87 71 / 17 M40-44 Louisville, KY, USA"
88,MIDD=2072151024,Tecumseh Trail Marathon,"Bloomington, IN USA","October 24, 2015","Cris Miller (F)
5:19:08 88 17 / 2 F35-39 Middletown, IN, USA"
89,MIDD=2072151024,Tecumseh Trail Marathon,"Bloomington, IN USA","October 24, 2015","Greg Burton (M)
5:19:11 89 72 / 11 M45-49 Tipton, IN, USA"
90,MIDD=2072151024,Tecumseh Trail Marathon,"Bloomington, IN USA","October 24, 2015","Darrin Combs (M)
5:21:26 90 73 / 18 M40-44 Indianapolis, IN, USA"
91,MIDD=2072151024,Tecumseh Trail Marathon,"Bloomington, IN USA","October 24, 2015","George Sirilla (M)
5:22:15 91 74 / 7 M50-54 Indianapolis, IN, USA"
92,MIDD=2072151024,Tecumseh Trail Marathon,"Bloomington, IN USA","October 24, 2015","Kyle McFarren (M)
5:22:30 92 75 / 12 M35-39 Chicago, IL, USA"
93,MIDD=2072151024,Tecumseh Trail Marathon,"Bloomington, IN USA","October 24, 2015","Carrie Sclar (F)
5:24:29 93 18 / 3 F45-49 Evergreen, CO, USA"
94,MIDD=2072151024,Tecumseh Trail Marathon,"Bloomington, IN USA","October 24, 2015","Chassity Mays (F)
5:25:09 94 19 / 2 F30-34 Brownsburg, IN, USA"
95,MIDD=2072151024,Tecumseh Trail Marathon,"Bloomington, IN USA","October 24, 2015","Colleen Lingler (F)
5:26:38 95 20 / 3 F30-34 Bloomington, IN, USA"
96,MIDD=2072151024,Tecumseh Trail Marathon,"Bloomington, IN USA","October 24, 2015","Jess Rowe (M)
5:26:40 96 76 / 10 M30-34 Evansville, IN, USA"
97,MIDD=2072151024,Tecumseh Trail Marathon,"Bloomington, IN USA","October 24, 2015","Cary Segall (M)
5:28:14 97 77 / 1 M65-69 Madison, WI, USA"
98,MIDD=2072151024,Tecumseh Trail Marathon,"Bloomington, IN USA","October 24, 2015","Jamie Criswell (F)
5:30:01 98 21 / 4 F30-34 Martinsville, IN, USA"
99,MIDD=2072151024,Tecumseh Trail Marathon,"Bloomington, IN USA","October 24, 2015","Ken Milner (M)
5:30:34 99 78 / 12 M45-49 Brownsburg, IN, USA"
100,MIDD=2072151024,Tecumseh Trail Marathon,"Bloomington, IN USA","October 24, 2015","Erin Martoglio (F)
5:31:24 100 22 / 7 F40-44 Bloomington, IN, USA"
101,MIDD=2072151024,Tecumseh Trail Marathon,"Bloomington, IN USA","October 24, 2015","Erin Baldomero (F)
5:31:24 101 23 / 8 F40-44 Bloomington, IN, USA"
102,MIDD=2072151024,Tecumseh Trail Marathon,"Bloomington, IN USA","October 24, 2015","Eric Essley (M)
5:32:43 102 79 / 19 M40-44 Zionsville, IN, USA"
103,MIDD=2072151024,Tecumseh Trail Marathon,"Bloomington, IN USA","October 24, 2015","Brett McKamey (M)
5:32:46 103 80 / 8 M50-54 Westfield, IN, USA"
104,MIDD=2072151024,Tecumseh Trail Marathon,"Bloomington, IN USA","October 24, 2015","Daniel Sliva (M)
5:32:47 104 81 / 3 M55-59 Indianapolis, IN, USA"
105,MIDD=2072151024,Tecumseh Trail Marathon,"Bloomington, IN USA","October 24, 2015","Dave Darnell (M)
5:33:00 105 82 / 3 M60-64 Fishers, IN, USA"
106,MIDD=2072151024,Tecumseh Trail Marathon,"Bloomington, IN USA","October 24, 2015","Seth Winter (M)
5:33:01 106 83 / 13 M35-39 Indianapolis, IN, USA"
107,MIDD=2072151024,Tecumseh Trail Marathon,"Bloomington, IN USA","October 24, 2015","John Stewart (M)
5:33:26 107 84 / 9 M50-54 Columbus, IN, USA"
108,MIDD=2072151024,Tecumseh Trail Marathon,"Bloomington, IN USA","October 24, 2015","Ryan Knotts (M)
5:33:58 108 85 / 9 M25-29 Noblesville, IN, USA"
109,MIDD=2072151024,Tecumseh Trail Marathon,"Bloomington, IN USA","October 24, 2015","Tom Stuper (M)
5:34:28 109 86 / 4 M55-59 Indianapolis, IN, USA"
110,MIDD=2072151024,Tecumseh Trail Marathon,"Bloomington, IN USA","October 24, 2015","Matt Griswold (M)
5:35:25 110 87 / 13 M45-49 Greencastle, IN, USA"
111,MIDD=2072151024,Tecumseh Trail Marathon,"Bloomington, IN USA","October 24, 2015","Kimberly Benton (F)
5:36:05 111 24 / 4 F45-49 Bloomington, IN, USA"
112,MIDD=2072151024,Tecumseh Trail Marathon,"Bloomington, IN USA","October 24, 2015","Mollie Ables (F)
5:36:13 112 25 / 5 F30-34 Bloomington, IN, USA"
113,MIDD=2072151024,Tecumseh Trail Marathon,"Bloomington, IN USA","October 24, 2015","Aaron Louden (M)
5:36:56 113 88 / 14 M35-39 Seymour, IN, USA"
114,MIDD=2072151024,Tecumseh Trail Marathon,"Bloomington, IN USA","October 24, 2015","Scott Snyder (M)
5:38:11 114 89 / 20 M40-44 Manhattan, KS, USA"
115,MIDD=2072151024,Tecumseh Trail Marathon,"Bloomington, IN USA","October 24, 2015","Eric Scheper (M)
5:38:33 115 90 / 21 M40-44 Bloomington, IN, USA"
116,MIDD=2072151024,Tecumseh Trail Marathon,"Bloomington, IN USA","October 24, 2015","Daniel Mutchler (M)
5:38:37 116 91 / 2 M20-24 Bloomington, IN, USA"
117,MIDD=2072151024,Tecumseh Trail Marathon,"Bloomington, IN USA","October 24, 2015","Mike Charow (M)
5:41:26 117 92 / 14 M45-49 Saint Clair Shores, MI, USA"
118,MIDD=2072151024,Tecumseh Trail Marathon,"Bloomington, IN USA","October 24, 2015","Paul Georgescu (M)
5:45:01 118 93 / 10 M50-54 Carmel, IN, USA"
119,MIDD=2072151024,Tecumseh Trail Marathon,"Bloomington, IN USA","October 24, 2015","Bruce Houston (M)
5:47:14 119 94 / 5 M55-59 Bargersville, IN, USA"
120,MIDD=2072151024,Tecumseh Trail Marathon,"Bloomington, IN USA","October 24, 2015","Grant Wheeler (M)
5:49:25 120 95 / 10 M25-29 Indianapolis, IN, USA"
121,MIDD=2072151024,Tecumseh Trail Marathon,"Bloomington, IN USA","October 24, 2015","Bruce Svoboda (M)
5:49:44 121 96 / 6 M55-59 Glen Ellyn, IL, USA"
122,MIDD=2072151024,Tecumseh Trail Marathon,"Bloomington, IN USA","October 24, 2015","Lisa Smith (F)
5:49:47 122 26 / 1 F55-59 Carmel, IN, USA"
123,MIDD=2072151024,Tecumseh Trail Marathon,"Bloomington, IN USA","October 24, 2015","Tiffany McAneny (F)
5:50:16 123 27 / 3 F35-39 Jacksonville, FL, USA"
124,MIDD=2072151024,Tecumseh Trail Marathon,"Bloomington, IN USA","October 24, 2015","Leonard McAneny (M)
5:50:16 124 97 / 15 M35-39 Jacksonville, FL, USA"
125,MIDD=2072151024,Tecumseh Trail Marathon,"Bloomington, IN USA","October 24, 2015","Rich Smith (M)
5:51:47 125 98 / 4 M60-64 Westfield, IN, USA"
126,MIDD=2072151024,Tecumseh Trail Marathon,"Bloomington, IN USA","October 24, 2015","Joe Toth (M)
5:52:06 126 99 / 15 M45-49 Laporte, IN, USA"
127,MIDD=2072151024,Tecumseh Trail Marathon,"Bloomington, IN USA","October 24, 2015","Mark Crull (M)
5:52:07 127 100 / 11 M50-54 Carmel, IN, USA"
128,MIDD=2072151024,Tecumseh Trail Marathon,"Bloomington, IN USA","October 24, 2015","Kathleen Erz (F)
5:54:17 128 28 / 1 F50-54 St. Clair Shores, MI, USA"
129,MIDD=2072151024,Tecumseh Trail Marathon,"Bloomington, IN USA","October 24, 2015","Stephanie Deckard (F)
5:55:41 129 29 / 4 F35-39 Indianapolis, IN, USA"
130,MIDD=2072151024,Tecumseh Trail Marathon,"Bloomington, IN USA","October 24, 2015","Joseph Astroski (M)
5:55:41 130 101 / 7 M55-59 Indianapolis, IN, USA"
131,MIDD=2072151024,Tecumseh Trail Marathon,"Bloomington, IN USA","October 24, 2015","Marcia Wilson (F)
5:55:42 131 30 / 2 F55-59 Nashville, IN, USA"
132,MIDD=2072151024,Tecumseh Trail Marathon,"Bloomington, IN USA","October 24, 2015","Mary Weerts (F)
5:56:38 132 31 / 3 F55-59 Indianapolis, IN, USA"
133,MIDD=2072151024,Tecumseh Trail Marathon,"Bloomington, IN USA","October 24, 2015","Arielle Knudsen (F)
5:56:56 133 32 / 4 F25-29 Bloomington, IN, USA"
134,MIDD=2072151024,Tecumseh Trail Marathon,"Bloomington, IN USA","October 24, 2015","Eleonore Maudry (F)
5:59:16 134 33 / 5 F45-49 Bloomington, IN, USA"
135,MIDD=2072151024,Tecumseh Trail Marathon,"Bloomington, IN USA","October 24, 2015","Derren Hermann (M)
5:59:28 135 102 / 16 M45-49 Columbus, OH, USA"
136,MIDD=2072151024,Tecumseh Trail Marathon,"Bloomington, IN USA","October 24, 2015","Andy Mills (M)
6:00:04 136 103 / 17 M45-49 Fishers, IN, USA"
137,MIDD=2072151024,Tecumseh Trail Marathon,"Bloomington, IN USA","October 24, 2015","Monty Waldron (M)
6:00:08 137 104 / 18 M45-49 Murfreesboro, TN, USA"
138,MIDD=2072151024,Tecumseh Trail Marathon,"Bloomington, IN USA","October 24, 2015","Elizabeth Eaken (F)
6:00:37 138 34 / 5 F35-39 Seymour, IN, USA"
139,MIDD=2072151024,Tecumseh Trail Marathon,"Bloomington, IN USA","October 24, 2015","Robert Morgan (M)
6:01:24 139 105 / 16 M35-39 Bloomington, IN, USA"
140,MIDD=2072151024,Tecumseh Trail Marathon,"Bloomington, IN USA","October 24, 2015","Jack Kirby (M)
6:01:24 140 106 / 8 M55-59 Springville, IN, USA"
141,MIDD=2072151024,Tecumseh Trail Marathon,"Bloomington, IN USA","October 24, 2015","Michael Lamora (M)
6:02:50 141 107 / 17 M35-39 Mundelein, IL, USA"
142,MIDD=2072151024,Tecumseh Trail Marathon,"Bloomington, IN USA","October 24, 2015","Greg Julian (M)
6:04:28 142 108 / 9 M55-59 Middletown, IN, USA"
143,MIDD=2072151024,Tecumseh Trail Marathon,"Bloomington, IN USA","October 24, 2015","Debora Swinford (F)
6:05:36 143 35 / 4 F55-59 Bedford, IN, USA"
144,MIDD=2072151024,Tecumseh Trail Marathon,"Bloomington, IN USA","October 24, 2015","Kim McNealy (F)
6:05:36 144 36 / 6 F45-49 Carmel, IN, USA"
145,MIDD=2072151024,Tecumseh Trail Marathon,"Bloomington, IN USA","October 24, 2015","Alex Sexton (M)
6:05:45 145 109 / 11 M25-29 Granger, IN, USA"
146,MIDD=2072151024,Tecumseh Trail Marathon,"Bloomington, IN USA","October 24, 2015","David Swenson (M)
6:06:18 146 110 / 5 M60-64 Ames, IA, USA"
147,MIDD=2072151024,Tecumseh Trail Marathon,"Bloomington, IN USA","October 24, 2015","Carmel Lewis (F)
6:06:25 147 37 / 9 F40-44 Anderson, IN, USA"
148,MIDD=2072151024,Tecumseh Trail Marathon,"Bloomington, IN USA","October 24, 2015","Rebekah Clark (F)
6:07:53 148 38 / 10 F40-44 Noblesville, IN, USA"
149,MIDD=2072151024,Tecumseh Trail Marathon,"Bloomington, IN USA","October 24, 2015","Kelly Spaulding (F)
6:07:55 149 39 / 11 F40-44 Carmel, IN, USA"
150,MIDD=2072151024,Tecumseh Trail Marathon,"Bloomington, IN USA","October 24, 2015","Jim Porter (M)
6:08:22 150 111 / 12 M50-54 Mooresville, IN, USA"
151,MIDD=2072151024,Tecumseh Trail Marathon,"Bloomington, IN USA","October 24, 2015","Ben Miller (M)
6:09:33 151 112 / 22 M40-44 Indianapolis, IN, USA"
152,MIDD=2072151024,Tecumseh Trail Marathon,"Bloomington, IN USA","October 24, 2015","Todd Baxter (M)
6:09:38 152 113 / 13 M50-54 Columbus, IN, USA"
153,MIDD=2072151024,Tecumseh Trail Marathon,"Bloomington, IN USA","October 24, 2015","Jennifer McCracken (F)
6:11:07 153 40 / 6 F30-34 Indianapolis, IN, USA"
154,MIDD=2072151024,Tecumseh Trail Marathon,"Bloomington, IN USA","October 24, 2015","Lesia Reynolds (F)
6:11:20 154 41 / 7 F45-49 Crestwood, KY, USA"
155,MIDD=2072151024,Tecumseh Trail Marathon,"Bloomington, IN USA","October 24, 2015","Gayle Ramirez (F)
6:11:53 155 42 / 5 F55-59 Crestwood, KY, USA"
156,MIDD=2072151024,Tecumseh Trail Marathon,"Bloomington, IN USA","October 24, 2015","Joe Tellas (M)
6:14:13 156 114 / 23 M40-44 Indianapolis, IN, USA"
157,MIDD=2072151024,Tecumseh Trail Marathon,"Bloomington, IN USA","October 24, 2015","Jonathan Fraser (M)
6:15:21 157 115 / 24 M40-44 Zionsville, IN, USA"
158,MIDD=2072151024,Tecumseh Trail Marathon,"Bloomington, IN USA","October 24, 2015","Ruth Estrada (F)
6:15:33 158 43 / 12 F40-44 Crown Point, IN, USA"
159,MIDD=2072151024,Tecumseh Trail Marathon,"Bloomington, IN USA","October 24, 2015","Alison Conrad (F)
6:15:43 159 44 / 13 F40-44 Evergreen, CO, USA"
160,MIDD=2072151024,Tecumseh Trail Marathon,"Bloomington, IN USA","October 24, 2015","Ed Kirk (M)
6:18:00 160 116 / 6 M60-64 Fairdale, KY, USA"
161,MIDD=2072151024,Tecumseh Trail Marathon,"Bloomington, IN USA","October 24, 2015","Jeremie Pollard (M)
6:19:43 161 117 / 18 M35-39 Berne, IN, USA"
162,MIDD=2072151024,Tecumseh Trail Marathon,"Bloomington, IN USA","October 24, 2015","Heather` Lake (F)
6:20:59 162 45 / 8 F45-49 Bloomington, IN, USA"
163,MIDD=2072151024,Tecumseh Trail Marathon,"Bloomington, IN USA","October 24, 2015","Patrick Angle (M)
6:23:25 163 118 / 19 M45-49 Columbus, IN, USA"
164,MIDD=2072151024,Tecumseh Trail Marathon,"Bloomington, IN USA","October 24, 2015","Steven Jones (M)
6:23:51 164 119 / 7 M60-64 Battle Creek, MI, USA"
165,MIDD=2072151024,Tecumseh Trail Marathon,"Bloomington, IN USA","October 24, 2015","Spring Poynter (F)
6:24:46 165 46 / 1 F0-19 Greenwood, IN, USA"
166,MIDD=2072151024,Tecumseh Trail Marathon,"Bloomington, IN USA","October 24, 2015","Tricia Delaby (F)
6:25:12 166 47 / 14 F40-44 Carmel, IN, USA"
167,MIDD=2072151024,Tecumseh Trail Marathon,"Bloomington, IN USA","October 24, 2015","Andrew Bokmeyer (M)
6:27:08 167 120 / 19 M35-39 Zionsville, IN, USA"
168,MIDD=2072151024,Tecumseh Trail Marathon,"Bloomington, IN USA","October 24, 2015","Kayla Houchin (F)
6:28:26 168 48 / 5 F25-29 Fessenden, ND, USA"
169,MIDD=2072151024,Tecumseh Trail Marathon,"Bloomington, IN USA","October 24, 2015","Esther Slabach (F)
6:28:29 169 49 / 6 F35-39 Noblesville, IN, USA"
170,MIDD=2072151024,Tecumseh Trail Marathon,"Bloomington, IN USA","October 24, 2015","Douglas Williams (M)
6:30:07 170 121 / 14 M50-54 Lafayette, IN, USA"
171,MIDD=2072151024,Tecumseh Trail Marathon,"Bloomington, IN USA","October 24, 2015","Josh Williams (M)
6:30:07 171 122 / 12 M25-29 Carmel, IN, USA"
172,MIDD=2072151024,Tecumseh Trail Marathon,"Bloomington, IN USA","October 24, 2015","Luis Rodriguez (M)
6:31:20 172 123 / 25 M40-44 Champaign, IL, USA"
173,MIDD=2072151024,Tecumseh Trail Marathon,"Bloomington, IN USA","October 24, 2015","Scott Thompson (M)
6:32:42 173 124 / 15 M50-54 Columbus, IN, USA"
174,MIDD=2072151024,Tecumseh Trail Marathon,"Bloomington, IN USA","October 24, 2015","Doug Patty (M)
6:35:51 174 125 / 10 M55-59 Lafayette, IN, USA"
175,MIDD=2072151024,Tecumseh Trail Marathon,"Bloomington, IN USA","October 24, 2015","Andrew Fisher (M)
6:37:43 175 126 / 26 M40-44 Bradley, IL, USA"
176,MIDD=2072151024,Tecumseh Trail Marathon,"Bloomington, IN USA","October 24, 2015","Kelly Rich (M)
6:37:45 176 127 / 27 M40-44 Louisville, KY, USA"
177,MIDD=2072151024,Tecumseh Trail Marathon,"Bloomington, IN USA","October 24, 2015","Michael Smith (M)
6:40:58 177 128 / 11 M30-34 Indianapolis, IN, USA"
178,MIDD=2072151024,Tecumseh Trail Marathon,"Bloomington, IN USA","October 24, 2015","Pamela Andrews (F)
6:43:47 178 50 / 2 F50-54 Lake In The Hills, IL, USA"
179,MIDD=2072151024,Tecumseh Trail Marathon,"Bloomington, IN USA","October 24, 2015","Diane Bergeron (F)
6:43:48 179 51 / 9 F45-49 Crystal Lake, IL, USA"
180,MIDD=2072151024,Tecumseh Trail Marathon,"Bloomington, IN USA","October 24, 2015","Amanda Giebel (F)
6:45:10 180 52 / 6 F25-29 Indianapolis, IN, USA"
181,MIDD=2072151024,Tecumseh Trail Marathon,"Bloomington, IN USA","October 24, 2015","Shawn Plew (M)
6:45:37 181 129 / 20 M35-39 Indianapolis, IN, USA"
182,MIDD=2072151024,Tecumseh Trail Marathon,"Bloomington, IN USA","October 24, 2015","Dennis Cantrell (M)
6:50:38 182 130 / 11 M55-59 Coatesville, IN, USA"
183,MIDD=2072151024,Tecumseh Trail Marathon,"Bloomington, IN USA","October 24, 2015","Liz Blauvelt (F)
6:54:36 183 53 / 7 F35-39 Bloomington, IN, USA"
184,MIDD=2072151024,Tecumseh Trail Marathon,"Bloomington, IN USA","October 24, 2015","Kristi Metsch (F)
7:03:50 184 54 / 7 F30-34 Cincinnati, OH, USA"
185,MIDD=2072151024,Tecumseh Trail Marathon,"Bloomington, IN USA","October 24, 2015","Dave Marx (M)
7:05:23 185 131 / 12 M55-59 Loveland, OH, USA"
186,MIDD=2072151024,Tecumseh Trail Marathon,"Bloomington, IN USA","October 24, 2015","Marc Frost (M)
7:10:02 186 132 / 13 M55-59 Indianapolis, IN, USA"
187,MIDD=2072151024,Tecumseh Trail Marathon,"Bloomington, IN USA","October 24, 2015","Craig Stewart (M)
7:10:02 187 133 / 14 M55-59 Bloomington, IN, USA"
188,MIDD=2072151024,Tecumseh Trail Marathon,"Bloomington, IN USA","October 24, 2015","Stephanie Krassenstein (F)
7:18:58 188 55 / 8 F30-34 Terre Haute, IN, USA"
189,MIDD=2072151024,Tecumseh Trail Marathon,"Bloomington, IN USA","October 24, 2015","Krissie Pickering (F)
7:18:59 189 56 / 15 F40-44 Terre Haute, IN, USA"
190,MIDD=2072151024,Tecumseh Trail Marathon,"Bloomington, IN USA","October 24, 2015","Jennifer Callahan (F)
7:18:59 190 57 / 8 F35-39 Louisville, KY, USA"
191,MIDD=2072151024,Tecumseh Trail Marathon,"Bloomington, IN USA","October 24, 2015","Karyn Drost (F)
7:26:49 191 58 / 6 F55-59 Wilmington, IL, USA"
192,MIDD=2072151024,Tecumseh Trail Marathon,"Bloomington, IN USA","October 24, 2015","Danielle Li (F)
7:53:15 192 59 / 3 F50-54 Wilmore, KY, USA"
