,race_id,race,location,date,runners
0,MIDD=4866151219,3 Bridges Marathon,"Little Rock, AR USA",,"

Have you run this race?Then tell us about it.

Last Name, First Name(Sex/Age)
Time OverAllPlace
Sex Place/Div Place
DIV Net Time 
City, State, Country AG Time* BQ*"
1,MIDD=4866151219,3 Bridges Marathon,"Little Rock, AR USA",,"Mike Brunette (M36)
2:53:04 1 1 / 1 Mopen
2:53:02
Libertyville, IL, USA
2:52:52
BQ"
2,MIDD=4866151219,3 Bridges Marathon,"Little Rock, AR USA",,"Chris Toepfer (M53)
2:58:14 2 2 / 2 Mopen
2:58:12
Chicago, IL, USA
2:35:21
BQ"
3,MIDD=4866151219,3 Bridges Marathon,"Little Rock, AR USA",,"James Bresette (M55)
2:58:42 3 3 / 3 Mopen
2:58:41
Clinton, AR, USA
2:32:53
BQ"
4,MIDD=4866151219,3 Bridges Marathon,"Little Rock, AR USA",,"Mark Ferguson (M43)
3:00:15 4 4 / 1 Mmasters
3:00:13
Little Rock, AR, USA
2:51:33
BQ"
5,MIDD=4866151219,3 Bridges Marathon,"Little Rock, AR USA",,"Kevin Golden (M49)
3:02:44 5 5 / 2 Mmasters
3:02:42
Maumelle, AR, USA
2:45:07
BQ"
6,MIDD=4866151219,3 Bridges Marathon,"Little Rock, AR USA",,"Tia Stone (F37)
3:02:46 6 1 / 1 Fopen
3:02:45
Searcy, AR, USA
2:58:09
BQ"
7,MIDD=4866151219,3 Bridges Marathon,"Little Rock, AR USA",,"Lance Lowrey (M33)
3:06:50 7 6 / 1 M30-34
3:06:48
Dierks, AR, USA
3:06:48
 "
8,MIDD=4866151219,3 Bridges Marathon,"Little Rock, AR USA",,"Mitch Boeckman (M39)
3:09:50 8 7 / 1 M35-39
3:09:38
Mineola, TX, USA
3:06:36
BQ"
9,MIDD=4866151219,3 Bridges Marathon,"Little Rock, AR USA",,"Mark Charnogorsky (M19)
3:10:06 9 8 / 1 M0-19
3:10:03
Lake Zurich, IL, USA
3:05:24
 "
10,MIDD=4866151219,3 Bridges Marathon,"Little Rock, AR USA",,"Joel Aalberts (M45)
3:10:56 10 9 / 3 Mmasters
3:10:56
Richmond, KY, USA
2:58:40
BQ"
11,MIDD=4866151219,3 Bridges Marathon,"Little Rock, AR USA",,"Joshua Leyva (M36)
3:11:55 11 10 / 2 M35-39
3:11:53
Lubbock, TX, USA
3:11:41
 "
12,MIDD=4866151219,3 Bridges Marathon,"Little Rock, AR USA",,"Jacob Hudgins (M33)
3:13:09 12 11 / 2 M30-34
3:13:05
Maumelle, AR, USA
3:13:05
 "
13,MIDD=4866151219,3 Bridges Marathon,"Little Rock, AR USA",,"Shane Hanson (M39)
3:13:35 13 12 / 3 M35-39
3:13:32
Springfield, IL, USA
3:10:26
 "
14,MIDD=4866151219,3 Bridges Marathon,"Little Rock, AR USA",,"Jeffrey Grove (M31)
3:13:36 14 13 / 3 M30-34
3:13:34
Little Rock, AR, USA
3:13:34
 "
15,MIDD=4866151219,3 Bridges Marathon,"Little Rock, AR USA",,"Brian Sites (M50)
3:13:45 15 14 / 1 Mgrandmasters
3:13:38
Little Rock, AR, USA
2:53:26
BQ"
16,MIDD=4866151219,3 Bridges Marathon,"Little Rock, AR USA",,"Jamie Rogers (F27)
3:14:18 16 2 / 2 Fopen
3:14:16
Fayetteville, AR, USA
3:14:16
BQ"
17,MIDD=4866151219,3 Bridges Marathon,"Little Rock, AR USA",,"Craig Forrest (M40)
3:20:35 17 15 / 1 M40-44
3:20:20
Little Rock, AR, USA
3:15:30
 "
18,MIDD=4866151219,3 Bridges Marathon,"Little Rock, AR USA",,"Mark Zaffuto (M59)
3:23:04 18 16 / 2 Mgrandmasters
3:22:56
Williamstown, KY, USA
2:47:08
BQ"
19,MIDD=4866151219,3 Bridges Marathon,"Little Rock, AR USA",,"Charles Mitchell (M45)
3:23:35 19 17 / 1 M45-49
3:23:30
Memphis, TN, USA
3:10:26
BQ"
20,MIDD=4866151219,3 Bridges Marathon,"Little Rock, AR USA",,"Jake Allison (M19)
3:23:45 20 18 / 2 M0-19
3:23:44
Little Rock, AR, USA
3:18:45
 "
21,MIDD=4866151219,3 Bridges Marathon,"Little Rock, AR USA",,"Rob Seibert (M45)
3:23:49 21 19 / 2 M45-49
3:23:45
Little Rock, AR, USA
3:10:40
BQ"
22,MIDD=4866151219,3 Bridges Marathon,"Little Rock, AR USA",,"Cirilo Herrera (M40)
3:24:35 22 21 / 2 M40-44
3:24:02
Alexander, AR, USA
3:19:07
 "
23,MIDD=4866151219,3 Bridges Marathon,"Little Rock, AR USA",,"Amanda Potts (F37)
3:24:33 23 3 / 3 Fopen
3:24:18
Conway, AR, USA
3:19:10
BQ"
24,MIDD=4866151219,3 Bridges Marathon,"Little Rock, AR USA",,"Justin Sparkman (M27)
3:24:27 24 20 / 1 M25-29
3:24:24
Conway, AR, USA
3:24:24
 "
25,MIDD=4866151219,3 Bridges Marathon,"Little Rock, AR USA",,"Tyler Banks (M20)
3:24:56 25 22 / 1 M20-24
3:24:55
Benton, AR, USA
3:22:21
 "
26,MIDD=4866151219,3 Bridges Marathon,"Little Rock, AR USA",,"Jacinto Herrera (M34)
3:26:32 26 23 / 4 M30-34
3:25:59
Little Rock, AR, USA
3:25:59
 "
27,MIDD=4866151219,3 Bridges Marathon,"Little Rock, AR USA",,"Mark Lacey (M50)
3:27:52 27 24 / 3 Mgrandmasters
3:27:45
Little Rock, AR, USA
3:06:05
BQ"
28,MIDD=4866151219,3 Bridges Marathon,"Little Rock, AR USA",,"Eliot Ephraim (M48)
3:28:31 28 25 / 3 M45-49
3:28:26
Chicago, IL, USA
3:10:03
 "
29,MIDD=4866151219,3 Bridges Marathon,"Little Rock, AR USA",,"Scooter Sayers (M50)
3:28:41 29 26 / 1 M50-54
3:28:38
Fort Smith, AR, USA
3:06:52
BQ"
30,MIDD=4866151219,3 Bridges Marathon,"Little Rock, AR USA",,"Ashley Slayton (F40)
3:30:34 30 4 / 1 Fmasters
3:30:29
Sherwood, AR, USA
3:20:30
BQ"
31,MIDD=4866151219,3 Bridges Marathon,"Little Rock, AR USA",,"Jason Lamb (M31)
3:31:55 31 27 / 5 M30-34
3:31:51
Madison, MS, USA
3:31:51
 "
32,MIDD=4866151219,3 Bridges Marathon,"Little Rock, AR USA",,"Troy Emineth (M44)
3:32:05 32 28 / 3 M40-44
3:32:01
Keene, NH, USA
3:20:07
 "
33,MIDD=4866151219,3 Bridges Marathon,"Little Rock, AR USA",,"Travis McClure (M36)
3:32:59 33 29 / 4 M35-39
3:32:31
Jonesboro, AR, USA
3:32:18
 "
34,MIDD=4866151219,3 Bridges Marathon,"Little Rock, AR USA",,"Brian Williams (M39)
3:33:08 34 30 / 5 M35-39
3:32:34
Searcy, AR, USA
3:29:09
 "
35,MIDD=4866151219,3 Bridges Marathon,"Little Rock, AR USA",,"Colin Hall (M40)
3:33:25 35 31 / 4 M40-44
3:33:22
Little Rock, AR, USA
3:28:13
 "
36,MIDD=4866151219,3 Bridges Marathon,"Little Rock, AR USA",,"Michelle Greer (F41)
3:34:11 36 5 / 2 Fmasters
3:33:55
Conway, AR, USA
3:21:49
BQ"
37,MIDD=4866151219,3 Bridges Marathon,"Little Rock, AR USA",,"Katerine Seywerd (F38)
3:34:39 37 6 / 1 F35-39
3:34:37
Little Rock, AR, USA
3:27:47
BQ"
38,MIDD=4866151219,3 Bridges Marathon,"Little Rock, AR USA",,"Michael Stroud (M40)
3:35:06 38 32 / 5 M40-44
3:34:54
Benton, AR, USA
3:29:43
 "
39,MIDD=4866151219,3 Bridges Marathon,"Little Rock, AR USA",,"Don Edge (M45)
3:35:21 39 33 / 4 M45-49
3:35:18
Ozark, AR, USA
3:21:29
 "
40,MIDD=4866151219,3 Bridges Marathon,"Little Rock, AR USA",,"Jason Hughes (M41)
3:36:21 40 34 / 6 M40-44
3:36:15
Princeton, KY, USA
3:29:19
 "
41,MIDD=4866151219,3 Bridges Marathon,"Little Rock, AR USA",,"Rebecca Guenther (F36)
3:38:30 41 7 / 2 F35-39
3:38:20
San Jose, CA, USA
3:34:09
BQ"
42,MIDD=4866151219,3 Bridges Marathon,"Little Rock, AR USA",,"William Harris (M40)
3:38:57 42 35 / 7 M40-44
3:38:50
Tulsa, OK, USA
3:33:33
 "
43,MIDD=4866151219,3 Bridges Marathon,"Little Rock, AR USA",,"Emily Harbour (F30)
3:40:06 43 8 / 1 F30-34
3:39:52
Little Rock, AR, USA
3:39:47
 "
44,MIDD=4866151219,3 Bridges Marathon,"Little Rock, AR USA",,"Gerald King (M46)
3:40:33 44 36 / 5 M45-49
3:40:30
Dunkirk, MD, USA
3:24:34
 "
45,MIDD=4866151219,3 Bridges Marathon,"Little Rock, AR USA",,"Tammy Walther (F44)
3:41:06 45 9 / 3 Fmasters
3:40:45
Little Rock, AR, USA
3:21:23
BQ"
46,MIDD=4866151219,3 Bridges Marathon,"Little Rock, AR USA",,"Terry Hurt (M52)
3:41:02 46 37 / 2 M50-54
3:40:59
Fort Smith, AR, USA
3:14:23
 "
47,MIDD=4866151219,3 Bridges Marathon,"Little Rock, AR USA",,"Jacquelyn Griffin (F30)
3:42:36 47 10 / 2 F30-34
3:42:31
Ozark, MO, USA
3:42:25
 "
48,MIDD=4866151219,3 Bridges Marathon,"Little Rock, AR USA",,"Margaret Sauve (F35)
3:44:24 48 11 / 3 F35-39
3:44:12
Midlothian, VA, USA
3:41:02
 "
49,MIDD=4866151219,3 Bridges Marathon,"Little Rock, AR USA",,"Arlene Nichols Saffian (F47)
3:45:05 49 12 / 1 F45-49
3:44:37
Newnan, GA, USA
3:17:34
BQ"
50,MIDD=4866151219,3 Bridges Marathon,"Little Rock, AR USA",,"Michael Ferguson (M36)
3:44:42 50 38 / 6 M35-39
3:44:41
Bryant, AR, USA
3:44:27
 "
51,MIDD=4866151219,3 Bridges Marathon,"Little Rock, AR USA",,"Jerry Prince (M50)
3:45:39 51 39 / 3 M50-54
3:45:36
North Little Rock, AR, USA
3:22:04
 "
52,MIDD=4866151219,3 Bridges Marathon,"Little Rock, AR USA",,"Tyler Bishop (M24)
3:45:51 52 40 / 2 M20-24
3:45:43
Batesville, AR, USA
3:45:43
 "
53,MIDD=4866151219,3 Bridges Marathon,"Little Rock, AR USA",,"James Lee (M61)
5:47:32 53 149 / 1 M60-64
3:46:10
St Louis, MO, USA
3:02:37
BQ"
54,MIDD=4866151219,3 Bridges Marathon,"Little Rock, AR USA",,"Nick Hayden (M29)
3:46:40 54 41 / 2 M25-29
3:46:38
Mission, KS, USA
3:46:38
 "
55,MIDD=4866151219,3 Bridges Marathon,"Little Rock, AR USA",,"Travis Porter (M43)
3:46:54 55 42 / 8 M40-44
3:46:44
Fort Smith, AR, USA
3:35:49
 "
56,MIDD=4866151219,3 Bridges Marathon,"Little Rock, AR USA",,"Bob Seigart (M58)
3:47:42 56 44 / 1 M55-59
3:46:59
Fayetteville, NY, USA
3:08:45
 "
57,MIDD=4866151219,3 Bridges Marathon,"Little Rock, AR USA",,"Jeff Crone (M43)
3:47:15 57 43 / 9 M40-44
3:47:10
North Little Rock, AR, USA
3:36:15
 "
58,MIDD=4866151219,3 Bridges Marathon,"Little Rock, AR USA",,"Geoffrey Meyer (M41)
3:48:41 58 45 / 10 M40-44
3:48:38
Cabot, AR, USA
3:41:17
 "
59,MIDD=4866151219,3 Bridges Marathon,"Little Rock, AR USA",,"Ralph Buehrle (M53)
3:49:04 59 46 / 4 M50-54
3:48:54
Williamsburg, VA, USA
3:19:32
 "
60,MIDD=4866151219,3 Bridges Marathon,"Little Rock, AR USA",,"Aaron Cheyne (M27)
3:49:35 60 47 / 3 M25-29
3:49:29
Saint Robert, MO, USA
3:49:29
 "
61,MIDD=4866151219,3 Bridges Marathon,"Little Rock, AR USA",,"Lia Mayfield (F42)
3:51:19 61 13 / 1 F40-44
3:51:15
Fort Smith, AR, USA
3:35:55
 "
62,MIDD=4866151219,3 Bridges Marathon,"Little Rock, AR USA",,"Jim Tadel (M59)
3:51:26 62 48 / 2 M55-59
3:51:21
Monticello, AR, USA
3:10:33
 "
63,MIDD=4866151219,3 Bridges Marathon,"Little Rock, AR USA",,"Loren Kaylor (M29)
3:51:47 63 49 / 4 M25-29
3:51:41
Maumelle, AR, USA
3:51:41
 "
64,MIDD=4866151219,3 Bridges Marathon,"Little Rock, AR USA",,"Bekki Manville (F42)
3:52:40 64 14 / 2 F40-44
3:52:28
Colorado Springs, CO, USA
3:37:03
 "
65,MIDD=4866151219,3 Bridges Marathon,"Little Rock, AR USA",,"Mont McClendon (M43)
3:52:47 65 50 / 11 M40-44
3:52:35
Lubbock, TX, USA
3:41:23
 "
66,MIDD=4866151219,3 Bridges Marathon,"Little Rock, AR USA",,"Michael Willets (M62)
3:53:02 66 51 / 2 M60-64
3:52:45
New Carlisle, OH, USA
3:06:05
BQ"
67,MIDD=4866151219,3 Bridges Marathon,"Little Rock, AR USA",,"Greg Massanelli (M55)
3:53:28 67 52 / 3 M55-59
3:53:22
Little Rock, AR, USA
3:19:40
 "
68,MIDD=4866151219,3 Bridges Marathon,"Little Rock, AR USA",,"Leslie Johnson (F45)
3:53:51 68 16 / 2 F45-49
3:53:28
Fayetteville, AR, USA
3:30:27
BQ"
69,MIDD=4866151219,3 Bridges Marathon,"Little Rock, AR USA",,"Wilson Herrera (M20)
3:54:03 69 53 / 3 M20-24
3:53:29
Little Rock, AR, USA
3:50:34
 "
70,MIDD=4866151219,3 Bridges Marathon,"Little Rock, AR USA",,"Deb Baker (F53)
3:53:58 70 17 / 1 Fgrandmasters
3:53:38
Little Rock, AR, USA
3:10:13
BQ"
71,MIDD=4866151219,3 Bridges Marathon,"Little Rock, AR USA",,"Joyce Forier (F41)
3:53:47 71 15 / 3 F40-44
3:53:43
Henderson, NV, USA
3:40:31
 "
72,MIDD=4866151219,3 Bridges Marathon,"Little Rock, AR USA",,"Todd McGuire (M29)
3:54:12 72 54 / 5 M25-29
3:53:56
Benton, AR, USA
3:53:56
 "
73,MIDD=4866151219,3 Bridges Marathon,"Little Rock, AR USA",,"Allen Smith (M57)
3:54:13 73 56 / 4 M55-59
3:53:59
Anaheim, CA, USA
3:16:27
 "
74,MIDD=4866151219,3 Bridges Marathon,"Little Rock, AR USA",,"Kendell Snyder (M53)
3:54:12 74 55 / 5 M50-54
3:54:08
Jacksonville, AR, USA
3:24:05
 "
75,MIDD=4866151219,3 Bridges Marathon,"Little Rock, AR USA",,"Tafadzwa Muguwe (M33)
3:54:37 75 57 / 6 M30-34
3:54:13
Palo Alto, CA, USA
3:54:13
 "
76,MIDD=4866151219,3 Bridges Marathon,"Little Rock, AR USA",,"Elizabeth Sohns (F23)
3:55:40 76 18 / 1 F20-24
3:55:23
Austin, TX, USA
3:55:23
 "
77,MIDD=4866151219,3 Bridges Marathon,"Little Rock, AR USA",,"Shannon Foster (F37)
3:56:19 77 19 / 4 F35-39
3:56:04
Conway, AR, USA
3:50:09
 "
78,MIDD=4866151219,3 Bridges Marathon,"Little Rock, AR USA",,"Quinn Argall (M36)
3:57:57 78 59 / 7 M35-39
3:56:29
Memphis, TN, USA
3:56:15
 "
79,MIDD=4866151219,3 Bridges Marathon,"Little Rock, AR USA",,"Cindy Naylor (F41)
3:56:51 79 20 / 4 F40-44
3:56:35
Conway, AR, USA
3:43:13
 "
80,MIDD=4866151219,3 Bridges Marathon,"Little Rock, AR USA",,"Dionida Ryce (F47)
3:57:09 80 22 / 3 F45-49
3:56:40
Valley Stream, NY, USA
3:28:10
 "
81,MIDD=4866151219,3 Bridges Marathon,"Little Rock, AR USA",,"Amanda Stevenson (F31)
3:57:00 81 21 / 3 F30-34
3:56:57
Omaha, NE, USA
3:56:34
 "
82,MIDD=4866151219,3 Bridges Marathon,"Little Rock, AR USA",,"Curtis Chong (M39)
3:57:59 82 60 / 8 M35-39
3:57:01
Cambridge, MA, USA
3:53:13
 "
83,MIDD=4866151219,3 Bridges Marathon,"Little Rock, AR USA",,"Megan James (F30)
3:57:46 83 23 / 4 F30-34
3:57:35
Fayetteville, AR, USA
3:57:29
 "
84,MIDD=4866151219,3 Bridges Marathon,"Little Rock, AR USA",,"Brian Rickard (M33)
3:57:46 84 58 / 7 M30-34
3:57:35
Fayetteville, AR, USA
3:57:35
 "
85,MIDD=4866151219,3 Bridges Marathon,"Little Rock, AR USA",,"Deidra Tuxen (F34)
3:57:56 85 24 / 5 F30-34
3:57:48
Madison, WI, USA
3:55:28
 "
86,MIDD=4866151219,3 Bridges Marathon,"Little Rock, AR USA",,"Valerie Clark (F33)
3:58:06 86 25 / 6 F30-34
3:57:56
Maumelle, AR, USA
3:56:26
 "
87,MIDD=4866151219,3 Bridges Marathon,"Little Rock, AR USA",,"Nicholas Nobles (M23)
3:58:50 87 61 / 4 M20-24
3:58:16
North Little Rock, AR, USA
3:58:16
 "
88,MIDD=4866151219,3 Bridges Marathon,"Little Rock, AR USA",,"Clay Lance (M28)
3:58:51 88 62 / 6 M25-29
3:58:44
Hope, AR, USA
3:58:44
 "
89,MIDD=4866151219,3 Bridges Marathon,"Little Rock, AR USA",,"Jonathan Huntington (M40)
3:59:35 89 63 / 12 M40-44
3:59:24
Saskatoon, SK, Canada
3:53:38
 "
90,MIDD=4866151219,3 Bridges Marathon,"Little Rock, AR USA",,"Rebecca Glazier (F33)
4:00:20 90 26 / 7 F30-34
4:00:10
Little Rock, AR, USA
3:58:39
 "
91,MIDD=4866151219,3 Bridges Marathon,"Little Rock, AR USA",,"Dave Wilkinson (M48)
4:00:46 91 64 / 6 M45-49
4:00:27
Louisville, KY, USA
3:39:14
 "
92,MIDD=4866151219,3 Bridges Marathon,"Little Rock, AR USA",,"Alexander Propes (M20)
4:01:45 92 65 / 5 M20-24
4:01:44
Conway, AR, USA
3:58:43
 "
93,MIDD=4866151219,3 Bridges Marathon,"Little Rock, AR USA",,"Toby Yeager (M42)
4:01:57 93 66 / 13 M40-44
4:01:49
Pottsville, AR, USA
3:52:07
 "
94,MIDD=4866151219,3 Bridges Marathon,"Little Rock, AR USA",,"Moki Lowe (M58)
4:02:03 94 67 / 5 M55-59
4:01:55
Alexander, AR, USA
3:21:10
 "
95,MIDD=4866151219,3 Bridges Marathon,"Little Rock, AR USA",,"Christine Stahl (F46)
4:02:29 95 27 / 4 F45-49
4:02:14
Bradenton, FL, USA
3:35:42
 "
96,MIDD=4866151219,3 Bridges Marathon,"Little Rock, AR USA",,"Lee Brown (M55)
4:03:08 96 68 / 6 M55-59
4:02:56
Little Rock, AR, USA
3:27:51
 "
97,MIDD=4866151219,3 Bridges Marathon,"Little Rock, AR USA",,"Stephanie Pianka (F50)
4:03:57 97 28 / 2 Fgrandmasters
4:03:35
New York, NY, USA
3:26:17
 "
98,MIDD=4866151219,3 Bridges Marathon,"Little Rock, AR USA",,"Shawn Barlow (M42)
4:05:51 98 69 / 14 M40-44
4:05:34
Benton, AR, USA
3:55:43
 "
99,MIDD=4866151219,3 Bridges Marathon,"Little Rock, AR USA",,"Elizabeth Patterson (F29)
4:06:05 99 29 / 1 F25-29
4:05:59
Little Rock, AR, USA
4:05:59
 "
100,MIDD=4866151219,3 Bridges Marathon,"Little Rock, AR USA",,"David Pearrow (M54)
4:07:26 100 70 / 6 M50-54
4:07:15
Russellville, AR, USA
3:33:33
 "
101,MIDD=4866151219,3 Bridges Marathon,"Little Rock, AR USA",,"Kelly Kreth (M51)
4:08:40 101 71 / 7 M50-54
4:08:13
Little Rock, AR, USA
3:40:21
 "
102,MIDD=4866151219,3 Bridges Marathon,"Little Rock, AR USA",,"Michael Ahrens (M65)
4:09:26 102 72 / 1 M65-69
4:08:57
Marion, IL, USA
3:13:02
BQ"
103,MIDD=4866151219,3 Bridges Marathon,"Little Rock, AR USA",,"Kazuki Watanabe (M55)
4:10:27 103 73 / 7 M55-59
4:10:21
Musashino
3:34:12
 "
104,MIDD=4866151219,3 Bridges Marathon,"Little Rock, AR USA",,"Phil Stevens (M48)
4:11:43 104 74 / 7 M45-49
4:11:12
Mt Washington, KY, USA
3:49:03
 "
105,MIDD=4866151219,3 Bridges Marathon,"Little Rock, AR USA",,"Laura Kearns (F33)
4:11:51 105 30 / 8 F30-34
4:11:35
Little Rock, AR, USA
4:10:00
 "
106,MIDD=4866151219,3 Bridges Marathon,"Little Rock, AR USA",,"Chris Shuptrine (M42)
4:12:07 106 75 / 15 M40-44
4:11:59
Bigelow, AR, USA
4:01:53
 "
107,MIDD=4866151219,3 Bridges Marathon,"Little Rock, AR USA",,"Hoberto Serrano (M49)
4:13:07 107 76 / 8 M45-49
4:13:00
Downey, CA, USA
3:48:39
 "
108,MIDD=4866151219,3 Bridges Marathon,"Little Rock, AR USA",,"Jackie Stone (F43)
4:13:53 108 31 / 5 F40-44
4:13:46
Conway, AR, USA
3:54:17
 "
109,MIDD=4866151219,3 Bridges Marathon,"Little Rock, AR USA",,"Dave Hochstedler (M59)
4:14:44 109 77 / 8 M55-59
4:14:26
Hot Springs, AR, USA
3:29:33
 "
110,MIDD=4866151219,3 Bridges Marathon,"Little Rock, AR USA",,"Vincent Ma (M46)
4:14:45 110 78 / 9 M45-49
4:14:40
San Jose, CA, USA
3:56:17
 "
111,MIDD=4866151219,3 Bridges Marathon,"Little Rock, AR USA",,"Robert Misener (M45)
4:14:53 111 79 / 10 M45-49
4:14:48
Hot Springs, AR, USA
3:58:27
 "
112,MIDD=4866151219,3 Bridges Marathon,"Little Rock, AR USA",,"Kevin Bradley (M47)
4:15:50 112 80 / 11 M45-49
4:15:44
Fayetteville, AR, USA
3:55:13
 "
113,MIDD=4866151219,3 Bridges Marathon,"Little Rock, AR USA",,"Dawn Phillips (F47)
4:16:11 113 32 / 5 F45-49
4:15:57
Benton, AR, USA
3:45:08
 "
114,MIDD=4866151219,3 Bridges Marathon,"Little Rock, AR USA",,"Lidya Canady (F32)
4:16:14 114 33 / 9 F30-34
4:16:09
Conway, AR, USA
4:15:15
 "
115,MIDD=4866151219,3 Bridges Marathon,"Little Rock, AR USA",,"Justin Cloar (M44)
4:16:24 115 81 / 16 M40-44
4:16:14
Little Rock, AR, USA
4:01:51
 "
116,MIDD=4866151219,3 Bridges Marathon,"Little Rock, AR USA",,"Dawn Garlough (F57)
4:16:46 116 34 / 3 Fgrandmasters
4:16:29
Bloomington, MN, USA
3:17:39
 "
117,MIDD=4866151219,3 Bridges Marathon,"Little Rock, AR USA",,"David Hendrix (M34)
4:16:51 117 82 / 8 M30-34
4:16:36
Kansas City, MO, USA
4:16:36
 "
118,MIDD=4866151219,3 Bridges Marathon,"Little Rock, AR USA",,"Susan Blockburger (F45)
4:17:13 118 36 / 6 F45-49
4:16:59
Benton, AR, USA
3:51:39
 "
119,MIDD=4866151219,3 Bridges Marathon,"Little Rock, AR USA",,"Shannon Lorbiecki (F53)
4:17:07 119 35 / 1 F50-54
4:17:01
Lake Elmo, MN, USA
3:29:16
 "
120,MIDD=4866151219,3 Bridges Marathon,"Little Rock, AR USA",,"Ryan Westin (M36)
4:17:19 120 83 / 9 M35-39
4:17:15
Maumelle, AR, USA
4:16:59
 "
121,MIDD=4866151219,3 Bridges Marathon,"Little Rock, AR USA",,"Ed Childress (M53)
4:17:20 121 84 / 8 M50-54
4:17:15
Austin, TX, USA
3:44:15
 "
122,MIDD=4866151219,3 Bridges Marathon,"Little Rock, AR USA",,"John Allison (M47)
4:17:21 122 86 / 12 M45-49
4:17:16
Cabot, AR, USA
3:56:38
 "
123,MIDD=4866151219,3 Bridges Marathon,"Little Rock, AR USA",,"Rusty Mooney (M45)
4:17:20 123 85 / 13 M45-49
4:17:17
Bigelow, AR, USA
4:00:46
 "
124,MIDD=4866151219,3 Bridges Marathon,"Little Rock, AR USA",,"Michael Smith (M52)
4:18:42 124 87 / 9 M50-54
4:18:17
Coppell, TX, USA
3:47:12
 "
125,MIDD=4866151219,3 Bridges Marathon,"Little Rock, AR USA",,"Wade Mann (M49)
4:18:52 125 88 / 14 M45-49
4:18:49
Vilonia, AR, USA
3:53:55
 "
126,MIDD=4866151219,3 Bridges Marathon,"Little Rock, AR USA",,"James Moy (M44)
4:19:23 126 89 / 17 M40-44
4:18:51
Benton, AR, USA
4:04:20
 "
127,MIDD=4866151219,3 Bridges Marathon,"Little Rock, AR USA",,"Lori Carfagno (F42)
4:19:03 127 37 / 6 F40-44
4:18:52
Little Rock, AR, USA
4:01:42
 "
128,MIDD=4866151219,3 Bridges Marathon,"Little Rock, AR USA",,"Barbara Buehrle (F52)
4:19:05 128 38 / 2 F50-54
4:18:54
Williamsburg, VA, USA
3:33:37
 "
129,MIDD=4866151219,3 Bridges Marathon,"Little Rock, AR USA",,"Emily Hartman (F48)
4:19:20 129 39 / 7 F45-49
4:19:03
Little Rock, AR, USA
3:45:02
 "
130,MIDD=4866151219,3 Bridges Marathon,"Little Rock, AR USA",,"Laura Carter (F32)
4:19:37 130 40 / 10 F30-34
4:19:36
Humboldt, TN, USA
4:18:41
 "
131,MIDD=4866151219,3 Bridges Marathon,"Little Rock, AR USA",,"Misty Woolf (F40)
4:20:29 131 41 / 7 F40-44
4:20:16
Benton, AR, USA
4:07:55
 "
132,MIDD=4866151219,3 Bridges Marathon,"Little Rock, AR USA",,"Heather Collins (F42)
4:20:33 132 42 / 8 F40-44
4:20:20
Little Rock, AR, USA
4:03:04
 "
133,MIDD=4866151219,3 Bridges Marathon,"Little Rock, AR USA",,"Kim Daggitt (F27)
4:20:36 133 43 / 2 F25-29
4:20:21
Little Rock, AR, USA
4:20:21
 "
134,MIDD=4866151219,3 Bridges Marathon,"Little Rock, AR USA",,"Emily Hockman (F32)
4:20:41 134 44 / 11 F30-34
4:20:28
Knoxville, TN, USA
4:19:33
 "
135,MIDD=4866151219,3 Bridges Marathon,"Little Rock, AR USA",,"Beth Julian (F39)
4:21:36 135 46 / 5 F35-39
4:21:16
Heber Springs, AR, USA
4:11:01
 "
136,MIDD=4866151219,3 Bridges Marathon,"Little Rock, AR USA",,"Joe Julian (M40)
4:21:37 136 90 / 18 M40-44
4:21:17
Heber Springs, AR, USA
4:14:59
 "
137,MIDD=4866151219,3 Bridges Marathon,"Little Rock, AR USA",,"Mary Ellen Richards (F49)
4:21:32 137 45 / 8 F45-49
4:21:20
Little Rock, AR, USA
3:44:10
 "
138,MIDD=4866151219,3 Bridges Marathon,"Little Rock, AR USA",,"Kimberly Stokes (F48)
4:21:39 138 47 / 9 F45-49
4:21:28
Nashville, TN, USA
3:47:08
 "
139,MIDD=4866151219,3 Bridges Marathon,"Little Rock, AR USA",,"Tara Caudle (F40)
4:22:30 139 48 / 9 F40-44
4:22:19
Little Rock, AR, USA
4:09:53
 "
140,MIDD=4866151219,3 Bridges Marathon,"Little Rock, AR USA",,"Cliff Ferren (M60)
4:23:26 140 91 / 3 M60-64
4:23:20
North Little Rock, AR, USA
3:34:45
 "
141,MIDD=4866151219,3 Bridges Marathon,"Little Rock, AR USA",,"Shelly Mack (F48)
4:26:19 141 49 / 10 F45-49
4:26:10
Lucien, OK, USA
3:51:13
 "
142,MIDD=4866151219,3 Bridges Marathon,"Little Rock, AR USA",,"Jack Burke (M56)
4:26:48 142 92 / 9 M55-59
4:26:13
Saint Joe, AR, USA
3:45:39
 "
143,MIDD=4866151219,3 Bridges Marathon,"Little Rock, AR USA",,"Yong Lee (M51)
4:27:05 143 93 / 10 M50-54
4:26:38
Mableton, GA, USA
3:56:41
 "
144,MIDD=4866151219,3 Bridges Marathon,"Little Rock, AR USA",,"Kim Walker (F44)
4:28:32 144 50 / 10 F40-44
4:28:00
Sherwood, AR, USA
4:04:30
 "
145,MIDD=4866151219,3 Bridges Marathon,"Little Rock, AR USA",,"Ross Feldmann (M39)
4:28:23 145 94 / 10 M35-39
4:28:18
El Paso, TX, USA
4:24:01
 "
146,MIDD=4866151219,3 Bridges Marathon,"Little Rock, AR USA",,"Stephanie Dar (F28)
4:28:34 146 51 / 3 F25-29
4:28:25
Saint Paul, MN, USA
4:28:25
 "
147,MIDD=4866151219,3 Bridges Marathon,"Little Rock, AR USA",,"Caleb Meacham (M32)
4:28:57 147 95 / 9 M30-34
4:28:31
Owasso, OK, USA
4:28:31
 "
148,MIDD=4866151219,3 Bridges Marathon,"Little Rock, AR USA",,"Pam McGill (F48)
4:30:42 148 52 / 11 F45-49
4:30:31
Mayflower, AR, USA
3:55:00
 "
149,MIDD=4866151219,3 Bridges Marathon,"Little Rock, AR USA",,"Deborah Mitchell (F46)
4:33:11 149 53 / 12 F45-49
4:33:02
Russellville, AR, USA
4:03:08
 "
150,MIDD=4866151219,3 Bridges Marathon,"Little Rock, AR USA",,"Steven Booth (M47)
4:36:05 150 96 / 15 M45-49
4:35:58
Little Rock, AR, USA
4:13:50
 "
151,MIDD=4866151219,3 Bridges Marathon,"Little Rock, AR USA",,"Manfred Galatowitsch (M67)
4:36:48 151 97 / 2 M65-69
4:36:39
Little Rock, AR, USA
3:30:05
 "
152,MIDD=4866151219,3 Bridges Marathon,"Little Rock, AR USA",,"Chris Cook (M45)
4:37:55 152 98 / 16 M45-49
4:37:33
Lubbock, TX, USA
4:19:44
 "
153,MIDD=4866151219,3 Bridges Marathon,"Little Rock, AR USA",,"Craig Grimes (M53)
4:38:16 153 99 / 11 M50-54
4:37:52
Lees Summit, MO, USA
4:02:13
 "
154,MIDD=4866151219,3 Bridges Marathon,"Little Rock, AR USA",,"Ken Fattmann (M60)
4:38:21 154 100 / 4 M60-64
4:37:55
Walnut Shade, MO, USA
3:46:38
 "
155,MIDD=4866151219,3 Bridges Marathon,"Little Rock, AR USA",,"Chrissy Ferguson (F55)
4:38:47 155 54 / 1 F55-59
4:38:26
Maumelle, AR, USA
3:40:38
 "
156,MIDD=4866151219,3 Bridges Marathon,"Little Rock, AR USA",,"Brian Kennedy (M28)
4:41:13 156 103 / 7 M25-29
4:38:46
Little Rock, AR, USA
4:38:46
 "
157,MIDD=4866151219,3 Bridges Marathon,"Little Rock, AR USA",,"Wes Roach (M29)
4:41:13 157 104 / 8 M25-29
4:38:47
Little Rock, AR, USA
4:38:47
 "
158,MIDD=4866151219,3 Bridges Marathon,"Little Rock, AR USA",,"Avery Throckmorton (M21)
4:40:16 158 101 / 6 M20-24
4:39:46
Kansas City, MO, USA
4:38:31
 "
159,MIDD=4866151219,3 Bridges Marathon,"Little Rock, AR USA",,"Aerah Hardin (F36)
4:40:19 159 55 / 6 F35-39
4:40:00
Hot Springs National Park, AR, USA
4:34:38
 "
160,MIDD=4866151219,3 Bridges Marathon,"Little Rock, AR USA",,"Thomas Harps (M55)
4:40:17 160 102 / 10 M55-59
4:40:06
Cabot, AR, USA
3:59:39
 "
161,MIDD=4866151219,3 Bridges Marathon,"Little Rock, AR USA",,"Kris Eakin (F38)
4:40:30 161 56 / 7 F35-39
4:40:18
Maumelle, AR, USA
4:31:24
 "
162,MIDD=4866151219,3 Bridges Marathon,"Little Rock, AR USA",,"Cymber Gieringer (F44)
4:40:51 162 57 / 11 F40-44
4:40:29
Pine Bluff, AR, USA
4:15:53
 "
163,MIDD=4866151219,3 Bridges Marathon,"Little Rock, AR USA",,"Tammy Allen (F53)
4:40:51 163 58 / 3 F50-54
4:40:42
Russellville, AR, USA
3:48:33
 "
164,MIDD=4866151219,3 Bridges Marathon,"Little Rock, AR USA",,"Brooklyn Pyburn (F40)
4:40:57 164 60 / 12 F40-44
4:40:45
Sherwood, AR, USA
4:27:26
 "
165,MIDD=4866151219,3 Bridges Marathon,"Little Rock, AR USA",,"Holly Craig (F37)
4:40:56 165 59 / 8 F35-39
4:40:45
Fort Smith, AR, USA
4:33:43
 "
166,MIDD=4866151219,3 Bridges Marathon,"Little Rock, AR USA",,"Christi Lawhon (F39)
4:41:14 166 61 / 9 F35-39
4:41:05
Jacksonville, AR, USA
4:30:03
 "
167,MIDD=4866151219,3 Bridges Marathon,"Little Rock, AR USA",,"Katie Terrell (F30)
4:41:36 167 62 / 12 F30-34
4:41:07
Fayetteville, AR, USA
4:41:00
 "
168,MIDD=4866151219,3 Bridges Marathon,"Little Rock, AR USA",,"Kevin Kinder (M33)
4:41:37 168 105 / 10 M30-34
4:41:09
Fayetteville, AR, USA
4:41:09
 "
169,MIDD=4866151219,3 Bridges Marathon,"Little Rock, AR USA",,"Mike Kendrick (M69)
4:41:57 169 106 / 3 M65-69
4:41:37
Bradenton, FL, USA
3:29:21
 "
170,MIDD=4866151219,3 Bridges Marathon,"Little Rock, AR USA",,"Paul Head (M51)
4:42:05 170 107 / 12 M50-54
4:41:39
Russellville, AR, USA
4:10:01
 "
171,MIDD=4866151219,3 Bridges Marathon,"Little Rock, AR USA",,"Sir Withers (M29)
4:42:35 171 108 / 9 M25-29
4:41:56
Little Rock, AR, USA
4:41:56
 "
172,MIDD=4866151219,3 Bridges Marathon,"Little Rock, AR USA",,"Xiaofei Song (F25)
4:42:08 172 63 / 4 F25-29
4:42:07
Pullman, WA, USA
4:42:07
 "
173,MIDD=4866151219,3 Bridges Marathon,"Little Rock, AR USA",,"Elizabeth Spiers (F55)
4:42:43 173 64 / 2 F55-59
4:42:14
Perkasie, PA, USA
3:43:38
 "
174,MIDD=4866151219,3 Bridges Marathon,"Little Rock, AR USA",,"Jen Freilino (F31)
4:42:45 174 65 / 13 F30-34
4:42:22
Little Rock, AR, USA
4:41:55
 "
175,MIDD=4866151219,3 Bridges Marathon,"Little Rock, AR USA",,"Kelsey Walker (F30)
4:42:46 175 66 / 14 F30-34
4:42:23
Russellville, AR, USA
4:42:16
 "
176,MIDD=4866151219,3 Bridges Marathon,"Little Rock, AR USA",,"Ashley Deeter (F40)
4:43:24 176 68 / 13 F40-44
4:43:01
Little Rock, AR, USA
4:29:36
 "
177,MIDD=4866151219,3 Bridges Marathon,"Little Rock, AR USA",,"Candice Whitlock (F33)
4:43:24 177 69 / 15 F30-34
4:43:01
Little Rock, AR, USA
4:41:14
 "
178,MIDD=4866151219,3 Bridges Marathon,"Little Rock, AR USA",,"Sarah Rogers (F37)
4:43:19 178 67 / 10 F35-39
4:43:13
North Little Rock, AR, USA
4:36:06
 "
179,MIDD=4866151219,3 Bridges Marathon,"Little Rock, AR USA",,"Marie Kayler (F44)
4:43:52 179 70 / 14 F40-44
4:43:25
Little Rock, AR, USA
4:18:34
 "
180,MIDD=4866151219,3 Bridges Marathon,"Little Rock, AR USA",,"Srikanth Veeravelli (M44)
4:45:14 180 109 / 19 M40-44
4:44:25
Cumming, GA, USA
4:28:28
 "
181,MIDD=4866151219,3 Bridges Marathon,"Little Rock, AR USA",,"Rebecca Laymon (F46)
4:45:13 181 71 / 13 F45-49
4:45:04
Russellville, AR, USA
4:13:51
 "
182,MIDD=4866151219,3 Bridges Marathon,"Little Rock, AR USA",,"Jerry Evans (M68)
4:45:40 182 110 / 4 M65-69
4:45:33
North Little Rock, AR, USA
3:34:34
 "
183,MIDD=4866151219,3 Bridges Marathon,"Little Rock, AR USA",,"Angie Orellano-Fisher (F65)
4:45:40 183 72 / 1 F65-69
4:45:33
Sherwood, AR, USA
3:14:00
 "
184,MIDD=4866151219,3 Bridges Marathon,"Little Rock, AR USA",,"Kelly Watanabe (F50)
4:46:08 184 74 / 4 F50-54
4:45:33
Wailuku, HI, USA
4:01:50
 "
185,MIDD=4866151219,3 Bridges Marathon,"Little Rock, AR USA",,"Tricia Driver (F25)
4:45:55 185 73 / 5 F25-29
4:45:44
Houston, TX, USA
4:45:44
 "
186,MIDD=4866151219,3 Bridges Marathon,"Little Rock, AR USA",,"Mandy Yelvington (F38)
4:46:58 186 75 / 11 F35-39
4:46:32
Little Rock, AR, USA
4:37:25
 "
187,MIDD=4866151219,3 Bridges Marathon,"Little Rock, AR USA",,"Constance Outlaw (F42)
4:47:53 187 77 / 15 F40-44
4:47:13
Cabot, AR, USA
4:28:10
 "
188,MIDD=4866151219,3 Bridges Marathon,"Little Rock, AR USA",,"Thomas Outlaw (M42)
4:47:55 188 111 / 20 M40-44
4:47:15
Cabot, AR, USA
4:35:43
 "
189,MIDD=4866151219,3 Bridges Marathon,"Little Rock, AR USA",,"Mandy Prince (F40)
4:47:38 189 76 / 16 F40-44
4:47:19
Conway, AR, USA
4:33:42
 "
190,MIDD=4866151219,3 Bridges Marathon,"Little Rock, AR USA",,"Deborah Riley (F52)
4:48:02 190 78 / 5 F50-54
4:47:53
Russellville, AR, USA
3:57:32
 "
191,MIDD=4866151219,3 Bridges Marathon,"Little Rock, AR USA",,"Nicole Titus (F24)
4:48:25 191 79 / 2 F20-24
4:47:54
East Alton, IL, USA
4:47:54
 "
192,MIDD=4866151219,3 Bridges Marathon,"Little Rock, AR USA",,"Zachary Meszaros (M24)
4:48:25 192 112 / 7 M20-24
4:47:55
East Alton, IL, USA
4:47:55
 "
193,MIDD=4866151219,3 Bridges Marathon,"Little Rock, AR USA",,"Kevin Olson (M45)
4:48:50 193 113 / 17 M45-49
4:48:19
Oak Park, IL, USA
4:29:49
 "
194,MIDD=4866151219,3 Bridges Marathon,"Little Rock, AR USA",,"Marylee Sturgeon (F52)
4:49:15 194 80 / 6 F50-54
4:48:53
Hernando, MS, USA
3:58:21
 "
195,MIDD=4866151219,3 Bridges Marathon,"Little Rock, AR USA",,"Douglas Schroeder (M61)
4:49:21 195 115 / 5 M60-64
4:48:54
Saint Louis, MO, USA
3:53:17
 "
196,MIDD=4866151219,3 Bridges Marathon,"Little Rock, AR USA",,"Doug Akin (M51)
4:49:21 196 114 / 13 M50-54
4:49:07
Little Rock, AR, USA
4:16:39
 "
197,MIDD=4866151219,3 Bridges Marathon,"Little Rock, AR USA",,"Sheri Nicholls (F55)
4:50:08 197 81 / 3 F55-59
4:49:36
Huntington, AR, USA
3:49:29
 "
198,MIDD=4866151219,3 Bridges Marathon,"Little Rock, AR USA",,"Tina Mitchell (F42)
4:50:23 198 83 / 17 F40-44
4:49:56
North Little Rock, AR, USA
4:30:43
 "
199,MIDD=4866151219,3 Bridges Marathon,"Little Rock, AR USA",,"Katie Liermann (F46)
4:50:22 199 82 / 14 F45-49
4:49:56
Little Rock, AR, USA
4:18:11
 "
200,MIDD=4866151219,3 Bridges Marathon,"Little Rock, AR USA",,"Brian Kettler (M45)
4:52:09 200 116 / 18 M45-49
4:51:52
Tulsa, OK, USA
4:33:08
 "
201,MIDD=4866151219,3 Bridges Marathon,"Little Rock, AR USA",,"Alexis Davidson (M60)
4:53:16 201 117 / 6 M60-64
4:52:45
Brooklyn, NY, USA
3:58:44
 "
202,MIDD=4866151219,3 Bridges Marathon,"Little Rock, AR USA",,"Dave Fleming (M48)
4:53:41 202 118 / 19 M45-49
4:53:08
Anderson, SC, USA
4:27:17
 "
203,MIDD=4866151219,3 Bridges Marathon,"Little Rock, AR USA",,"Patrick Walker (M41)
4:53:53 203 119 / 21 M40-44
4:53:22
Sherwood, AR, USA
4:43:57
 "
204,MIDD=4866151219,3 Bridges Marathon,"Little Rock, AR USA",,"Janna McKedy (F48)
4:53:56 204 84 / 15 F45-49
4:53:28
Cabot, AR, USA
4:14:56
 "
205,MIDD=4866151219,3 Bridges Marathon,"Little Rock, AR USA",,"Jordan May (M36)
4:56:14 205 120 / 11 M35-39
4:55:15
Dothan, AL, USA
4:54:57
 "
206,MIDD=4866151219,3 Bridges Marathon,"Little Rock, AR USA",,"Patricia Morin (F44)
4:55:33 206 85 / 18 F40-44
4:55:20
Jacksonville, AR, USA
4:29:26
 "
207,MIDD=4866151219,3 Bridges Marathon,"Little Rock, AR USA",,"Rhonda Kempen (F40)
4:56:39 207 86 / 19 F40-44
4:56:11
Kaukauna, WI, USA
4:42:08
 "
208,MIDD=4866151219,3 Bridges Marathon,"Little Rock, AR USA",,"Melissa Martin (F51)
4:57:15 208 87 / 7 F50-54
4:56:55
Little Rock, AR, USA
4:08:13
 "
209,MIDD=4866151219,3 Bridges Marathon,"Little Rock, AR USA",,"Larry Nguyen (M45)
4:57:23 209 121 / 20 M45-49
4:57:13
Little Rock, AR, USA
4:38:08
 "
210,MIDD=4866151219,3 Bridges Marathon,"Little Rock, AR USA",,"Aaron Watts (M20)
4:58:26 210 122 / 8 M20-24
4:58:18
Little Rock Air Force Bas, AR, USA
4:54:34
 "
211,MIDD=4866151219,3 Bridges Marathon,"Little Rock, AR USA",,"Sara Pilgrim (F25)
4:58:39 211 88 / 6 F25-29
4:58:28
Baton Rouge, LA, USA
4:58:28
 "
212,MIDD=4866151219,3 Bridges Marathon,"Little Rock, AR USA",,"Debbie Rigsby (F59)
4:59:43 212 89 / 4 F55-59
4:59:29
Lonsdale, AR, USA
3:44:15
 "
213,MIDD=4866151219,3 Bridges Marathon,"Little Rock, AR USA",,"Shari Misener (F45)
5:00:38 213 90 / 16 F45-49
5:00:23
Hot Springs, AR, USA
4:30:46
 "
214,MIDD=4866151219,3 Bridges Marathon,"Little Rock, AR USA",,"Lynsey Toivonen (F25)
5:00:57 214 91 / 7 F25-29
5:00:51
Little Rock, AR, USA
5:00:51
 "
215,MIDD=4866151219,3 Bridges Marathon,"Little Rock, AR USA",,"Becky Hedges (F36)
5:01:43 215 92 / 12 F35-39
5:01:24
Malvern, AR, USA
4:55:37
 "
216,MIDD=4866151219,3 Bridges Marathon,"Little Rock, AR USA",,"Julie Hathcock (F36)
5:01:44 216 93 / 13 F35-39
5:01:24
Malvern, AR, USA
4:55:37
 "
217,MIDD=4866151219,3 Bridges Marathon,"Little Rock, AR USA",,"Jeff Beason (M43)
5:01:43 217 123 / 22 M40-44
5:01:24
Malvern, AR, USA
4:46:54
 "
218,MIDD=4866151219,3 Bridges Marathon,"Little Rock, AR USA",,"Sarah Cullen (F38)
7:03:55 218 198 / 14 F35-39
5:02:38
Maumelle, AR, USA
4:53:01
 "
219,MIDD=4866151219,3 Bridges Marathon,"Little Rock, AR USA",,"Andrew Hall (M29)
5:03:01 219 124 / 10 M25-29
5:02:40
Little Rock, AR, USA
5:02:40
 "
220,MIDD=4866151219,3 Bridges Marathon,"Little Rock, AR USA",,"Olivia Pounders (F33)
5:03:02 220 94 / 16 F30-34
5:02:42
Russellville, AR, USA
5:00:48
 "
221,MIDD=4866151219,3 Bridges Marathon,"Little Rock, AR USA",,"Julie Severns (F58)
5:04:15 221 95 / 5 F55-59
5:03:47
Cabot, AR, USA
3:50:47
 "
222,MIDD=4866151219,3 Bridges Marathon,"Little Rock, AR USA",,"Kijana Royal (M41)
5:04:25 222 126 / 23 M40-44
5:03:47
North Little Rock, AR, USA
4:54:02
 "
223,MIDD=4866151219,3 Bridges Marathon,"Little Rock, AR USA",,"Micah McKedy (M48)
5:04:15 223 125 / 21 M45-49
5:03:47
Cabot, AR, USA
4:36:59
 "
224,MIDD=4866151219,3 Bridges Marathon,"Little Rock, AR USA",,"Jane Gunter (F57)
5:06:59 224 96 / 6 F55-59
5:06:31
Cabot, AR, USA
3:56:12
 "
225,MIDD=4866151219,3 Bridges Marathon,"Little Rock, AR USA",,"Thuthuy Kahler (F46)
5:07:54 225 97 / 17 F45-49
5:07:24
Wichita, KS, USA
4:33:44
 "
226,MIDD=4866151219,3 Bridges Marathon,"Little Rock, AR USA",,"Charles Coker Jr (M51)
5:08:19 226 127 / 14 M50-54
5:08:12
England, AR, USA
4:33:36
 "
227,MIDD=4866151219,3 Bridges Marathon,"Little Rock, AR USA",,"Sarah Stolz (F31)
5:08:30 227 98 / 17 F30-34
5:08:18
Westerville, OH, USA
5:07:49
 "
228,MIDD=4866151219,3 Bridges Marathon,"Little Rock, AR USA",,"Marla Watson (F39)
5:08:49 228 99 / 15 F35-39
5:08:28
Vilonia, AR, USA
4:56:23
 "
229,MIDD=4866151219,3 Bridges Marathon,"Little Rock, AR USA",,"Carl Carter (M35)
5:09:10 229 128 / 12 M35-39
5:08:35
Sherwood, AR, USA
5:08:35
 "
230,MIDD=4866151219,3 Bridges Marathon,"Little Rock, AR USA",,"Mary Moran (F48)
5:09:13 230 101 / 18 F45-49
5:08:51
Madison, WI, USA
4:28:18
 "
231,MIDD=4866151219,3 Bridges Marathon,"Little Rock, AR USA",,"Lisa Luyet (F44)
5:09:10 231 100 / 20 F40-44
5:09:00
Little Rock, AR, USA
4:41:54
 "
232,MIDD=4866151219,3 Bridges Marathon,"Little Rock, AR USA",,"Darlena Roberts (F36)
5:09:46 232 102 / 16 F35-39
5:09:16
White Hall, AR, USA
5:03:20
 "
233,MIDD=4866151219,3 Bridges Marathon,"Little Rock, AR USA",,"Judy Massingill (F56)
5:09:53 233 103 / 7 F55-59
5:09:34
Conway, AR, USA
4:01:56
 "
234,MIDD=4866151219,3 Bridges Marathon,"Little Rock, AR USA",,"Laura Schultz (F68)
5:10:53 234 104 / 2 F65-69
5:10:21
East Lansing, MI, USA
3:19:09
 "
235,MIDD=4866151219,3 Bridges Marathon,"Little Rock, AR USA",,"Jeff McPherson (M50)
5:11:15 235 129 / 15 M50-54
5:10:36
Saint Louis, MO, USA
4:38:12
 "
236,MIDD=4866151219,3 Bridges Marathon,"Little Rock, AR USA",,"Amber Brown (F40)
5:10:56 236 105 / 21 F40-44
5:10:37
North Little Rock, AR, USA
4:55:53
 "
237,MIDD=4866151219,3 Bridges Marathon,"Little Rock, AR USA",,"Frank Beaty (M31)
5:11:18 237 130 / 11 M30-34
5:11:14
Winston Salem, NC, USA
5:11:14
 "
238,MIDD=4866151219,3 Bridges Marathon,"Little Rock, AR USA",,"Julie Jones (F26)
5:11:42 238 107 / 8 F25-29
5:11:17
Little Rock, AR, USA
5:11:17
 "
239,MIDD=4866151219,3 Bridges Marathon,"Little Rock, AR USA",,"Jessica Jones (F29)
5:11:42 239 106 / 9 F25-29
5:11:18
Choudrant, LA, USA
5:11:18
 "
240,MIDD=4866151219,3 Bridges Marathon,"Little Rock, AR USA",,"Leslie Morecraft (F39)
5:11:44 240 108 / 17 F35-39
5:11:36
Benton, AR, USA
4:59:23
 "
241,MIDD=4866151219,3 Bridges Marathon,"Little Rock, AR USA",,"Laura Babbitt (F39)
5:11:45 241 109 / 18 F35-39
5:11:37
Bryant, AR, USA
4:59:24
 "
242,MIDD=4866151219,3 Bridges Marathon,"Little Rock, AR USA",,"Matthew McClure (M29)
5:12:32 242 131 / 11 M25-29
5:12:05
Denver, CO, USA
5:12:05
 "
243,MIDD=4866151219,3 Bridges Marathon,"Little Rock, AR USA",,"Glenda Johnson (F38)
7:17:03 243 204 / 19 F35-39
5:12:09
Little Rock, AR, USA
5:02:14
 "
244,MIDD=4866151219,3 Bridges Marathon,"Little Rock, AR USA",,"Rick Franks (M62)
5:13:12 244 132 / 7 M60-64
5:12:55
Batesville, AR, USA
4:10:11
 "
245,MIDD=4866151219,3 Bridges Marathon,"Little Rock, AR USA",,"Marilyn Lattin (F57)
5:13:14 245 110 / 8 F55-59
5:13:09
Maumelle, AR, USA
4:01:19
 "
246,MIDD=4866151219,3 Bridges Marathon,"Little Rock, AR USA",,"Tommy Hiegel (M32)
5:13:32 246 133 / 12 M30-34
5:13:19
Conway, AR, USA
5:13:19
 "
247,MIDD=4866151219,3 Bridges Marathon,"Little Rock, AR USA",,"Lorena Moody (F53)
5:14:38 247 111 / 8 F50-54
5:14:23
Benton, AR, USA
4:15:58
 "
248,MIDD=4866151219,3 Bridges Marathon,"Little Rock, AR USA",,"Leanne Barnett (F38)
5:15:11 248 112 / 20 F35-39
5:14:54
Jonesboro, AR, USA
5:04:53
 "
249,MIDD=4866151219,3 Bridges Marathon,"Little Rock, AR USA",,"Kanisha Caesar (F37)
5:16:03 249 116 / 21 F35-39
5:15:23
Jacksonville, AR, USA
5:07:28
 "
250,MIDD=4866151219,3 Bridges Marathon,"Little Rock, AR USA",,"Meagan McGuire (F32)
5:15:44 250 113 / 18 F30-34
5:15:28
Benton, AR, USA
5:14:22
 "
251,MIDD=4866151219,3 Bridges Marathon,"Little Rock, AR USA",,"Sheri Shilling (F46)
5:15:45 251 114 / 19 F45-49
5:15:30
Alexander, AR, USA
4:40:57
 "
252,MIDD=4866151219,3 Bridges Marathon,"Little Rock, AR USA",,"Russanne Revis (F45)
5:15:58 252 115 / 20 F45-49
5:15:44
Benton, AR, USA
4:44:36
 "
253,MIDD=4866151219,3 Bridges Marathon,"Little Rock, AR USA",,"Joan Tomlinson (F64)
5:16:34 253 117 / 1 F60-64
5:16:20
Knoxville, TN, USA
3:38:44
 "
254,MIDD=4866151219,3 Bridges Marathon,"Little Rock, AR USA",,"Cortney Sexton (F38)
5:16:40 254 118 / 22 F35-39
5:16:24
Maumelle, AR, USA
5:06:20
 "
255,MIDD=4866151219,3 Bridges Marathon,"Little Rock, AR USA",,"Bill Tibbett (M43)
5:17:26 255 134 / 24 M40-44
5:17:01
Jacksonville, AR, USA
5:01:46
 "
256,MIDD=4866151219,3 Bridges Marathon,"Little Rock, AR USA",,"Lejan Jones (F46)
5:19:47 256 119 / 21 F45-49
5:19:31
North Little Rock, AR, USA
4:44:32
 "
257,MIDD=4866151219,3 Bridges Marathon,"Little Rock, AR USA",,"Michael Vann (M35)
5:20:40 257 135 / 13 M35-39
5:19:40
Fayetteville, AR, USA
5:19:40
 "
258,MIDD=4866151219,3 Bridges Marathon,"Little Rock, AR USA",,"Benedict Arogyaswamy (M59)
5:20:46 258 136 / 11 M55-59
5:20:15
Collierville, TN, USA
4:23:45
 "
259,MIDD=4866151219,3 Bridges Marathon,"Little Rock, AR USA",,"Chris Hall (M36)
5:20:58 259 137 / 14 M35-39
5:20:22
Alexander, AR, USA
5:20:03
 "
260,MIDD=4866151219,3 Bridges Marathon,"Little Rock, AR USA",,"Jayme Butts-Hall (F34)
5:20:58 260 120 / 19 F30-34
5:20:37
Alexander, AR, USA
5:17:28
 "
261,MIDD=4866151219,3 Bridges Marathon,"Little Rock, AR USA",,"Stacey Beal (F52)
5:21:12 261 123 / 9 F50-54
5:20:39
Oklahoma City, OK, USA
4:24:34
 "
262,MIDD=4866151219,3 Bridges Marathon,"Little Rock, AR USA",,"Elaine Thrift (F50)
5:21:12 262 124 / 10 F50-54
5:20:40
Fort Smith, AR, USA
4:31:34
 "
263,MIDD=4866151219,3 Bridges Marathon,"Little Rock, AR USA",,"Lindsey Townsend (F34)
5:21:09 263 121 / 20 F30-34
5:21:07
Hope, AR, USA
5:17:58
 "
264,MIDD=4866151219,3 Bridges Marathon,"Little Rock, AR USA",,"Jodi Coffee (F39)
5:21:09 264 122 / 23 F35-39
5:21:07
Hope, AR, USA
5:08:32
 "
265,MIDD=4866151219,3 Bridges Marathon,"Little Rock, AR USA",,"Eddie Harris (M19)
5:25:17 265 138 / 3 M0-19
5:25:12
Little Rock Air Force Bas, AR, USA
5:17:14
 "
266,MIDD=4866151219,3 Bridges Marathon,"Little Rock, AR USA",,"Sonia Stratton (F46)
5:25:42 266 125 / 22 F45-49
5:25:29
Austin, AR, USA
4:49:50
 "
267,MIDD=4866151219,3 Bridges Marathon,"Little Rock, AR USA",,"Andrea Sayers (F36)
5:25:42 267 126 / 24 F35-39
5:25:29
Cabot, AR, USA
5:19:14
 "
268,MIDD=4866151219,3 Bridges Marathon,"Little Rock, AR USA",,"Don Wilkinson (M67)
5:25:56 268 139 / 5 M65-69
5:25:44
Crystal River, FL, USA
4:07:22
 "
269,MIDD=4866151219,3 Bridges Marathon,"Little Rock, AR USA",,"Laura Miller (F59)
5:27:17 269 127 / 9 F55-59
5:27:05
Chico, CA, USA
4:04:55
 "
270,MIDD=4866151219,3 Bridges Marathon,"Little Rock, AR USA",,"Gary Chavers (M63)
5:27:54 270 140 / 8 M60-64
5:27:24
Indianapolis, IN, USA
4:19:08
 "
271,MIDD=4866151219,3 Bridges Marathon,"Little Rock, AR USA",,"Stacey Smitherman (F38)
5:27:49 271 128 / 25 F35-39
5:27:28
Little Rock, AR, USA
5:17:03
 "
272,MIDD=4866151219,3 Bridges Marathon,"Little Rock, AR USA",,"Melissa Minard (F38)
5:28:18 272 129 / 26 F35-39
5:27:56
Austin, AR, USA
5:17:30
 "
273,MIDD=4866151219,3 Bridges Marathon,"Little Rock, AR USA",,"Rikicia Ward (F27)
5:28:33 273 130 / 10 F25-29
5:28:05
Hot Springs National Park, AR, USA
5:28:05
 "
274,MIDD=4866151219,3 Bridges Marathon,"Little Rock, AR USA",,"Heather Rainbolt (F44)
5:29:06 274 131 / 22 F40-44
5:28:49
North Little Rock, AR, USA
4:59:59
 "
275,MIDD=4866151219,3 Bridges Marathon,"Little Rock, AR USA",,"Courtney Speyer (F32)
5:29:06 275 132 / 21 F30-34
5:28:51
Sherwood, AR, USA
5:27:42
 "
276,MIDD=4866151219,3 Bridges Marathon,"Little Rock, AR USA",,"Amanda Johnson (F39)
5:30:03 276 135 / 27 F35-39
5:29:39
Bella Vista, AR, USA
5:16:43
 "
277,MIDD=4866151219,3 Bridges Marathon,"Little Rock, AR USA",,"Rosa Angulo (F41)
5:30:03 277 134 / 23 F40-44
5:29:39
Bentonville, AR, USA
5:11:01
 "
278,MIDD=4866151219,3 Bridges Marathon,"Little Rock, AR USA",,"Chad Getchell (M39)
5:30:10 278 141 / 15 M35-39
5:29:46
Bentonville, AR, USA
5:24:29
 "
279,MIDD=4866151219,3 Bridges Marathon,"Little Rock, AR USA",,"Ron Smith (M64)
5:30:20 279 142 / 9 M60-64
5:29:47
Fort Smith, AR, USA
4:18:23
 "
280,MIDD=4866151219,3 Bridges Marathon,"Little Rock, AR USA",,"Kathleen Dwyer (F52)
5:29:58 280 133 / 11 F50-54
5:29:52
O Fallon, IL, USA
4:32:10
 "
281,MIDD=4866151219,3 Bridges Marathon,"Little Rock, AR USA",,"Lisa Gunnoe (F49)
5:30:26 281 136 / 23 F45-49
5:30:07
Judsonia, AR, USA
4:43:10
 "
282,MIDD=4866151219,3 Bridges Marathon,"Little Rock, AR USA",,"Beverly Sanders (F53)
5:30:41 282 137 / 12 F50-54
5:30:33
Little Rock, AR, USA
4:29:08
 "
283,MIDD=4866151219,3 Bridges Marathon,"Little Rock, AR USA",,"Cheree' Crawley (F39)
5:32:11 283 138 / 28 F35-39
5:31:58
Conway, AR, USA
5:18:57
 "
284,MIDD=4866151219,3 Bridges Marathon,"Little Rock, AR USA",,"David Sherriff (M44)
5:33:01 284 143 / 25 M40-44
5:32:56
North Little Rock, AR, USA
5:14:15
 "
285,MIDD=4866151219,3 Bridges Marathon,"Little Rock, AR USA",,"Leeanna Brown (F35)
5:33:12 285 139 / 29 F35-39
5:32:57
Clinton, AR, USA
5:28:15
 "
286,MIDD=4866151219,3 Bridges Marathon,"Little Rock, AR USA",,"Lesia Clute (F28)
5:33:24 286 140 / 11 F25-29
5:33:10
Clinton, AR, USA
5:33:10
 "
287,MIDD=4866151219,3 Bridges Marathon,"Little Rock, AR USA",,"Roberta Henry (F40)
5:33:40 287 141 / 24 F40-44
5:33:19
Little Rock, AR, USA
5:17:31
 "
288,MIDD=4866151219,3 Bridges Marathon,"Little Rock, AR USA",,"Robin Dalrymple (F52)
5:35:46 288 142 / 13 F50-54
5:35:26
Little Rock, AR, USA
4:36:46
 "
289,MIDD=4866151219,3 Bridges Marathon,"Little Rock, AR USA",,"Sara Wheatley (F28)
5:36:04 289 143 / 12 F25-29
5:35:51
Malvern, AR, USA
5:35:51
 "
290,MIDD=4866151219,3 Bridges Marathon,"Little Rock, AR USA",,"Ashley Selph (F25)
5:36:04 290 144 / 13 F25-29
5:35:52
Malvern, AR, USA
5:35:52
 "
291,MIDD=4866151219,3 Bridges Marathon,"Little Rock, AR USA",,"Shaunda Lusinger (F39)
5:36:04 291 145 / 30 F35-39
5:35:53
Malvern, AR, USA
5:22:43
 "
292,MIDD=4866151219,3 Bridges Marathon,"Little Rock, AR USA",,"Calix Fattmann (M14)
5:36:45 292 144 / 4 M0-19
5:36:20
Walnut Shade, MO, USA
5:01:14
 "
293,MIDD=4866151219,3 Bridges Marathon,"Little Rock, AR USA",,"Ernst Steffen (M62)
5:37:35 293 145 / 10 M60-64
5:37:07
Kansas City, MO, USA
4:29:31
 "
294,MIDD=4866151219,3 Bridges Marathon,"Little Rock, AR USA",,"James Norris (M66)
5:37:49 294 146 / 6 M65-69
5:37:39
Maumelle, AR, USA
4:19:07
 "
295,MIDD=4866151219,3 Bridges Marathon,"Little Rock, AR USA",,"Steve Sturgeon (M55)
5:39:46 295 147 / 12 M55-59
5:39:24
Hernando, MS, USA
4:50:23
 "
296,MIDD=4866151219,3 Bridges Marathon,"Little Rock, AR USA",,"Tala Hill (F55)
5:40:03 296 146 / 10 F55-59
5:39:44
Jacksonville, AR, USA
4:29:12
 "
297,MIDD=4866151219,3 Bridges Marathon,"Little Rock, AR USA",,"Michelle Rohlman (F41)
5:40:23 297 147 / 25 F40-44
5:39:57
Little Rock, AR, USA
5:20:45
 "
298,MIDD=4866151219,3 Bridges Marathon,"Little Rock, AR USA",,"Monica Massey (F44)
5:43:56 298 153 / 26 F40-44
5:40:02
Little Rock, AR, USA
5:10:13
 "
299,MIDD=4866151219,3 Bridges Marathon,"Little Rock, AR USA",,"Allyson Hodge (F32)
5:41:48 299 148 / 22 F30-34
5:41:24
Sherwood, AR, USA
5:40:12
 "
300,MIDD=4866151219,3 Bridges Marathon,"Little Rock, AR USA",,"Karen Goetchius (F47)
5:41:56 300 150 / 24 F45-49
5:41:24
Syracuse, NY, USA
5:00:18
 "
301,MIDD=4866151219,3 Bridges Marathon,"Little Rock, AR USA",,"Charlotte Williams (F54)
5:41:54 301 149 / 14 F50-54
5:41:38
Riverside, CA, USA
4:34:26
 "
302,MIDD=4866151219,3 Bridges Marathon,"Little Rock, AR USA",,"Anna Williams (F48)
5:41:57 302 151 / 25 F45-49
5:41:39
Alexander, AR, USA
4:56:47
 "
303,MIDD=4866151219,3 Bridges Marathon,"Little Rock, AR USA",,"Amy Abrams (F41)
5:42:48 303 152 / 27 F40-44
5:42:27
San Diego, CA, USA
5:23:06
 "
304,MIDD=4866151219,3 Bridges Marathon,"Little Rock, AR USA",,"Melissa Henshaw (F49)
5:45:36 304 154 / 26 F45-49
5:45:10
Little Rock, AR, USA
4:56:05
 "
305,MIDD=4866151219,3 Bridges Marathon,"Little Rock, AR USA",,"Shelley Marti (F36)
5:45:46 305 155 / 31 F35-39
5:45:32
Benton, AR, USA
5:38:54
 "
306,MIDD=4866151219,3 Bridges Marathon,"Little Rock, AR USA",,"Lavestia Meek (F40)
5:46:43 306 156 / 28 F40-44
5:46:13
Russellville, AR, USA
5:29:49
 "
307,MIDD=4866151219,3 Bridges Marathon,"Little Rock, AR USA",,"Kelly Troillett (F47)
5:47:26 307 157 / 27 F45-49
5:46:53
Bryant, AR, USA
5:05:07
 "
308,MIDD=4866151219,3 Bridges Marathon,"Little Rock, AR USA",,"Lisa Seidel (F49)
5:47:27 308 158 / 28 F45-49
5:46:54
Renton, WA, USA
4:57:34
 "
309,MIDD=4866151219,3 Bridges Marathon,"Little Rock, AR USA",,"Mark Ferguson (M53)
5:47:26 309 148 / 16 M50-54
5:46:54
Alexandria, VA, USA
5:02:24
 "
310,MIDD=4866151219,3 Bridges Marathon,"Little Rock, AR USA",,"Mindy Simonson (F34)
5:47:28 310 159 / 23 F30-34
5:47:06
Little Rock, AR, USA
5:43:42
 "
311,MIDD=4866151219,3 Bridges Marathon,"Little Rock, AR USA",,"Melissa Thompson (F43)
5:47:29 311 160 / 29 F40-44
5:47:07
Sherwood, AR, USA
5:20:27
 "
312,MIDD=4866151219,3 Bridges Marathon,"Little Rock, AR USA",,"Yvonne Finnegan (F59)
5:47:56 312 161 / 11 F55-59
5:47:35
Albuquerque, NM, USA
4:20:16
 "
313,MIDD=4866151219,3 Bridges Marathon,"Little Rock, AR USA",,"Skip Smith (M57)
5:50:44 313 150 / 13 M55-59
5:50:18
Little Rock, AR, USA
4:54:07
 "
314,MIDD=4866151219,3 Bridges Marathon,"Little Rock, AR USA",,"David Edwards (M38)
5:52:55 314 151 / 16 M35-39
5:52:42
Morrilton, AR, USA
5:49:32
 "
315,MIDD=4866151219,3 Bridges Marathon,"Little Rock, AR USA",,"Pam Risner (F32)
5:58:25 315 162 / 24 F30-34
5:58:20
Morrilton, AR, USA
5:57:05
 "
316,MIDD=4866151219,3 Bridges Marathon,"Little Rock, AR USA",,"Rose Ann Foster (F51)
6:01:44 316 163 / 15 F50-54
6:01:38
Maumelle, AR, USA
5:02:20
 "
317,MIDD=4866151219,3 Bridges Marathon,"Little Rock, AR USA",,"Wallace Yamauchi (M54)
6:05:41 317 152 / 17 M50-54
6:05:00
Hot Springs, AR, USA
5:15:15
 "
318,MIDD=4866151219,3 Bridges Marathon,"Little Rock, AR USA",,"Julie Stanbrough (F46)
6:05:43 318 164 / 29 F45-49
6:05:33
Cabot, AR, USA
5:25:31
 "
319,MIDD=4866151219,3 Bridges Marathon,"Little Rock, AR USA",,"Vickie Kennedy (F58)
6:05:43 319 165 / 12 F55-59
6:05:33
Cabot, AR, USA
4:37:43
 "
320,MIDD=4866151219,3 Bridges Marathon,"Little Rock, AR USA",,"Shawna Budde (F40)
6:05:43 320 166 / 30 F40-44
6:05:35
Cabot, AR, USA
5:48:16
 "
321,MIDD=4866151219,3 Bridges Marathon,"Little Rock, AR USA",,"Susan Sohns (F53)
6:06:09 321 167 / 16 F50-54
6:06:02
Round Rock, TX, USA
4:58:01
 "
322,MIDD=4866151219,3 Bridges Marathon,"Little Rock, AR USA",,"Richard Sohns (M56)
6:06:09 322 153 / 14 M55-59
6:06:03
Round Rock, TX, USA
5:10:16
 "
323,MIDD=4866151219,3 Bridges Marathon,"Little Rock, AR USA",,"Michelle Posey (F46)
6:07:10 323 168 / 30 F45-49
6:06:43
Little Rock, AR, USA
5:26:34
 "
324,MIDD=4866151219,3 Bridges Marathon,"Little Rock, AR USA",,"Nancy Gambill (F44)
6:10:25 324 169 / 31 F40-44
6:10:18
Little Rock, AR, USA
5:37:50
 "
325,MIDD=4866151219,3 Bridges Marathon,"Little Rock, AR USA",,"Connor Cullen (M14)
6:10:25 325 154 / 5 M0-19
6:10:20
Little Rock, AR, USA
5:31:41
 "
326,MIDD=4866151219,3 Bridges Marathon,"Little Rock, AR USA",,"Will Brewer (M33)
6:11:49 326 155 / 13 M30-34
6:11:45
Paragould, AR, USA
6:11:45
 "
327,MIDD=4866151219,3 Bridges Marathon,"Little Rock, AR USA",,"Meredith Brewer (F27)
6:11:49 327 170 / 14 F25-29
6:11:46
Paragould, AR, USA
6:11:46
 "
328,MIDD=4866151219,3 Bridges Marathon,"Little Rock, AR USA",,"Mahmoud Khelah (M45)
6:12:20 328 156 / 22 M45-49
6:12:03
Ocala, FL, USA
5:48:10
 "
329,MIDD=4866151219,3 Bridges Marathon,"Little Rock, AR USA",,"Kathy Manus (F46)
6:13:31 329 171 / 31 F45-49
6:13:24
Eureka Springs, AR, USA
5:32:30
 "
330,MIDD=4866151219,3 Bridges Marathon,"Little Rock, AR USA",,"Paula Cornett (F59)
6:14:28 330 172 / 13 F55-59
6:14:23
Maumelle, AR, USA
4:40:20
 "
331,MIDD=4866151219,3 Bridges Marathon,"Little Rock, AR USA",,"Melissa Montgomery (F34)
6:17:16 331 173 / 25 F30-34
6:17:09
Little Rock, AR, USA
6:13:27
 "
332,MIDD=4866151219,3 Bridges Marathon,"Little Rock, AR USA",,"Sterling Strange (M51)
6:17:24 332 157 / 18 M50-54
6:17:15
Flower Mound, TX, USA
5:34:53
 "
333,MIDD=4866151219,3 Bridges Marathon,"Little Rock, AR USA",,"Ann Harrington (F42)
6:18:07 333 174 / 32 F40-44
6:17:40
Searcy, AR, USA
5:52:38
 "
334,MIDD=4866151219,3 Bridges Marathon,"Little Rock, AR USA",,"Kyle Downum (M30)
6:21:47 334 158 / 14 M30-34
6:21:31
Joplin, MO, USA
6:21:31
 "
335,MIDD=4866151219,3 Bridges Marathon,"Little Rock, AR USA",,"Bailey Fleming (F26)
6:22:45 335 175 / 15 F25-29
6:22:24
Little Rock, AR, USA
6:22:24
 "
336,MIDD=4866151219,3 Bridges Marathon,"Little Rock, AR USA",,"Vainthe Julien (M28)
6:24:25 336 159 / 12 M25-29
6:23:49
Virginia Beach, VA, USA
6:23:49
 "
337,MIDD=4866151219,3 Bridges Marathon,"Little Rock, AR USA",,"Kimberly Rea (F40)
6:24:24 337 176 / 33 F40-44
6:23:59
Florissant, MO, USA
6:05:47
 "
338,MIDD=4866151219,3 Bridges Marathon,"Little Rock, AR USA",,"Annette Blanton (F55)
6:25:29 338 177 / 14 F55-59
6:25:19
Cabot, AR, USA
5:05:20
 "
339,MIDD=4866151219,3 Bridges Marathon,"Little Rock, AR USA",,"Sheila Urena (F38)
6:26:06 339 178 / 32 F35-39
6:25:48
Little Rock, AR, USA
6:13:32
 "
340,MIDD=4866151219,3 Bridges Marathon,"Little Rock, AR USA",,"Dorothy Allen (F55)
6:26:08 340 179 / 15 F55-59
6:25:51
Jacksonville, AR, USA
5:05:45
 "
341,MIDD=4866151219,3 Bridges Marathon,"Little Rock, AR USA",,"Amanda Lewis (F32)
6:26:24 341 182 / 26 F30-34
6:26:06
Jacksonville, AR, USA
6:24:45
 "
342,MIDD=4866151219,3 Bridges Marathon,"Little Rock, AR USA",,"Tanya Schroeder (F45)
6:26:11 342 181 / 32 F45-49
6:26:09
Russellville, AR, USA
5:48:04
 "
343,MIDD=4866151219,3 Bridges Marathon,"Little Rock, AR USA",,"Irma McChristy (F48)
6:26:11 343 180 / 33 F45-49
6:26:09
Russellville, AR, USA
5:35:27
 "
344,MIDD=4866151219,3 Bridges Marathon,"Little Rock, AR USA",,"Bradley Schwartz (M65)
6:27:08 344 160 / 7 M65-69
6:26:53
Bloomingdale, IL, USA
4:59:59
 "
345,MIDD=4866151219,3 Bridges Marathon,"Little Rock, AR USA",,"Sandi Brown (F66)
8:31:35 345 217 / 3 F65-69
6:30:20
Alexander, AR, USA
4:20:23
 "
346,MIDD=4866151219,3 Bridges Marathon,"Little Rock, AR USA",,"Tara Begoon (F27)
6:30:39 346 184 / 16 F25-29
6:30:32
Benton, AR, USA
6:30:32
 "
347,MIDD=4866151219,3 Bridges Marathon,"Little Rock, AR USA",,"Carla Miller (F46)
6:30:39 347 183 / 34 F45-49
6:30:33
Little Rock, AR, USA
5:47:47
 "
348,MIDD=4866151219,3 Bridges Marathon,"Little Rock, AR USA",,"Nathaniel Keen (M38)
6:34:03 348 161 / 17 M35-39
6:33:48
Sherwood, AR, USA
6:30:15
 "
349,MIDD=4866151219,3 Bridges Marathon,"Little Rock, AR USA",,"Sharon Shaw (F46)
6:38:51 349 186 / 35 F45-49
6:34:57
North Little Rock, AR, USA
5:51:42
 "
350,MIDD=4866151219,3 Bridges Marathon,"Little Rock, AR USA",,"Angel Whitfield (F31)
6:38:52 350 187 / 27 F30-34
6:34:58
North Little Rock, AR, USA
6:34:20
 "
351,MIDD=4866151219,3 Bridges Marathon,"Little Rock, AR USA",,"Carmen Lockling (F47)
6:36:05 351 185 / 36 F45-49
6:35:55
Crossett, AR, USA
5:48:15
 "
352,MIDD=4866151219,3 Bridges Marathon,"Little Rock, AR USA",,"Mary McDonald (F62)
6:42:53 352 188 / 2 F60-64
6:42:47
Conway, AR, USA
4:48:02
 "
353,MIDD=4866151219,3 Bridges Marathon,"Little Rock, AR USA",,"Dan Belanger (M72)
6:43:02 353 162 / 1 M70-74
6:42:58
Little Rock, AR, USA
4:49:32
 "
354,MIDD=4866151219,3 Bridges Marathon,"Little Rock, AR USA",,"Pam Stevens (F48)
8:47:49 354 218 / 37 F45-49
6:46:19
Mt Washington, KY, USA
5:52:58
 "
355,MIDD=4866151219,3 Bridges Marathon,"Little Rock, AR USA",,"Jennifer Anderson (F42)
6:49:06 355 189 / 34 F40-44
6:48:55
Russellville, AR, USA
6:21:48
 "
356,MIDD=4866151219,3 Bridges Marathon,"Little Rock, AR USA",,"Roger Thompson (M68)
6:56:13 356 163 / 8 M65-69
6:55:59
Smithville, MS, USA
5:12:34
 "
357,MIDD=4866151219,3 Bridges Marathon,"Little Rock, AR USA",,"Karen Knudsen (F52)
6:56:20 357 190 / 17 F50-54
6:56:14
Little Rock, AR, USA
5:43:26
 "
358,MIDD=4866151219,3 Bridges Marathon,"Little Rock, AR USA",,"Lindsay Pryor (F37)
6:57:36 358 191 / 33 F35-39
6:57:26
Russellvill, AR, USA
6:46:57
 "
359,MIDD=4866151219,3 Bridges Marathon,"Little Rock, AR USA",,"Carol Earles (F46)
6:59:42 359 192 / 38 F45-49
6:59:31
Ravenden Springs, AR, USA
6:13:35
 "
360,MIDD=4866151219,3 Bridges Marathon,"Little Rock, AR USA",,"Teal Clark (F48)
6:59:42 360 193 / 39 F45-49
6:59:32
Jonesboro, AR, USA
6:04:27
 "
361,MIDD=4866151219,3 Bridges Marathon,"Little Rock, AR USA",,"Gayla Patterson (F47)
6:59:46 361 194 / 40 F45-49
6:59:44
Fort Smith, AR, USA
6:09:11
 "
362,MIDD=4866151219,3 Bridges Marathon,"Little Rock, AR USA",,"Christy Brooks (F53)
7:00:34 362 195 / 18 F50-54
7:00:21
London, AR, USA
5:42:15
 "
363,MIDD=4866151219,3 Bridges Marathon,"Little Rock, AR USA",,"Kim Yarber (F43)
7:00:34 363 196 / 35 F40-44
7:00:22
Russellville, AR, USA
6:28:05
 "
364,MIDD=4866151219,3 Bridges Marathon,"Little Rock, AR USA",,"Julie Cullen (F47)
7:03:38 364 197 / 41 F45-49
7:03:33
Little Rock, AR, USA
6:12:33
 "
365,MIDD=4866151219,3 Bridges Marathon,"Little Rock, AR USA",,"Marty Smith (F35)
7:08:13 365 199 / 34 F35-39
7:07:48
Cabot, AR, USA
7:01:46
 "
366,MIDD=4866151219,3 Bridges Marathon,"Little Rock, AR USA",,"Catherine O'Brien (F45)
7:08:13 366 200 / 42 F45-49
7:07:49
Little Rock, AR, USA
6:25:38
 "
367,MIDD=4866151219,3 Bridges Marathon,"Little Rock, AR USA",,"Kristen Downum (F27)
7:11:22 367 201 / 17 F25-29
7:11:07
Joplin, MO, USA
7:11:07
 "
368,MIDD=4866151219,3 Bridges Marathon,"Little Rock, AR USA",,"Carmen Sherman (F32)
7:16:49 368 202 / 28 F30-34
7:16:44
Russellville, AR, USA
7:15:12
 "
369,MIDD=4866151219,3 Bridges Marathon,"Little Rock, AR USA",,"Lisa Ivey (F34)
7:16:49 369 203 / 29 F30-34
7:16:45
Dardanelle, AR, USA
7:12:28
 "
370,MIDD=4866151219,3 Bridges Marathon,"Little Rock, AR USA",,"Riva Brown (F44)
7:25:24 370 205 / 36 F40-44
7:25:15
Conway, AR, USA
6:46:12
 "
371,MIDD=4866151219,3 Bridges Marathon,"Little Rock, AR USA",,"Allison Rhoades (F37)
7:26:01 371 206 / 35 F35-39
7:25:58
Delaware, AR, USA
7:14:46
 "
372,MIDD=4866151219,3 Bridges Marathon,"Little Rock, AR USA",,"Tina Rotenbury (F46)
7:26:09 372 207 / 43 F45-49
7:26:06
Russellville, AR, USA
6:37:15
 "
373,MIDD=4866151219,3 Bridges Marathon,"Little Rock, AR USA",,"Rebecca McGraw (F46)
7:27:11 373 208 / 44 F45-49
7:27:06
Conway, AR, USA
6:38:09
 "
374,MIDD=4866151219,3 Bridges Marathon,"Little Rock, AR USA",,"Katie Rose (F34)
7:32:02 374 209 / 30 F30-34
7:31:59
Russellville, AR, USA
7:27:33
 "
375,MIDD=4866151219,3 Bridges Marathon,"Little Rock, AR USA",,"Rosemary Rogers (F68)
7:32:58 375 210 / 4 F65-69
7:32:50
Maumelle, AR, USA
4:50:35
 "
376,MIDD=4866151219,3 Bridges Marathon,"Little Rock, AR USA",,"Bob Koorstad (M70)
7:46:21 376 164 / 2 M70-74
7:46:11
Jacksonvillej, AR, USA
5:42:47
 "
377,MIDD=4866151219,3 Bridges Marathon,"Little Rock, AR USA",,"Chris Beason (F43)
7:48:21 377 212 / 37 F40-44
7:48:13
Malvern, AR, USA
7:12:16
 "
378,MIDD=4866151219,3 Bridges Marathon,"Little Rock, AR USA",,"Leigha Jones (F34)
7:48:20 378 211 / 31 F30-34
7:48:13
Benton, AR, USA
7:43:38
 "
379,MIDD=4866151219,3 Bridges Marathon,"Little Rock, AR USA",,"Elaine Gimblet (F68)
7:59:57 379 213 / 5 F65-69
7:59:48
N. Little Rock, AR, USA
5:07:53
 "
380,MIDD=4866151219,3 Bridges Marathon,"Little Rock, AR USA",,"Ron Gimblet (M68)
7:59:58 380 165 / 9 M65-69
7:59:50
N. Little Rock, AR, USA
6:00:32
 "
381,MIDD=4866151219,3 Bridges Marathon,"Little Rock, AR USA",,"Helen Jones (F50)
8:31:20 381 215 / 19 F50-54
8:31:08
Little Rock, AR, USA
7:12:53
 "
382,MIDD=4866151219,3 Bridges Marathon,"Little Rock, AR USA",,"Nancy Stotts (F55)
8:31:21 382 216 / 16 F55-59
8:31:08
Maumelle, AR, USA
6:45:01
 "
383,MIDD=4866151219,3 Bridges Marathon,"Little Rock, AR USA",,"Shirley Short-Norwood (F58)
8:31:20 383 214 / 17 F55-59
8:31:09
Little Rock, AR, USA
6:28:19
 "
