,race_id,race,location,date,runners
0,MIDD=3733151025,Haunted Hustle Marathon,"Middleton, WI USA","October 25, 2015","

Have you run this race?Then tell us about it.

Last Name, First Name(Sex/Age)
Time OverAllPlace
Sex Place/Div Place
DIV AG Time* BQ*"
1,MIDD=3733151025,Haunted Hustle Marathon,"Middleton, WI USA","October 25, 2015","David Krall (M35)
2:41:27 1 1 / 1 Mopen
2:41:27
BQ"
2,MIDD=3733151025,Haunted Hustle Marathon,"Middleton, WI USA","October 25, 2015","Steven Johnson (M25)
2:43:24 2 2 / 2 Mopen
2:43:24
BQ"
3,MIDD=3733151025,Haunted Hustle Marathon,"Middleton, WI USA","October 25, 2015","Martin McNally (M33)
2:50:29 3 3 / 3 Mopen
2:50:29
BQ"
4,MIDD=3733151025,Haunted Hustle Marathon,"Middleton, WI USA","October 25, 2015","Eric Hall (M27)
2:51:56 4 4 / 1 M25-29
2:51:56
BQ"
5,MIDD=3733151025,Haunted Hustle Marathon,"Middleton, WI USA","October 25, 2015","Ian Waters (M27)
3:01:59 5 5 / 2 M25-29
3:01:59
BQ"
6,MIDD=3733151025,Haunted Hustle Marathon,"Middleton, WI USA","October 25, 2015","Nick Ofstun (M24)
3:05:40 6 6 / 1 M20-24
3:05:40
 "
7,MIDD=3733151025,Haunted Hustle Marathon,"Middleton, WI USA","October 25, 2015","Eric Engel (M28)
3:09:05 7 7 / 3 M25-29
3:09:05
 "
8,MIDD=3733151025,Haunted Hustle Marathon,"Middleton, WI USA","October 25, 2015","Brian Incitti (M39)
3:10:29 8 8 / 1 M35-39
3:07:26
 "
9,MIDD=3733151025,Haunted Hustle Marathon,"Middleton, WI USA","October 25, 2015","Therese Howe (F20)
3:15:06 9 1 / 1 Fopen
3:14:58
BQ"
10,MIDD=3733151025,Haunted Hustle Marathon,"Middleton, WI USA","October 25, 2015","Matthieu Mayer (M23)
3:17:46 10 9 / 2 M20-24
3:17:46
 "
11,MIDD=3733151025,Haunted Hustle Marathon,"Middleton, WI USA","October 25, 2015","Brandon Weiss (M35)
3:19:51 11 10 / 2 M35-39
3:19:51
 "
12,MIDD=3733151025,Haunted Hustle Marathon,"Middleton, WI USA","October 25, 2015","Matt Gorline (M45)
3:23:49 12 11 / 1 M45-49
3:10:44
BQ"
13,MIDD=3733151025,Haunted Hustle Marathon,"Middleton, WI USA","October 25, 2015","Anna Kropornicka (F26)
3:25:29 13 2 / 2 Fopen
3:25:29
BQ"
14,MIDD=3733151025,Haunted Hustle Marathon,"Middleton, WI USA","October 25, 2015","Ted Koerth (M38)
3:27:42 14 12 / 3 M35-39
3:25:50
 "
15,MIDD=3733151025,Haunted Hustle Marathon,"Middleton, WI USA","October 25, 2015","Michael Pawlak (M43)
3:28:00 15 13 / 1 M40-44
3:18:00
 "
16,MIDD=3733151025,Haunted Hustle Marathon,"Middleton, WI USA","October 25, 2015","Timothy Tracy (M52)
3:29:02 16 14 / 1 M50-54
3:03:53
BQ"
17,MIDD=3733151025,Haunted Hustle Marathon,"Middleton, WI USA","October 25, 2015","Mark Gajewski (M60)
3:30:42 17 15 / 1 M60-64
2:51:49
BQ"
18,MIDD=3733151025,Haunted Hustle Marathon,"Middleton, WI USA","October 25, 2015","Dryden Geronimi (M43)
3:31:56 18 16 / 2 M40-44
3:21:44
 "
19,MIDD=3733151025,Haunted Hustle Marathon,"Middleton, WI USA","October 25, 2015","Derek Vanstone (M22)
3:32:53 19 17 / 3 M20-24
3:32:47
 "
20,MIDD=3733151025,Haunted Hustle Marathon,"Middleton, WI USA","October 25, 2015","Nick Anderson (M25)
3:32:57 20 18 / 4 M25-29
3:32:57
 "
21,MIDD=3733151025,Haunted Hustle Marathon,"Middleton, WI USA","October 25, 2015","Michael Brill (M22)
3:34:57 21 19 / 4 M20-24
3:34:50
 "
22,MIDD=3733151025,Haunted Hustle Marathon,"Middleton, WI USA","October 25, 2015","Chad Leton (M40)
3:35:58 22 20 / 3 M40-44
3:30:45
 "
23,MIDD=3733151025,Haunted Hustle Marathon,"Middleton, WI USA","October 25, 2015","Erwan Quintin (M43)
3:38:39 23 21 / 4 M40-44
3:28:08
 "
24,MIDD=3733151025,Haunted Hustle Marathon,"Middleton, WI USA","October 25, 2015","James Teteak (M41)
3:39:54 24 22 / 5 M40-44
3:32:50
 "
25,MIDD=3733151025,Haunted Hustle Marathon,"Middleton, WI USA","October 25, 2015","Lynette Catapano (F53)
3:40:25 25 3 / 3 Fopen
2:59:28
BQ"
26,MIDD=3733151025,Haunted Hustle Marathon,"Middleton, WI USA","October 25, 2015","Russ Tietz (M42)
3:40:53 26 23 / 6 M40-44
3:32:02
 "
27,MIDD=3733151025,Haunted Hustle Marathon,"Middleton, WI USA","October 25, 2015","Timothy Legler (M25)
3:41:43 27 24 / 5 M25-29
3:41:43
 "
28,MIDD=3733151025,Haunted Hustle Marathon,"Middleton, WI USA","October 25, 2015","Meg Anthony (F40)
3:43:05 28 4 / 1 F40-44
3:32:31
BQ"
29,MIDD=3733151025,Haunted Hustle Marathon,"Middleton, WI USA","October 25, 2015","Andrea Amend (F44)
3:44:07 29 5 / 2 F40-44
3:24:27
BQ"
30,MIDD=3733151025,Haunted Hustle Marathon,"Middleton, WI USA","October 25, 2015","Erik Vanetten (M37)
3:46:08 30 25 / 4 M35-39
3:45:13
 "
31,MIDD=3733151025,Haunted Hustle Marathon,"Middleton, WI USA","October 25, 2015","Matt Thiel (M34)
3:47:28 31 26 / 1 M30-34
3:47:28
 "
32,MIDD=3733151025,Haunted Hustle Marathon,"Middleton, WI USA","October 25, 2015","Travis Busby (M41)
3:47:36 32 27 / 7 M40-44
3:40:18
 "
33,MIDD=3733151025,Haunted Hustle Marathon,"Middleton, WI USA","October 25, 2015","Kate Dobson (F49)
3:47:45 33 6 / 1 F45-49
3:15:22
BQ"
34,MIDD=3733151025,Haunted Hustle Marathon,"Middleton, WI USA","October 25, 2015","Rui Zhou (M24)
3:47:46 34 28 / 5 M20-24
3:47:46
 "
35,MIDD=3733151025,Haunted Hustle Marathon,"Middleton, WI USA","October 25, 2015","Dennis Halterman (M43)
3:49:17 35 29 / 8 M40-44
3:38:15
 "
36,MIDD=3733151025,Haunted Hustle Marathon,"Middleton, WI USA","October 25, 2015","Torey Lasater (F29)
3:49:36 36 7 / 1 F25-29
3:49:36
 "
37,MIDD=3733151025,Haunted Hustle Marathon,"Middleton, WI USA","October 25, 2015","Josh Baker (M33)
3:51:06 37 30 / 2 M30-34
3:51:06
 "
38,MIDD=3733151025,Haunted Hustle Marathon,"Middleton, WI USA","October 25, 2015","Janelle Wiebelhaus-Finger (F32)
3:52:01 38 8 / 1 F30-34
3:51:12
 "
39,MIDD=3733151025,Haunted Hustle Marathon,"Middleton, WI USA","October 25, 2015","Jean Reiche (F41)
3:52:02 39 9 / 3 F40-44
3:38:56
 "
40,MIDD=3733151025,Haunted Hustle Marathon,"Middleton, WI USA","October 25, 2015","Lucas Miller (M38)
3:52:35 40 31 / 5 M35-39
3:50:30
 "
41,MIDD=3733151025,Haunted Hustle Marathon,"Middleton, WI USA","October 25, 2015","Bryon Thompson (M41)
3:53:18 41 32 / 9 M40-44
3:45:48
 "
42,MIDD=3733151025,Haunted Hustle Marathon,"Middleton, WI USA","October 25, 2015","Peter Hegarty (M48)
3:54:31 42 33 / 2 M45-49
3:33:50
 "
43,MIDD=3733151025,Haunted Hustle Marathon,"Middleton, WI USA","October 25, 2015","Amanda Buchberger (F24)
3:54:42 43 10 / 1 F20-24
3:54:42
 "
44,MIDD=3733151025,Haunted Hustle Marathon,"Middleton, WI USA","October 25, 2015","Nick Den Daas (M36)
3:55:59 44 34 / 6 M35-39
3:55:45
 "
45,MIDD=3733151025,Haunted Hustle Marathon,"Middleton, WI USA","October 25, 2015","Alexandra Picard (F21)
3:56:07 45 11 / 2 F20-24
3:56:07
 "
46,MIDD=3733151025,Haunted Hustle Marathon,"Middleton, WI USA","October 25, 2015","Wes Siemandel (M46)
3:56:40 46 35 / 3 M45-49
3:39:34
 "
47,MIDD=3733151025,Haunted Hustle Marathon,"Middleton, WI USA","October 25, 2015","Joe Weiss (M35)
3:57:34 47 36 / 7 M35-39
3:57:34
 "
48,MIDD=3733151025,Haunted Hustle Marathon,"Middleton, WI USA","October 25, 2015","Antonio Lopez (M33)
3:57:47 48 37 / 3 M30-34
3:57:47
 "
49,MIDD=3733151025,Haunted Hustle Marathon,"Middleton, WI USA","October 25, 2015","Denise Posthuma (F33)
3:57:56 49 12 / 2 F30-34
3:56:26
 "
50,MIDD=3733151025,Haunted Hustle Marathon,"Middleton, WI USA","October 25, 2015","Johnny Brown (M47)
3:58:15 50 38 / 4 M45-49
3:39:09
 "
51,MIDD=3733151025,Haunted Hustle Marathon,"Middleton, WI USA","October 25, 2015","Kathy Muehlbauer (F41)
3:58:52 51 13 / 4 F40-44
3:45:22
 "
52,MIDD=3733151025,Haunted Hustle Marathon,"Middleton, WI USA","October 25, 2015","Jennifer Northue (F34)
4:02:12 52 14 / 3 F30-34
3:59:50
 "
53,MIDD=3733151025,Haunted Hustle Marathon,"Middleton, WI USA","October 25, 2015","Susan Weikert (F46)
4:02:16 53 15 / 2 F45-49
3:35:44
 "
54,MIDD=3733151025,Haunted Hustle Marathon,"Middleton, WI USA","October 25, 2015","Eric Waite (M28)
4:02:29 54 39 / 6 M25-29
4:02:29
 "
55,MIDD=3733151025,Haunted Hustle Marathon,"Middleton, WI USA","October 25, 2015","Joe Kane (M33)
4:04:40 55 40 / 4 M30-34
4:04:40
 "
56,MIDD=3733151025,Haunted Hustle Marathon,"Middleton, WI USA","October 25, 2015","Elizabeth Sprehe (F30)
4:05:41 56 16 / 4 F30-34
4:05:35
 "
57,MIDD=3733151025,Haunted Hustle Marathon,"Middleton, WI USA","October 25, 2015","Peter Lee (M29)
4:07:03 57 41 / 7 M25-29
4:07:03
 "
58,MIDD=3733151025,Haunted Hustle Marathon,"Middleton, WI USA","October 25, 2015","Rebecca Mathias (F20)
4:07:17 58 17 / 3 F20-24
4:07:06
 "
59,MIDD=3733151025,Haunted Hustle Marathon,"Middleton, WI USA","October 25, 2015","Thomas Fitzmaurice (M32)
4:07:25 59 42 / 5 M30-34
4:07:25
 "
60,MIDD=3733151025,Haunted Hustle Marathon,"Middleton, WI USA","October 25, 2015","Bret Koenig (M35)
4:08:03 60 43 / 8 M35-39
4:08:03
 "
61,MIDD=3733151025,Haunted Hustle Marathon,"Middleton, WI USA","October 25, 2015","Tim Hanson (M36)
4:08:25 61 44 / 9 M35-39
4:08:10
 "
62,MIDD=3733151025,Haunted Hustle Marathon,"Middleton, WI USA","October 25, 2015","Ken Caviezel (M47)
4:08:35 62 45 / 5 M45-49
3:48:38
 "
63,MIDD=3733151025,Haunted Hustle Marathon,"Middleton, WI USA","October 25, 2015","Asuka Eguchi (F31)
4:09:04 63 18 / 5 F30-34
4:08:40
 "
64,MIDD=3733151025,Haunted Hustle Marathon,"Middleton, WI USA","October 25, 2015","Craig Wendricks (M43)
4:11:01 64 46 / 10 M40-44
3:58:57
 "
65,MIDD=3733151025,Haunted Hustle Marathon,"Middleton, WI USA","October 25, 2015","Bill Vinson (M39)
4:11:12 65 47 / 10 M35-39
4:07:11
 "
66,MIDD=3733151025,Haunted Hustle Marathon,"Middleton, WI USA","October 25, 2015","Chris Harvey (M36)
4:12:55 66 48 / 11 M35-39
4:12:40
 "
67,MIDD=3733151025,Haunted Hustle Marathon,"Middleton, WI USA","October 25, 2015","Courtenay Willcox (F22)
4:14:49 67 19 / 4 F20-24
4:14:49
 "
68,MIDD=3733151025,Haunted Hustle Marathon,"Middleton, WI USA","October 25, 2015","Sara Kleve (F34)
4:15:07 68 20 / 6 F30-34
4:12:37
 "
69,MIDD=3733151025,Haunted Hustle Marathon,"Middleton, WI USA","October 25, 2015","Ben Kerr (M26)
4:15:35 69 49 / 8 M25-29
4:15:35
 "
70,MIDD=3733151025,Haunted Hustle Marathon,"Middleton, WI USA","October 25, 2015","Ashley Vanetten (F31)
4:16:55 70 21 / 7 F30-34
4:16:31
 "
71,MIDD=3733151025,Haunted Hustle Marathon,"Middleton, WI USA","October 25, 2015","Jose Cortes (M46)
4:18:02 71 50 / 6 M45-49
3:59:24
 "
72,MIDD=3733151025,Haunted Hustle Marathon,"Middleton, WI USA","October 25, 2015","Lynn Hawbaker (M66)
4:18:40 72 51 / 1 M65-99
3:18:30
 "
73,MIDD=3733151025,Haunted Hustle Marathon,"Middleton, WI USA","October 25, 2015","Melissa Buddie (F25)
4:18:44 73 22 / 2 F25-29
4:18:44
 "
74,MIDD=3733151025,Haunted Hustle Marathon,"Middleton, WI USA","October 25, 2015","Nicole Fuchs (F32)
4:18:53 74 23 / 8 F30-34
4:17:58
 "
75,MIDD=3733151025,Haunted Hustle Marathon,"Middleton, WI USA","October 25, 2015","Jill Kennelly (F28)
4:21:09 75 24 / 3 F25-29
4:21:09
 "
76,MIDD=3733151025,Haunted Hustle Marathon,"Middleton, WI USA","October 25, 2015","Lara Collier (F41)
4:22:20 76 25 / 5 F40-44
4:07:31
 "
77,MIDD=3733151025,Haunted Hustle Marathon,"Middleton, WI USA","October 25, 2015","Jeanne Knickerbocker (F55)
4:23:14 77 26 / 1 F55-59
3:28:35
 "
78,MIDD=3733151025,Haunted Hustle Marathon,"Middleton, WI USA","October 25, 2015","Jeff Storch (M47)
4:24:18 78 52 / 7 M45-49
4:03:06
 "
79,MIDD=3733151025,Haunted Hustle Marathon,"Middleton, WI USA","October 25, 2015","Nichole Kison (F24)
4:24:38 79 27 / 5 F20-24
4:24:38
 "
80,MIDD=3733151025,Haunted Hustle Marathon,"Middleton, WI USA","October 25, 2015","Donna Juleff (F48)
4:24:47 80 28 / 3 F45-49
3:50:01
 "
81,MIDD=3733151025,Haunted Hustle Marathon,"Middleton, WI USA","October 25, 2015","Scott Rupke (M42)
4:24:52 81 53 / 11 M40-44
4:14:15
 "
82,MIDD=3733151025,Haunted Hustle Marathon,"Middleton, WI USA","October 25, 2015","Kris Walker (M56)
4:25:02 82 54 / 1 M55-59
3:44:38
 "
83,MIDD=3733151025,Haunted Hustle Marathon,"Middleton, WI USA","October 25, 2015","Shawn Byrne (M38)
4:25:03 83 55 / 12 M35-39
4:22:40
 "
84,MIDD=3733151025,Haunted Hustle Marathon,"Middleton, WI USA","October 25, 2015","Meng Vang (M28)
4:25:06 84 56 / 9 M25-29
4:25:06
 "
85,MIDD=3733151025,Haunted Hustle Marathon,"Middleton, WI USA","October 25, 2015","Rebecca Klinke (F38)
4:27:03 85 29 / 1 F35-39
4:18:33
 "
86,MIDD=3733151025,Haunted Hustle Marathon,"Middleton, WI USA","October 25, 2015","Erin Mettert (F37)
4:27:32 86 30 / 2 F35-39
4:20:49
 "
87,MIDD=3733151025,Haunted Hustle Marathon,"Middleton, WI USA","October 25, 2015","Kathryn Dunn (F50)
4:27:57 87 31 / 1 F50-54
3:46:56
 "
88,MIDD=3733151025,Haunted Hustle Marathon,"Middleton, WI USA","October 25, 2015","Mike Croninger (M33)
4:28:05 88 57 / 6 M30-34
4:28:05
 "
89,MIDD=3733151025,Haunted Hustle Marathon,"Middleton, WI USA","October 25, 2015","Kevin Croninger (M31)
4:28:06 89 58 / 7 M30-34
4:28:06
 "
90,MIDD=3733151025,Haunted Hustle Marathon,"Middleton, WI USA","October 25, 2015","David Endres (M49)
4:28:23 90 59 / 8 M45-49
4:02:33
 "
91,MIDD=3733151025,Haunted Hustle Marathon,"Middleton, WI USA","October 25, 2015","Peggy Hoffmann (F33)
4:29:35 91 32 / 9 F30-34
4:27:53
 "
92,MIDD=3733151025,Haunted Hustle Marathon,"Middleton, WI USA","October 25, 2015","Katie Hughes (F42)
4:30:16 92 33 / 6 F40-44
4:12:21
 "
93,MIDD=3733151025,Haunted Hustle Marathon,"Middleton, WI USA","October 25, 2015","Michel Moreau (M50)
4:30:40 93 60 / 2 M50-54
4:02:26
 "
94,MIDD=3733151025,Haunted Hustle Marathon,"Middleton, WI USA","October 25, 2015","Sara King (F36)
4:32:50 94 34 / 3 F35-39
4:27:35
 "
95,MIDD=3733151025,Haunted Hustle Marathon,"Middleton, WI USA","October 25, 2015","Tony McFall (M36)
4:35:27 95 61 / 13 M35-39
4:35:10
 "
96,MIDD=3733151025,Haunted Hustle Marathon,"Middleton, WI USA","October 25, 2015","Domitilia Dos Santos (F60)
4:36:08 96 35 / 1 F60-64
3:23:42
 "
97,MIDD=3733151025,Haunted Hustle Marathon,"Middleton, WI USA","October 25, 2015","Linsey Buchberger (F22)
4:36:28 97 36 / 6 F20-24
4:36:28
 "
98,MIDD=3733151025,Haunted Hustle Marathon,"Middleton, WI USA","October 25, 2015","Tracy Millard (F35)
4:36:54 98 37 / 4 F35-39
4:32:59
 "
99,MIDD=3733151025,Haunted Hustle Marathon,"Middleton, WI USA","October 25, 2015","Jacob Hale (M22)
4:37:53 99 62 / 6 M20-24
4:37:45
 "
100,MIDD=3733151025,Haunted Hustle Marathon,"Middleton, WI USA","October 25, 2015","Kristina Cirves (F33)
4:38:13 100 38 / 10 F30-34
4:36:28
 "
101,MIDD=3733151025,Haunted Hustle Marathon,"Middleton, WI USA","October 25, 2015","Kris Turner (M31)
4:39:34 101 63 / 8 M30-34
4:39:34
 "
102,MIDD=3733151025,Haunted Hustle Marathon,"Middleton, WI USA","October 25, 2015","Chase Hendrix (M33)
4:39:41 102 64 / 9 M30-34
4:39:41
 "
103,MIDD=3733151025,Haunted Hustle Marathon,"Middleton, WI USA","October 25, 2015","Dawn Chavez (F39)
4:40:14 103 39 / 5 F35-39
4:29:15
 "
104,MIDD=3733151025,Haunted Hustle Marathon,"Middleton, WI USA","October 25, 2015","Cynthia Carlson (F45)
4:41:00 104 40 / 4 F45-49
4:13:18
 "
105,MIDD=3733151025,Haunted Hustle Marathon,"Middleton, WI USA","October 25, 2015","Douglas Dulli (M64)
4:41:53 105 65 / 2 M60-64
3:40:52
 "
106,MIDD=3733151025,Haunted Hustle Marathon,"Middleton, WI USA","October 25, 2015","Margo Baxter (F38)
4:43:12 106 41 / 6 F35-39
4:34:12
 "
107,MIDD=3733151025,Haunted Hustle Marathon,"Middleton, WI USA","October 25, 2015","Mark Stodghill (M67)
4:44:20 107 66 / 2 M65-99
3:35:55
 "
108,MIDD=3733151025,Haunted Hustle Marathon,"Middleton, WI USA","October 25, 2015","Scott Peterson (M43)
4:46:41 108 67 / 12 M40-44
4:32:54
 "
109,MIDD=3733151025,Haunted Hustle Marathon,"Middleton, WI USA","October 25, 2015","Victor Rodriguez (M37)
4:47:02 109 68 / 14 M35-39
4:45:53
 "
110,MIDD=3733151025,Haunted Hustle Marathon,"Middleton, WI USA","October 25, 2015","Pam Buss (F41)
4:47:35 110 42 / 7 F40-44
4:31:20
 "
111,MIDD=3733151025,Haunted Hustle Marathon,"Middleton, WI USA","October 25, 2015","Ashley Baker (F32)
4:47:46 111 43 / 11 F30-34
4:46:46
 "
112,MIDD=3733151025,Haunted Hustle Marathon,"Middleton, WI USA","October 25, 2015","Patrick Karebu (M46)
4:50:09 112 69 / 9 M45-49
4:29:12
 "
113,MIDD=3733151025,Haunted Hustle Marathon,"Middleton, WI USA","October 25, 2015","Kathleen Sielaff (F48)
4:50:10 113 44 / 5 F45-49
4:12:04
 "
114,MIDD=3733151025,Haunted Hustle Marathon,"Middleton, WI USA","October 25, 2015","Jason Hoffman (M41)
4:50:29 114 70 / 13 M40-44
4:41:10
 "
115,MIDD=3733151025,Haunted Hustle Marathon,"Middleton, WI USA","October 25, 2015","Carrie Alexander (F33)
4:51:25 115 45 / 12 F30-34
4:49:34
 "
116,MIDD=3733151025,Haunted Hustle Marathon,"Middleton, WI USA","October 25, 2015","Aaron Reilly (M18)
4:51:33 116 71 / 1 M1-19
4:40:19
 "
117,MIDD=3733151025,Haunted Hustle Marathon,"Middleton, WI USA","October 25, 2015","Julia Weinberger (F56)
4:52:34 117 46 / 2 F55-59
3:48:38
 "
118,MIDD=3733151025,Haunted Hustle Marathon,"Middleton, WI USA","October 25, 2015","Nicole Sullivan (F31)
4:52:39 118 47 / 13 F30-34
4:52:11
 "
119,MIDD=3733151025,Haunted Hustle Marathon,"Middleton, WI USA","October 25, 2015","Tom Spidell (M52)
4:59:24 119 72 / 3 M50-54
4:23:23
 "
120,MIDD=3733151025,Haunted Hustle Marathon,"Middleton, WI USA","October 25, 2015","John Dannenfeldt (M63)
4:59:45 120 73 / 3 M60-64
3:57:15
 "
121,MIDD=3733151025,Haunted Hustle Marathon,"Middleton, WI USA","October 25, 2015","Lauryn Werner (F24)
5:02:36 121 48 / 7 F20-24
5:02:36
 "
122,MIDD=3733151025,Haunted Hustle Marathon,"Middleton, WI USA","October 25, 2015","Megan Roh (F27)
5:02:54 122 49 / 4 F25-29
5:02:54
 "
123,MIDD=3733151025,Haunted Hustle Marathon,"Middleton, WI USA","October 25, 2015","Jill Humston (F35)
5:03:24 123 50 / 7 F35-39
4:59:08
 "
124,MIDD=3733151025,Haunted Hustle Marathon,"Middleton, WI USA","October 25, 2015","Anthony Albertin (M26)
5:04:17 124 74 / 10 M25-29
5:04:17
 "
125,MIDD=3733151025,Haunted Hustle Marathon,"Middleton, WI USA","October 25, 2015","Teresa Fosdick (F34)
5:04:44 125 51 / 14 F30-34
5:01:45
 "
126,MIDD=3733151025,Haunted Hustle Marathon,"Middleton, WI USA","October 25, 2015","Misty Rauch (F42)
5:04:53 126 52 / 8 F40-44
4:44:40
 "
127,MIDD=3733151025,Haunted Hustle Marathon,"Middleton, WI USA","October 25, 2015","Helen Leavenworth (F26)
5:05:31 127 53 / 5 F25-29
5:05:31
 "
128,MIDD=3733151025,Haunted Hustle Marathon,"Middleton, WI USA","October 25, 2015","Kelly Maahs (F26)
5:08:38 128 54 / 6 F25-29
5:08:38
 "
129,MIDD=3733151025,Haunted Hustle Marathon,"Middleton, WI USA","October 25, 2015","Joe Woerner (M47)
5:12:17 129 75 / 10 M45-49
4:47:14
 "
130,MIDD=3733151025,Haunted Hustle Marathon,"Middleton, WI USA","October 25, 2015","Sara Cherne (F67)
5:14:03 130 55 / 1 F65-99
3:25:33
 "
131,MIDD=3733151025,Haunted Hustle Marathon,"Middleton, WI USA","October 25, 2015","Terry Pauley (M57)
5:17:12 131 76 / 2 M55-59
4:26:19
 "
132,MIDD=3733151025,Haunted Hustle Marathon,"Middleton, WI USA","October 25, 2015","Annette Korth (F50)
5:20:01 132 56 / 2 F50-54
4:31:01
 "
133,MIDD=3733151025,Haunted Hustle Marathon,"Middleton, WI USA","October 25, 2015","Edward Vega (M56)
5:27:41 133 77 / 3 M55-59
4:37:45
 "
134,MIDD=3733151025,Haunted Hustle Marathon,"Middleton, WI USA","October 25, 2015","Kristen Piechowski (F45)
5:28:03 134 57 / 6 F45-49
4:55:42
 "
135,MIDD=3733151025,Haunted Hustle Marathon,"Middleton, WI USA","October 25, 2015","Stephanie Harger (F25)
5:28:30 135 58 / 7 F25-29
5:28:30
 "
136,MIDD=3733151025,Haunted Hustle Marathon,"Middleton, WI USA","October 25, 2015","Alison Daughters (F30)
5:28:50 136 59 / 15 F30-34
5:28:42
 "
137,MIDD=3733151025,Haunted Hustle Marathon,"Middleton, WI USA","October 25, 2015","Ryan Reichwaldt (M30)
5:29:34 137 78 / 10 M30-34
5:29:34
 "
138,MIDD=3733151025,Haunted Hustle Marathon,"Middleton, WI USA","October 25, 2015","Stephaine Baker (F35)
5:31:31 138 60 / 8 F35-39
5:26:51
 "
139,MIDD=3733151025,Haunted Hustle Marathon,"Middleton, WI USA","October 25, 2015","Sandra Thoeny (F37)
5:35:27 139 61 / 9 F35-39
5:27:02
 "
140,MIDD=3733151025,Haunted Hustle Marathon,"Middleton, WI USA","October 25, 2015","Liz Zelandais (F62)
5:40:24 140 62 / 2 F60-64
4:03:25
 "
