,race_id,race,location,date,runners
0,MIDD=1577151205,Reggae Marathon,"Negril, Jamaica","December 5, 2015","

Have you run this race?Then tell us about it.

Last Name, First Name(Sex/Age)
Time OverAllPlace
Sex Place/Div Place
DIV 
City, State, Country AG Time* BQ*"
1,MIDD=1577151205,Reggae Marathon,"Negril, Jamaica","December 5, 2015","Bartosz Olszewski (M31)
2:36:03 1 1 / 1 M30-34 WARSAW
2:36:03
BQ"
2,MIDD=1577151205,Reggae Marathon,"Negril, Jamaica","December 5, 2015","Yuichi Someya (M32)
2:54:51 2 2 / 2 M30-34 SAITAMA
2:54:51
BQ"
3,MIDD=1577151205,Reggae Marathon,"Negril, Jamaica","December 5, 2015","Colin Graham (M49)
3:00:41 3 3 / 1 M45-49 RUNAWAY BAY
2:43:18
BQ"
4,MIDD=1577151205,Reggae Marathon,"Negril, Jamaica","December 5, 2015","Piotr Suchenia (M35)
3:01:58 4 4 / 1 M35-39 REDA
3:01:58
BQ"
5,MIDD=1577151205,Reggae Marathon,"Negril, Jamaica","December 5, 2015","Elina Junnila (F38)
3:08:50 5 1 / 1 F35-39 NAANTALI
3:02:49
BQ"
6,MIDD=1577151205,Reggae Marathon,"Negril, Jamaica","December 5, 2015","Troy Pennington (M30)
3:14:01 6 5 / 3 M30-34 KINGSTON
3:14:01
 "
7,MIDD=1577151205,Reggae Marathon,"Negril, Jamaica","December 5, 2015","Duncan Galler (M24)
3:19:46 7 6 / 1 M20-24 MUNRO ST. ELIZABET
3:19:46
 "
8,MIDD=1577151205,Reggae Marathon,"Negril, Jamaica","December 5, 2015","Cesbron Mathieu (M40)
3:25:38 8 7 / 1 M40-44 NOUZILLY, TN, USA
3:20:40
 "
9,MIDD=1577151205,Reggae Marathon,"Negril, Jamaica","December 5, 2015","Dan Betts (M42)
3:29:39 9 8 / 2 M40-44 KINGSTON
3:21:14
 "
10,MIDD=1577151205,Reggae Marathon,"Negril, Jamaica","December 5, 2015","Owen Greaves (M54)
3:36:33 10 9 / 1 M50-54 KINGSTON
3:07:02
 "
11,MIDD=1577151205,Reggae Marathon,"Negril, Jamaica","December 5, 2015","Torsten Huber (M44)
3:39:30 11 10 / 3 M40-44 KAUFBEUREN
3:27:11
 "
12,MIDD=1577151205,Reggae Marathon,"Negril, Jamaica","December 5, 2015","Marcus Berggren (M41)
3:40:38 12 11 / 4 M40-44 LJUSDAL
3:33:33
 "
13,MIDD=1577151205,Reggae Marathon,"Negril, Jamaica","December 5, 2015","Navin Sadarangani (M36)
3:40:47 13 12 / 2 M35-39 TORONTO, ON, Canada
3:40:33
 "
14,MIDD=1577151205,Reggae Marathon,"Negril, Jamaica","December 5, 2015","Katarzyna Gorlo (F27)
3:43:35 14 2 / 1 F25-29 WARSAW
3:43:35
 "
15,MIDD=1577151205,Reggae Marathon,"Negril, Jamaica","December 5, 2015","Christian Starkl (M48)
3:45:00 15 13 / 2 M45-49 VIENNA
3:25:09
 "
16,MIDD=1577151205,Reggae Marathon,"Negril, Jamaica","December 5, 2015","Emanuel Araskog (M28)
3:47:59 16 14 / 1 M25-29 SUNDBYBERG, PA, USA
3:47:59
 "
17,MIDD=1577151205,Reggae Marathon,"Negril, Jamaica","December 5, 2015","Anita Joachims (F42)
3:51:42 17 3 / 1 F40-44 NIEUWERKERKEN
3:36:20
 "
18,MIDD=1577151205,Reggae Marathon,"Negril, Jamaica","December 5, 2015","Coran Oakley (M39)
3:54:40 18 15 / 3 M35-39 KINGSTON
3:50:54
 "
19,MIDD=1577151205,Reggae Marathon,"Negril, Jamaica","December 5, 2015","Ronald Toledo (M29)
3:54:45 19 16 / 2 M25-29 NEDROW, NY, USA
3:54:45
 "
20,MIDD=1577151205,Reggae Marathon,"Negril, Jamaica","December 5, 2015","Kwok-Ming Cheng (M47)
3:56:10 20 17 / 3 M45-49 NEW YORK, NY, USA
3:37:13
 "
21,MIDD=1577151205,Reggae Marathon,"Negril, Jamaica","December 5, 2015","Niels Vognsen (M36)
3:57:09 21 18 / 4 M35-39 COPENHAGEN
3:56:54
 "
22,MIDD=1577151205,Reggae Marathon,"Negril, Jamaica","December 5, 2015","Moira Leishman (F46)
3:58:03 22 4 / 1 F45-49 SYMINGTON
3:31:59
 "
23,MIDD=1577151205,Reggae Marathon,"Negril, Jamaica","December 5, 2015","Johan Palm (M42)
3:58:35 23 19 / 5 M40-44 LINK PING, ND, USA
3:49:00
 "
24,MIDD=1577151205,Reggae Marathon,"Negril, Jamaica","December 5, 2015","Shingo Oba (M29)
3:59:43 24 20 / 3 M25-29 BLACK RIVER
3:59:43
 "
25,MIDD=1577151205,Reggae Marathon,"Negril, Jamaica","December 5, 2015","Karlene Blagrove (F45)
4:01:30 25 5 / 2 F45-49  
3:37:41
 "
26,MIDD=1577151205,Reggae Marathon,"Negril, Jamaica","December 5, 2015","Giorgio Zanninello (M49)
4:02:02 26 21 / 4 M45-49 TRICHIANA
3:38:44
 "
27,MIDD=1577151205,Reggae Marathon,"Negril, Jamaica","December 5, 2015","Maria Aho (F46)
4:02:35 27 6 / 3 F45-49 PIETARSAARI
3:36:01
 "
28,MIDD=1577151205,Reggae Marathon,"Negril, Jamaica","December 5, 2015","Anna Seemann (F32)
4:04:17 28 7 / 1 F30-34 CIESZYN
4:03:25
 "
29,MIDD=1577151205,Reggae Marathon,"Negril, Jamaica","December 5, 2015","Gerd Kauler (M54)
4:05:28 29 22 / 2 M50-54 OSTFILDERN, OK, USA
3:32:00
 "
30,MIDD=1577151205,Reggae Marathon,"Negril, Jamaica","December 5, 2015","Brian Walker (M57)
4:06:14 30 23 / 1 M55-59 MONTEGO BAY
3:26:44
 "
31,MIDD=1577151205,Reggae Marathon,"Negril, Jamaica","December 5, 2015","Pauline Tang (F45)
4:06:56 31 8 / 4 F45-49 BRIARWOOD, NY, USA
3:42:35
 "
32,MIDD=1577151205,Reggae Marathon,"Negril, Jamaica","December 5, 2015","Andreas Beneke (M41)
4:08:21 32 24 / 6 M40-44 HANNOVER, GA, USA
4:00:22
 "
33,MIDD=1577151205,Reggae Marathon,"Negril, Jamaica","December 5, 2015","Brittany Maxwell (F29)
4:10:05 33 9 / 2 F25-29 BONDURANT, IA, USA
4:10:05
 "
34,MIDD=1577151205,Reggae Marathon,"Negril, Jamaica","December 5, 2015","Manuel Velez (M52)
4:13:39 34 25 / 3 M50-54 THOROLD, ON, Canada
3:43:08
 "
35,MIDD=1577151205,Reggae Marathon,"Negril, Jamaica","December 5, 2015","Norm Lonergan (M53)
4:13:41 35 26 / 4 M50-54 AJAX, ON, Canada
3:41:08
 "
36,MIDD=1577151205,Reggae Marathon,"Negril, Jamaica","December 5, 2015","Victor Almeida (M52)
4:14:16 36 27 / 5 M50-54 CUIABA, MA, USA
3:43:40
 "
37,MIDD=1577151205,Reggae Marathon,"Negril, Jamaica","December 5, 2015","Frank Brauner (M50)
4:14:31 37 28 / 6 M50-54 FRANKFURT
3:47:58
 "
38,MIDD=1577151205,Reggae Marathon,"Negril, Jamaica","December 5, 2015","Jean-Michel Christin (M53)
4:15:40 38 29 / 7 M50-54 BOURGES
3:42:51
 "
39,MIDD=1577151205,Reggae Marathon,"Negril, Jamaica","December 5, 2015","Robert Weir (M67)
4:16:06 39 30 / 1 M65-69 LONDON, ON, Canada
3:14:28
 "
40,MIDD=1577151205,Reggae Marathon,"Negril, Jamaica","December 5, 2015","Mandy Draper (F50)
4:17:59 40 10 / 1 F50-54 EMBROKE
3:38:29
 "
41,MIDD=1577151205,Reggae Marathon,"Negril, Jamaica","December 5, 2015","David Hodgson (M58)
4:18:34 41 31 / 2 M55-59 WHITBY
3:35:01
 "
42,MIDD=1577151205,Reggae Marathon,"Negril, Jamaica","December 5, 2015","Jaime Cordova (M45)
4:20:52 42 32 / 5 M45-49  
4:04:07
 "
43,MIDD=1577151205,Reggae Marathon,"Negril, Jamaica","December 5, 2015","Uwe Hauschild (M59)
4:23:46 43 33 / 3 M55-59 DIEBURG
3:37:14
 "
44,MIDD=1577151205,Reggae Marathon,"Negril, Jamaica","December 5, 2015","Shawn Jeffrey (M44)
4:24:35 44 34 / 7 M40-44 KINGSTON
4:09:44
 "
45,MIDD=1577151205,Reggae Marathon,"Negril, Jamaica","December 5, 2015","Delyth Thomas (F32)
4:24:54 45 11 / 2 F30-34  
4:23:58
 "
46,MIDD=1577151205,Reggae Marathon,"Negril, Jamaica","December 5, 2015","Christopher Davis (M45)
4:26:02 46 35 / 6 M45-49 SAINT CLOUD, FL, USA
4:08:57
 "
47,MIDD=1577151205,Reggae Marathon,"Negril, Jamaica","December 5, 2015","Laurent Martin (M55)
4:28:00 47 36 / 4 M55-59 CAUVILLE SUR MER, TX, USA
3:49:18
 "
48,MIDD=1577151205,Reggae Marathon,"Negril, Jamaica","December 5, 2015","Makoto Hayashibara (M46)
4:28:58 48 37 / 7 M45-49 OSAKA
4:09:32
 "
49,MIDD=1577151205,Reggae Marathon,"Negril, Jamaica","December 5, 2015","Chrystal Peter (F63)
4:29:39 49 12 / 1 F60-64 KINGSTON
3:09:40
 "
50,MIDD=1577151205,Reggae Marathon,"Negril, Jamaica","December 5, 2015","Raymond Norris-Lue (M57)
4:29:57 50 38 / 5 M55-59 TORONTO, ON, Canada
3:46:39
 "
51,MIDD=1577151205,Reggae Marathon,"Negril, Jamaica","December 5, 2015","Johan Andersson (M26)
4:34:19 51 39 / 4 M25-29 LUDVIKA
4:34:19
 "
52,MIDD=1577151205,Reggae Marathon,"Negril, Jamaica","December 5, 2015","Tommy Fagerholm (M43)
4:34:19 52 40 / 8 M40-44 EKEN S, NY, USA
4:21:07
 "
53,MIDD=1577151205,Reggae Marathon,"Negril, Jamaica","December 5, 2015","Athena Xifaras (F40)
4:37:11 53 13 / 2 F40-44 NEW BEDFORD, MA, USA
4:24:02
 "
54,MIDD=1577151205,Reggae Marathon,"Negril, Jamaica","December 5, 2015","Reka Martin (F38)
4:37:27 54 14 / 2 F35-39 JEDDAH
4:28:37
 "
55,MIDD=1577151205,Reggae Marathon,"Negril, Jamaica","December 5, 2015","Coreen Paul (F53)
4:39:20 55 15 / 2 F50-54 SACRAMENTO, CA, USA
3:47:25
 "
56,MIDD=1577151205,Reggae Marathon,"Negril, Jamaica","December 5, 2015","Mike Ginter (M49)
4:39:52 56 41 / 8 M45-49 HIGHGATE
4:12:56
 "
57,MIDD=1577151205,Reggae Marathon,"Negril, Jamaica","December 5, 2015","Dennis McCann (M61)
4:40:08 57 42 / 1 M60-64 KINGSTON
3:46:12
 "
58,MIDD=1577151205,Reggae Marathon,"Negril, Jamaica","December 5, 2015","Richard Coe (M44)
4:40:22 58 43 / 9 M40-44 KINGSTON
4:24:38
 "
59,MIDD=1577151205,Reggae Marathon,"Negril, Jamaica","December 5, 2015","Edyta Rychcik Zygadlo (F47)
4:40:35 59 16 / 5 F45-49 OLESNICA
4:06:48
 "
60,MIDD=1577151205,Reggae Marathon,"Negril, Jamaica","December 5, 2015","Flavia De Souza (F31)
4:42:24 60 17 / 3 F30-34 KINGSTON
4:41:56
 "
61,MIDD=1577151205,Reggae Marathon,"Negril, Jamaica","December 5, 2015","Rosendo Delacruz (M33)
4:46:41 61 44 / 4 M30-34 CHULA VISTA, CA, USA
4:46:41
 "
62,MIDD=1577151205,Reggae Marathon,"Negril, Jamaica","December 5, 2015","Robert Harze (M55)
4:46:57 62 45 / 6 M55-59 FLORENCE, SC, USA
4:05:30
 "
63,MIDD=1577151205,Reggae Marathon,"Negril, Jamaica","December 5, 2015","Paul Kenny (M45)
4:47:24 63 46 / 9 M45-49 KINGSTON
4:28:56
 "
64,MIDD=1577151205,Reggae Marathon,"Negril, Jamaica","December 5, 2015","Olivia Pembroke (F31)
4:47:24 64 18 / 4 F30-34 LONDON
4:46:56
 "
65,MIDD=1577151205,Reggae Marathon,"Negril, Jamaica","December 5, 2015","Lindsey Cole (F32)
4:47:25 65 19 / 5 F30-34 CHALFONT ST GILES
4:46:24
 "
66,MIDD=1577151205,Reggae Marathon,"Negril, Jamaica","December 5, 2015","Steen Mortensen (M39)
4:47:33 66 47 / 5 M35-39 SLAGELSE
4:42:56
 "
67,MIDD=1577151205,Reggae Marathon,"Negril, Jamaica","December 5, 2015","Nikki Guiver (F48)
4:49:19 67 20 / 6 F45-49 ILMINSTER
4:11:19
 "
68,MIDD=1577151205,Reggae Marathon,"Negril, Jamaica","December 5, 2015","Patricia Albert (F51)
4:50:54 68 21 / 3 F50-54 PHELPS, NY, USA
4:03:11
 "
69,MIDD=1577151205,Reggae Marathon,"Negril, Jamaica","December 5, 2015","Keith Simpson (M66)
4:51:52 69 48 / 2 M65-69 CATERHAM
3:43:58
 "
70,MIDD=1577151205,Reggae Marathon,"Negril, Jamaica","December 5, 2015","Jan Keller (M43)
4:51:59 70 49 / 10 M40-44 NORDLEDA
4:37:56
 "
71,MIDD=1577151205,Reggae Marathon,"Negril, Jamaica","December 5, 2015","Kair Keller (F42)
4:52:01 71 22 / 3 F40-44 NORDLEDA
4:32:39
 "
72,MIDD=1577151205,Reggae Marathon,"Negril, Jamaica","December 5, 2015","Amy Godfrey (F41)
4:52:11 72 23 / 4 F40-44 OCEAN CITY, NJ, USA
4:35:40
 "
73,MIDD=1577151205,Reggae Marathon,"Negril, Jamaica","December 5, 2015","Jeffrey Foreman (M28)
4:55:02 73 50 / 5 M25-29 RED HILLS
4:55:02
 "
74,MIDD=1577151205,Reggae Marathon,"Negril, Jamaica","December 5, 2015","Jim Spaulding (M63)
4:55:40 74 51 / 2 M60-64 ST CLOUD, FL, USA
3:54:01
 "
75,MIDD=1577151205,Reggae Marathon,"Negril, Jamaica","December 5, 2015","Erik Pettersson (M31)
4:57:05 75 52 / 5 M30-34 BROMMA
4:57:05
 "
76,MIDD=1577151205,Reggae Marathon,"Negril, Jamaica","December 5, 2015","Tanya Johnson (F54)
4:57:34 76 24 / 4 F50-54 RIALTO, CA, USA
3:59:02
 "
77,MIDD=1577151205,Reggae Marathon,"Negril, Jamaica","December 5, 2015","Niamh Power (F44)
4:57:50 77 25 / 5 F40-44 KINGSTON
4:31:42
 "
78,MIDD=1577151205,Reggae Marathon,"Negril, Jamaica","December 5, 2015","Tammie Williams (F47)
4:58:18 78 26 / 7 F45-49 DALLAS, GA, USA
4:22:23
 "
79,MIDD=1577151205,Reggae Marathon,"Negril, Jamaica","December 5, 2015","Sonia Louis (F39)
4:59:21 79 27 / 3 F35-39 NORTH BAY VILLAGE, FL, USA
4:47:36
 "
80,MIDD=1577151205,Reggae Marathon,"Negril, Jamaica","December 5, 2015","Mike Hockings (M59)
4:59:47 80 53 / 7 M55-59 GOODWOOD
4:06:54
 "
81,MIDD=1577151205,Reggae Marathon,"Negril, Jamaica","December 5, 2015","Simon Rowbottom (M56)
5:00:05 81 54 / 8 M55-59 ILMINSTER
4:14:21
 "
82,MIDD=1577151205,Reggae Marathon,"Negril, Jamaica","December 5, 2015","Oscar Manzano (M57)
5:00:58 82 55 / 9 M55-59 HOWARD BEACH, NY, USA
4:12:41
 "
83,MIDD=1577151205,Reggae Marathon,"Negril, Jamaica","December 5, 2015","Janet Watson (F62)
5:02:19 83 28 / 2 F60-64 FALMOUTH
3:36:11
 "
84,MIDD=1577151205,Reggae Marathon,"Negril, Jamaica","December 5, 2015","Bernard Ogoe (M43)
5:02:25 84 56 / 11 M40-44 MORDEN
4:47:52
 "
85,MIDD=1577151205,Reggae Marathon,"Negril, Jamaica","December 5, 2015","Thomas Jarmer (M50)
5:02:53 85 57 / 8 M50-54 LANGEN/HESSEN
4:31:17
 "
86,MIDD=1577151205,Reggae Marathon,"Negril, Jamaica","December 5, 2015","Karl Williams (M29)
5:05:47 86 58 / 6 M25-29 ST. JAMES
5:05:47
 "
87,MIDD=1577151205,Reggae Marathon,"Negril, Jamaica","December 5, 2015","Roger Meier (M60)
5:08:00 87 59 / 3 M60-64 ESCHENBACH
4:11:10
 "
88,MIDD=1577151205,Reggae Marathon,"Negril, Jamaica","December 5, 2015","Jennifer Haverly (F41)
5:08:08 88 29 / 6 F40-44 OCEAN CITY, NJ, USA
4:50:43
 "
89,MIDD=1577151205,Reggae Marathon,"Negril, Jamaica","December 5, 2015","Terrance Lyles (M41)
5:08:15 89 60 / 12 M40-44 CHICAGO, IL, USA
4:58:21
 "
90,MIDD=1577151205,Reggae Marathon,"Negril, Jamaica","December 5, 2015","Paige Shaw (F49)
5:11:11 90 30 / 8 F45-49 SUMMERVILLE, GA, USA
4:26:55
 "
91,MIDD=1577151205,Reggae Marathon,"Negril, Jamaica","December 5, 2015","Firmo De Melo (M54)
5:11:39 91 61 / 9 M50-54 BRAMPTON, ON, Canada
4:29:10
 "
92,MIDD=1577151205,Reggae Marathon,"Negril, Jamaica","December 5, 2015","Kevin Bonfield (M48)
5:12:47 92 62 / 10 M45-49 PAIGNTON, DE, USA
4:45:11
 "
93,MIDD=1577151205,Reggae Marathon,"Negril, Jamaica","December 5, 2015","Nicky Johnson (F50)
5:12:48 93 31 / 5 F50-54 PAIGNTON, DE, USA
4:24:54
 "
94,MIDD=1577151205,Reggae Marathon,"Negril, Jamaica","December 5, 2015","Lisa Bruno (F41)
5:12:52 94 32 / 7 F40-44 DREXEL HILL, PA, USA
4:55:11
 "
95,MIDD=1577151205,Reggae Marathon,"Negril, Jamaica","December 5, 2015","Robert Czachor (M62)
5:15:31 95 63 / 4 M60-64 FARMER CITY, IL, USA
4:12:15
 "
96,MIDD=1577151205,Reggae Marathon,"Negril, Jamaica","December 5, 2015","Carra Wallace (F52)
5:17:09 96 33 / 6 F50-54 NEW YORK, NY, USA
4:21:40
 "
97,MIDD=1577151205,Reggae Marathon,"Negril, Jamaica","December 5, 2015","Angela Gonzalez (F53)
5:17:23 97 34 / 7 F50-54 ASTORIA, NY, USA
4:18:24
 "
98,MIDD=1577151205,Reggae Marathon,"Negril, Jamaica","December 5, 2015","Richard Hutchinson (M41)
5:18:04 98 64 / 13 M40-44 ENSOM PEN
5:07:51
 "
99,MIDD=1577151205,Reggae Marathon,"Negril, Jamaica","December 5, 2015","Monika Schelling (F45)
5:18:13 99 35 / 9 F45-49 FRANKFURT AM MAIN
4:46:50
 "
100,MIDD=1577151205,Reggae Marathon,"Negril, Jamaica","December 5, 2015","Cassandra Olk (F27)
5:18:23 100 36 / 3 F25-29 DES MOINES, IA, USA
5:18:23
 "
101,MIDD=1577151205,Reggae Marathon,"Negril, Jamaica","December 5, 2015","Thomas Koller (M56)
5:18:42 101 65 / 10 M55-59 BERIKON
4:30:07
 "
102,MIDD=1577151205,Reggae Marathon,"Negril, Jamaica","December 5, 2015","Tomasz Stachura (M50)
5:21:12 102 66 / 10 M50-54 GDYNIA
4:47:41
 "
103,MIDD=1577151205,Reggae Marathon,"Negril, Jamaica","December 5, 2015","Jennis Farquharson (F45)
5:23:37 103 37 / 10 F45-49  
4:51:42
 "
104,MIDD=1577151205,Reggae Marathon,"Negril, Jamaica","December 5, 2015","Aurielle Morgan (F26)
5:24:06 104 38 / 4 F25-29 PEMBROKE PINES, FL, USA
5:24:06
 "
105,MIDD=1577151205,Reggae Marathon,"Negril, Jamaica","December 5, 2015","Ivar Gaizauskas (M69)
5:27:55 105 67 / 3 M65-69 BRAMPTON, ON, Canada
4:03:46
 "
106,MIDD=1577151205,Reggae Marathon,"Negril, Jamaica","December 5, 2015","Miguel Chavez (M34)
5:28:28 106 68 / 6 M30-34 ROXBURY, MA, USA
5:28:28
 "
107,MIDD=1577151205,Reggae Marathon,"Negril, Jamaica","December 5, 2015","Andrey Gavrilov (M54)
5:28:49 107 69 / 11 M50-54 TCHEHOV, MO, USA
4:43:59
 "
108,MIDD=1577151205,Reggae Marathon,"Negril, Jamaica","December 5, 2015","Silvija Basijokaite (F31)
5:29:32 108 39 / 6 F30-34 LEMONT, IL, USA
5:29:00
 "
109,MIDD=1577151205,Reggae Marathon,"Negril, Jamaica","December 5, 2015","Yasumitsu Takagi (M32)
5:31:47 109 70 / 7 M30-34 BLACK RIVER
5:31:47
 "
110,MIDD=1577151205,Reggae Marathon,"Negril, Jamaica","December 5, 2015","Marc Johnson (M45)
5:33:50 110 71 / 11 M45-49 RIALTO, CA, USA
5:12:24
 "
111,MIDD=1577151205,Reggae Marathon,"Negril, Jamaica","December 5, 2015","Bessina Kelly (F52)
5:34:36 111 40 / 8 F50-54  
4:36:04
 "
112,MIDD=1577151205,Reggae Marathon,"Negril, Jamaica","December 5, 2015","Darlene Naegle (F56)
5:37:03 112 41 / 1 F55-59 PHOENIX, AZ, USA
4:23:24
 "
113,MIDD=1577151205,Reggae Marathon,"Negril, Jamaica","December 5, 2015","Zita Johansson (F54)
5:39:32 113 42 / 9 F50-54 ALINGSAS
4:32:44
 "
114,MIDD=1577151205,Reggae Marathon,"Negril, Jamaica","December 5, 2015","Omri Chin (M42)
5:41:46 114 72 / 14 M40-44 KINGSTON
5:28:03
 "
115,MIDD=1577151205,Reggae Marathon,"Negril, Jamaica","December 5, 2015","Marie Ridley (F41)
5:42:38 115 43 / 8 F40-44 MARGATE, FL, USA
5:23:16
 "
116,MIDD=1577151205,Reggae Marathon,"Negril, Jamaica","December 5, 2015","Bernhard Prins (M58)
5:47:47 116 73 / 11 M55-59 BERLIN, NY, USA
4:49:12
 "
117,MIDD=1577151205,Reggae Marathon,"Negril, Jamaica","December 5, 2015","Paul Josephson (M61)
5:49:20 117 74 / 5 M60-64 WATERVILLE, ME, USA
4:42:05
 "
118,MIDD=1577151205,Reggae Marathon,"Negril, Jamaica","December 5, 2015","Jose Manuel Chicano Lagos (M34)
5:51:53 118 75 / 8 M30-34 LONDON
5:51:53
 "
119,MIDD=1577151205,Reggae Marathon,"Negril, Jamaica","December 5, 2015","Emily Dankworth (F30)
5:51:55 119 44 / 7 F30-34 HIGH WYCOMBE
5:51:46
 "
120,MIDD=1577151205,Reggae Marathon,"Negril, Jamaica","December 5, 2015","Bernadette Bryan-Frankson (F56)
5:52:05 120 45 / 2 F55-59 KINGSTON
4:35:09
 "
121,MIDD=1577151205,Reggae Marathon,"Negril, Jamaica","December 5, 2015","Srinivasa Chanda (M32)
5:52:06 121 76 / 9 M30-34 KINGSTON
5:52:06
 "
122,MIDD=1577151205,Reggae Marathon,"Negril, Jamaica","December 5, 2015","Patrice Crenerinne (M58)
5:53:06 122 77 / 12 M55-59 HOUYET
4:53:38
 "
123,MIDD=1577151205,Reggae Marathon,"Negril, Jamaica","December 5, 2015","Vernita Julien (F47)
5:57:39 123 46 / 11 F45-49 JACKSONVILLE, FL, USA
5:14:35
 "
124,MIDD=1577151205,Reggae Marathon,"Negril, Jamaica","December 5, 2015","Howard Lynch (M58)
6:00:17 124 78 / 13 M55-59 KINGSTON
4:59:36
 "
125,MIDD=1577151205,Reggae Marathon,"Negril, Jamaica","December 5, 2015","Larae Godoy (F24)
6:01:07 125 47 / 1 F20-24 NEW YORK, NY, USA
6:01:07
 "
126,MIDD=1577151205,Reggae Marathon,"Negril, Jamaica","December 5, 2015","Marsha South (F32)
6:02:57 126 48 / 8 F30-34 KINGSTON
6:01:40
 "
127,MIDD=1577151205,Reggae Marathon,"Negril, Jamaica","December 5, 2015","Ray Lim (M67)
6:04:39 127 79 / 4 M65-69 MARKHAM, ON, Canada
4:36:54
 "
128,MIDD=1577151205,Reggae Marathon,"Negril, Jamaica","December 5, 2015","Uriel Huizar (M55)
6:04:40 128 80 / 14 M55-59 WINTERS, CA, USA
5:12:00
 "
129,MIDD=1577151205,Reggae Marathon,"Negril, Jamaica","December 5, 2015","Idriys McField (M32)
6:08:41 129 81 / 10 M30-34 LANCASTER, PA, USA
6:08:41
 "
130,MIDD=1577151205,Reggae Marathon,"Negril, Jamaica","December 5, 2015","Thomas Nunn (M62)
6:09:13 130 82 / 6 M60-64 TULSA, OK, USA
4:55:11
 "
131,MIDD=1577151205,Reggae Marathon,"Negril, Jamaica","December 5, 2015","Greg Walter (M50)
6:10:45 131 83 / 12 M50-54 STERLING HEIGHTS, MI, USA
5:32:04
 "
132,MIDD=1577151205,Reggae Marathon,"Negril, Jamaica","December 5, 2015","Constance Munday (F43)
6:11:21 132 49 / 9 F40-44 LORETTO, ON, Canada
5:42:49
 "
133,MIDD=1577151205,Reggae Marathon,"Negril, Jamaica","December 5, 2015","Marion Jacobs (F45)
6:11:23 133 50 / 12 F45-49 READING
5:34:45
 "
134,MIDD=1577151205,Reggae Marathon,"Negril, Jamaica","December 5, 2015","Daisuke Yamasaki (M33)
6:17:34 134 84 / 11 M30-34 SANTA CRUZ
6:17:34
 "
135,MIDD=1577151205,Reggae Marathon,"Negril, Jamaica","December 5, 2015","James Rizo (M62)
6:20:21 135 85 / 7 M60-64 MIRAMAR, FL, USA
5:04:05
 "
136,MIDD=1577151205,Reggae Marathon,"Negril, Jamaica","December 5, 2015","Maria Frosth (F55)
6:20:22 136 51 / 3 F55-59 MIRAMAR, FL, USA
5:01:24
 "
137,MIDD=1577151205,Reggae Marathon,"Negril, Jamaica","December 5, 2015","Wilfred Goron (M60)
6:20:51 137 86 / 8 M60-64 WHEATLEY, ON, Canada
5:10:34
 "
138,MIDD=1577151205,Reggae Marathon,"Negril, Jamaica","December 5, 2015","Miriam White (F39)
6:23:23 138 52 / 4 F35-39  
6:08:21
 "
139,MIDD=1577151205,Reggae Marathon,"Negril, Jamaica","December 5, 2015","Hamilton Hyppolite (M38)
6:23:23 139 87 / 6 M35-39  
6:19:55
 "
140,MIDD=1577151205,Reggae Marathon,"Negril, Jamaica","December 5, 2015","Juhani Aho (M60)
6:24:01 140 88 / 9 M60-64 PIETARSAARI
5:13:09
 "
141,MIDD=1577151205,Reggae Marathon,"Negril, Jamaica","December 5, 2015","Kathryn Gleason (F36)
6:26:48 141 53 / 5 F35-39 HADDON HEIGHTS, NJ, USA
6:19:22
 "
142,MIDD=1577151205,Reggae Marathon,"Negril, Jamaica","December 5, 2015","Mwaka Kaonga (F52)
6:29:52 142 54 / 10 F50-54 WINNIPEG, MB, Canada
5:21:40
 "
143,MIDD=1577151205,Reggae Marathon,"Negril, Jamaica","December 5, 2015","Piotr Szumera (M57)
6:30:52 143 89 / 15 M55-59 KRAKOW
5:28:10
 "
144,MIDD=1577151205,Reggae Marathon,"Negril, Jamaica","December 5, 2015","William Wright (M25)
6:34:18 144 90 / 7 M25-29 COMMODORE DISTRICT
6:34:18
 "
145,MIDD=1577151205,Reggae Marathon,"Negril, Jamaica","December 5, 2015","Rosalind Streater (F40)
6:51:48 145 55 / 10 F40-44 PINEVILLE, NC, USA
6:32:16
 "
146,MIDD=1577151205,Reggae Marathon,"Negril, Jamaica","December 5, 2015","Gwendolyn Houston (F40)
6:53:06 146 56 / 11 F40-44 LEWISVILLE, TX, USA
6:33:31
 "
147,MIDD=1577151205,Reggae Marathon,"Negril, Jamaica","December 5, 2015","Ingrid Ross (F45)
6:53:54 147 57 / 13 F45-49 LAUREL, MD, USA
6:13:05
 "
148,MIDD=1577151205,Reggae Marathon,"Negril, Jamaica","December 5, 2015","Yvonne Deanne Nunn (F53)
6:53:54 148 58 / 11 F50-54 TULSA, OK, USA
5:36:59
 "
149,MIDD=1577151205,Reggae Marathon,"Negril, Jamaica","December 5, 2015","Michele Lowe (F49)
6:56:38 149 59 / 14 F45-49 KINGSTON
5:57:23
 "
150,MIDD=1577151205,Reggae Marathon,"Negril, Jamaica","December 5, 2015","Codey Watson (M34)
7:04:27 150 91 / 12 M30-34 COBOUG, ON, Canada
7:04:27
 "
151,MIDD=1577151205,Reggae Marathon,"Negril, Jamaica","December 5, 2015","Carolee Walker (F57)
7:13:21 151 60 / 4 F55-59 CHEVY CHASE, MD, USA
5:33:56
 "
152,MIDD=1577151205,Reggae Marathon,"Negril, Jamaica","December 5, 2015","Paulette Meggoe (F60)
7:18:15 152 61 / 3 F60-64 BRONX, NY, USA
5:23:17
 "
153,MIDD=1577151205,Reggae Marathon,"Negril, Jamaica","December 5, 2015","Moira Jeanmart (F57)
7:19:35 153 62 / 5 F55-59 HOUYET
5:38:44
 "
154,MIDD=1577151205,Reggae Marathon,"Negril, Jamaica","December 5, 2015","Lisa Jackson (F48)
7:22:19 154 63 / 15 F45-49 ADDISCOMBE
6:24:14
 "
155,MIDD=1577151205,Reggae Marathon,"Negril, Jamaica","December 5, 2015","Anya Lester (F44)
7:22:19 155 64 / 12 F40-44 LAS VEGAS, NV, USA
6:43:31
 "
156,MIDD=1577151205,Reggae Marathon,"Negril, Jamaica","December 5, 2015","Donna Johnson (F48)
7:41:57 156 65 / 16 F45-49 KINGSTON
6:41:17
 "
157,MIDD=1577151205,Reggae Marathon,"Negril, Jamaica","December 5, 2015","Michael Williams (M69)
7:45:20 157 92 / 5 M65-69 KINGSTON
5:45:55
 "
158,MIDD=1577151205,Reggae Marathon,"Negril, Jamaica","December 5, 2015","Barbara Cooke (F34)
8:09:00 158 66 / 9 F30-34 KINGSTON
8:04:12
 "
