,race_id,race,location,date,runners
0,MIDD=2463151115,X-Country Marathon,"Tampa, FL USA",,"

Have you run this race?Then tell us about it.

Last Name, First Name(Sex/Age)
Time OverAllPlace
Sex Place/Div Place
DIV 
City, State, Country AG Time*"
1,MIDD=2463151115,X-Country Marathon,"Tampa, FL USA",,"Matt Bertrand (M38)
3:24:09 1 1 / 1 MOpen Lakewood Ranch
3:22:18"
2,MIDD=2463151115,X-Country Marathon,"Tampa, FL USA",,"Adam Smehyl (M36)
3:29:55 2 2 / 1 M35-39 Sebring
3:29:42"
3,MIDD=2463151115,X-Country Marathon,"Tampa, FL USA",,"Philip Marcus (M44)
3:45:45 3 3 / 1 MMasters Tampa
3:33:05"
4,MIDD=2463151115,X-Country Marathon,"Tampa, FL USA",,"Jason Larkin (M35)
3:55:18 4 4 / 2 M35-39 Seminole
3:55:18"
5,MIDD=2463151115,X-Country Marathon,"Tampa, FL USA",,"Corey Duever (M29)
4:02:42 5 5 / 1 M25-29 Sarasota
4:02:42"
6,MIDD=2463151115,X-Country Marathon,"Tampa, FL USA",,"JP Hoffmeister (M36)
4:03:55 6 6 / 3 M35-39 Palmetto
4:03:40"
7,MIDD=2463151115,X-Country Marathon,"Tampa, FL USA",,"Brian Molen (M39)
4:07:35 7 7 / 4 M35-39 Tallahassee
4:03:37"
8,MIDD=2463151115,X-Country Marathon,"Tampa, FL USA",,"Michelle Hoffert (F33)
4:14:40 8 1 / 1 FOpen Lakeland
4:13:03"
9,MIDD=2463151115,X-Country Marathon,"Tampa, FL USA",,"Chris Jones (M52)
4:22:49 9 8 / 1 M50-54 St. Petersburg
3:51:11"
10,MIDD=2463151115,X-Country Marathon,"Tampa, FL USA",,"Bryan Kolterman (M27)
4:27:49 10 9 / 2 M25-29 Tampa
4:27:49"
11,MIDD=2463151115,X-Country Marathon,"Tampa, FL USA",,"Crystal Walls (F35)
4:34:22 11 2 / 1 F35-39 Brandon
4:30:29"
12,MIDD=2463151115,X-Country Marathon,"Tampa, FL USA",,"Lloyd English (M62)
4:38:52 12 10 / 1 M60-64 Hampton, NB, Canada
3:42:57"
13,MIDD=2463151115,X-Country Marathon,"Tampa, FL USA",,"Francisco Esquivel (M28)
4:41:54 13 11 / 3 M25-29 Tampa
4:41:54"
14,MIDD=2463151115,X-Country Marathon,"Tampa, FL USA",,"Craig Fitch (M51)
4:46:08 14 12 / 2 M50-54 St. Petersburg
4:14:00"
15,MIDD=2463151115,X-Country Marathon,"Tampa, FL USA",,"Bill Zulas (M58)
4:50:26 15 13 / 1 M55-59 Clearwater
4:01:31"
16,MIDD=2463151115,X-Country Marathon,"Tampa, FL USA",,"Ron Tucker (M53)
4:53:54 16 14 / 3 M50-54 Lithia
4:16:11"
17,MIDD=2463151115,X-Country Marathon,"Tampa, FL USA",,"Jerimiah Hartz (M35)
4:55:11 17 15 / 5 M35-39 Riverview
4:55:11"
18,MIDD=2463151115,X-Country Marathon,"Tampa, FL USA",,"Luke Kaspari (M28)
4:55:52 18 16 / 4 M25-29 Melbourne
4:55:52"
19,MIDD=2463151115,X-Country Marathon,"Tampa, FL USA",,"Emily Vannoy (F19)
4:57:10 19 3 / 1 F15-19 Lithia
4:55:15"
20,MIDD=2463151115,X-Country Marathon,"Tampa, FL USA",,"Michael Patterson (M60)
5:05:46 20 17 / 2 M60-64 Dunedin
4:09:21"
21,MIDD=2463151115,X-Country Marathon,"Tampa, FL USA",,"Jenny Bonner (F27)
5:21:19 21 4 / 1 F25-29 Spartanburg, SC, USA
5:21:19"
22,MIDD=2463151115,X-Country Marathon,"Tampa, FL USA",,"Ramonita Colon (F44)
5:22:50 22 5 / 1 FMasters Sarasota
4:54:31"
23,MIDD=2463151115,X-Country Marathon,"Tampa, FL USA",,"Allison Polender (F41)
5:22:52 23 6 / 1 F40-44 Tampa
5:04:37"
24,MIDD=2463151115,X-Country Marathon,"Tampa, FL USA",,"David Barnes (M42)
5:23:42 24 18 / 1 M40-44 Valrico
5:10:43"
25,MIDD=2463151115,X-Country Marathon,"Tampa, FL USA",,"Craig Troyer (M54)
5:24:12 25 19 / 4 M50-54 Bridgeville, PA, USA
4:40:00"
26,MIDD=2463151115,X-Country Marathon,"Tampa, FL USA",,"John Izzo (M66)
5:24:12 26 20 / 1 M65-69 Bradenton
4:08:47"
27,MIDD=2463151115,X-Country Marathon,"Tampa, FL USA",,"John Pyle (M58)
5:24:12 27 21 / 2 M55-59 Sarasota
4:29:36"
28,MIDD=2463151115,X-Country Marathon,"Tampa, FL USA",,"Tori Moffitt (F40)
5:37:24 28 7 / 2 F40-44 Key West
5:21:24"
29,MIDD=2463151115,X-Country Marathon,"Tampa, FL USA",,"Matt McElroy (M34)
5:43:10 29 22 / 1 M30-34 Clearwater
5:43:10"
30,MIDD=2463151115,X-Country Marathon,"Tampa, FL USA",,"Charles Bouwens (M50)
5:43:12 30 23 / 5 M50-54 Palm Harbor
5:07:24"
31,MIDD=2463151115,X-Country Marathon,"Tampa, FL USA",,"David Denton (M46)
5:45:08 31 24 / 1 M45-49 Lithia
5:20:12"
32,MIDD=2463151115,X-Country Marathon,"Tampa, FL USA",,"Dana Greenhoe (M67)
5:50:57 32 25 / 2 M65-69 Valrico
4:26:30"
33,MIDD=2463151115,X-Country Marathon,"Tampa, FL USA",,"Mark Plut (M45)
5:52:56 33 26 / 2 M45-49 Bradenton
5:30:16"
34,MIDD=2463151115,X-Country Marathon,"Tampa, FL USA",,"George Steriadis (M63)
6:02:29 34 27 / 3 M60-64 Clearwater
4:46:54"
35,MIDD=2463151115,X-Country Marathon,"Tampa, FL USA",,"Martin Nowak (M52)
6:03:37 35 28 / 6 M50-54 Middletown, NY, USA
5:19:52"
36,MIDD=2463151115,X-Country Marathon,"Tampa, FL USA",,"Kelly Vanett (F33)
6:12:57 36 8 / 1 F30-34 Clearwater
6:10:36"
37,MIDD=2463151115,X-Country Marathon,"Tampa, FL USA",,"Justin McNeill (M19)
6:12:58 37 29 / 1 M15-19 Apollo Beach
6:03:49"
38,MIDD=2463151115,X-Country Marathon,"Tampa, FL USA",,"Abraham Lim (M65)
6:14:16 38 30 / 3 M65-69 Avon Park
4:50:12"
39,MIDD=2463151115,X-Country Marathon,"Tampa, FL USA",,"Jennifer Humayun (F50)
6:15:35 39 9 / 1 F50-54 Tallahassee
5:18:04"
40,MIDD=2463151115,X-Country Marathon,"Tampa, FL USA",,"William Goode (M68)
6:49:33 40 31 / 4 M65-69 Tampa
5:07:44"
41,MIDD=2463151115,X-Country Marathon,"Tampa, FL USA",,"Harry Hoffman Jr (M74)
6:49:47 41 32 / 1 M70-74 Stuart
4:46:26"
