,race_id,race,location,date,runners
0,MIDD=5472151206,Topo Trail Marathon,"Cincinnati, OH USA","December 6, 2015","

Have you run this race?Then tell us about it.

Last Name, First Name(Sex/Age)
Time OverAllPlace
Sex Place"
1,MIDD=5472151206,Topo Trail Marathon,"Cincinnati, OH USA","December 6, 2015","Marc Teismann (M)
3:23:32 1 1"
2,MIDD=5472151206,Topo Trail Marathon,"Cincinnati, OH USA","December 6, 2015","Gary Minter (M)
3:23:50 2 2"
3,MIDD=5472151206,Topo Trail Marathon,"Cincinnati, OH USA","December 6, 2015","Evan Bayles (M)
3:46:10 3 3"
4,MIDD=5472151206,Topo Trail Marathon,"Cincinnati, OH USA","December 6, 2015","Kim Lorentz (F)
3:53:01 4 1"
5,MIDD=5472151206,Topo Trail Marathon,"Cincinnati, OH USA","December 6, 2015","Travis Leyhe (M)
3:59:26 5 4"
6,MIDD=5472151206,Topo Trail Marathon,"Cincinnati, OH USA","December 6, 2015","Paul Holovnia (M)
4:12:21 6 5"
7,MIDD=5472151206,Topo Trail Marathon,"Cincinnati, OH USA","December 6, 2015","Steven Walkup (M)
4:16:55 7 6"
8,MIDD=5472151206,Topo Trail Marathon,"Cincinnati, OH USA","December 6, 2015","Jonathan Pentz (M)
4:17:30 8 7"
9,MIDD=5472151206,Topo Trail Marathon,"Cincinnati, OH USA","December 6, 2015","Steve Torok (M)
4:20:13 9 8"
10,MIDD=5472151206,Topo Trail Marathon,"Cincinnati, OH USA","December 6, 2015","Kristin Hoffman (F)
4:25:39 10 2"
11,MIDD=5472151206,Topo Trail Marathon,"Cincinnati, OH USA","December 6, 2015","Maria Efimova (F)
4:27:19 11 3"
12,MIDD=5472151206,Topo Trail Marathon,"Cincinnati, OH USA","December 6, 2015","Sarah Jacobson (F)
4:29:00 12 4"
13,MIDD=5472151206,Topo Trail Marathon,"Cincinnati, OH USA","December 6, 2015","Chase Baumgardner (M)
4:29:22 13 9"
14,MIDD=5472151206,Topo Trail Marathon,"Cincinnati, OH USA","December 6, 2015","Joe Fernandez (M)
4:38:18 14 10"
15,MIDD=5472151206,Topo Trail Marathon,"Cincinnati, OH USA","December 6, 2015","Kenneth Wedig (M)
4:40:56 15 11"
16,MIDD=5472151206,Topo Trail Marathon,"Cincinnati, OH USA","December 6, 2015","Molly Maggard (F)
4:41:09 16 5"
17,MIDD=5472151206,Topo Trail Marathon,"Cincinnati, OH USA","December 6, 2015","John Grebenc (M)
4:41:39 17 12"
18,MIDD=5472151206,Topo Trail Marathon,"Cincinnati, OH USA","December 6, 2015","David Aguiar (M)
4:42:00 18 13"
19,MIDD=5472151206,Topo Trail Marathon,"Cincinnati, OH USA","December 6, 2015","Taylor Hoffman (F)
4:43:13 19 6"
20,MIDD=5472151206,Topo Trail Marathon,"Cincinnati, OH USA","December 6, 2015","Adam Rosing (M)
4:49:52 20 14"
21,MIDD=5472151206,Topo Trail Marathon,"Cincinnati, OH USA","December 6, 2015","Erin Lawry (F)
4:51:26 21 7"
22,MIDD=5472151206,Topo Trail Marathon,"Cincinnati, OH USA","December 6, 2015","Geoff Peterson (M)
4:52:27 22 15"
23,MIDD=5472151206,Topo Trail Marathon,"Cincinnati, OH USA","December 6, 2015","Kurt McKinnis (M)
4:56:49 23 16"
24,MIDD=5472151206,Topo Trail Marathon,"Cincinnati, OH USA","December 6, 2015","Yosh Schulman (M)
4:57:49 24 17"
25,MIDD=5472151206,Topo Trail Marathon,"Cincinnati, OH USA","December 6, 2015","Doug Andrews (M)
5:10:30 25 18"
26,MIDD=5472151206,Topo Trail Marathon,"Cincinnati, OH USA","December 6, 2015","Marcus Whisman (M)
5:18:09 26 19"
27,MIDD=5472151206,Topo Trail Marathon,"Cincinnati, OH USA","December 6, 2015","Bethany Gentry (F)
5:20:48 27 8"
28,MIDD=5472151206,Topo Trail Marathon,"Cincinnati, OH USA","December 6, 2015","Wesley Berg (M)
5:20:48 28 20"
29,MIDD=5472151206,Topo Trail Marathon,"Cincinnati, OH USA","December 6, 2015","David Downing (M)
5:22:46 29 21"
30,MIDD=5472151206,Topo Trail Marathon,"Cincinnati, OH USA","December 6, 2015","Rob Runkle (M)
5:23:30 30 22"
31,MIDD=5472151206,Topo Trail Marathon,"Cincinnati, OH USA","December 6, 2015","Patrick Farrell (M)
5:27:58 31 23"
32,MIDD=5472151206,Topo Trail Marathon,"Cincinnati, OH USA","December 6, 2015","Ray Schommer (M)
5:29:04 32 24"
33,MIDD=5472151206,Topo Trail Marathon,"Cincinnati, OH USA","December 6, 2015","Greg Burress (M)
5:32:16 33 25"
34,MIDD=5472151206,Topo Trail Marathon,"Cincinnati, OH USA","December 6, 2015","Roger Vance (M)
5:34:10 34 26"
35,MIDD=5472151206,Topo Trail Marathon,"Cincinnati, OH USA","December 6, 2015","Madison Samblanet (F)
5:34:44 35 9"
36,MIDD=5472151206,Topo Trail Marathon,"Cincinnati, OH USA","December 6, 2015","Keith Morey (M)
5:35:32 36 27"
37,MIDD=5472151206,Topo Trail Marathon,"Cincinnati, OH USA","December 6, 2015","Chuck Harrison (M)
5:35:32 37 28"
38,MIDD=5472151206,Topo Trail Marathon,"Cincinnati, OH USA","December 6, 2015","Kathleen Galarza (F)
5:37:36 38 10"
39,MIDD=5472151206,Topo Trail Marathon,"Cincinnati, OH USA","December 6, 2015","Mike Stokes (M)
5:45:54 39 29"
40,MIDD=5472151206,Topo Trail Marathon,"Cincinnati, OH USA","December 6, 2015","Jeremy Louis (M)
5:54:06 40 30"
41,MIDD=5472151206,Topo Trail Marathon,"Cincinnati, OH USA","December 6, 2015","Jennifer Moeller (F)
5:54:55 41 11"
42,MIDD=5472151206,Topo Trail Marathon,"Cincinnati, OH USA","December 6, 2015","Steve Hamilton (M)
5:58:26 42 31"
43,MIDD=5472151206,Topo Trail Marathon,"Cincinnati, OH USA","December 6, 2015","Davis Garcia (M)
6:02:42 43 32"
44,MIDD=5472151206,Topo Trail Marathon,"Cincinnati, OH USA","December 6, 2015","Noah Roper (M)
6:07:40 44 33"
45,MIDD=5472151206,Topo Trail Marathon,"Cincinnati, OH USA","December 6, 2015","Tana Kirkbride (F)
6:08:15 45 12"
46,MIDD=5472151206,Topo Trail Marathon,"Cincinnati, OH USA","December 6, 2015","Nikki Bisig (F)
6:08:15 46 13"
47,MIDD=5472151206,Topo Trail Marathon,"Cincinnati, OH USA","December 6, 2015","Sylvia Gleason (F)
6:16:32 47 14"
48,MIDD=5472151206,Topo Trail Marathon,"Cincinnati, OH USA","December 6, 2015","Kevin Delk (M)
6:20:04 48 34"
49,MIDD=5472151206,Topo Trail Marathon,"Cincinnati, OH USA","December 6, 2015","Kayla Delk (F)
6:20:04 49 15"
50,MIDD=5472151206,Topo Trail Marathon,"Cincinnati, OH USA","December 6, 2015","James Russell (M)
6:24:50 50 35"
51,MIDD=5472151206,Topo Trail Marathon,"Cincinnati, OH USA","December 6, 2015","Aaron Clark (M)
6:32:08 51 36"
52,MIDD=5472151206,Topo Trail Marathon,"Cincinnati, OH USA","December 6, 2015","Mike Taylor (M)
6:32:08 52 37"
53,MIDD=5472151206,Topo Trail Marathon,"Cincinnati, OH USA","December 6, 2015","connie kolita (F)
6:38:02 53 16"
54,MIDD=5472151206,Topo Trail Marathon,"Cincinnati, OH USA","December 6, 2015","Zach Rozelle (M)
6:38:03 54 38"
55,MIDD=5472151206,Topo Trail Marathon,"Cincinnati, OH USA","December 6, 2015","Kaitlin Ryckman (F)
6:39:58 55 17"
56,MIDD=5472151206,Topo Trail Marathon,"Cincinnati, OH USA","December 6, 2015","Doug Arlinghaus (M)
6:43:44 56 39"
57,MIDD=5472151206,Topo Trail Marathon,"Cincinnati, OH USA","December 6, 2015","David Trachte (M)
6:49:03 57 40"
58,MIDD=5472151206,Topo Trail Marathon,"Cincinnati, OH USA","December 6, 2015","Cliff Jennings (M)
6:49:04 58 41"
59,MIDD=5472151206,Topo Trail Marathon,"Cincinnati, OH USA","December 6, 2015","Christian Montes (M)
6:50:54 59 42"
60,MIDD=5472151206,Topo Trail Marathon,"Cincinnati, OH USA","December 6, 2015","Marlin Yoder (M)
6:52:13 60 43"
61,MIDD=5472151206,Topo Trail Marathon,"Cincinnati, OH USA","December 6, 2015","Tamara Smith (F)
6:57:25 61 18"
62,MIDD=5472151206,Topo Trail Marathon,"Cincinnati, OH USA","December 6, 2015","John Sites (M)
6:58:13 62 44"
63,MIDD=5472151206,Topo Trail Marathon,"Cincinnati, OH USA","December 6, 2015","Juan Navarro (M)
6:58:32 63 45"
64,MIDD=5472151206,Topo Trail Marathon,"Cincinnati, OH USA","December 6, 2015","Colin Gormley (M)
6:58:33 64 46"
65,MIDD=5472151206,Topo Trail Marathon,"Cincinnati, OH USA","December 6, 2015","Joseph Zimmerman (M)
6:59:05 65 47"
66,MIDD=5472151206,Topo Trail Marathon,"Cincinnati, OH USA","December 6, 2015","marian miller (F)
6:59:06 66 19"
67,MIDD=5472151206,Topo Trail Marathon,"Cincinnati, OH USA","December 6, 2015","Andrew Gates (M)
7:03:56 67 48"
68,MIDD=5472151206,Topo Trail Marathon,"Cincinnati, OH USA","December 6, 2015","Alexandrea Davis (F)
7:09:13 68 20"
69,MIDD=5472151206,Topo Trail Marathon,"Cincinnati, OH USA","December 6, 2015","Jamie Schumacher (F)
7:19:27 69 21"
70,MIDD=5472151206,Topo Trail Marathon,"Cincinnati, OH USA","December 6, 2015","Calix Fattmann (F)
7:31:29 70 22"
71,MIDD=5472151206,Topo Trail Marathon,"Cincinnati, OH USA","December 6, 2015","Ken Fattmann (M)
7:31:30 71 49"
72,MIDD=5472151206,Topo Trail Marathon,"Cincinnati, OH USA","December 6, 2015","Henry Rueden (M)
7:56:13 72 50"
73,MIDD=5472151206,Topo Trail Marathon,"Cincinnati, OH USA","December 6, 2015","Hajime Nishi (M)
8:43:32 73 51"
