,race_id,race,location,date,runners
0,MIDD=1505151128,Mississippi Coast Marathon,"Waveland, MS USA","November 28, 2015","

Have you run this race?Then tell us about it.

Last Name, First Name(Sex/Age)
Time OverAllPlace
Sex Place/Div Place
DIV AG Time* BQ*"
1,MIDD=1505151128,Mississippi Coast Marathon,"Waveland, MS USA","November 28, 2015","Leonard Vergunst (M60)
3:16:28 1 1 / 1 M60-64
2:40:13
BQ"
2,MIDD=1505151128,Mississippi Coast Marathon,"Waveland, MS USA","November 28, 2015","Benny Volkmann (M35)
3:18:47 2 2 / 1 M35-39
3:18:47
 "
3,MIDD=1505151128,Mississippi Coast Marathon,"Waveland, MS USA","November 28, 2015","Steven Odom (M41)
3:24:11 3 3 / 1 M40-44
3:17:37
 "
4,MIDD=1505151128,Mississippi Coast Marathon,"Waveland, MS USA","November 28, 2015","Rebecca Bell (F36)
3:25:59 4 1 / 1 F35-39
3:22:01
BQ"
5,MIDD=1505151128,Mississippi Coast Marathon,"Waveland, MS USA","November 28, 2015","Jeff Offhaus (M47)
3:26:48 5 4 / 1 M45-49
3:10:12
 "
6,MIDD=1505151128,Mississippi Coast Marathon,"Waveland, MS USA","November 28, 2015","Jason Cheek (M34)
3:28:10 6 5 / 1 M30-34
3:28:10
 "
7,MIDD=1505151128,Mississippi Coast Marathon,"Waveland, MS USA","November 28, 2015","Tiffany Britton (F37)
3:29:42 7 2 / 2 F35-39
3:24:26
BQ"
8,MIDD=1505151128,Mississippi Coast Marathon,"Waveland, MS USA","November 28, 2015","Dan Vega (M40)
3:32:22 8 6 / 2 M40-44
3:27:14
 "
9,MIDD=1505151128,Mississippi Coast Marathon,"Waveland, MS USA","November 28, 2015","Rusty Burns (M46)
3:32:45 9 7 / 2 M45-49
3:17:23
 "
10,MIDD=1505151128,Mississippi Coast Marathon,"Waveland, MS USA","November 28, 2015","Andy Kwan (M38)
3:34:53 10 8 / 2 M35-39
3:32:56
 "
11,MIDD=1505151128,Mississippi Coast Marathon,"Waveland, MS USA","November 28, 2015","Zachary Speck (M25)
3:38:28 11 9 / 1 M25-29
3:38:28
 "
12,MIDD=1505151128,Mississippi Coast Marathon,"Waveland, MS USA","November 28, 2015","Kristina Stratton (F38)
3:39:51 12 3 / 3 F35-39
3:32:51
BQ"
13,MIDD=1505151128,Mississippi Coast Marathon,"Waveland, MS USA","November 28, 2015","Jason Hughes (M41)
3:46:01 13 10 / 3 M40-44
3:38:45
 "
14,MIDD=1505151128,Mississippi Coast Marathon,"Waveland, MS USA","November 28, 2015","Joe Mitchell (M52)
3:50:26 14 11 / 1 M50-54
3:22:42
 "
15,MIDD=1505151128,Mississippi Coast Marathon,"Waveland, MS USA","November 28, 2015","Jennifer Fedora (F41)
3:50:35 15 4 / 1 F40-44
3:37:33
 "
16,MIDD=1505151128,Mississippi Coast Marathon,"Waveland, MS USA","November 28, 2015","David Bergeron (M60)
3:53:25 16 12 / 2 M60-64
3:10:21
BQ"
17,MIDD=1505151128,Mississippi Coast Marathon,"Waveland, MS USA","November 28, 2015","Gary Sinopoli (M46)
4:04:26 17 13 / 3 M45-49
3:46:47
 "
18,MIDD=1505151128,Mississippi Coast Marathon,"Waveland, MS USA","November 28, 2015","James Parker (M59)
4:05:25 18 14 / 1 M55-59
3:22:07
 "
19,MIDD=1505151128,Mississippi Coast Marathon,"Waveland, MS USA","November 28, 2015","David Dutton (M60)
4:07:56 19 15 / 3 M60-64
3:22:11
 "
20,MIDD=1505151128,Mississippi Coast Marathon,"Waveland, MS USA","November 28, 2015","Len Sheets (M45)
4:08:59 20 16 / 4 M45-49
3:52:59
 "
21,MIDD=1505151128,Mississippi Coast Marathon,"Waveland, MS USA","November 28, 2015","Erin Kraus (F30)
4:16:18 21 5 / 1 F30-34
4:16:11
 "
22,MIDD=1505151128,Mississippi Coast Marathon,"Waveland, MS USA","November 28, 2015","Ryan Yates (M40)
4:19:23 22 17 / 4 M40-44
4:13:07
 "
23,MIDD=1505151128,Mississippi Coast Marathon,"Waveland, MS USA","November 28, 2015","Drew Dickerson (M42)
4:20:18 23 18 / 5 M40-44
4:09:51
 "
24,MIDD=1505151128,Mississippi Coast Marathon,"Waveland, MS USA","November 28, 2015","Joe Higginbotham (M46)
4:22:21 24 19 / 5 M45-49
4:03:24
 "
25,MIDD=1505151128,Mississippi Coast Marathon,"Waveland, MS USA","November 28, 2015","Barbara White (F53)
4:23:21 25 6 / 1 F50-54
3:34:25
 "
26,MIDD=1505151128,Mississippi Coast Marathon,"Waveland, MS USA","November 28, 2015","Jimmy Giles (M50)
4:24:19 26 20 / 2 M50-54
3:56:44
 "
27,MIDD=1505151128,Mississippi Coast Marathon,"Waveland, MS USA","November 28, 2015","Peter Lamb (M29)
4:24:51 27 21 / 2 M25-29
4:24:51
 "
28,MIDD=1505151128,Mississippi Coast Marathon,"Waveland, MS USA","November 28, 2015","Melony McDermott (F24)
4:26:39 28 7 / 1 F20-24
4:26:39
 "
29,MIDD=1505151128,Mississippi Coast Marathon,"Waveland, MS USA","November 28, 2015","Ed Downey (M62)
4:27:37 29 22 / 4 M60-64
3:33:57
 "
30,MIDD=1505151128,Mississippi Coast Marathon,"Waveland, MS USA","November 28, 2015","Dallas Smith (M75)
4:28:10 30 23 / 1 M75-79
3:04:33
BQ"
31,MIDD=1505151128,Mississippi Coast Marathon,"Waveland, MS USA","November 28, 2015","Emmanuel Agno (M50)
4:28:20 31 24 / 3 M50-54
4:00:20
 "
32,MIDD=1505151128,Mississippi Coast Marathon,"Waveland, MS USA","November 28, 2015","Jamie Leavens (M36)
4:29:07 32 25 / 3 M35-39
4:28:50
 "
33,MIDD=1505151128,Mississippi Coast Marathon,"Waveland, MS USA","November 28, 2015","Julian Slaughter (M34)
4:30:33 33 26 / 2 M30-34
4:30:33
 "
34,MIDD=1505151128,Mississippi Coast Marathon,"Waveland, MS USA","November 28, 2015","Neil Britton (M42)
4:35:31 34 27 / 6 M40-44
4:24:28
 "
35,MIDD=1505151128,Mississippi Coast Marathon,"Waveland, MS USA","November 28, 2015","Stephanie Weldon (F45)
4:36:58 35 8 / 1 F45-49
4:09:39
 "
36,MIDD=1505151128,Mississippi Coast Marathon,"Waveland, MS USA","November 28, 2015","Nicole Lipscomb (F42)
4:40:17 36 9 / 2 F40-44
4:21:42
 "
37,MIDD=1505151128,Mississippi Coast Marathon,"Waveland, MS USA","November 28, 2015","Christine Folchi (F43)
4:41:15 37 10 / 3 F40-44
4:19:39
 "
38,MIDD=1505151128,Mississippi Coast Marathon,"Waveland, MS USA","November 28, 2015","April Smith (F30)
4:42:07 38 11 / 2 F30-34
4:42:00
 "
39,MIDD=1505151128,Mississippi Coast Marathon,"Waveland, MS USA","November 28, 2015","Cody Comardelle (M28)
4:45:31 39 28 / 3 M25-29
4:45:31
 "
40,MIDD=1505151128,Mississippi Coast Marathon,"Waveland, MS USA","November 28, 2015","Amber Geiser (F32)
4:46:17 40 12 / 3 F30-34
4:45:16
 "
41,MIDD=1505151128,Mississippi Coast Marathon,"Waveland, MS USA","November 28, 2015","Sue Lachman (F48)
4:47:48 41 13 / 2 F45-49
4:10:00
 "
42,MIDD=1505151128,Mississippi Coast Marathon,"Waveland, MS USA","November 28, 2015","Rafael Rohena (M63)
4:50:48 42 29 / 5 M60-64
3:50:10
 "
43,MIDD=1505151128,Mississippi Coast Marathon,"Waveland, MS USA","November 28, 2015","Teri Grant (F37)
4:51:08 43 14 / 4 F35-39
4:43:49
 "
44,MIDD=1505151128,Mississippi Coast Marathon,"Waveland, MS USA","November 28, 2015","Benjamin Tague (M34)
4:52:50 44 30 / 3 M30-34
4:52:50
 "
45,MIDD=1505151128,Mississippi Coast Marathon,"Waveland, MS USA","November 28, 2015","Patrick Weldon (M48)
4:56:01 45 31 / 6 M45-49
4:29:54
 "
46,MIDD=1505151128,Mississippi Coast Marathon,"Waveland, MS USA","November 28, 2015","Kent Grayum (M42)
4:57:39 46 32 / 7 M40-44
4:45:42
 "
47,MIDD=1505151128,Mississippi Coast Marathon,"Waveland, MS USA","November 28, 2015","Randy West (M59)
4:58:29 47 33 / 2 M55-59
4:05:49
 "
48,MIDD=1505151128,Mississippi Coast Marathon,"Waveland, MS USA","November 28, 2015","Winston Symmes (M39)
4:58:45 48 34 / 4 M35-39
4:53:58
 "
49,MIDD=1505151128,Mississippi Coast Marathon,"Waveland, MS USA","November 28, 2015","Aprille Oxenford (F32)
4:58:51 49 15 / 4 F30-34
4:57:48
 "
50,MIDD=1505151128,Mississippi Coast Marathon,"Waveland, MS USA","November 28, 2015","Robert Huesgen (M35)
4:59:56 50 35 / 5 M35-39
4:59:56
 "
51,MIDD=1505151128,Mississippi Coast Marathon,"Waveland, MS USA","November 28, 2015","Mica Stevens (F37)
5:03:21 51 16 / 5 F35-39
4:55:44
 "
52,MIDD=1505151128,Mississippi Coast Marathon,"Waveland, MS USA","November 28, 2015","Jen Mommens (F34)
5:05:07 52 17 / 5 F30-34
5:02:07
 "
53,MIDD=1505151128,Mississippi Coast Marathon,"Waveland, MS USA","November 28, 2015","Mark Edwards (M29)
5:08:01 53 36 / 4 M25-29
5:08:01
 "
54,MIDD=1505151128,Mississippi Coast Marathon,"Waveland, MS USA","November 28, 2015","Ethan Mayeu (M44)
5:09:17 54 37 / 8 M40-44
4:51:55
 "
55,MIDD=1505151128,Mississippi Coast Marathon,"Waveland, MS USA","November 28, 2015","Christiana Garton (F50)
5:10:59 55 18 / 2 F50-54
4:23:22
 "
56,MIDD=1505151128,Mississippi Coast Marathon,"Waveland, MS USA","November 28, 2015","Thomas Matthews (M38)
5:12:31 56 38 / 6 M35-39
5:09:42
 "
57,MIDD=1505151128,Mississippi Coast Marathon,"Waveland, MS USA","November 28, 2015","Christina Murphy (F31)
5:13:23 57 19 / 6 F30-34
5:12:52
 "
58,MIDD=1505151128,Mississippi Coast Marathon,"Waveland, MS USA","November 28, 2015","Cindy Koshicki (F38)
5:13:24 58 20 / 6 F35-39
5:03:26
 "
59,MIDD=1505151128,Mississippi Coast Marathon,"Waveland, MS USA","November 28, 2015","Demetria Thompson (F46)
5:16:06 59 21 / 3 F45-49
4:41:29
 "
60,MIDD=1505151128,Mississippi Coast Marathon,"Waveland, MS USA","November 28, 2015","Blake Cutrer (M19)
5:16:32 60 39 / 1 M15-19
5:08:46
 "
61,MIDD=1505151128,Mississippi Coast Marathon,"Waveland, MS USA","November 28, 2015","Terry Bray (M59)
5:17:42 61 40 / 3 M55-59
4:21:39
 "
62,MIDD=1505151128,Mississippi Coast Marathon,"Waveland, MS USA","November 28, 2015","Daniel Zamora (M64)
5:18:04 62 41 / 6 M60-64
4:09:12
 "
63,MIDD=1505151128,Mississippi Coast Marathon,"Waveland, MS USA","November 28, 2015","Rich Coleman (M57)
5:19:10 63 42 / 4 M55-59
4:27:58
 "
64,MIDD=1505151128,Mississippi Coast Marathon,"Waveland, MS USA","November 28, 2015","Donna Snow (F39)
5:21:53 64 22 / 7 F35-39
5:09:15
 "
65,MIDD=1505151128,Mississippi Coast Marathon,"Waveland, MS USA","November 28, 2015","Eric Brumbalow (M26)
5:25:54 65 43 / 5 M25-29
5:25:54
 "
66,MIDD=1505151128,Mississippi Coast Marathon,"Waveland, MS USA","November 28, 2015","Peggy Brooks (F64)
5:29:05 66 23 / 1 F60-64
3:47:33
 "
67,MIDD=1505151128,Mississippi Coast Marathon,"Waveland, MS USA","November 28, 2015","Roger Frings (M51)
5:29:07 67 44 / 4 M50-54
4:52:09
 "
68,MIDD=1505151128,Mississippi Coast Marathon,"Waveland, MS USA","November 28, 2015","Lindsey Gagliano (F23)
5:31:30 68 24 / 2 F20-24
5:31:30
 "
69,MIDD=1505151128,Mississippi Coast Marathon,"Waveland, MS USA","November 28, 2015","Wendy Cicek (F50)
5:33:56 69 25 / 3 F50-54
4:42:48
 "
70,MIDD=1505151128,Mississippi Coast Marathon,"Waveland, MS USA","November 28, 2015","Molly Wilson (F45)
5:33:59 70 26 / 4 F45-49
5:01:03
 "
71,MIDD=1505151128,Mississippi Coast Marathon,"Waveland, MS USA","November 28, 2015","Trica Becker (F47)
5:34:01 71 27 / 5 F45-49
4:53:48
 "
72,MIDD=1505151128,Mississippi Coast Marathon,"Waveland, MS USA","November 28, 2015","Pamela Jones (F53)
5:39:07 72 28 / 4 F50-54
4:36:06
 "
73,MIDD=1505151128,Mississippi Coast Marathon,"Waveland, MS USA","November 28, 2015","Clifton Cartwright (M62)
5:48:29 73 45 / 7 M60-64
4:38:36
 "
74,MIDD=1505151128,Mississippi Coast Marathon,"Waveland, MS USA","November 28, 2015","Mandy Buchanan (F47)
5:54:52 74 29 / 6 F45-49
5:12:08
 "
75,MIDD=1505151128,Mississippi Coast Marathon,"Waveland, MS USA","November 28, 2015","Mavis Mason (F43)
5:54:53 75 30 / 4 F40-44
5:27:37
 "
76,MIDD=1505151128,Mississippi Coast Marathon,"Waveland, MS USA","November 28, 2015","Evelyn Smith (F55)
5:59:10 76 31 / 1 F55-59
4:44:36
 "
77,MIDD=1505151128,Mississippi Coast Marathon,"Waveland, MS USA","November 28, 2015","Xiao Tu (M41)
5:59:57 77 46 / 9 M40-44
5:48:23
 "
78,MIDD=1505151128,Mississippi Coast Marathon,"Waveland, MS USA","November 28, 2015","Andrew Steiger (M53)
6:01:16 78 47 / 5 M50-54
5:14:54
 "
79,MIDD=1505151128,Mississippi Coast Marathon,"Waveland, MS USA","November 28, 2015","Sarah Lee-Faulkner (F42)
6:02:08 79 32 / 5 F40-44
5:38:07
 "
80,MIDD=1505151128,Mississippi Coast Marathon,"Waveland, MS USA","November 28, 2015","Donald Lieu (M65)
6:03:40 80 48 / 1 M65-69
4:41:59
 "
81,MIDD=1505151128,Mississippi Coast Marathon,"Waveland, MS USA","November 28, 2015","Paul House (M48)
6:07:38 81 49 / 7 M45-49
5:35:12
 "
82,MIDD=1505151128,Mississippi Coast Marathon,"Waveland, MS USA","November 28, 2015","Don Baker (M58)
6:18:17 82 50 / 5 M55-59
5:14:34
 "
83,MIDD=1505151128,Mississippi Coast Marathon,"Waveland, MS USA","November 28, 2015","Joey Jones (M45)
6:33:09 83 51 / 8 M45-49
6:07:54
 "
