,race_id,race,location,date,runners
0,MIDD=5044151107,NJ Trail Series One Day Marathon,"Augusta, NJ USA","November 7, 2015","

Have you run this race?Then tell us about it.

Last Name, First Name(Sex/Age)
Time OverAllPlace
Sex Place

City, State, Country AG Time*"
1,MIDD=5044151107,NJ Trail Series One Day Marathon,"Augusta, NJ USA","November 7, 2015","Dustin Docheff (M23)
3:24:41 1 1 West Windsor, NJ, USA
3:24:41"
2,MIDD=5044151107,NJ Trail Series One Day Marathon,"Augusta, NJ USA","November 7, 2015","Conor Murtagh (M27)
3:49:15 2 2 Long Valley, NJ, USA
3:49:15"
3,MIDD=5044151107,NJ Trail Series One Day Marathon,"Augusta, NJ USA","November 7, 2015","Rich Holmes (M65)
4:35:35 3 3 Durham, NC, USA
3:33:41"
4,MIDD=5044151107,NJ Trail Series One Day Marathon,"Augusta, NJ USA","November 7, 2015","Valerie Lalor (F45)
4:38:56 4 1 Sparta, NJ, USA
4:11:25"
5,MIDD=5044151107,NJ Trail Series One Day Marathon,"Augusta, NJ USA","November 7, 2015","John Szilezy (M40)
4:40:23 5 4 Morristown, NJ, USA
4:33:37"
6,MIDD=5044151107,NJ Trail Series One Day Marathon,"Augusta, NJ USA","November 7, 2015","Matthew Mouser (M40)
4:41:18 6 5 Oradell, NJ, USA
4:34:31"
7,MIDD=5044151107,NJ Trail Series One Day Marathon,"Augusta, NJ USA","November 7, 2015","Ellen Hirschkind (F44)
4:46:47 7 2 Monroe, NY, USA
4:21:37"
8,MIDD=5044151107,NJ Trail Series One Day Marathon,"Augusta, NJ USA","November 7, 2015","Steve Anderson (M50)
5:15:23 8 6 Gainesville, VA, USA
4:42:29"
9,MIDD=5044151107,NJ Trail Series One Day Marathon,"Augusta, NJ USA","November 7, 2015","Hialy Gutierrez (F29)
5:19:24 9 3 Cambridge, MA, USA
5:19:24"
10,MIDD=5044151107,NJ Trail Series One Day Marathon,"Augusta, NJ USA","November 7, 2015","Dennis Kuhn (M52)
5:29:09 10 7 Morganton, NC, USA
4:49:33"
11,MIDD=5044151107,NJ Trail Series One Day Marathon,"Augusta, NJ USA","November 7, 2015","Mohan Iyer (M55)
5:31:54 11 8 Oakbrook Terrace, IL, USA
4:43:58"
12,MIDD=5044151107,NJ Trail Series One Day Marathon,"Augusta, NJ USA","November 7, 2015","Tiffany Marsh (F32)
6:13:59 12 4 Somerset, NJ, USA
6:12:40"
13,MIDD=5044151107,NJ Trail Series One Day Marathon,"Augusta, NJ USA","November 7, 2015","Deborah Lazerson (F51)
6:49:53 13 5 La Jolla, CA, USA
5:42:39"
14,MIDD=5044151107,NJ Trail Series One Day Marathon,"Augusta, NJ USA","November 7, 2015","Ila Brandli (F69)
6:49:53 14 6 Mesa, AZ, USA
4:17:44"
