,race_id,race,location,date,runners
0,MIDD=1193151205,Baton Rouge Beach Marathon,"Baton Rouge, LA USA","December 5, 2015","

Have you run this race?Then tell us about it.

Last Name, First Name(Sex/Age)
Time OverAllPlace
Sex Place/Div Place
DIV Net Time 
City, State, Country AG Time* BQ*"
1,MIDD=1193151205,Baton Rouge Beach Marathon,"Baton Rouge, LA USA","December 5, 2015","Eric Biedermann (M36)
2:50:01 1 1 / 1 Mopen
2:49:59
Albuquerque, NM, USA
2:49:49
BQ"
2,MIDD=1193151205,Baton Rouge Beach Marathon,"Baton Rouge, LA USA","December 5, 2015","Cory Bourg (M35)
3:01:12 2 2 / 1 M35-39
3:01:10
Gray, LA, USA
3:01:10
BQ"
3,MIDD=1193151205,Baton Rouge Beach Marathon,"Baton Rouge, LA USA","December 5, 2015","Joshua Chauvin (M30)
3:03:54 3 3 / 1 M30-34
3:03:52
Thibodaux, LA, USA
3:03:52
BQ"
4,MIDD=1193151205,Baton Rouge Beach Marathon,"Baton Rouge, LA USA","December 5, 2015","Jack Goldberg (M47)
3:08:15 4 4 / 2 Mopen
3:08:12
Arlington Heights, IL, USA
2:53:07
BQ"
5,MIDD=1193151205,Baton Rouge Beach Marathon,"Baton Rouge, LA USA","December 5, 2015","Keith Couvillion (M44)
3:16:06 5 5 / 1 M40-44
3:15:55
Metairie, LA, USA
3:04:55
 "
6,MIDD=1193151205,Baton Rouge Beach Marathon,"Baton Rouge, LA USA","December 5, 2015","Josh Capps (M38)
3:16:24 6 6 / 2 M35-39
3:16:17
Lafayette, LA, USA
3:14:31
 "
7,MIDD=1193151205,Baton Rouge Beach Marathon,"Baton Rouge, LA USA","December 5, 2015","Brenden Brunner (M26)
3:18:02 7 7 / 1 M25-29
3:17:57
Shreveport, LA, USA
3:17:57
 "
8,MIDD=1193151205,Baton Rouge Beach Marathon,"Baton Rouge, LA USA","December 5, 2015","Jason Cheek (M34)
3:22:26 8 8 / 2 M30-34
3:22:25
Baton Rouge, LA, USA
3:22:25
 "
9,MIDD=1193151205,Baton Rouge Beach Marathon,"Baton Rouge, LA USA","December 5, 2015","Corey Robinson (M26)
3:23:17 9 9 / 2 M25-29
3:23:13
Cambridge, MA, USA
3:23:13
 "
10,MIDD=1193151205,Baton Rouge Beach Marathon,"Baton Rouge, LA USA","December 5, 2015","Ashlie Downey (F33)
3:24:18 10 1 / 1 Fopen
3:24:13
Ponchatoula, LA, USA
3:22:56
BQ"
11,MIDD=1193151205,Baton Rouge Beach Marathon,"Baton Rouge, LA USA","December 5, 2015","Jim Batson (M52)
3:24:18 11 10 / 3 Mopen
3:24:13
Springfield, LA, USA
2:59:39
BQ"
12,MIDD=1193151205,Baton Rouge Beach Marathon,"Baton Rouge, LA USA","December 5, 2015","Mark Zaffuto (M59)
3:25:06 12 11 / 1 M55-59
3:24:49
Williamstown, KY, USA
2:48:41
BQ"
13,MIDD=1193151205,Baton Rouge Beach Marathon,"Baton Rouge, LA USA","December 5, 2015","Ember Ryals (F36)
3:25:32 13 2 / 1 F35-39
3:25:29
San Antonio, TX, USA
3:21:32
BQ"
14,MIDD=1193151205,Baton Rouge Beach Marathon,"Baton Rouge, LA USA","December 5, 2015","Guy Howard (M30)
3:27:07 14 12 / 3 M30-34
3:26:40
Trussville, AL, USA
3:26:40
 "
15,MIDD=1193151205,Baton Rouge Beach Marathon,"Baton Rouge, LA USA","December 5, 2015","Ross Roussel (M53)
3:29:17 15 13 / 1 M50-54
3:29:05
Baton Rouge, LA, USA
3:02:16
BQ"
16,MIDD=1193151205,Baton Rouge Beach Marathon,"Baton Rouge, LA USA","December 5, 2015","Suzy Seeley (F56)
3:29:25 16 3 / 2 Fopen
3:29:20
Houston, TX, USA
2:43:36
BQ"
17,MIDD=1193151205,Baton Rouge Beach Marathon,"Baton Rouge, LA USA","December 5, 2015","Michael Gordon (M44)
3:29:32 17 14 / 2 M40-44
3:29:26
Milwaukee, WI, USA
3:17:41
 "
18,MIDD=1193151205,Baton Rouge Beach Marathon,"Baton Rouge, LA USA","December 5, 2015","Mike Beix (M41)
3:29:36 18 15 / 3 M40-44
3:29:30
Caledonia, WI, USA
3:22:47
 "
19,MIDD=1193151205,Baton Rouge Beach Marathon,"Baton Rouge, LA USA","December 5, 2015","David Brady (M54)
3:33:57 19 16 / 2 M50-54
3:33:44
Durham, NC, USA
3:04:36
 "
20,MIDD=1193151205,Baton Rouge Beach Marathon,"Baton Rouge, LA USA","December 5, 2015","Patrick Mills (M64)
3:34:04 20 17 / 1 M60-64
3:33:48
Champaign, IL, USA
2:47:31
BQ"
21,MIDD=1193151205,Baton Rouge Beach Marathon,"Baton Rouge, LA USA","December 5, 2015","Andrew Bzowyckyj (M29)
3:34:08 21 18 / 3 M25-29
3:33:49
Kansas City, MO, USA
3:33:49
 "
22,MIDD=1193151205,Baton Rouge Beach Marathon,"Baton Rouge, LA USA","December 5, 2015","Francis Steib (M23)
3:34:20 22 19 / 1 M20-24
3:34:18
Baton Rouge, LA, USA
3:34:18
 "
23,MIDD=1193151205,Baton Rouge Beach Marathon,"Baton Rouge, LA USA","December 5, 2015","Allie Murri (F23)
3:39:47 23 4 / 1 F20-24
3:39:34
Houston, TX, USA
3:39:34
 "
24,MIDD=1193151205,Baton Rouge Beach Marathon,"Baton Rouge, LA USA","December 5, 2015","Edward Montana (M44)
3:40:08 24 20 / 4 M40-44
3:40:03
Katy, TX, USA
3:27:42
 "
25,MIDD=1193151205,Baton Rouge Beach Marathon,"Baton Rouge, LA USA","December 5, 2015","Henry Patrick (M54)
3:40:37 25 21 / 3 M50-54
3:40:21
Baton Rouge, LA, USA
3:10:19
 "
26,MIDD=1193151205,Baton Rouge Beach Marathon,"Baton Rouge, LA USA","December 5, 2015","Jonathan Thomassie (M39)
3:41:07 26 22 / 3 M35-39
3:41:03
Thibodaux, LA, USA
3:37:30
 "
27,MIDD=1193151205,Baton Rouge Beach Marathon,"Baton Rouge, LA USA","December 5, 2015","Elish Phares (F28)
3:42:02 27 5 / 1 F25-29
3:41:42
Jackson, MS, USA
3:41:42
 "
28,MIDD=1193151205,Baton Rouge Beach Marathon,"Baton Rouge, LA USA","December 5, 2015","Ling Dao (M38)
3:42:07 28 23 / 4 M35-39
3:41:56
Fairfax, VA, USA
3:39:56
 "
29,MIDD=1193151205,Baton Rouge Beach Marathon,"Baton Rouge, LA USA","December 5, 2015","Rob Sadler Sadler (M35)
3:44:37 29 24 / 5 M35-39
3:44:22
Vicksburg, MS, USA
3:44:22
 "
30,MIDD=1193151205,Baton Rouge Beach Marathon,"Baton Rouge, LA USA","December 5, 2015","Amy Krivel (F25)
3:44:59 30 6 / 2 F25-29
3:44:37
Littleton, CO, USA
3:44:37
 "
31,MIDD=1193151205,Baton Rouge Beach Marathon,"Baton Rouge, LA USA","December 5, 2015","Brett Mount (M30)
3:46:47 31 25 / 4 M30-34
3:46:02
Greenwell Springs, LA, USA
3:46:02
 "
32,MIDD=1193151205,Baton Rouge Beach Marathon,"Baton Rouge, LA USA","December 5, 2015","Steven Flores (M29)
3:46:50 32 26 / 4 M25-29
3:46:42
Leesville, LA, USA
3:46:42
 "
33,MIDD=1193151205,Baton Rouge Beach Marathon,"Baton Rouge, LA USA","December 5, 2015","Mark Herpin (M47)
3:47:20 33 27 / 1 M45-49
3:47:12
Lafayette, LA, USA
3:28:58
 "
34,MIDD=1193151205,Baton Rouge Beach Marathon,"Baton Rouge, LA USA","December 5, 2015","Matthew Crosby (M32)
3:50:27 34 28 / 5 M30-34
3:47:33
Bossier City, LA, USA
3:47:33
 "
35,MIDD=1193151205,Baton Rouge Beach Marathon,"Baton Rouge, LA USA","December 5, 2015","Daniel Malik (M30)
3:47:58 35 29 / 6 M30-34
3:47:46
Fort Polk, LA, USA
3:47:46
 "
36,MIDD=1193151205,Baton Rouge Beach Marathon,"Baton Rouge, LA USA","December 5, 2015","Christy Draughn (F41)
3:48:15 36 7 / 1 F40-44
3:48:09
Petal, MS, USA
3:35:16
 "
37,MIDD=1193151205,Baton Rouge Beach Marathon,"Baton Rouge, LA USA","December 5, 2015","Arlene Nichols Saffian (F47)
3:49:12 37 8 / 1 F45-49
3:49:06
Newnan, GA, USA
3:21:31
BQ"
38,MIDD=1193151205,Baton Rouge Beach Marathon,"Baton Rouge, LA USA","December 5, 2015","Meg Barnes (F35)
3:50:30 38 9 / 2 F35-39
3:50:24
Petal, MS, USA
3:47:09
 "
39,MIDD=1193151205,Baton Rouge Beach Marathon,"Baton Rouge, LA USA","December 5, 2015","Ken Blahut (M55)
3:51:49 39 30 / 2 M55-59
3:51:40
Smithville, NJ, USA
3:18:13
 "
40,MIDD=1193151205,Baton Rouge Beach Marathon,"Baton Rouge, LA USA","December 5, 2015","Antonio Tomlin (M55)
3:52:23 40 31 / 3 M55-59
3:52:12
Dallas, TX, USA
3:18:40
 "
41,MIDD=1193151205,Baton Rouge Beach Marathon,"Baton Rouge, LA USA","December 5, 2015","Michael Barilla (M44)
3:53:33 41 32 / 5 M40-44
3:53:16
Charlotte, NC, USA
3:40:10
 "
42,MIDD=1193151205,Baton Rouge Beach Marathon,"Baton Rouge, LA USA","December 5, 2015","Meghan Zayas (F26)
3:54:53 42 10 / 3 F25-29
3:54:23
Ponchatoula, LA, USA
3:54:23
 "
43,MIDD=1193151205,Baton Rouge Beach Marathon,"Baton Rouge, LA USA","December 5, 2015","David Benton (M47)
3:55:15 43 33 / 2 M45-49
3:55:09
Tickfaw, LA, USA
3:36:18
 "
44,MIDD=1193151205,Baton Rouge Beach Marathon,"Baton Rouge, LA USA","December 5, 2015","Monica Geisler (F40)
3:55:16 44 11 / 2 F40-44
3:55:11
Hammond, LA, USA
3:44:02
 "
45,MIDD=1193151205,Baton Rouge Beach Marathon,"Baton Rouge, LA USA","December 5, 2015","Brian Kopp (M46)
3:55:22 45 34 / 3 M45-49
3:55:16
Rochester, MN, USA
3:38:17
 "
46,MIDD=1193151205,Baton Rouge Beach Marathon,"Baton Rouge, LA USA","December 5, 2015","Karen Flynn (F50)
3:55:45 46 12 / 3 Fopen
3:55:38
San Diego, CA, USA
3:19:33
BQ"
47,MIDD=1193151205,Baton Rouge Beach Marathon,"Baton Rouge, LA USA","December 5, 2015","Troy Dison (M46)
3:56:12 47 35 / 4 M45-49
3:55:52
Saint Amant, LA, USA
3:38:50
 "
48,MIDD=1193151205,Baton Rouge Beach Marathon,"Baton Rouge, LA USA","December 5, 2015","Dionida Ryce (F46)
3:57:17 48 13 / 2 F45-49
3:56:45
Valley Stream, NY, USA
3:30:50
 "
49,MIDD=1193151205,Baton Rouge Beach Marathon,"Baton Rouge, LA USA","December 5, 2015","Ana Romero Jurisson (F30)
3:57:11 49 14 / 1 F30-34
3:56:50
Albuquerque, NM, USA
3:56:45
 "
50,MIDD=1193151205,Baton Rouge Beach Marathon,"Baton Rouge, LA USA","December 5, 2015","Adam Rupp (M32)
3:57:57 50 36 / 7 M30-34
3:57:24
Houston, TX, USA
3:57:24
 "
51,MIDD=1193151205,Baton Rouge Beach Marathon,"Baton Rouge, LA USA","December 5, 2015","William Wischusen (M59)
3:58:03 51 37 / 4 M55-59
3:57:47
Baton Rouge, LA, USA
3:15:50
 "
52,MIDD=1193151205,Baton Rouge Beach Marathon,"Baton Rouge, LA USA","December 5, 2015","Adrian Carnie (M44)
3:58:36 52 38 / 6 M40-44
3:58:12
Ann Arbor, MI, USA
3:44:50
 "
53,MIDD=1193151205,Baton Rouge Beach Marathon,"Baton Rouge, LA USA","December 5, 2015","Stacia Lucas (F33)
4:00:31 53 15 / 2 F30-34
4:00:28
Jacksonville Beach, FL, USA
3:58:57
 "
54,MIDD=1193151205,Baton Rouge Beach Marathon,"Baton Rouge, LA USA","December 5, 2015","Gregory Gates (M41)
4:01:05 54 39 / 7 M40-44
4:00:33
Atlanta, GA, USA
3:52:50
 "
55,MIDD=1193151205,Baton Rouge Beach Marathon,"Baton Rouge, LA USA","December 5, 2015","Francine Nosser (F50)
4:02:52 55 16 / 1 F50-54
4:02:28
Vicksburg, MS, USA
3:25:20
 "
56,MIDD=1193151205,Baton Rouge Beach Marathon,"Baton Rouge, LA USA","December 5, 2015","Amanda Carmon (F44)
4:04:09 56 17 / 3 F40-44
4:03:41
Baton Rouge, LA, USA
3:42:19
 "
57,MIDD=1193151205,Baton Rouge Beach Marathon,"Baton Rouge, LA USA","December 5, 2015","Brian Harrell (M35)
4:04:57 57 40 / 6 M35-39
4:04:51
Baton Rouge, LA, USA
4:04:51
 "
58,MIDD=1193151205,Baton Rouge Beach Marathon,"Baton Rouge, LA USA","December 5, 2015","Kathy Pride (F55)
4:05:20 58 18 / 1 F55-59
4:04:57
Danville, PA, USA
3:14:06
BQ"
59,MIDD=1193151205,Baton Rouge Beach Marathon,"Baton Rouge, LA USA","December 5, 2015","Ryane Broussard (F31)
4:05:59 59 19 / 3 F30-34
4:05:26
Youngsville, LA, USA
4:05:02
 "
60,MIDD=1193151205,Baton Rouge Beach Marathon,"Baton Rouge, LA USA","December 5, 2015","Amanda Kirschner (F33)
4:05:48 60 20 / 4 F30-34
4:05:40
Washington, DC, USA
4:04:07
 "
61,MIDD=1193151205,Baton Rouge Beach Marathon,"Baton Rouge, LA USA","December 5, 2015","Elli Hebert (F31)
4:06:18 61 21 / 5 F30-34
4:05:49
Lafayette, LA, USA
4:05:26
 "
62,MIDD=1193151205,Baton Rouge Beach Marathon,"Baton Rouge, LA USA","December 5, 2015","Gordon Yowell, Jr. (M56)
4:07:13 62 41 / 5 M55-59
4:06:45
Atlantic Beach, NC, USA
3:29:09
 "
63,MIDD=1193151205,Baton Rouge Beach Marathon,"Baton Rouge, LA USA","December 5, 2015","Shannon Dutruch (F34)
4:07:39 63 22 / 6 F30-34
4:07:34
Husser, LA, USA
4:05:09
 "
64,MIDD=1193151205,Baton Rouge Beach Marathon,"Baton Rouge, LA USA","December 5, 2015","Julie Mills (F61)
4:09:41 64 23 / 1 F60-64
4:09:26
Champaign, IL, USA
3:01:12
BQ"
65,MIDD=1193151205,Baton Rouge Beach Marathon,"Baton Rouge, LA USA","December 5, 2015","Daniel Delino (M46)
4:10:37 65 42 / 5 M45-49
4:10:27
San Diego, CA, USA
3:52:22
 "
66,MIDD=1193151205,Baton Rouge Beach Marathon,"Baton Rouge, LA USA","December 5, 2015","Bruce Roberman (M52)
4:10:43 66 43 / 4 M50-54
4:10:35
Brandon, FL, USA
3:40:26
 "
67,MIDD=1193151205,Baton Rouge Beach Marathon,"Baton Rouge, LA USA","December 5, 2015","Richard Adam (M66)
4:10:46 67 44 / 1 M65-69
4:10:41
Durham, NC, USA
3:12:23
 "
68,MIDD=1193151205,Baton Rouge Beach Marathon,"Baton Rouge, LA USA","December 5, 2015","Aaron Tucker (M29)
4:13:00 68 45 / 5 M25-29
4:12:43
Baton Rouge, LA, USA
4:12:43
 "
69,MIDD=1193151205,Baton Rouge Beach Marathon,"Baton Rouge, LA USA","December 5, 2015","Donna Palmer (F49)
4:16:27 69 24 / 3 F45-49
4:15:52
Pearland, TX, USA
3:39:29
 "
70,MIDD=1193151205,Baton Rouge Beach Marathon,"Baton Rouge, LA USA","December 5, 2015","Matt Feldmann (M44)
4:17:03 70 46 / 8 M40-44
4:16:44
Edwardsville, IL, USA
4:02:20
 "
71,MIDD=1193151205,Baton Rouge Beach Marathon,"Baton Rouge, LA USA","December 5, 2015","John McHale (M51)
4:18:22 71 47 / 5 M50-54
4:18:12
Winter Springs, FL, USA
3:49:12
 "
72,MIDD=1193151205,Baton Rouge Beach Marathon,"Baton Rouge, LA USA","December 5, 2015","Steve McHale (M44)
4:18:23 72 48 / 9 M40-44
4:18:12
Winter Garden, FL, USA
4:03:43
 "
73,MIDD=1193151205,Baton Rouge Beach Marathon,"Baton Rouge, LA USA","December 5, 2015","Paul Pierce (M53)
4:20:23 73 49 / 6 M50-54
4:19:19
Midland, MI, USA
3:46:03
 "
74,MIDD=1193151205,Baton Rouge Beach Marathon,"Baton Rouge, LA USA","December 5, 2015","Wende Cleary (F54)
4:20:20 74 25 / 2 F50-54
4:20:10
Pittsford, NY, USA
3:28:59
 "
75,MIDD=1193151205,Baton Rouge Beach Marathon,"Baton Rouge, LA USA","December 5, 2015","Joshua Blair (M34)
4:20:21 75 50 / 8 M30-34
4:20:18
Port Allen, LA, USA
4:20:18
 "
76,MIDD=1193151205,Baton Rouge Beach Marathon,"Baton Rouge, LA USA","December 5, 2015","Robert Sadler (M66)
4:20:51 76 51 / 2 M65-69
4:20:27
Vicksburg, MS, USA
3:19:52
 "
77,MIDD=1193151205,Baton Rouge Beach Marathon,"Baton Rouge, LA USA","December 5, 2015","John Fisher (M63)
4:21:06 77 52 / 2 M60-64
4:20:43
Naperville, IL, USA
3:26:22
 "
78,MIDD=1193151205,Baton Rouge Beach Marathon,"Baton Rouge, LA USA","December 5, 2015","Alexander Ruiz (M41)
4:21:48 78 53 / 10 M40-44
4:21:16
Hialeah, FL, USA
4:12:53
 "
79,MIDD=1193151205,Baton Rouge Beach Marathon,"Baton Rouge, LA USA","December 5, 2015","Nora Ellertsen (F34)
4:22:05 79 26 / 7 F30-34
4:21:57
New Orleans, LA, USA
4:19:22
 "
80,MIDD=1193151205,Baton Rouge Beach Marathon,"Baton Rouge, LA USA","December 5, 2015","John Dryman (M53)
4:23:51 80 54 / 7 M50-54
4:23:19
Hattiesburg, MS, USA
3:49:32
 "
81,MIDD=1193151205,Baton Rouge Beach Marathon,"Baton Rouge, LA USA","December 5, 2015","David Nelson (M28)
4:24:19 81 55 / 6 M25-29
4:23:38
Leesville, LA, USA
4:23:38
 "
82,MIDD=1193151205,Baton Rouge Beach Marathon,"Baton Rouge, LA USA","December 5, 2015","Mark Corda (M59)
4:25:50 82 56 / 6 M55-59
4:25:13
Deridder, LA, USA
3:38:26
 "
83,MIDD=1193151205,Baton Rouge Beach Marathon,"Baton Rouge, LA USA","December 5, 2015","Rebecca Kandt (F47)
4:26:58 83 27 / 4 F45-49
4:26:46
Leawood, KS, USA
3:54:38
 "
84,MIDD=1193151205,Baton Rouge Beach Marathon,"Baton Rouge, LA USA","December 5, 2015","Jim Smieja (M64)
4:28:19 84 57 / 3 M60-64
4:27:46
Belle Plaine, MN, USA
3:29:48
 "
85,MIDD=1193151205,Baton Rouge Beach Marathon,"Baton Rouge, LA USA","December 5, 2015","Reginald Hebert (M35)
4:28:35 85 58 / 7 M35-39
4:28:07
Austin, TX, USA
4:28:07
 "
86,MIDD=1193151205,Baton Rouge Beach Marathon,"Baton Rouge, LA USA","December 5, 2015","Amy Haygood (F46)
4:29:43 86 28 / 5 F45-49
4:29:19
Vicksburg, MS, USA
3:59:50
 "
87,MIDD=1193151205,Baton Rouge Beach Marathon,"Baton Rouge, LA USA","December 5, 2015","Jeffrey Frederic (M39)
4:33:51 87 59 / 8 M35-39
4:33:25
Baton Rouge, LA, USA
4:29:02
 "
88,MIDD=1193151205,Baton Rouge Beach Marathon,"Baton Rouge, LA USA","December 5, 2015","Pollyann Keller (F42)
4:33:57 88 29 / 4 F40-44
4:33:43
Keller, TX, USA
4:15:34
 "
89,MIDD=1193151205,Baton Rouge Beach Marathon,"Baton Rouge, LA USA","December 5, 2015","Jay Cumberland (M51)
4:35:39 89 60 / 8 M50-54
4:34:47
Starkville, MS, USA
4:03:56
 "
90,MIDD=1193151205,Baton Rouge Beach Marathon,"Baton Rouge, LA USA","December 5, 2015","Kimberly Stokes (F48)
4:36:08 90 30 / 6 F45-49
4:35:45
Nashville, TN, USA
3:59:33
 "
91,MIDD=1193151205,Baton Rouge Beach Marathon,"Baton Rouge, LA USA","December 5, 2015","Michael Storey (M41)
4:36:02 91 61 / 11 M40-44
4:35:54
Benton, AR, USA
4:27:03
 "
92,MIDD=1193151205,Baton Rouge Beach Marathon,"Baton Rouge, LA USA","December 5, 2015","Miguel Valenciano (M45)
4:37:20 92 62 / 6 M45-49
4:36:41
Madison, MS, USA
4:18:55
 "
93,MIDD=1193151205,Baton Rouge Beach Marathon,"Baton Rouge, LA USA","December 5, 2015","Mary Beth Owens (F59)
4:38:18 93 31 / 2 F55-59
4:37:55
Baton Rouge, LA, USA
3:28:06
 "
94,MIDD=1193151205,Baton Rouge Beach Marathon,"Baton Rouge, LA USA","December 5, 2015","Mark Hodges (M60)
4:38:46 94 63 / 4 M60-64
4:38:25
Baton Rouge, LA, USA
3:47:03
 "
95,MIDD=1193151205,Baton Rouge Beach Marathon,"Baton Rouge, LA USA","December 5, 2015","Robert Nordman (M68)
4:39:11 95 64 / 3 M65-69
4:38:48
New Hyde Park, NY, USA
3:29:29
 "
96,MIDD=1193151205,Baton Rouge Beach Marathon,"Baton Rouge, LA USA","December 5, 2015","Clint Taylor (M37)
4:40:52 96 65 / 9 M35-39
4:40:11
Chicago, IL, USA
4:39:04
 "
97,MIDD=1193151205,Baton Rouge Beach Marathon,"Baton Rouge, LA USA","December 5, 2015","Greg Beatty (M43)
4:41:40 97 66 / 12 M40-44
4:41:30
Denham Springs, LA, USA
4:27:57
 "
98,MIDD=1193151205,Baton Rouge Beach Marathon,"Baton Rouge, LA USA","December 5, 2015","Mary Murphy (F48)
4:44:10 98 32 / 7 F45-49
4:43:47
Atlanta, GA, USA
4:06:32
 "
99,MIDD=1193151205,Baton Rouge Beach Marathon,"Baton Rouge, LA USA","December 5, 2015","David Butler (M62)
4:46:27 99 67 / 5 M60-64
4:46:03
Miramar Beach, FL, USA
3:48:42
 "
100,MIDD=1193151205,Baton Rouge Beach Marathon,"Baton Rouge, LA USA","December 5, 2015","Jason Dupuy (M30)
4:47:00 100 68 / 9 M30-34
4:46:18
Covington, LA, USA
4:46:18
 "
101,MIDD=1193151205,Baton Rouge Beach Marathon,"Baton Rouge, LA USA","December 5, 2015","Halbert Walston (M41)
4:46:51 101 69 / 13 M40-44
4:46:33
Radcliff, KY, USA
4:37:21
 "
102,MIDD=1193151205,Baton Rouge Beach Marathon,"Baton Rouge, LA USA","December 5, 2015","Paul_race_walke Adams (M47)
4:48:18 102 70 / 7 M45-49
4:47:42
Clinton, MS, USA
4:24:38
 "
103,MIDD=1193151205,Baton Rouge Beach Marathon,"Baton Rouge, LA USA","December 5, 2015","David Peabody (M55)
4:51:11 103 71 / 7 M55-59
4:50:43
Cedarville, OH, USA
4:08:44
 "
104,MIDD=1193151205,Baton Rouge Beach Marathon,"Baton Rouge, LA USA","December 5, 2015","Diane Gravelle (F52)
4:52:01 104 33 / 3 F50-54
4:51:35
Prairieville, LA, USA
4:00:35
 "
105,MIDD=1193151205,Baton Rouge Beach Marathon,"Baton Rouge, LA USA","December 5, 2015","Vaughn Johnson (M51)
4:53:56 105 72 / 9 M50-54
4:53:23
Durango, CO, USA
4:20:26
 "
106,MIDD=1193151205,Baton Rouge Beach Marathon,"Baton Rouge, LA USA","December 5, 2015","Elizabeth Wagner (F31)
4:55:55 106 34 / 8 F30-34
4:55:22
Waxahachie, TX, USA
4:54:54
 "
107,MIDD=1193151205,Baton Rouge Beach Marathon,"Baton Rouge, LA USA","December 5, 2015","William Grandberg (M33)
4:56:13 107 73 / 10 M30-34
4:56:08
Brooklyn, NY, USA
4:56:08
 "
108,MIDD=1193151205,Baton Rouge Beach Marathon,"Baton Rouge, LA USA","December 5, 2015","Patrick Annaloro (M21)
4:56:33 108 74 / 2 M20-24
4:56:21
Baton Rouge, LA, USA
4:55:00
 "
109,MIDD=1193151205,Baton Rouge Beach Marathon,"Baton Rouge, LA USA","December 5, 2015","Brandy Piser (F29)
4:57:16 109 35 / 4 F25-29
4:56:51
Gretna, LA, USA
4:56:51
 "
110,MIDD=1193151205,Baton Rouge Beach Marathon,"Baton Rouge, LA USA","December 5, 2015","Christi Potter (F45)
4:57:34 110 36 / 8 F45-49
4:57:11
Texarkana, TX, USA
4:27:53
 "
111,MIDD=1193151205,Baton Rouge Beach Marathon,"Baton Rouge, LA USA","December 5, 2015","`jerry Baron (M57)
4:58:26 111 75 / 8 M55-59
4:58:00
Hillsborough, NJ, USA
4:10:12
 "
112,MIDD=1193151205,Baton Rouge Beach Marathon,"Baton Rouge, LA USA","December 5, 2015","Susan Breeding (F61)
4:58:37 112 37 / 2 F60-64
4:58:30
Marietta, GA, USA
3:36:51
 "
113,MIDD=1193151205,Baton Rouge Beach Marathon,"Baton Rouge, LA USA","December 5, 2015","Kendra Halsell (F34)
4:59:39 113 38 / 9 F30-34
4:58:35
Benton, LA, USA
4:55:40
 "
114,MIDD=1193151205,Baton Rouge Beach Marathon,"Baton Rouge, LA USA","December 5, 2015","Lisa Caskey (F44)
4:59:52 114 39 / 5 F40-44
4:58:50
Bossier City, LA, USA
4:32:37
 "
115,MIDD=1193151205,Baton Rouge Beach Marathon,"Baton Rouge, LA USA","December 5, 2015","Matthew Watts (M59)
4:59:22 115 76 / 9 M55-59
4:58:52
Broomfield, CO, USA
4:06:08
 "
116,MIDD=1193151205,Baton Rouge Beach Marathon,"Baton Rouge, LA USA","December 5, 2015","Mohit Gala (M49)
4:59:05 116 77 / 8 M45-49
4:58:55
Denham Springs, LA, USA
4:30:09
 "
117,MIDD=1193151205,Baton Rouge Beach Marathon,"Baton Rouge, LA USA","December 5, 2015","Tracy Sellers (F43)
4:59:07 117 40 / 6 F40-44
4:58:59
Gulfport, MS, USA
4:36:01
 "
118,MIDD=1193151205,Baton Rouge Beach Marathon,"Baton Rouge, LA USA","December 5, 2015","Karrie Irwin (F40)
5:00:32 118 41 / 7 F40-44
4:59:27
Hot Springs National Park, AR, USA
4:45:16
 "
119,MIDD=1193151205,Baton Rouge Beach Marathon,"Baton Rouge, LA USA","December 5, 2015","Isabelle Schweitzer (F62)
5:00:12 119 42 / 3 F60-64
4:59:31
Ithaca, NY, USA
3:34:11
 "
120,MIDD=1193151205,Baton Rouge Beach Marathon,"Baton Rouge, LA USA","December 5, 2015","Renee Causey (F41)
5:01:26 120 43 / 8 F40-44
5:00:23
Benton, LA, USA
4:43:25
 "
121,MIDD=1193151205,Baton Rouge Beach Marathon,"Baton Rouge, LA USA","December 5, 2015","Waldo Burnham (M74)
5:02:13 121 78 / 1 M70-99
5:01:06
Lehi, UT, USA
3:30:28
 "
122,MIDD=1193151205,Baton Rouge Beach Marathon,"Baton Rouge, LA USA","December 5, 2015","Felice Graves (F28)
5:02:44 122 44 / 5 F25-29
5:01:46
Baton Rouge, LA, USA
5:01:46
 "
123,MIDD=1193151205,Baton Rouge Beach Marathon,"Baton Rouge, LA USA","December 5, 2015","David Collipp (M54)
5:06:04 123 79 / 10 M50-54
5:05:29
Flowood, MS, USA
4:23:50
 "
124,MIDD=1193151205,Baton Rouge Beach Marathon,"Baton Rouge, LA USA","December 5, 2015","Frank Leffler (M39)
5:14:51 124 80 / 10 M35-39
5:14:13
Baton Rouge, LA, USA
5:09:11
 "
125,MIDD=1193151205,Baton Rouge Beach Marathon,"Baton Rouge, LA USA","December 5, 2015","Anne Watts (F60)
5:18:56 125 45 / 4 F60-64
5:18:26
Broomfield, CO, USA
3:54:54
 "
126,MIDD=1193151205,Baton Rouge Beach Marathon,"Baton Rouge, LA USA","December 5, 2015","Tim Rogers (M46)
5:19:20 126 81 / 9 M45-49
5:19:09
Denham Springs, LA, USA
4:56:06
 "
127,MIDD=1193151205,Baton Rouge Beach Marathon,"Baton Rouge, LA USA","December 5, 2015","David Simmons (M48)
5:20:07 127 82 / 10 M45-49
5:19:41
Livingston, LA, USA
4:51:29
 "
128,MIDD=1193151205,Baton Rouge Beach Marathon,"Baton Rouge, LA USA","December 5, 2015","Kamal Jabbour (M58)
5:20:07 128 83 / 10 M55-59
5:19:44
Pompey, NY, USA
4:25:53
 "
129,MIDD=1193151205,Baton Rouge Beach Marathon,"Baton Rouge, LA USA","December 5, 2015","Victor Cross (M58)
5:23:24 129 84 / 11 M55-59
5:22:50
Gonzales, LA, USA
4:28:28
 "
130,MIDD=1193151205,Baton Rouge Beach Marathon,"Baton Rouge, LA USA","December 5, 2015","Earl Perilloux, Jr. (M45)
5:25:51 130 85 / 11 M45-49
5:25:26
Gonzales, LA, USA
5:04:32
 "
131,MIDD=1193151205,Baton Rouge Beach Marathon,"Baton Rouge, LA USA","December 5, 2015","Regan Morris (F21)
5:26:28 131 46 / 2 F20-24
5:26:02
Forest, VA, USA
5:26:02
 "
132,MIDD=1193151205,Baton Rouge Beach Marathon,"Baton Rouge, LA USA","December 5, 2015","Michael Hammonds (M47)
5:27:10 132 86 / 12 M45-49
5:26:48
Virginia Beach, VA, USA
5:00:35
 "
133,MIDD=1193151205,Baton Rouge Beach Marathon,"Baton Rouge, LA USA","December 5, 2015","Wayne Manord (M48)
5:30:45 133 87 / 13 M45-49
5:30:30
Hanceville, AL, USA
5:01:21
 "
134,MIDD=1193151205,Baton Rouge Beach Marathon,"Baton Rouge, LA USA","December 5, 2015","Mattias Liljeberg (M45)
5:34:49 134 88 / 14 M45-49
5:34:19
Baton Rouge, LA, USA
5:12:51
 "
135,MIDD=1193151205,Baton Rouge Beach Marathon,"Baton Rouge, LA USA","December 5, 2015","Maryellen Pratt (F54)
5:35:07 135 47 / 4 F50-54
5:34:33
Gramercy, LA, USA
4:28:44
 "
136,MIDD=1193151205,Baton Rouge Beach Marathon,"Baton Rouge, LA USA","December 5, 2015","Marietta Hollada (F47)
5:36:20 136 48 / 9 F45-49
5:35:45
Marietta, GA, USA
4:55:19
 "
137,MIDD=1193151205,Baton Rouge Beach Marathon,"Baton Rouge, LA USA","December 5, 2015","Olga Henao (F45)
5:36:20 137 49 / 10 F45-49
5:35:45
Decatur, GA, USA
5:02:39
 "
138,MIDD=1193151205,Baton Rouge Beach Marathon,"Baton Rouge, LA USA","December 5, 2015","Tanisha Bailey (F42)
5:37:56 138 50 / 9 F40-44
5:36:52
Dallas, TX, USA
5:14:31
 "
139,MIDD=1193151205,Baton Rouge Beach Marathon,"Baton Rouge, LA USA","December 5, 2015","John Schnake (M29)
5:40:18 139 89 / 7 M25-29
5:39:37
Lake Charles, LA, USA
5:39:37
 "
140,MIDD=1193151205,Baton Rouge Beach Marathon,"Baton Rouge, LA USA","December 5, 2015","Todd McDonald (M42)
5:47:08 140 90 / 14 M40-44
5:46:38
Zachary, LA, USA
5:32:44
 "
141,MIDD=1193151205,Baton Rouge Beach Marathon,"Baton Rouge, LA USA","December 5, 2015","Toni Navarro (F35)
5:49:19 141 51 / 3 F35-39
5:48:32
Monroe, LA, USA
5:43:37
 "
142,MIDD=1193151205,Baton Rouge Beach Marathon,"Baton Rouge, LA USA","December 5, 2015","Donald Landry (M70)
5:50:44 142 91 / 2 M70-99
5:50:44
Montreal QC, CA, USA
4:17:54
 "
143,MIDD=1193151205,Baton Rouge Beach Marathon,"Baton Rouge, LA USA","December 5, 2015","Marion Landry (F71)
5:50:45 143 52 / 1 F70-99
5:50:45
Montreal QC, CA, USA
3:31:11
 "
144,MIDD=1193151205,Baton Rouge Beach Marathon,"Baton Rouge, LA USA","December 5, 2015","Ryan Schexnaydre (M35)
5:53:24 144 92 / 11 M35-39
5:53:19
Gonzales, LA, USA
5:53:19
 "
145,MIDD=1193151205,Baton Rouge Beach Marathon,"Baton Rouge, LA USA","December 5, 2015","Tori Duphorne (F37)
6:01:12 145 53 / 4 F35-39
6:00:40
Oklahoma City, OK, USA
5:51:37
 "
146,MIDD=1193151205,Baton Rouge Beach Marathon,"Baton Rouge, LA USA","December 5, 2015","Denese Blue (F47)
6:18:37 146 54 / 11 F45-49
6:18:37
Baton Rouge, LA, USA
5:33:02
 "
147,MIDD=1193151205,Baton Rouge Beach Marathon,"Baton Rouge, LA USA","December 5, 2015","Yen Nguyen (F53)
6:22:20 147 55 / 5 F50-54
6:22:20
Houston, TX, USA
5:11:17
 "
148,MIDD=1193151205,Baton Rouge Beach Marathon,"Baton Rouge, LA USA","December 5, 2015","Steve Boone (M66)
6:22:20 148 93 / 4 M65-69
6:22:20
Humble, TX, USA
4:53:24
 "
149,MIDD=1193151205,Baton Rouge Beach Marathon,"Baton Rouge, LA USA","December 5, 2015","Cheryl Murdock (F65)
6:27:41 149 56 / 1 F65-69
6:27:41
Pensacola, FL, USA
4:23:23
 "
150,MIDD=1193151205,Baton Rouge Beach Marathon,"Baton Rouge, LA USA","December 5, 2015","Jason Bennett (M44)
6:28:45 150 94 / 15 M40-44
6:28:45
Sarasota, FL, USA
6:06:56
 "
151,MIDD=1193151205,Baton Rouge Beach Marathon,"Baton Rouge, LA USA","December 5, 2015","Elizabeth Gmerek (F54)
6:41:27 151 57 / 6 F50-54
6:41:27
Merritt Island, FL, USA
5:22:29
 "
152,MIDD=1193151205,Baton Rouge Beach Marathon,"Baton Rouge, LA USA","December 5, 2015","Jim Simpson (M73)
6:44:11 152 95 / 3 M70-99
6:44:11
Huntington Beach, CA, USA
4:46:36
 "
153,MIDD=1193151205,Baton Rouge Beach Marathon,"Baton Rouge, LA USA","December 5, 2015","Bettie Wailes (F71)
6:44:11 153 58 / 2 F70-99
6:44:11
Winter Park, FL, USA
4:03:21
 "
154,MIDD=1193151205,Baton Rouge Beach Marathon,"Baton Rouge, LA USA","December 5, 2015","Michelle Jaubert (F29)
7:04:00 154 59 / 6 F25-29
7:03:16
Baton Rouge, LA, USA
7:03:16
 "
155,MIDD=1193151205,Baton Rouge Beach Marathon,"Baton Rouge, LA USA","December 5, 2015","Vickey Baker (F70)
7:53:51 155 60 / 3 F70-99
7:53:51
Arlington, WA, USA
4:51:39
 "
156,MIDD=1193151205,Baton Rouge Beach Marathon,"Baton Rouge, LA USA","December 5, 2015","Eugene Defronzo (M79)
8:03:50 156 96 / 4 M70-99
8:03:50
Cheshire, CT, USA
5:08:38
 "
157,MIDD=1193151205,Baton Rouge Beach Marathon,"Baton Rouge, LA USA","December 5, 2015","Deborah Ingram (F61)
8:38:00 157 61 / 5 F60-64
8:38:00
Gainesville, FL, USA
6:16:19
 "
158,MIDD=1193151205,Baton Rouge Beach Marathon,"Baton Rouge, LA USA","December 5, 2015","Cathy Troisi (F69)
8:38:00 158 62 / 2 F65-69
8:38:00
Cohoes, NY, USA
5:25:43
 "
