,race_id,race,location,date,runners
0,MIDD=5372151108,C&O Canal Towpath Marathon,"Washington, DC USA","November 8, 2015","

Have you run this race?Then tell us about it.

Last Name, First Name(Sex/Age)
Time OverAllPlace
Sex Place
BQ*"
1,MIDD=5372151108,C&O Canal Towpath Marathon,"Washington, DC USA","November 8, 2015","Chuck Engle (M)
2:58:06 1 1
BQ"
2,MIDD=5372151108,C&O Canal Towpath Marathon,"Washington, DC USA","November 8, 2015","Chris Roberts (M)
3:06:45 2 2
 "
3,MIDD=5372151108,C&O Canal Towpath Marathon,"Washington, DC USA","November 8, 2015","Anne Dyroff (F)
3:20:10 3 1
BQ"
4,MIDD=5372151108,C&O Canal Towpath Marathon,"Washington, DC USA","November 8, 2015","Alexandra Petersen (F)
3:34:38 4 2
BQ"
5,MIDD=5372151108,C&O Canal Towpath Marathon,"Washington, DC USA","November 8, 2015","Kathy Goetz (F)
3:45:08 5 3
 "
6,MIDD=5372151108,C&O Canal Towpath Marathon,"Washington, DC USA","November 8, 2015","John Gilbert (M)
3:52:18 6 3
 "
7,MIDD=5372151108,C&O Canal Towpath Marathon,"Washington, DC USA","November 8, 2015","Kristin Priest (F)
3:52:45 7 4
 "
8,MIDD=5372151108,C&O Canal Towpath Marathon,"Washington, DC USA","November 8, 2015","Hyung Lee (M)
3:59:32 8 4
 "
9,MIDD=5372151108,C&O Canal Towpath Marathon,"Washington, DC USA","November 8, 2015","Sandy Cumming (F)
4:09:50 9 5
 "
10,MIDD=5372151108,C&O Canal Towpath Marathon,"Washington, DC USA","November 8, 2015","Jake Grubbs (M)
4:20:00 10 5
 "
11,MIDD=5372151108,C&O Canal Towpath Marathon,"Washington, DC USA","November 8, 2015","Becca Scofield (F)
4:24:43 11 6
 "
12,MIDD=5372151108,C&O Canal Towpath Marathon,"Washington, DC USA","November 8, 2015","Julie Crespi (F)
4:26:49 12 7
 "
13,MIDD=5372151108,C&O Canal Towpath Marathon,"Washington, DC USA","November 8, 2015","Adam Rosenberg (M)
4:27:01 13 6
 "
14,MIDD=5372151108,C&O Canal Towpath Marathon,"Washington, DC USA","November 8, 2015","Remi Trier (M)
4:27:48 14 7
 "
15,MIDD=5372151108,C&O Canal Towpath Marathon,"Washington, DC USA","November 8, 2015","Dan Herz (M)
4:28:05 15 8
 "
16,MIDD=5372151108,C&O Canal Towpath Marathon,"Washington, DC USA","November 8, 2015","Vincent Ma (M)
4:29:32 16 9
 "
17,MIDD=5372151108,C&O Canal Towpath Marathon,"Washington, DC USA","November 8, 2015","Alice Loughran (F)
4:33:44 17 8
 "
18,MIDD=5372151108,C&O Canal Towpath Marathon,"Washington, DC USA","November 8, 2015","Pamela Lauroff (F)
4:36:30 18 9
 "
19,MIDD=5372151108,C&O Canal Towpath Marathon,"Washington, DC USA","November 8, 2015","Madeline Howe (F)
4:37:28 19 10
 "
20,MIDD=5372151108,C&O Canal Towpath Marathon,"Washington, DC USA","November 8, 2015","Haben Berhe (M)
4:37:35 20 10
 "
21,MIDD=5372151108,C&O Canal Towpath Marathon,"Washington, DC USA","November 8, 2015","Catherine Codd (F)
4:39:01 21 11
 "
22,MIDD=5372151108,C&O Canal Towpath Marathon,"Washington, DC USA","November 8, 2015","K R Haga (M)
4:39:55 22 11
 "
23,MIDD=5372151108,C&O Canal Towpath Marathon,"Washington, DC USA","November 8, 2015","Amina Ait-Bella (F)
4:46:30 23 12
 "
24,MIDD=5372151108,C&O Canal Towpath Marathon,"Washington, DC USA","November 8, 2015","Julia Howe (F)
4:49:31 24 13
 "
25,MIDD=5372151108,C&O Canal Towpath Marathon,"Washington, DC USA","November 8, 2015","Rich Holmes (M)
4:52:43 25 12
 "
26,MIDD=5372151108,C&O Canal Towpath Marathon,"Washington, DC USA","November 8, 2015","Dave Godfrey (M)
4:53:45 26 13
 "
27,MIDD=5372151108,C&O Canal Towpath Marathon,"Washington, DC USA","November 8, 2015","Emily Perzanoski (F)
4:56:02 27 14
 "
28,MIDD=5372151108,C&O Canal Towpath Marathon,"Washington, DC USA","November 8, 2015","Savanna Stack (F)
4:59:11 28 15
 "
29,MIDD=5372151108,C&O Canal Towpath Marathon,"Washington, DC USA","November 8, 2015","Laura Partridge (F)
5:11:48 29 16
 "
30,MIDD=5372151108,C&O Canal Towpath Marathon,"Washington, DC USA","November 8, 2015","Donnelle Sullivan (F)
5:15:34 30 17
 "
31,MIDD=5372151108,C&O Canal Towpath Marathon,"Washington, DC USA","November 8, 2015","Lisa Speeder (F)
5:25:09 31 18
 "
32,MIDD=5372151108,C&O Canal Towpath Marathon,"Washington, DC USA","November 8, 2015","Brian Brown (M)
5:25:41 32 14
 "
33,MIDD=5372151108,C&O Canal Towpath Marathon,"Washington, DC USA","November 8, 2015","Daniel Harding (M)
5:29:20 33 15
 "
34,MIDD=5372151108,C&O Canal Towpath Marathon,"Washington, DC USA","November 8, 2015","Tammy Massie (F)
5:33:36 34 19
 "
35,MIDD=5372151108,C&O Canal Towpath Marathon,"Washington, DC USA","November 8, 2015","Rebecca Bishop (F)
5:34:57 35 20
 "
36,MIDD=5372151108,C&O Canal Towpath Marathon,"Washington, DC USA","November 8, 2015","Jennifer Groves (F)
5:36:34 36 21
 "
37,MIDD=5372151108,C&O Canal Towpath Marathon,"Washington, DC USA","November 8, 2015","Serhot Ozturk (M)
5:37:11 37 16
 "
38,MIDD=5372151108,C&O Canal Towpath Marathon,"Washington, DC USA","November 8, 2015","Alexandria Emgushov (F)
5:48:10 38 22
 "
39,MIDD=5372151108,C&O Canal Towpath Marathon,"Washington, DC USA","November 8, 2015","Wendy Wall (F)
5:48:10 39 23
 "
40,MIDD=5372151108,C&O Canal Towpath Marathon,"Washington, DC USA","November 8, 2015","Colin Hamill (M)
5:59:40 40 17
 "
41,MIDD=5372151108,C&O Canal Towpath Marathon,"Washington, DC USA","November 8, 2015","Al Cumming (M)
6:07:08 41 18
 "
42,MIDD=5372151108,C&O Canal Towpath Marathon,"Washington, DC USA","November 8, 2015","Mars Love (M)
6:07:15 42 19
 "
43,MIDD=5372151108,C&O Canal Towpath Marathon,"Washington, DC USA","November 8, 2015","Bill Rex (M)
6:35:40 43 20
 "
44,MIDD=5372151108,C&O Canal Towpath Marathon,"Washington, DC USA","November 8, 2015","Rachel Edney (F)
6:55:20 44 24
 "
