,race_id,race,location,date,runners
0,MIDD=3887151226,Operation Jack Marathon,"Los Angeles, CA USA","December 26, 2015","

Have you run this race?Then tell us about it.

Last Name, First Name(Sex/Age)
Time OverAllPlace
Sex Place/Div Place
DIV Net Time 
City, State, Country AG Time* BQ*"
1,MIDD=3887151226,Operation Jack Marathon,"Los Angeles, CA USA","December 26, 2015","Patrick Sweeney (M36)
2:55:18 1 1 / 1 M30-39
2:55:18
Manhattan Beach, CA, USA
2:55:07
BQ"
2,MIDD=3887151226,Operation Jack Marathon,"Los Angeles, CA USA","December 26, 2015","Hiroyuki Shiomi (M44)
3:03:58 2 2 / 1 M40-49
3:03:56
Ann Arbor, MI, USA
2:53:36
BQ"
3,MIDD=3887151226,Operation Jack Marathon,"Los Angeles, CA USA","December 26, 2015","Mauricio De Los Santos (M38)
3:16:06 3 3 / 2 M30-39
3:16:04
Grand Terrace, CA, USA
3:14:18
 "
4,MIDD=3887151226,Operation Jack Marathon,"Los Angeles, CA USA","December 26, 2015","Eric Winters (M29)
3:17:21 4 4 / 1 M0-29
3:16:41
San Francisco, CA, USA
3:16:41
 "
5,MIDD=3887151226,Operation Jack Marathon,"Los Angeles, CA USA","December 26, 2015","Keven Williams (M33)
3:17:58 5 5 / 3 M30-39
3:17:57
La Habra, CA, USA
3:17:57
 "
6,MIDD=3887151226,Operation Jack Marathon,"Los Angeles, CA USA","December 26, 2015","Yas Arai (M46)
3:19:56 6 6 / 2 M40-49
3:19:54
Gardena, CA, USA
3:05:28
BQ"
7,MIDD=3887151226,Operation Jack Marathon,"Los Angeles, CA USA","December 26, 2015","Felicia Cehn (F39)
3:27:22 7 1 / 1 F30-39
3:27:20
Villa Park, IL, USA
3:19:12
BQ"
8,MIDD=3887151226,Operation Jack Marathon,"Los Angeles, CA USA","December 26, 2015","David Wiskowski (M38)
3:29:38 8 7 / 4 M30-39
3:29:36
Mettawa, IL, USA
3:27:42
 "
9,MIDD=3887151226,Operation Jack Marathon,"Los Angeles, CA USA","December 26, 2015","Mike Lynch (M52)
3:34:32 9 8 / 1 M50-59
3:32:43
Henderson, NV, USA
3:07:07
 "
10,MIDD=3887151226,Operation Jack Marathon,"Los Angeles, CA USA","December 26, 2015","Matthew Banfield (M37)
3:34:09 10 9 / 5 M30-39
3:34:07
Torrance, CA, USA
3:33:15
 "
11,MIDD=3887151226,Operation Jack Marathon,"Los Angeles, CA USA","December 26, 2015","Jonas Buchmann (M30)
3:34:58 11 10 / 6 M30-39
3:34:55
Leipzig
3:34:55
 "
12,MIDD=3887151226,Operation Jack Marathon,"Los Angeles, CA USA","December 26, 2015","Jessica Stanley (F27)
3:36:37 12 2 / 1 F0-29
3:35:58
Holland, MI, USA
3:35:58
 "
13,MIDD=3887151226,Operation Jack Marathon,"Los Angeles, CA USA","December 26, 2015","Sydney Locke (F18)
3:38:23 13 3 / 2 F0-29
3:38:22
Darien, IL, USA
3:34:27
 "
14,MIDD=3887151226,Operation Jack Marathon,"Los Angeles, CA USA","December 26, 2015","Michel Maokhampio (M35)
3:42:19 14 11 / 7 M30-39
3:42:16
Los Angeles, CA, USA
3:42:16
 "
15,MIDD=3887151226,Operation Jack Marathon,"Los Angeles, CA USA","December 26, 2015","Patrick Hazelton (M35)
3:42:29 15 12 / 8 M30-39
3:42:27
Oakland, CA, USA
3:42:27
 "
16,MIDD=3887151226,Operation Jack Marathon,"Los Angeles, CA USA","December 26, 2015","Luis Monge (M37)
3:48:03 16 13 / 9 M30-39
3:48:01
Mcdonough, GA, USA
3:47:06
 "
17,MIDD=3887151226,Operation Jack Marathon,"Los Angeles, CA USA","December 26, 2015","Kevin Dieterle (M29)
3:48:57 17 14 / 2 M0-29
3:48:18
Los Angeles, CA, USA
3:48:18
 "
18,MIDD=3887151226,Operation Jack Marathon,"Los Angeles, CA USA","December 26, 2015","Edgar Valles (M32)
3:49:39 18 15 / 10 M30-39
3:49:04
La Puente, CA, USA
3:49:04
 "
19,MIDD=3887151226,Operation Jack Marathon,"Los Angeles, CA USA","December 26, 2015","Kristel Alliaume (F29)
3:54:43 19 4 / 3 F0-29
3:54:07
Hermosa Beach, CA, USA
3:54:07
 "
20,MIDD=3887151226,Operation Jack Marathon,"Los Angeles, CA USA","December 26, 2015","Steven Joseph (M54)
3:56:31 20 16 / 2 M50-59
3:56:28
Hoboken, NJ, USA
3:24:14
 "
21,MIDD=3887151226,Operation Jack Marathon,"Los Angeles, CA USA","December 26, 2015","Jonathan Shiroma (M24)
3:58:56 21 17 / 3 M0-29
3:58:16
La Mesa, CA, USA
3:58:16
 "
22,MIDD=3887151226,Operation Jack Marathon,"Los Angeles, CA USA","December 26, 2015","Dallas Fischer (F33)
4:00:18 22 5 / 2 F30-39
4:00:15
Chicago, IL, USA
3:58:44
 "
23,MIDD=3887151226,Operation Jack Marathon,"Los Angeles, CA USA","December 26, 2015","Alejandra Guerrero (F36)
4:03:29 23 6 / 3 F30-39
4:03:02
Indianapolis, IN, USA
3:58:22
 "
24,MIDD=3887151226,Operation Jack Marathon,"Los Angeles, CA USA","December 26, 2015","Mitchell Chan (M39)
4:06:11 24 18 / 11 M30-39
4:04:25
Costa Mesa, CA, USA
4:00:30
 "
25,MIDD=3887151226,Operation Jack Marathon,"Los Angeles, CA USA","December 26, 2015","John Liu (M48)
4:12:14 25 19 / 3 M40-49
4:12:08
Flushing, NY, USA
3:49:53
 "
26,MIDD=3887151226,Operation Jack Marathon,"Los Angeles, CA USA","December 26, 2015","Pete Bird (M32)
4:15:22 26 20 / 12 M30-39
4:15:15
Carmel, IN, USA
4:15:15
 "
27,MIDD=3887151226,Operation Jack Marathon,"Los Angeles, CA USA","December 26, 2015","David Dassey (M65)
4:16:11 27 21 / 1 M60-69
4:16:06
Los Angeles, CA, USA
3:18:34
 "
28,MIDD=3887151226,Operation Jack Marathon,"Los Angeles, CA USA","December 26, 2015","Alessandra Verduzco (F49)
4:20:52 28 7 / 1 F40-49
4:20:48
Redondo Beach, CA, USA
3:43:42
 "
29,MIDD=3887151226,Operation Jack Marathon,"Los Angeles, CA USA","December 26, 2015","Michelle Krok (F48)
4:21:25 29 8 / 2 F40-49
4:20:49
Granada Hills, CA, USA
3:46:34
 "
30,MIDD=3887151226,Operation Jack Marathon,"Los Angeles, CA USA","December 26, 2015","Allison Andrelchik (F32)
4:23:38 30 9 / 4 F30-39
4:23:01
University City, MO, USA
4:22:05
 "
31,MIDD=3887151226,Operation Jack Marathon,"Los Angeles, CA USA","December 26, 2015","Nathan Kwarta (M33)
4:23:39 31 22 / 13 M30-39
4:23:01
University City, MO, USA
4:23:01
 "
32,MIDD=3887151226,Operation Jack Marathon,"Los Angeles, CA USA","December 26, 2015","Rolf Hneriksson (M50)
4:27:30 32 23 / 3 M50-59
4:26:53
Los Angeles, CA, USA
3:59:02
 "
33,MIDD=3887151226,Operation Jack Marathon,"Los Angeles, CA USA","December 26, 2015","Melinda Yanuaria (F52)
4:28:55 33 10 / 1 F50-59
4:28:48
Harbor City, CA, USA
3:41:47
 "
34,MIDD=3887151226,Operation Jack Marathon,"Los Angeles, CA USA","December 26, 2015","Jack Sallakian (M42)
4:34:37 34 24 / 4 M40-49
4:34:30
Glendale, CA, USA
4:23:29
 "
35,MIDD=3887151226,Operation Jack Marathon,"Los Angeles, CA USA","December 26, 2015","Micheal Tuttle (F30)
4:36:36 35 11 / 5 F30-39
4:36:30
Anchorage, AK, USA
4:36:23
 "
36,MIDD=3887151226,Operation Jack Marathon,"Los Angeles, CA USA","December 26, 2015","Richard Mather (M36)
4:38:09 36 25 / 14 M30-39
4:36:34
Temecula, CA, USA
4:36:17
 "
37,MIDD=3887151226,Operation Jack Marathon,"Los Angeles, CA USA","December 26, 2015","Joseph Siagian (M38)
4:37:13 37 26 / 15 M30-39
4:36:36
Alexandria, VA, USA
4:34:06
 "
38,MIDD=3887151226,Operation Jack Marathon,"Los Angeles, CA USA","December 26, 2015","Deo Jaravata (M50)
4:39:34 38 27 / 4 M50-59
4:37:47
Granada Hills, CA, USA
4:08:48
 "
39,MIDD=3887151226,Operation Jack Marathon,"Los Angeles, CA USA","December 26, 2015","Shannon Malcolm (M38)
4:41:48 39 28 / 16 M30-39
4:41:09
Scotts Valley, CA, USA
4:38:37
 "
40,MIDD=3887151226,Operation Jack Marathon,"Los Angeles, CA USA","December 26, 2015","Delfino Rodriguez (M69)
4:45:54 40 29 / 2 M60-69
4:45:17
Culver City, CA, USA
3:32:04
 "
41,MIDD=3887151226,Operation Jack Marathon,"Los Angeles, CA USA","December 26, 2015","Suzanne Kairy (F50)
4:47:01 41 12 / 2 F50-59
4:46:56
Las Vegas, NV, USA
4:03:00
 "
42,MIDD=3887151226,Operation Jack Marathon,"Los Angeles, CA USA","December 26, 2015","Christian Symonds (M23)
4:54:46 42 30 / 4 M0-29
4:54:40
San Diego, CA, USA
4:54:40
 "
43,MIDD=3887151226,Operation Jack Marathon,"Los Angeles, CA USA","December 26, 2015","Lina Rosete (F41)
4:57:09 43 13 / 3 F40-49
4:55:30
Garden Grove, CA, USA
4:38:48
 "
44,MIDD=3887151226,Operation Jack Marathon,"Los Angeles, CA USA","December 26, 2015","Tim Fatout (M59)
4:56:32 44 31 / 5 M50-59
4:55:47
Hacienda Heights, CA, USA
4:03:36
 "
45,MIDD=3887151226,Operation Jack Marathon,"Los Angeles, CA USA","December 26, 2015","John Holland (M50)
4:57:12 45 32 / 6 M50-59
4:57:10
Coronado, CA, USA
4:26:10
 "
46,MIDD=3887151226,Operation Jack Marathon,"Los Angeles, CA USA","December 26, 2015","J Taniguchi (M56)
4:59:21 46 33 / 7 M50-59
4:57:20
Huntington Beach, CA, USA
4:12:01
 "
47,MIDD=3887151226,Operation Jack Marathon,"Los Angeles, CA USA","December 26, 2015","Shumin Guo (M33)
5:01:02 47 34 / 17 M30-39
4:59:26
San Diego, CA, USA
4:59:26
 "
48,MIDD=3887151226,Operation Jack Marathon,"Los Angeles, CA USA","December 26, 2015","Seth Kramer (M34)
5:02:41 48 35 / 18 M30-39
5:00:41
Wilton Manors, FL, USA
5:00:41
 "
49,MIDD=3887151226,Operation Jack Marathon,"Los Angeles, CA USA","December 26, 2015","Miguel Hernandez (M47)
5:02:16 49 36 / 5 M40-49
5:01:36
Whittier, CA, USA
4:37:24
 "
50,MIDD=3887151226,Operation Jack Marathon,"Los Angeles, CA USA","December 26, 2015","Colleen Sproul (F55)
5:05:01 50 14 / 3 F50-59
5:05:01
Apple Valley, CA, USA
4:01:41
 "
51,MIDD=3887151226,Operation Jack Marathon,"Los Angeles, CA USA","December 26, 2015","Emil Cheng (M41)
5:06:40 51 37 / 6 M40-49
5:06:35
Diamond Bar, CA, USA
4:56:44
 "
52,MIDD=3887151226,Operation Jack Marathon,"Los Angeles, CA USA","December 26, 2015","Jakob Herrmann (M44)
5:11:03 52 38 / 7 M40-49
5:09:15
Yorba Linda, CA, USA
4:51:54
 "
53,MIDD=3887151226,Operation Jack Marathon,"Los Angeles, CA USA","December 26, 2015","Tom Taylor (M50)
5:14:45 53 39 / 8 M50-59
5:14:40
Simi Valley, CA, USA
4:41:50
 "
54,MIDD=3887151226,Operation Jack Marathon,"Los Angeles, CA USA","December 26, 2015","Bogdan Pavlov (M28)
5:16:47 54 40 / 5 M0-29
5:15:03
Redondo Beach, CA, USA
5:15:03
 "
55,MIDD=3887151226,Operation Jack Marathon,"Los Angeles, CA USA","December 26, 2015","Koji Kiyohara (M54)
5:16:09 55 41 / 9 M50-59
5:15:26
Monterey Park, CA, USA
4:32:26
 "
56,MIDD=3887151226,Operation Jack Marathon,"Los Angeles, CA USA","December 26, 2015","Christopher Hyer (M38)
5:16:15 56 42 / 19 M30-39
5:16:13
Los Angeles, CA, USA
5:13:22
 "
57,MIDD=3887151226,Operation Jack Marathon,"Los Angeles, CA USA","December 26, 2015","Paul Sanchez (M26)
5:28:35 57 43 / 6 M0-29
5:27:00
La Puente, CA, USA
5:27:00
 "
58,MIDD=3887151226,Operation Jack Marathon,"Los Angeles, CA USA","December 26, 2015","Angelica Guerrero (F34)
5:30:56 58 15 / 6 F30-39
5:30:38
Indiana, IN, USA
5:27:23
 "
59,MIDD=3887151226,Operation Jack Marathon,"Los Angeles, CA USA","December 26, 2015","Chung Seok (M63)
5:35:07 59 44 / 3 M60-69
5:35:04
Camarillo, CA, USA
4:25:12
 "
60,MIDD=3887151226,Operation Jack Marathon,"Los Angeles, CA USA","December 26, 2015","Kristin Casper (F31)
5:37:58 60 16 / 7 F30-39
5:36:20
Carmel, IN, USA
5:35:47
 "
61,MIDD=3887151226,Operation Jack Marathon,"Los Angeles, CA USA","December 26, 2015","Julie Weiss (F45)
5:39:36 61 17 / 4 F40-49
5:38:53
Santa Monica, CA, USA
5:05:28
 "
62,MIDD=3887151226,Operation Jack Marathon,"Los Angeles, CA USA","December 26, 2015","Joseph Reilly (M72)
5:45:06 62 45 / 1 M70-99
5:45:06
Orange, CA, USA
4:07:57
 "
63,MIDD=3887151226,Operation Jack Marathon,"Los Angeles, CA USA","December 26, 2015","David Vasquez JR. (M34)
5:56:47 63 46 / 20 M30-39
5:48:15
Los Angeles, CA, USA
5:48:15
 "
64,MIDD=3887151226,Operation Jack Marathon,"Los Angeles, CA USA","December 26, 2015","Vasilios Mantis (M51)
6:02:01 64 47 / 10 M50-59
6:00:18
Santa Clarita, CA, USA
5:19:50
 "
65,MIDD=3887151226,Operation Jack Marathon,"Los Angeles, CA USA","December 26, 2015","Edith Apuya (F49)
6:07:31 65 18 / 5 F40-49
6:07:28
Newhall, CA, USA
5:15:12
 "
66,MIDD=3887151226,Operation Jack Marathon,"Los Angeles, CA USA","December 26, 2015","Jason Coleman (M40)
6:11:53 66 48 / 8 M40-49
6:11:43
Playa Del Rey, CA, USA
6:02:45
 "
67,MIDD=3887151226,Operation Jack Marathon,"Los Angeles, CA USA","December 26, 2015","Eden Saravia (F20)
6:20:03 67 19 / 4 F0-29
6:20:00
Perris, CA, USA
6:19:44
 "
68,MIDD=3887151226,Operation Jack Marathon,"Los Angeles, CA USA","December 26, 2015","Raef S Guirges (M59)
6:28:57 68 49 / 11 M50-59
6:28:50
Torrance, CA, USA
5:20:14
 "
69,MIDD=3887151226,Operation Jack Marathon,"Los Angeles, CA USA","December 26, 2015","Charles Sayles (M78)
6:41:10 69 50 / 2 M70-99
6:41:08
Glendale, CA, USA
4:21:20
 "
70,MIDD=3887151226,Operation Jack Marathon,"Los Angeles, CA USA","December 26, 2015","Louis Skelton (M65)
6:41:59 70 51 / 4 M60-69
6:41:50
Torrance, CA, USA
5:11:34
 "
71,MIDD=3887151226,Operation Jack Marathon,"Los Angeles, CA USA","December 26, 2015","Dana Mosell (M64)
6:44:25 71 52 / 5 M60-69
6:44:20
Rancho Cucamonga, CA, USA
5:16:47
 "
