,race_id,race,location,date,runners
0,MIDD=2569151025,Moncton Legs for Literacy Marathon,"Moncton, NB Canada","October 25, 2015","Kathleen Rohrer (F61)
7:20:19 23101 10377 / 162 F60-64
7:12:28
Elmira, NY, USA
5:14:11
 "
1,MIDD=2569151025,Moncton Legs for Literacy Marathon,"Moncton, NB Canada","October 25, 2015","Mohamad Khawandanah (M32)
7:35:38 23102 12725 / 1841 M30-34
7:12:33
Oklahoma City, OK, USA
7:12:33
 "
2,MIDD=2569151025,Moncton Legs for Literacy Marathon,"Moncton, NB Canada","October 25, 2015","Ian Sexton (M31)
7:33:38 23103 12726 / 1842 M30-34
7:12:37
Cincinnati, OH, USA
7:12:37
 "
3,MIDD=2569151025,Moncton Legs for Literacy Marathon,"Moncton, NB Canada","October 25, 2015","Tom Trautman (M41)
7:36:08 23104 12727 / 2142 M40-44
7:12:41
Austintown, OH, USA
6:58:47
 "
4,MIDD=2569151025,Moncton Legs for Literacy Marathon,"Moncton, NB Canada","October 25, 2015","Alicia Vise (F31)
7:33:43 23105 10378 / 1736 F30-34
7:12:42
Fort Thomas, KY, USA
7:12:00
 "
5,MIDD=2569151025,Moncton Legs for Literacy Marathon,"Moncton, NB Canada","October 25, 2015","Dayle Hodge (M54)
7:18:44 23106 12728 / 1436 M50-54
7:12:42
Columbia, MD, USA
6:13:43
 "
6,MIDD=2569151025,Moncton Legs for Literacy Marathon,"Moncton, NB Canada","October 25, 2015","Gretchen Rimkus (F51)
7:13:14 23107 10379 / 851 F50-54
7:13:00
Derwood, MD, USA
6:01:59
 "
7,MIDD=2569151025,Moncton Legs for Literacy Marathon,"Moncton, NB Canada","October 25, 2015","Ashleigh Dechow (F30)
7:43:43 23108 10380 / 1737 F30-34
7:13:21
Washington, DC, USA
7:13:10
 "
8,MIDD=2569151025,Moncton Legs for Literacy Marathon,"Moncton, NB Canada","October 25, 2015","Nichole Wormsley (F40)
7:24:51 23109 10381 / 1752 F40-44
7:13:34
Washington, DC, USA
6:53:00
 "
9,MIDD=2569151025,Moncton Legs for Literacy Marathon,"Moncton, NB Canada","October 25, 2015","Lee Coleman (M69)
7:16:35 23110 12729 / 220 M65-69
7:13:36
Oak Park, IL, USA
5:22:20
 "
10,MIDD=2569151025,Moncton Legs for Literacy Marathon,"Moncton, NB Canada","October 25, 2015","Cristal Stoutzenberger (F48)
7:22:23 23111 10382 / 1310 F45-49
7:13:41
Canton, GA, USA
6:16:44
 "
11,MIDD=2569151025,Moncton Legs for Literacy Marathon,"Moncton, NB Canada","October 25, 2015","Miguel Gomez (M67)
7:24:44 23112 12730 / 221 M65-69
7:13:44
Alexandria, VA, USA
5:29:22
 "
12,MIDD=2569151025,Moncton Legs for Literacy Marathon,"Moncton, NB Canada","October 25, 2015","Stephen Haaga (M56)
7:21:48 23113 12731 / 793 M55-59
7:13:46
Rockville, MD, USA
6:07:39
 "
13,MIDD=2569151025,Moncton Legs for Literacy Marathon,"Moncton, NB Canada","October 25, 2015","Arketa Howard (F36)
7:25:45 23114 10383 / 1800 F35-39
7:14:01
Virginia Beach, VA, USA
7:05:41
 "
14,MIDD=2569151025,Moncton Legs for Literacy Marathon,"Moncton, NB Canada","October 25, 2015","Alfred Howard (M34)
7:25:45 23115 12732 / 1843 M30-34
7:14:01
Virginia Beach, VA, USA
7:14:01
 "
15,MIDD=2569151025,Moncton Legs for Literacy Marathon,"Moncton, NB Canada","October 25, 2015","Jane Thomas (F32)
7:18:32 23116 10384 / 1738 F30-34
7:14:18
Appomattox, VA, USA
7:12:46
 "
16,MIDD=2569151025,Moncton Legs for Literacy Marathon,"Moncton, NB Canada","October 25, 2015","Wilson Chau (M55)
7:29:15 23117 12733 / 794 M55-59
7:14:39
New York, NY, USA
6:11:53
 "
17,MIDD=2569151025,Moncton Legs for Literacy Marathon,"Moncton, NB Canada","October 25, 2015","Leigh Smith (F40)
7:21:04 23118 10385 / 1753 F40-44
7:14:56
Ft Belvoir, VA, USA
6:54:19
 "
18,MIDD=2569151025,Moncton Legs for Literacy Marathon,"Moncton, NB Canada","October 25, 2015","Brittany Ealy (F27)
7:37:18 23119 10386 / 1589 F25-29
7:15:05
Tampa, FL, USA
7:15:05
 "
19,MIDD=2569151025,Moncton Legs for Literacy Marathon,"Moncton, NB Canada","October 25, 2015","Howard Brenner (M44)
7:19:58 23120 12734 / 2143 M40-44
7:15:08
Sanford, FL, USA
6:50:43
 "
20,MIDD=2569151025,Moncton Legs for Literacy Marathon,"Moncton, NB Canada","October 25, 2015","David Brown (M57)
7:21:00 23121 12735 / 795 M55-59
7:15:28
Urbana, OH, USA
6:05:37
 "
21,MIDD=2569151025,Moncton Legs for Literacy Marathon,"Moncton, NB Canada","October 25, 2015","Lisa Gutierrez (F46)
7:35:12 23122 10387 / 1311 F45-49
7:15:52
Lakewood, CA, USA
6:28:08
 "
22,MIDD=2569151025,Moncton Legs for Literacy Marathon,"Moncton, NB Canada","October 25, 2015","Bobby McCormick (M52)
7:35:41 23123 12736 / 1437 M50-54
7:16:14
Charlotte, NC, USA
6:23:45
 "
23,MIDD=2569151025,Moncton Legs for Literacy Marathon,"Moncton, NB Canada","October 25, 2015","Jonathan Darcus (M34)
7:40:43 23124 12737 / 1844 M30-34
7:16:15
Centreville, VA, USA
7:16:15
 "
24,MIDD=2569151025,Moncton Legs for Literacy Marathon,"Moncton, NB Canada","October 25, 2015","Barbara Mickey (F60)
7:17:37 23125 10388 / 163 F60-64
7:16:20
Dallas, TX, USA
5:21:52
 "
25,MIDD=2569151025,Moncton Legs for Literacy Marathon,"Moncton, NB Canada","October 25, 2015","Sandip Patel (M34)
7:28:56 23126 12738 / 1845 M30-34
7:16:30
Clarksville, MD, USA
7:16:30
 "
26,MIDD=2569151025,Moncton Legs for Literacy Marathon,"Moncton, NB Canada","October 25, 2015","Fergus Ramsey (M41)
7:37:12 23127 12739 / 2144 M40-44
7:16:51
Washington, DC, USA
7:02:49
 "
27,MIDD=2569151025,Moncton Legs for Literacy Marathon,"Moncton, NB Canada","October 25, 2015","Cameron Thomas (M38)
7:17:47 23128 12740 / 2042 M35-39
7:16:55
Conyers, GA, USA
7:12:59
 "
28,MIDD=2569151025,Moncton Legs for Literacy Marathon,"Moncton, NB Canada","October 25, 2015","Emily Cox (F30)
7:33:19 23129 10389 / 1739 F30-34
7:16:56
 
7:16:45
 "
29,MIDD=2569151025,Moncton Legs for Literacy Marathon,"Moncton, NB Canada","October 25, 2015","Ken Leboutillier (M56)
7:18:39 23130 12741 / 796 M55-59
7:17:03
Sarasota, FL, USA
6:10:26
 "
30,MIDD=2569151025,Moncton Legs for Literacy Marathon,"Moncton, NB Canada","October 25, 2015","Jeffrey Heller (M38)
7:26:43 23131 12742 / 2043 M35-39
7:17:06
Virginia Beach, VA, USA
7:13:09
 "
31,MIDD=2569151025,Moncton Legs for Literacy Marathon,"Moncton, NB Canada","October 25, 2015","Erinn Casazza (F36)
7:26:46 23132 10390 / 1801 F35-39
7:17:08
Morgantown, WV, USA
7:08:44
 "
32,MIDD=2569151025,Moncton Legs for Literacy Marathon,"Moncton, NB Canada","October 25, 2015","Christine Griffin (F27)
7:26:46 23133 10391 / 1590 F25-29
7:17:09
Pembroke, MA, USA
7:17:09
 "
33,MIDD=2569151025,Moncton Legs for Literacy Marathon,"Moncton, NB Canada","October 25, 2015","Robert Gavros (M45)
7:39:54 23134 12743 / 1898 M45-49
7:17:20
Oak Lawn, IL, USA
6:49:15
 "
34,MIDD=2569151025,Moncton Legs for Literacy Marathon,"Moncton, NB Canada","October 25, 2015","Kiran Gunnam (M43)
7:24:00 23135 12744 / 2145 M40-44
7:17:21
Ashburn, VA, USA
6:56:18
 "
35,MIDD=2569151025,Moncton Legs for Literacy Marathon,"Moncton, NB Canada","October 25, 2015","Patricia Waiters (F55)
7:36:51 23136 10392 / 428 F55-59
7:17:21
Capitol Heights, MD, USA
5:46:33
 "
36,MIDD=2569151025,Moncton Legs for Literacy Marathon,"Moncton, NB Canada","October 25, 2015","Cindy Kirker (F40)
7:32:12 23137 10393 / 1754 F40-44
7:17:32
Lacey, WA, USA
6:56:47
 "
37,MIDD=2569151025,Moncton Legs for Literacy Marathon,"Moncton, NB Canada","October 25, 2015","Jaryl Campos (M40)
7:50:52 23138 12745 / 2146 M40-44
7:18:50
Brooklyn, NY, USA
7:08:15
 "
38,MIDD=2569151025,Moncton Legs for Literacy Marathon,"Moncton, NB Canada","October 25, 2015","Rebecca Shumway (F39)
7:34:08 23139 10394 / 1802 F35-39
7:19:43
Cortland, NY, USA
7:02:28
 "
39,MIDD=2569151025,Moncton Legs for Literacy Marathon,"Moncton, NB Canada","October 25, 2015","Gary Grooms (M60)
7:41:25 23140 12746 / 427 M60-64
7:19:57
Woodbridge, VA, USA
5:58:46
 "
40,MIDD=2569151025,Moncton Legs for Literacy Marathon,"Moncton, NB Canada","October 25, 2015","Kendra Hyson (F39)
7:30:19 23141 10395 / 1803 F35-39
7:20:47
Waldorf, MD, USA
7:03:30
 "
41,MIDD=2569151025,Moncton Legs for Literacy Marathon,"Moncton, NB Canada","October 25, 2015","Richard Rupert (M33)
7:41:06 23142 12747 / 1846 M30-34
7:20:52
Beverly, NJ, USA
7:20:52
 "
42,MIDD=2569151025,Moncton Legs for Literacy Marathon,"Moncton, NB Canada","October 25, 2015","Mylee Cardenas (F31)
7:24:58 23143 10396 / 1740 F30-34
7:21:48
Santa Monica, CA, USA
7:21:05
 "
43,MIDD=2569151025,Moncton Legs for Literacy Marathon,"Moncton, NB Canada","October 25, 2015","Natasha Lee (F43)
7:24:22 23144 10397 / 1755 F40-44
7:21:50
Washington, DC, USA
6:47:54
 "
44,MIDD=2569151025,Moncton Legs for Literacy Marathon,"Moncton, NB Canada","October 25, 2015","Cheraldine Jean Pierre-Mcpherson (F44)
7:43:44 23145 10398 / 1756 F40-44
7:22:22
Laurel, MD, USA
6:43:34
 "
45,MIDD=2569151025,Moncton Legs for Literacy Marathon,"Moncton, NB Canada","October 25, 2015","Sarah Brickson (F26)
7:25:08 23146 10399 / 1591 F25-29
7:22:54
Greenbackville, VA, USA
7:22:54
 "
46,MIDD=2569151025,Moncton Legs for Literacy Marathon,"Moncton, NB Canada","October 25, 2015","Gloria Bins (F69)
7:23:27 23147 10400 / 56 F65-69
7:23:00
Georgetown, TX, USA
4:38:33
 "
47,MIDD=2569151025,Moncton Legs for Literacy Marathon,"Moncton, NB Canada","October 25, 2015","Wayne Heath (M39)
7:24:51 23148 12748 / 2044 M35-39
7:23:01
Seymour
7:15:55
 "
48,MIDD=2569151025,Moncton Legs for Literacy Marathon,"Moncton, NB Canada","October 25, 2015","Tarese Heath (F36)
7:24:58 23149 10401 / 1804 F35-39
7:23:09
Seymour
7:14:38
 "
49,MIDD=2569151025,Moncton Legs for Literacy Marathon,"Moncton, NB Canada","October 25, 2015","David Carpio (M40)
7:36:21 23150 12749 / 2147 M40-44
7:23:59
Alexandria, VA, USA
7:13:17
 "
50,MIDD=2569151025,Moncton Legs for Literacy Marathon,"Moncton, NB Canada","October 25, 2015","Karen Fredriksz (F55)
7:27:45 23151 10402 / 429 F55-59
7:24:20
Ripon, CA, USA
5:52:05
 "
51,MIDD=2569151025,Moncton Legs for Literacy Marathon,"Moncton, NB Canada","October 25, 2015","Liz Panaguiton (F47)
7:42:46 23152 10403 / 1312 F45-49
7:24:22
Virginia Beach, VA, USA
6:30:51
 "
52,MIDD=2569151025,Moncton Legs for Literacy Marathon,"Moncton, NB Canada","October 25, 2015","Tashina Velis (F30)
7:30:11 23153 10404 / 1741 F30-34
7:24:38
Arlington, VA, USA
7:24:27
 "
53,MIDD=2569151025,Moncton Legs for Literacy Marathon,"Moncton, NB Canada","October 25, 2015","Jane Wilkinson (F55)
7:33:15 23154 10405 / 430 F55-59
7:24:44
Bristol, VA, USA
5:52:24
 "
54,MIDD=2569151025,Moncton Legs for Literacy Marathon,"Moncton, NB Canada","October 25, 2015","Cheryl Johnson (F45)
7:46:47 23155 10406 / 1313 F45-49
7:24:45
Fairfax, VA, USA
6:40:53
 "
55,MIDD=2569151025,Moncton Legs for Literacy Marathon,"Moncton, NB Canada","October 25, 2015","Frankie Grubbs (F53)
7:43:58 23156 10407 / 852 F50-54
7:25:34
San Antonio, TX, USA
6:02:46
 "
56,MIDD=2569151025,Moncton Legs for Literacy Marathon,"Moncton, NB Canada","October 25, 2015","Teresa Phillips (F40)
7:47:03 23157 10408 / 1757 F40-44
7:25:40
Arlington, TX, USA
7:04:32
 "
57,MIDD=2569151025,Moncton Legs for Literacy Marathon,"Moncton, NB Canada","October 25, 2015","Lacey Mitchell (F27)
7:45:07 23158 10409 / 1592 F25-29
7:25:54
Washington, DC, USA
7:25:54
 "
58,MIDD=2569151025,Moncton Legs for Literacy Marathon,"Moncton, NB Canada","October 25, 2015","Dawud Muhammad (M47)
7:27:22 23159 12750 / 1899 M45-49
7:27:20
Greensboro, NC, USA
6:51:27
 "
59,MIDD=2569151025,Moncton Legs for Literacy Marathon,"Moncton, NB Canada","October 25, 2015","Courtney Crooks (F35)
7:33:21 23160 10410 / 1805 F35-39
7:27:40
West Warwick, RI, USA
7:21:21
 "
60,MIDD=2569151025,Moncton Legs for Literacy Marathon,"Moncton, NB Canada","October 25, 2015","William Anderson (M45)
7:51:59 23161 12751 / 1900 M45-49
7:28:16
Allen Park, MI, USA
6:59:29
 "
61,MIDD=2569151025,Moncton Legs for Literacy Marathon,"Moncton, NB Canada","October 25, 2015","Winston Langham (M45)
7:51:57 23162 12752 / 1901 M45-49
7:28:49
Chesapeake, VA, USA
7:00:00
 "
62,MIDD=2569151025,Moncton Legs for Literacy Marathon,"Moncton, NB Canada","October 25, 2015","Srikanth Ravinuthula (M35)
7:30:07 23163 12753 / 2045 M35-39
7:28:55
Sterling, VA, USA
7:28:55
 "
63,MIDD=2569151025,Moncton Legs for Literacy Marathon,"Moncton, NB Canada","October 25, 2015","Joan Kim (F44)
7:42:39 23164 10411 / 1758 F40-44
7:29:05
Elkins Park, PA, USA
6:49:41
 "
64,MIDD=2569151025,Moncton Legs for Literacy Marathon,"Moncton, NB Canada","October 25, 2015","Jere Mills (F37)
7:33:13 23165 10412 / 1806 F35-39
7:29:08
Chesapeake, VA, USA
7:17:51
 "
65,MIDD=2569151025,Moncton Legs for Literacy Marathon,"Moncton, NB Canada","October 25, 2015","Jim Knight (M58)
7:38:15 23166 12754 / 797 M55-59
7:29:32
Russellville, AR, USA
6:13:49
 "
66,MIDD=2569151025,Moncton Legs for Literacy Marathon,"Moncton, NB Canada","October 25, 2015","Sharon Pontius (F56)
7:30:03 23167 10413 / 431 F55-59
7:29:42
Columbus, OH, USA
5:51:26
 "
67,MIDD=2569151025,Moncton Legs for Literacy Marathon,"Moncton, NB Canada","October 25, 2015","Michelle Dusseau (F42)
7:30:20 23168 10414 / 1759 F40-44
7:29:54
Winter Park, FL, USA
7:00:04
 "
68,MIDD=2569151025,Moncton Legs for Literacy Marathon,"Moncton, NB Canada","October 25, 2015","Barbara Spitler (F56)
7:36:07 23169 10415 / 432 F55-59
7:30:08
Valparaiso, IN, USA
5:51:46
 "
69,MIDD=2569151025,Moncton Legs for Literacy Marathon,"Moncton, NB Canada","October 25, 2015","Tara Howard (F45)
7:35:38 23170 10416 / 1314 F45-49
7:30:29
Stafford, VA, USA
6:46:03
 "
70,MIDD=2569151025,Moncton Legs for Literacy Marathon,"Moncton, NB Canada","October 25, 2015","Hiroki Iwahashi (M61)
7:51:58 23171 12755 / 428 M60-64
7:31:07
Fairfax, VA, USA
6:04:16
 "
71,MIDD=2569151025,Moncton Legs for Literacy Marathon,"Moncton, NB Canada","October 25, 2015","De Fringer (lum) (F49)
7:39:28 23172 10417 / 1315 F45-49
7:31:10
Woodstock, IL, USA
6:27:00
 "
72,MIDD=2569151025,Moncton Legs for Literacy Marathon,"Moncton, NB Canada","October 25, 2015","Victor Miranda (M36)
7:52:10 23173 12756 / 2046 M35-39
7:31:30
Frederick, MD, USA
7:31:02
 "
73,MIDD=2569151025,Moncton Legs for Literacy Marathon,"Moncton, NB Canada","October 25, 2015","Thomas Kellermann (M75)
7:40:33 23174 12757 / 16 M75-79
7:32:55
Bethesda, MD, USA
5:11:41
 "
74,MIDD=2569151025,Moncton Legs for Literacy Marathon,"Moncton, NB Canada","October 25, 2015","Gedeon Brenovil (M27)
7:49:27 23175 12758 / 1152 M25-29
7:33:12
Port Saint Lucie, FL, USA
7:33:12
 "
75,MIDD=2569151025,Moncton Legs for Literacy Marathon,"Moncton, NB Canada","October 25, 2015","Lisa Lagowski (F48)
7:51:57 23176 10418 / 1316 F45-49
7:33:57
Olney, MD, USA
6:34:20
 "
76,MIDD=2569151025,Moncton Legs for Literacy Marathon,"Moncton, NB Canada","October 25, 2015","Donna Randall (F58)
7:46:59 23177 10419 / 433 F55-59
7:35:23
Weatherford, TX, USA
5:45:57
 "
77,MIDD=2569151025,Moncton Legs for Literacy Marathon,"Moncton, NB Canada","October 25, 2015","Destry Morris (M30)
7:44:09 23178 12759 / 1847 M30-34
7:35:29
Killeen, TX, USA
7:35:29
 "
78,MIDD=2569151025,Moncton Legs for Literacy Marathon,"Moncton, NB Canada","October 25, 2015","Jacquelyn Battles (F34)
7:43:39 23179 10420 / 1742 F30-34
7:36:20
Greenbelt, MD, USA
7:31:51
 "
79,MIDD=2569151025,Moncton Legs for Literacy Marathon,"Moncton, NB Canada","October 25, 2015","Stephen Helfrich (M33)
7:41:40 23180 12760 / 1848 M30-34
7:36:42
Berlin, MD, USA
7:36:42
 "
80,MIDD=2569151025,Moncton Legs for Literacy Marathon,"Moncton, NB Canada","October 25, 2015","Charles Von Bokel (M69)
7:43:50 23181 12761 / 222 M65-69
7:36:53
St Louis, MO, USA
5:39:38
 "
81,MIDD=2569151025,Moncton Legs for Literacy Marathon,"Moncton, NB Canada","October 25, 2015","Bamoyo Nkongolo (M36)
7:51:39 23182 12762 / 2047 M35-39
7:37:30
Severna Park, MD, USA
7:37:02
 "
82,MIDD=2569151025,Moncton Legs for Literacy Marathon,"Moncton, NB Canada","October 25, 2015","Joseph Beranek (M27)
7:46:50 23183 12763 / 1153 M25-29
7:40:24
Grand Prairie, TX, USA
7:40:24
 "
83,MIDD=2569151025,Moncton Legs for Literacy Marathon,"Moncton, NB Canada","October 25, 2015","Will Brown (M69)
7:41:49 23184 12764 / 223 M65-69
7:41:02
Raleigh, NC, USA
5:42:43
 "
84,MIDD=2569151025,Moncton Legs for Literacy Marathon,"Moncton, NB Canada","October 25, 2015","Jose Sanchez (M31)
7:44:10 23185 12765 / 1849 M30-34
7:42:11
Camp Pendleton, CA, USA
7:42:11
 "
85,MIDD=2569151025,Moncton Legs for Literacy Marathon,"Moncton, NB Canada","October 25, 2015","Christopher Veade (M31)
7:43:58 23186 12766 / 1850 M30-34
7:43:52
Fredericksburg, VA, USA
7:43:52
 "
86,MIDD=2569151025,Moncton Legs for Literacy Marathon,"Moncton, NB Canada","October 25, 2015","Joseph Barca (M64)
7:45:04 23187 12767 / 429 M60-64
7:43:53
Yonkers, NY, USA
6:03:27
 "
87,MIDD=2569151025,Moncton Legs for Literacy Marathon,"Moncton, NB Canada","October 25, 2015","Nimyah Pulley (F39)
7:51:04 23188 10421 / 1807 F35-39
7:45:11
Virginia Beach, VA, USA
7:26:56
 "
88,MIDD=2569151025,Moncton Legs for Literacy Marathon,"Moncton, NB Canada","October 25, 2015","Nichole Tucker (F34)
8:09:15 23189 10422 / 1743 F30-34
7:45:44
Pottstown, PA, USA
7:41:10
 "
89,MIDD=2569151025,Moncton Legs for Literacy Marathon,"Moncton, NB Canada","October 25, 2015","Bonnie Baker (F50)
7:49:20 23190 10423 / 853 F50-54
7:47:27
Gambrills, MD, USA
6:35:53
 "
90,MIDD=2569151025,Moncton Legs for Literacy Marathon,"Moncton, NB Canada","October 25, 2015","Keith Paterson (M60)
7:51:09 23191 12768 / 430 M60-64
7:47:48
Mt. Tabor, NJ, USA
6:21:29
 "
91,MIDD=2569151025,Moncton Legs for Literacy Marathon,"Moncton, NB Canada","October 25, 2015","Joelle Goode (F45)
7:50:51 23192 10424 / 1317 F45-49
7:48:19
Washington, DC, USA
7:02:08
 "
92,MIDD=2569151025,Moncton Legs for Literacy Marathon,"Moncton, NB Canada","October 25, 2015","Shirley Kyles (F63)
8:20:45 23193 10425 / 164 F60-64
7:48:22
Cordova, TN, USA
5:29:26
 "
93,MIDD=2569151025,Moncton Legs for Literacy Marathon,"Moncton, NB Canada","October 25, 2015","Ruth Liebowitz (F73)
7:51:53 23194 10426 / 18 F70-74
7:48:25
Manhatten, NY, USA
4:29:09
 "
94,MIDD=2569151025,Moncton Legs for Literacy Marathon,"Moncton, NB Canada","October 25, 2015","Wendy Obenauf (F45)
7:51:07 23195 10427 / 1318 F45-49
7:51:07
Hillsboro, OR, USA
7:04:39
 "
95,MIDD=2569151025,Moncton Legs for Literacy Marathon,"Moncton, NB Canada","October 25, 2015","Joanne Sodano (F50)
7:55:00 23196 10428 / 854 F50-54
7:53:36
Jackson, NJ, USA
6:41:05
 "
96,MIDD=2569151025,Moncton Legs for Literacy Marathon,"Moncton, NB Canada","October 25, 2015","Billy Adkins (M70)
8:04:13 23197 12769 / 67 M70-74
8:00:46
Hinton, WV, USA
5:53:30
 "
