,race_id,race,location,date,runners
0,MIDD=4603151115,Myles Standish Marathon,"Plymouth, MA USA",,"

Have you run this race?Then tell us about it.

Last Name, First Name(Sex/Age)
Time OverAllPlace
Sex Place/Div Place
DIV 
City, State, Country AG Time* BQ*"
1,MIDD=4603151115,Myles Standish Marathon,"Plymouth, MA USA",,"Marc Leblanc (M35)
2:48:40 1 1 / 1 Mopen Ashland, MA, USA
2:48:40
BQ"
2,MIDD=4603151115,Myles Standish Marathon,"Plymouth, MA USA",,"Nathan Buck (M25)
2:54:46 2 2 / 2 Mopen Portland, ME, USA
2:54:46
BQ"
3,MIDD=4603151115,Myles Standish Marathon,"Plymouth, MA USA",,"Stephen Garner (M26)
3:03:30 3 3 / 3 Mopen Yarmouthport, MA, USA
3:03:30
BQ"
4,MIDD=4603151115,Myles Standish Marathon,"Plymouth, MA USA",,"Matthew Morabito (M52)
3:03:39 4 4 / 1 M50-59 Tewksbury, MA, USA
2:41:33
BQ"
5,MIDD=4603151115,Myles Standish Marathon,"Plymouth, MA USA",,"David Ndungu (M36)
3:04:13 5 5 / 1 M30-39 Worcester, MA, USA
3:04:01
BQ"
6,MIDD=4603151115,Myles Standish Marathon,"Plymouth, MA USA",,"Mark Gerace (M44)
3:06:00 6 6 / 1 M40-49 Newtown, CT, USA
2:55:33
BQ"
7,MIDD=4603151115,Myles Standish Marathon,"Plymouth, MA USA",,"Eric Jake Lindstrom (M37)
3:11:05 7 7 / 2 M30-39 Connellsville, PA, USA
3:10:19
 "
8,MIDD=4603151115,Myles Standish Marathon,"Plymouth, MA USA",,"Hiro Tatetsu (M42)
3:11:46 8 8 / 2 M40-49 Brookline, MA, USA
3:04:04
BQ"
9,MIDD=4603151115,Myles Standish Marathon,"Plymouth, MA USA",,"Seth Holden (M39)
3:14:02 9 9 / 3 M30-39 Holliston, MA, USA
3:10:55
 "
10,MIDD=4603151115,Myles Standish Marathon,"Plymouth, MA USA",,"Michael Davis (M33)
3:15:01 10 10 / 4 M30-39 South Portland, ME, USA
3:15:01
 "
11,MIDD=4603151115,Myles Standish Marathon,"Plymouth, MA USA",,"Jake Saunders (M26)
3:16:47 11 11 / 1 M20-29 Cranston, RI, USA
3:16:47
 "
12,MIDD=4603151115,Myles Standish Marathon,"Plymouth, MA USA",,"Dave Long (M45)
3:19:52 12 12 / 3 M40-49 Bridgewater, MA, USA
3:07:02
BQ"
13,MIDD=4603151115,Myles Standish Marathon,"Plymouth, MA USA",,"Craig Nicholson (M39)
3:25:17 13 13 / 5 M30-39 Lincoln, MA, USA
3:21:59
 "
14,MIDD=4603151115,Myles Standish Marathon,"Plymouth, MA USA",,"Erik Gall (M25)
3:26:27 14 14 / 2 M20-29 Plymouth, MA, USA
3:26:27
 "
15,MIDD=4603151115,Myles Standish Marathon,"Plymouth, MA USA",,"Tim Lamson (M49)
3:28:54 15 15 / 4 M40-49 Montpelier, VT, USA
3:08:48
 "
16,MIDD=4603151115,Myles Standish Marathon,"Plymouth, MA USA",,"Tim Horan (M42)
3:29:00 16 16 / 5 M40-49 Marion, MA, USA
3:20:37
 "
17,MIDD=4603151115,Myles Standish Marathon,"Plymouth, MA USA",,"Issy Nielson (F33)
3:29:30 17 1 / 1 Fopen Warwick, RI, USA
3:28:10
BQ"
18,MIDD=4603151115,Myles Standish Marathon,"Plymouth, MA USA",,"Gilles Cormier (M47)
3:29:57 18 17 / 6 M40-49 Rimouski, QC, Canada
3:13:06
 "
19,MIDD=4603151115,Myles Standish Marathon,"Plymouth, MA USA",,"Michelle Iovene (F23)
3:30:09 19 2 / 2 Fopen Cheshire, CT, USA
3:30:09
BQ"
20,MIDD=4603151115,Myles Standish Marathon,"Plymouth, MA USA",,"Aleander Shaffer (M28)
3:32:40 20 18 / 3 M20-29 Portsmouth, NH, USA
3:32:40
 "
21,MIDD=4603151115,Myles Standish Marathon,"Plymouth, MA USA",,"Lonnie Quirion (M37)
3:33:52 21 19 / 6 M30-39 Marlborough, MA, USA
3:33:00
 "
22,MIDD=4603151115,Myles Standish Marathon,"Plymouth, MA USA",,"Amos Meeks (M23)
3:34:34 22 20 / 4 M20-29 Arlington, MA, USA
3:34:34
 "
23,MIDD=4603151115,Myles Standish Marathon,"Plymouth, MA USA",,"Jorge Mejia (M47)
3:36:22 23 21 / 7 M40-49 Pembroke, MA, USA
3:19:00
 "
24,MIDD=4603151115,Myles Standish Marathon,"Plymouth, MA USA",,"Joe Cronin (M33)
3:36:59 24 22 / 7 M30-39 North Andover, MA, USA
3:36:59
 "
25,MIDD=4603151115,Myles Standish Marathon,"Plymouth, MA USA",,"Nicole Romboldi (F33)
3:37:20 25 3 / 3 Fopen Plymouth, MA, USA
3:35:57
 "
26,MIDD=4603151115,Myles Standish Marathon,"Plymouth, MA USA",,"Edward Otoole (M47)
3:38:01 26 23 / 8 M40-49 Salem, NH, USA
3:20:31
 "
27,MIDD=4603151115,Myles Standish Marathon,"Plymouth, MA USA",,"Sarah Mulvey (F24)
3:38:25 27 4 / 1 F20-29 Port Royal, SC, USA
3:38:25
 "
28,MIDD=4603151115,Myles Standish Marathon,"Plymouth, MA USA",,"Jennifer Flaherty (F43)
3:38:45 28 5 / 1 F40-49 Easthampton, MA, USA
3:21:57
BQ"
29,MIDD=4603151115,Myles Standish Marathon,"Plymouth, MA USA",,"Richard Cole (M46)
3:39:31 29 24 / 9 M40-49 Westport, MA, USA
3:23:40
 "
30,MIDD=4603151115,Myles Standish Marathon,"Plymouth, MA USA",,"Brendan Moran (M39)
3:40:27 30 25 / 8 M30-39 Maynard, MA, USA
3:36:55
 "
31,MIDD=4603151115,Myles Standish Marathon,"Plymouth, MA USA",,"Tsubasa Mikie (M29)
3:42:10 31 26 / 5 M20-29 Cambridge
3:42:10
 "
32,MIDD=4603151115,Myles Standish Marathon,"Plymouth, MA USA",,"Mariah Cleveland (F22)
3:42:35 32 6 / 2 F20-29  
3:42:35
 "
33,MIDD=4603151115,Myles Standish Marathon,"Plymouth, MA USA",,"Gregory Brown (M25)
3:42:40 33 27 / 6 M20-29 Boston, MA, USA
3:42:40
 "
34,MIDD=4603151115,Myles Standish Marathon,"Plymouth, MA USA",,"Sarah Haig (F34)
3:44:12 34 7 / 1 F30-39 Somerville, MA, USA
3:42:00
 "
35,MIDD=4603151115,Myles Standish Marathon,"Plymouth, MA USA",,"Jack Longo (M17)
3:44:20 35 28 / 1 M10-19 Madbury, NH, USA
3:32:33
 "
36,MIDD=4603151115,Myles Standish Marathon,"Plymouth, MA USA",,"Shira Krimsky (F23)
3:45:04 36 8 / 3 F20-29 Sharon, MA, USA
3:45:04
 "
37,MIDD=4603151115,Myles Standish Marathon,"Plymouth, MA USA",,"John Marino (M42)
3:45:34 37 29 / 10 M40-49 Newburyport, MA, USA
3:36:31
 "
38,MIDD=4603151115,Myles Standish Marathon,"Plymouth, MA USA",,"Jodi Enggasser (F38)
3:45:35 38 9 / 2 F30-39 Duxbury, MA, USA
3:38:24
 "
39,MIDD=4603151115,Myles Standish Marathon,"Plymouth, MA USA",,"Satoshi Takagi (M34)
3:46:18 39 30 / 9 M30-39 Brookline, MA, USA
3:46:18
 "
40,MIDD=4603151115,Myles Standish Marathon,"Plymouth, MA USA",,"Erik Parena (M32)
3:46:30 40 31 / 10 M30-39 Attleboro, MA, USA
3:46:30
 "
41,MIDD=4603151115,Myles Standish Marathon,"Plymouth, MA USA",,"Jaret Seiberg (M46)
3:46:37 41 32 / 11 M40-49 Bethesda, MD, USA
3:30:15
 "
42,MIDD=4603151115,Myles Standish Marathon,"Plymouth, MA USA",,"Justin Simon (M31)
3:47:10 42 33 / 11 M30-39 New Hampton, NH, USA
3:47:10
 "
43,MIDD=4603151115,Myles Standish Marathon,"Plymouth, MA USA",,"Tess Maggio (F21)
3:47:26 43 10 / 4 F20-29 Weston, CT, USA
3:47:26
 "
44,MIDD=4603151115,Myles Standish Marathon,"Plymouth, MA USA",,"Daniel Sambuchi (M48)
3:47:43 44 34 / 12 M40-49 Northborough, MA, USA
3:27:37
 "
45,MIDD=4603151115,Myles Standish Marathon,"Plymouth, MA USA",,"Paul Economos (M43)
3:48:12 45 35 / 13 M40-49 Lakeville, MA, USA
3:37:13
 "
46,MIDD=4603151115,Myles Standish Marathon,"Plymouth, MA USA",,"Michael Wessels (M63)
3:48:21 46 36 / 1 M60-69 Brookline, MA, USA
3:00:44
BQ"
47,MIDD=4603151115,Myles Standish Marathon,"Plymouth, MA USA",,"Natalie Malter (F24)
3:48:28 47 11 / 5 F20-29 Cambridge, MA, USA
3:48:28
 "
48,MIDD=4603151115,Myles Standish Marathon,"Plymouth, MA USA",,"John Dennison (M33)
3:49:16 48 37 / 12 M30-39 North Easton, MA, USA
3:49:16
 "
49,MIDD=4603151115,Myles Standish Marathon,"Plymouth, MA USA",,"Leah Piper (F33)
3:50:17 49 12 / 3 F30-39 Highlands Ranch, CO, USA
3:48:49
 "
50,MIDD=4603151115,Myles Standish Marathon,"Plymouth, MA USA",,"Paul Piper (M35)
3:50:17 50 38 / 13 M30-39 Highlands Ranch, CO, USA
3:50:17
 "
51,MIDD=4603151115,Myles Standish Marathon,"Plymouth, MA USA",,"Brian Anderson (M26)
3:51:44 51 39 / 7 M20-29 Portland, ME, USA
3:51:44
 "
52,MIDD=4603151115,Myles Standish Marathon,"Plymouth, MA USA",,"James Lepage (M35)
3:51:45 52 40 / 14 M30-39 Plymouth, MA, USA
3:51:45
 "
53,MIDD=4603151115,Myles Standish Marathon,"Plymouth, MA USA",,"Catherine Kravchenko (F21)
3:52:07 53 13 / 6 F20-29 Weston, CT, USA
3:52:07
 "
54,MIDD=4603151115,Myles Standish Marathon,"Plymouth, MA USA",,"Kevin Crossman (M20)
3:52:57 54 41 / 8 M20-29 Framingham, MA, USA
3:50:02
 "
55,MIDD=4603151115,Myles Standish Marathon,"Plymouth, MA USA",,"Tim Mabbott (M45)
3:54:23 55 42 / 14 M40-49 Belmont, MA, USA
3:39:20
 "
56,MIDD=4603151115,Myles Standish Marathon,"Plymouth, MA USA",,"Craig Coffey (M45)
3:54:26 56 43 / 15 M40-49 Cohasset, MA, USA
3:39:22
 "
57,MIDD=4603151115,Myles Standish Marathon,"Plymouth, MA USA",,"Arthur Beatty (M60)
3:54:39 57 44 / 2 M60-69 Marstons Mills, MA, USA
3:11:21
BQ"
58,MIDD=4603151115,Myles Standish Marathon,"Plymouth, MA USA",,"Jason Brown (M37)
3:54:40 58 45 / 15 M30-39 West Roxbury, MA, USA
3:53:43
 "
59,MIDD=4603151115,Myles Standish Marathon,"Plymouth, MA USA",,"Joe Haas (M32)
3:55:36 59 46 / 16 M30-39  
3:55:36
 "
60,MIDD=4603151115,Myles Standish Marathon,"Plymouth, MA USA",,"Chris Lacey (M45)
3:56:31 60 47 / 16 M40-49 Plymouth, MA, USA
3:41:19
 "
61,MIDD=4603151115,Myles Standish Marathon,"Plymouth, MA USA",,"Emily Largent (F33)
3:56:34 61 14 / 4 F30-39 Cambridge, MA, USA
3:55:04
 "
62,MIDD=4603151115,Myles Standish Marathon,"Plymouth, MA USA",,"Samantha Ugol (F29)
3:56:40 62 15 / 7 F20-29 Needham, MA, USA
3:56:40
 "
63,MIDD=4603151115,Myles Standish Marathon,"Plymouth, MA USA",,"Michael Crosby (M28)
3:57:11 63 48 / 9 M20-29 Brooklyn, NY, USA
3:57:11
 "
64,MIDD=4603151115,Myles Standish Marathon,"Plymouth, MA USA",,"Bernard Caron (M60)
3:57:17 64 49 / 3 M60-69 Rimouski, QC, Canada
3:13:30
 "
65,MIDD=4603151115,Myles Standish Marathon,"Plymouth, MA USA",,"Antonio Damato (M39)
3:57:28 65 50 / 17 M30-39 Watertown, MA, USA
3:53:40
 "
66,MIDD=4603151115,Myles Standish Marathon,"Plymouth, MA USA",,"Tsuyoshi Oba (M49)
3:58:12 66 51 / 17 M40-49 Weymouth, MA, USA
3:35:17
 "
67,MIDD=4603151115,Myles Standish Marathon,"Plymouth, MA USA",,"Margaret Romaero (F34)
3:58:43 67 16 / 5 F30-39 Lexington, MA, USA
3:56:22
 "
68,MIDD=4603151115,Myles Standish Marathon,"Plymouth, MA USA",,"Amin Saab (M44)
3:58:45 68 52 / 18 M40-49 West Bath, ME, USA
3:45:21
 "
69,MIDD=4603151115,Myles Standish Marathon,"Plymouth, MA USA",,"Patrice McCarthy Litvay (F49)
3:59:11 69 17 / 2 F40-49 Plymouth, MA, USA
3:25:10
 "
70,MIDD=4603151115,Myles Standish Marathon,"Plymouth, MA USA",,"Michael Smith (M45)
3:59:47 70 53 / 19 M40-49 Lakeville, MA, USA
3:44:23
 "
71,MIDD=4603151115,Myles Standish Marathon,"Plymouth, MA USA",,"Ross Pini (M26)
4:05:41 71 54 / 10 M20-29 Boston, MA, USA
4:05:41
 "
72,MIDD=4603151115,Myles Standish Marathon,"Plymouth, MA USA",,"Rebecca Strong (F46)
4:07:02 72 18 / 3 F40-49 New York, NY, USA
3:39:58
 "
73,MIDD=4603151115,Myles Standish Marathon,"Plymouth, MA USA",,"Sarah Ryan (F38)
4:08:22 73 19 / 6 F30-39 Belmont, MA, USA
4:00:28
 "
74,MIDD=4603151115,Myles Standish Marathon,"Plymouth, MA USA",,"Jennifer Flood (F22)
4:10:36 74 20 / 8 F20-29 Southborough, MA, USA
4:10:36
 "
75,MIDD=4603151115,Myles Standish Marathon,"Plymouth, MA USA",,"Dave Hodges (M48)
4:11:43 75 55 / 20 M40-49 Scituate, MA, USA
3:49:30
 "
76,MIDD=4603151115,Myles Standish Marathon,"Plymouth, MA USA",,"Hongmei Li (F32)
4:12:21 76 21 / 7 F30-39 Boston, MA, USA
4:11:28
 "
77,MIDD=4603151115,Myles Standish Marathon,"Plymouth, MA USA",,"William Madden (M44)
4:13:48 77 56 / 21 M40-49 Plymouth, MA, USA
3:59:33
 "
78,MIDD=4603151115,Myles Standish Marathon,"Plymouth, MA USA",,"Scott Godfrey (M39)
4:13:48 78 57 / 18 M30-39 Plymouth, MA, USA
4:09:44
 "
79,MIDD=4603151115,Myles Standish Marathon,"Plymouth, MA USA",,"Schyler Cain (F25)
4:13:49 79 22 / 9 F20-29 Boston, MA, USA
4:13:49
 "
80,MIDD=4603151115,Myles Standish Marathon,"Plymouth, MA USA",,"Jessica Burgess (F34)
4:16:16 80 23 / 8 F30-39 Pembroke, MA, USA
4:13:45
 "
81,MIDD=4603151115,Myles Standish Marathon,"Plymouth, MA USA",,"Ruediger Rivkin Haag (M48)
4:16:28 81 58 / 22 M40-49 Natick, MA, USA
3:53:50
 "
82,MIDD=4603151115,Myles Standish Marathon,"Plymouth, MA USA",,"Donna Anderson (F60)
4:16:30 82 24 / 1 F60-69 Westerly, RI, USA
3:09:13
BQ"
83,MIDD=4603151115,Myles Standish Marathon,"Plymouth, MA USA",,"Steve Deboer (M41)
4:20:27 83 59 / 23 M40-49 Mendon, MA, USA
4:12:05
 "
84,MIDD=4603151115,Myles Standish Marathon,"Plymouth, MA USA",,"Mariya Michniewicz (F37)
4:20:33 84 25 / 9 F30-39 Harwich, MA, USA
4:14:00
 "
85,MIDD=4603151115,Myles Standish Marathon,"Plymouth, MA USA",,"Anthony Placencio (M36)
4:22:48 85 60 / 19 M30-39 Norwalk, CT, USA
4:22:32
 "
86,MIDD=4603151115,Myles Standish Marathon,"Plymouth, MA USA",,"Lee Giordano (M41)
4:23:56 86 61 / 24 M40-49 Quincy, MA, USA
4:15:27
 "
87,MIDD=4603151115,Myles Standish Marathon,"Plymouth, MA USA",,"Kim Davidson (F38)
4:24:32 87 26 / 10 F30-39 East Bridgewate, MA, USA
4:16:07
 "
88,MIDD=4603151115,Myles Standish Marathon,"Plymouth, MA USA",,"Shaun Daylor (M37)
4:25:10 88 62 / 20 M30-39 Lakeville, MA, USA
4:24:06
 "
89,MIDD=4603151115,Myles Standish Marathon,"Plymouth, MA USA",,"Eb Lynch (F41)
4:25:28 89 27 / 4 F40-49 Lakeville, MA, USA
4:10:28
 "
90,MIDD=4603151115,Myles Standish Marathon,"Plymouth, MA USA",,"Marvin Wolfert (M60)
4:25:44 90 63 / 4 M60-69 Foxboro, MA, USA
3:36:42
 "
91,MIDD=4603151115,Myles Standish Marathon,"Plymouth, MA USA",,"Mandi Yanez (F40)
4:25:59 91 28 / 5 F40-49 Forestdale, MA, USA
4:13:22
 "
92,MIDD=4603151115,Myles Standish Marathon,"Plymouth, MA USA",,"Megan Wordelmann (F35)
4:26:02 92 29 / 11 F30-39 Granville, NY, USA
4:22:16
 "
93,MIDD=4603151115,Myles Standish Marathon,"Plymouth, MA USA",,"Wing Luie (M44)
4:26:02 93 64 / 25 M40-49 Milton, MA, USA
4:11:06
 "
94,MIDD=4603151115,Myles Standish Marathon,"Plymouth, MA USA",,"Gregory Boutelle (M38)
4:26:53 94 65 / 21 M30-39 North Kingstown, RI, USA
4:24:28
 "
95,MIDD=4603151115,Myles Standish Marathon,"Plymouth, MA USA",,"Bill Roderick (M44)
4:26:56 95 66 / 26 M40-49 Plymouth, MA, USA
4:11:57
 "
96,MIDD=4603151115,Myles Standish Marathon,"Plymouth, MA USA",,"Dan Foley (M34)
4:29:10 96 67 / 22 M30-39 Uxbridge, MA, USA
4:29:10
 "
97,MIDD=4603151115,Myles Standish Marathon,"Plymouth, MA USA",,"Brian MacInnis (M40)
4:30:59 97 68 / 27 M40-49 Norwood, MA, USA
4:24:27
 "
98,MIDD=4603151115,Myles Standish Marathon,"Plymouth, MA USA",,"Amy McCrosson (F43)
4:30:59 98 30 / 6 F40-49 North Attleboro, MA, USA
4:10:10
 "
99,MIDD=4603151115,Myles Standish Marathon,"Plymouth, MA USA",,"Olga Holly (F39)
4:32:11 99 31 / 12 F30-39 Hudson, MA, USA
4:21:30
 "
100,MIDD=4603151115,Myles Standish Marathon,"Plymouth, MA USA",,"Jessica Welch (F37)
4:32:16 100 32 / 13 F30-39 Jamaica Plain, MA, USA
4:25:25
 "
101,MIDD=4603151115,Myles Standish Marathon,"Plymouth, MA USA",,"Corinne Fortin (F23)
4:34:09 101 33 / 10 F20-29 Boston, MA, USA
4:34:09
 "
102,MIDD=4603151115,Myles Standish Marathon,"Plymouth, MA USA",,"Andrea Delmonte (F44)
4:34:22 102 34 / 7 F40-49 Bridgewater, MA, USA
4:10:18
 "
103,MIDD=4603151115,Myles Standish Marathon,"Plymouth, MA USA",,"Christopher Scoppetta (M29)
4:34:36 103 69 / 11 M20-29 Berlin, CT, USA
4:34:36
 "
104,MIDD=4603151115,Myles Standish Marathon,"Plymouth, MA USA",,"Mary Houbolt (F65)
4:34:44 104 35 / 2 F60-69 Plymouth, MA, USA
3:06:39
BQ"
105,MIDD=4603151115,Myles Standish Marathon,"Plymouth, MA USA",,"Chris Williams (M47)
4:35:20 105 70 / 28 M40-49 Pembroke, MA, USA
4:13:15
 "
106,MIDD=4603151115,Myles Standish Marathon,"Plymouth, MA USA",,"Susanne Durning (F39)
4:35:56 106 36 / 14 F30-39 Norton, MA, USA
4:25:07
 "
107,MIDD=4603151115,Myles Standish Marathon,"Plymouth, MA USA",,"Athena Xifaras (F40)
4:36:17 107 37 / 8 F40-49 Dartmouth, MA, USA
4:23:11
 "
108,MIDD=4603151115,Myles Standish Marathon,"Plymouth, MA USA",,"Brian Tjersland (M48)
4:36:17 108 71 / 29 M40-49 Dartmouth, MA, USA
4:11:54
 "
109,MIDD=4603151115,Myles Standish Marathon,"Plymouth, MA USA",,"Ryan Powers (M34)
4:36:17 109 72 / 23 M30-39 Fairhaven, MA, USA
4:36:17
 "
110,MIDD=4603151115,Myles Standish Marathon,"Plymouth, MA USA",,"Tom Berl (M48)
4:36:17 110 73 / 30 M40-49 Mystic, CT, USA
4:11:54
 "
111,MIDD=4603151115,Myles Standish Marathon,"Plymouth, MA USA",,"Rachel Chiaverelli (F26)
4:36:30 111 38 / 11 F20-29 Somerville, MA, USA
4:36:30
 "
112,MIDD=4603151115,Myles Standish Marathon,"Plymouth, MA USA",,"Lauren Morris (F31)
4:37:20 112 39 / 15 F30-39 Springfield, MA, USA
4:36:53
 "
113,MIDD=4603151115,Myles Standish Marathon,"Plymouth, MA USA",,"Kevin Mullen (M50)
4:37:32 113 74 / 2 M50-59 Marshfield, MA, USA
4:08:35
 "
114,MIDD=4603151115,Myles Standish Marathon,"Plymouth, MA USA",,"Sarah Marshall (F51)
4:38:05 114 40 / 1 F50-59 Pittsfield, MA, USA
3:52:28
 "
115,MIDD=4603151115,Myles Standish Marathon,"Plymouth, MA USA",,"Jeff Morris (M30)
4:39:20 115 75 / 24 M30-39 Springfield, MA, USA
4:39:20
 "
116,MIDD=4603151115,Myles Standish Marathon,"Plymouth, MA USA",,"Emily Scribner (F23)
4:39:28 116 41 / 12 F20-29 Burlington, VT, USA
4:39:28
 "
117,MIDD=4603151115,Myles Standish Marathon,"Plymouth, MA USA",,"Deborah Scribner (F48)
4:39:35 117 42 / 9 F40-49 White River Jct, VT, USA
4:02:52
 "
118,MIDD=4603151115,Myles Standish Marathon,"Plymouth, MA USA",,"Joe Beyer (M53)
4:40:00 118 76 / 3 M50-59 Concord, MA, USA
4:04:04
 "
119,MIDD=4603151115,Myles Standish Marathon,"Plymouth, MA USA",,"Rick Boudreau (M47)
4:40:06 119 77 / 31 M40-49 North Kingstown, RI, USA
4:17:38
 "
120,MIDD=4603151115,Myles Standish Marathon,"Plymouth, MA USA",,"Keith Comer (M59)
4:40:14 120 78 / 4 M50-59 East Sandwich, MA, USA
3:50:48
 "
121,MIDD=4603151115,Myles Standish Marathon,"Plymouth, MA USA",,"Kristofor Smith (M35)
4:40:48 121 79 / 25 M30-39 Boston, MA, USA
4:40:48
 "
122,MIDD=4603151115,Myles Standish Marathon,"Plymouth, MA USA",,"Mohamed Eljahmi (M56)
4:41:50 122 80 / 5 M50-59 Chelmsford, MA, USA
3:58:52
 "
123,MIDD=4603151115,Myles Standish Marathon,"Plymouth, MA USA",,"Paul Ghelfi (M48)
4:41:59 123 81 / 32 M40-49 Bridgewater, MA, USA
4:17:06
 "
124,MIDD=4603151115,Myles Standish Marathon,"Plymouth, MA USA",,"Charlie Nelson (M64)
4:42:02 124 82 / 5 M60-69 Newmarket, NH, USA
3:40:58
 "
125,MIDD=4603151115,Myles Standish Marathon,"Plymouth, MA USA",,"Peter Benson (M54)
4:42:39 125 83 / 6 M50-59 Harwich, MA, USA
4:04:07
 "
126,MIDD=4603151115,Myles Standish Marathon,"Plymouth, MA USA",,"Cheryl Schipper (F43)
4:43:04 126 43 / 10 F40-49 Hanover, MA, USA
4:21:19
 "
127,MIDD=4603151115,Myles Standish Marathon,"Plymouth, MA USA",,"Miles Harris (M29)
4:43:41 127 84 / 12 M20-29 Brooklyn, NY, USA
4:43:41
 "
128,MIDD=4603151115,Myles Standish Marathon,"Plymouth, MA USA",,"Brendon Dalton (M24)
4:44:39 128 85 / 13 M20-29 Braintree, MA, USA
4:44:39
 "
129,MIDD=4603151115,Myles Standish Marathon,"Plymouth, MA USA",,"Mariko Hiruma (F40)
4:44:46 129 44 / 11 F40-49 Randolph, MA, USA
4:31:16
 "
130,MIDD=4603151115,Myles Standish Marathon,"Plymouth, MA USA",,"Gladys Alcedo (F44)
4:46:38 130 45 / 12 F40-49 Wallingford, CT, USA
4:21:29
 "
131,MIDD=4603151115,Myles Standish Marathon,"Plymouth, MA USA",,"Laura Beatty (F29)
4:49:16 131 46 / 13 F20-29 Osterville, MA, USA
4:49:16
 "
132,MIDD=4603151115,Myles Standish Marathon,"Plymouth, MA USA",,"David Baker (M45)
4:49:29 132 86 / 33 M40-49 Hanson, MA, USA
4:30:53
 "
133,MIDD=4603151115,Myles Standish Marathon,"Plymouth, MA USA",,"Derek Mourad (M45)
4:55:06 133 87 / 34 M40-49 Boston, MA, USA
4:36:09
 "
134,MIDD=4603151115,Myles Standish Marathon,"Plymouth, MA USA",,"Jadi Conkling (F29)
4:57:28 134 47 / 14 F20-29 Boston, MA, USA
4:57:28
 "
135,MIDD=4603151115,Myles Standish Marathon,"Plymouth, MA USA",,"Joe Lavalle (M37)
5:01:09 135 88 / 26 M30-39 Northboro, MA, USA
4:59:56
 "
136,MIDD=4603151115,Myles Standish Marathon,"Plymouth, MA USA",,"Kaixin Xing (M17)
5:04:24 136 89 / 2 M10-19 Auburn, MA, USA
4:48:25
 "
137,MIDD=4603151115,Myles Standish Marathon,"Plymouth, MA USA",,"John Howard (M40)
5:04:38 137 90 / 35 M40-49 Plymouth, MA, USA
4:57:17
 "
138,MIDD=4603151115,Myles Standish Marathon,"Plymouth, MA USA",,"Gerry Smedinghoff (M53)
5:05:14 138 91 / 7 M50-59 Phoenix, AZ, USA
4:26:04
 "
139,MIDD=4603151115,Myles Standish Marathon,"Plymouth, MA USA",,"Amiee Bourassa (F26)
5:06:28 139 48 / 15 F20-29 Providence, RI, USA
5:06:28
 "
140,MIDD=4603151115,Myles Standish Marathon,"Plymouth, MA USA",,"Joseph Jackson (M49)
5:06:30 140 92 / 36 M40-49 Somerville, MA, USA
4:37:00
 "
141,MIDD=4603151115,Myles Standish Marathon,"Plymouth, MA USA",,"Kristen Harvey (F44)
5:07:34 141 49 / 13 F40-49 Bridgewater, MA, USA
4:40:35
 "
142,MIDD=4603151115,Myles Standish Marathon,"Plymouth, MA USA",,"Robin Ireland (M39)
5:12:53 142 93 / 27 M30-39 Plymouth, MA, USA
5:07:52
 "
143,MIDD=4603151115,Myles Standish Marathon,"Plymouth, MA USA",,"Mandy Westerling (F37)
5:12:53 143 50 / 16 F30-39 Washington, DC, USA
5:05:01
 "
144,MIDD=4603151115,Myles Standish Marathon,"Plymouth, MA USA",,"Nancy Dorn (F56)
5:14:05 144 51 / 2 F50-59 Plymouth, MA, USA
4:05:27
 "
145,MIDD=4603151115,Myles Standish Marathon,"Plymouth, MA USA",,"Jim Dempsey (M62)
5:14:38 145 94 / 6 M60-69 Waterbury, CT, USA
4:11:32
 "
146,MIDD=4603151115,Myles Standish Marathon,"Plymouth, MA USA",,"Glenn Aherns (M57)
5:14:52 146 95 / 8 M50-59 Marion, MA, USA
4:24:21
 "
147,MIDD=4603151115,Myles Standish Marathon,"Plymouth, MA USA",,"Jane B Lovelette (F62)
5:15:30 147 52 / 3 F60-69 Yarmouth Port, MA, USA
3:45:36
 "
148,MIDD=4603151115,Myles Standish Marathon,"Plymouth, MA USA",,"Dennis Fitzpatrick (M50)
5:23:21 148 96 / 9 M50-59 Franklin, MA, USA
4:49:37
 "
149,MIDD=4603151115,Myles Standish Marathon,"Plymouth, MA USA",,"Claudia Marinozzi (F27)
5:24:46 149 53 / 16 F20-29 Gloucteser, MA, USA
5:24:46
 "
150,MIDD=4603151115,Myles Standish Marathon,"Plymouth, MA USA",,"Rowena Hakkaoui (F41)
5:29:17 150 54 / 14 F40-49 Malden, MA, USA
5:10:40
 "
151,MIDD=4603151115,Myles Standish Marathon,"Plymouth, MA USA",,"Dave Owens (M45)
5:34:13 151 97 / 37 M40-49 Waltham, MA, USA
5:12:45
 "
152,MIDD=4603151115,Myles Standish Marathon,"Plymouth, MA USA",,"Anthony Freeman (M40)
5:34:56 152 98 / 38 M40-49 Providence, RI, USA
5:26:51
 "
153,MIDD=4603151115,Myles Standish Marathon,"Plymouth, MA USA",,"Arnie James (M71)
5:41:12 153 99 / 1 M70-79 Somerville, MA, USA
4:08:07
 "
154,MIDD=4603151115,Myles Standish Marathon,"Plymouth, MA USA",,"Jeff Bramhall (M34)
5:50:18 154 100 / 28 M30-39 Somerville, MA, USA
5:50:18
 "
155,MIDD=4603151115,Myles Standish Marathon,"Plymouth, MA USA",,"Colin Delorey (M33)
5:56:19 155 101 / 29 M30-39 Hyannis, MA, USA
5:56:19
 "
