,race_id,race,location,date,runners
0,MIDD=3462151121,New Catalina Eco Marathon,"Avalon, CA USA","November 21, 2015","

Have you run this race?Then tell us about it.

Last Name, First Name(Sex/Age)
Time OverAllPlace
Sex Place/Div Place
DIV 
City, State, Country AG Time*"
1,MIDD=3462151121,New Catalina Eco Marathon,"Avalon, CA USA","November 21, 2015","JASON MILLS (M41)
3:25:51 1 1 / 1 M40-44 LOS ANGELES, CA, USA
3:19:14"
2,MIDD=3462151121,New Catalina Eco Marathon,"Avalon, CA USA","November 21, 2015","WARREN DAVIS (M33)
3:28:18 2 2 / 1 M30-34  
3:28:18"
3,MIDD=3462151121,New Catalina Eco Marathon,"Avalon, CA USA","November 21, 2015","CARLOS VIZCARRA (M42)
3:37:39 3 3 / 2 M40-44 LOS ANGELES, CA, USA
3:28:55"
4,MIDD=3462151121,New Catalina Eco Marathon,"Avalon, CA USA","November 21, 2015","MATTHEW MULLIGAN (M24)
4:03:34 4 4 / 1 M20-24 BOSTON, CA, USA
4:03:34"
5,MIDD=3462151121,New Catalina Eco Marathon,"Avalon, CA USA","November 21, 2015","TIM SHEEPER (M52)
4:11:59 5 5 / 1 M50-54 MENLO PARK, CA, USA
3:41:40"
6,MIDD=3462151121,New Catalina Eco Marathon,"Avalon, CA USA","November 21, 2015","JULIE WATTS (F35)
4:19:41 6 1 / 1 F35-39 SAN CLEMENTE, CA, USA
4:16:01"
7,MIDD=3462151121,New Catalina Eco Marathon,"Avalon, CA USA","November 21, 2015","COLIN COOLEY (M44)
4:21:46 7 6 / 3 M40-44  
4:07:04"
8,MIDD=3462151121,New Catalina Eco Marathon,"Avalon, CA USA","November 21, 2015","TYLER BERMAN (M23)
4:29:30 8 7 / 2 M20-24 RANCHO SANTA MARGARITA, CA, USA
4:29:30"
9,MIDD=3462151121,New Catalina Eco Marathon,"Avalon, CA USA","November 21, 2015","ARDY AZADGAN (M33)
4:33:54 9 8 / 2 M30-34 LAGUNA NIGUEL, CA, USA
4:33:54"
10,MIDD=3462151121,New Catalina Eco Marathon,"Avalon, CA USA","November 21, 2015","JESSICA MENCEL (F26)
4:34:29 10 2 / 1 F25-29 ALBANY, NY, USA
4:34:29"
11,MIDD=3462151121,New Catalina Eco Marathon,"Avalon, CA USA","November 21, 2015","DEREK GARLAND (M30)
4:36:29 11 9 / 3 M30-34 WINCHESTER, CA, USA
4:36:29"
12,MIDD=3462151121,New Catalina Eco Marathon,"Avalon, CA USA","November 21, 2015","MARY NELSON (F45)
4:38:38 12 3 / 1 F45-49 SAN DIEGO, CA, USA
4:11:09"
13,MIDD=3462151121,New Catalina Eco Marathon,"Avalon, CA USA","November 21, 2015","DYLAN JONES (M40)
4:43:22 13 10 / 4 M40-44  
4:36:32"
14,MIDD=3462151121,New Catalina Eco Marathon,"Avalon, CA USA","November 21, 2015","ELIZABETH GOLDBERG (F43)
4:47:10 14 4 / 1 F40-44 LOS GATOS, CA, USA
4:25:06"
15,MIDD=3462151121,New Catalina Eco Marathon,"Avalon, CA USA","November 21, 2015","CATHERINE OSTLER (F49)
4:48:23 15 5 / 2 F45-49 SAN DIEGO, CA, USA
4:07:22"
16,MIDD=3462151121,New Catalina Eco Marathon,"Avalon, CA USA","November 21, 2015","AGUSTIN PENA CAMPRUBI (M26)
4:48:23 16 11 / 1 M25-29 LOS ANGELES, CA, USA
4:48:23"
17,MIDD=3462151121,New Catalina Eco Marathon,"Avalon, CA USA","November 21, 2015","ALEX MERCADO (M24)
4:51:42 17 12 / 3 M20-24 IRVINE, CA, USA
4:51:42"
18,MIDD=3462151121,New Catalina Eco Marathon,"Avalon, CA USA","November 21, 2015","JILL KLEI (F43)
4:52:18 18 6 / 2 F40-44 BUCKEYE, AZ, USA
4:29:51"
19,MIDD=3462151121,New Catalina Eco Marathon,"Avalon, CA USA","November 21, 2015","CLARA CHEW (F28)
4:52:20 19 7 / 2 F25-29 SIERRA MADRE, CA, USA
4:52:20"
20,MIDD=3462151121,New Catalina Eco Marathon,"Avalon, CA USA","November 21, 2015","MICHAEL RAPHAEL (M47)
4:52:59 20 13 / 1 M45-49 LOS ANGELES, CA, USA
4:29:29"
21,MIDD=3462151121,New Catalina Eco Marathon,"Avalon, CA USA","November 21, 2015","TRAVIS SCHRAMEK (M27)
4:53:31 21 14 / 2 M25-29 SAN DIEGO, CA, USA
4:53:31"
22,MIDD=3462151121,New Catalina Eco Marathon,"Avalon, CA USA","November 21, 2015","PAUL ZIDRON (M35)
4:53:49 22 15 / 1 M35-39 LAGUNA NIGUEL, CA, USA
4:53:49"
23,MIDD=3462151121,New Catalina Eco Marathon,"Avalon, CA USA","November 21, 2015","CRISTINA MARIANI-MAY MARIANI-MAY (F44)
4:55:33 23 8 / 3 F40-44 OLD BROOKVILLE, NY, USA
4:29:37"
24,MIDD=3462151121,New Catalina Eco Marathon,"Avalon, CA USA","November 21, 2015","BRAD JENSEN (M53)
4:55:41 24 16 / 2 M50-54 LOS ANGELES, CA, USA
4:17:44"
25,MIDD=3462151121,New Catalina Eco Marathon,"Avalon, CA USA","November 21, 2015","KIMBERLY GIMENEZ (F51)
4:55:43 25 9 / 1 F50-54 LONG BEACH, CA, USA
4:07:13"
26,MIDD=3462151121,New Catalina Eco Marathon,"Avalon, CA USA","November 21, 2015","NATHAN RODRIGUEZ (M41)
4:56:48 26 17 / 5 M40-44 TEMPLE CITY, CA, USA
4:47:16"
27,MIDD=3462151121,New Catalina Eco Marathon,"Avalon, CA USA","November 21, 2015","TIMOTHY WONG (M52)
4:58:39 27 18 / 3 M50-54 PALO ALTO, CA, USA
4:22:43"
28,MIDD=3462151121,New Catalina Eco Marathon,"Avalon, CA USA","November 21, 2015","NATHAN WARREN (M21)
4:59:17 28 19 / 4 M20-24 AVALON, CA, USA
4:57:56"
29,MIDD=3462151121,New Catalina Eco Marathon,"Avalon, CA USA","November 21, 2015","SCOT LARSEN (M52)
4:59:37 29 20 / 4 M50-54 TUSTIN, CA, USA
4:23:34"
30,MIDD=3462151121,New Catalina Eco Marathon,"Avalon, CA USA","November 21, 2015","NEIL O'DELL (M25)
5:00:09 30 21 / 3 M25-29 BRIGHTWOOD, OR, USA
5:00:09"
31,MIDD=3462151121,New Catalina Eco Marathon,"Avalon, CA USA","November 21, 2015","MARILYN SINNETT (F32)
5:00:17 31 10 / 1 F30-34 SAN DIEGO, CA, USA
4:59:13"
32,MIDD=3462151121,New Catalina Eco Marathon,"Avalon, CA USA","November 21, 2015","CHRIS HUXLEY (M48)
5:01:21 32 22 / 2 M45-49 ENCINITAS, CA, USA
4:34:46"
33,MIDD=3462151121,New Catalina Eco Marathon,"Avalon, CA USA","November 21, 2015","ADAM DELU (M45)
5:01:32 33 23 / 3 M45-49 ALBUQUERQUE, NM, USA
4:42:10"
34,MIDD=3462151121,New Catalina Eco Marathon,"Avalon, CA USA","November 21, 2015","JOSEPH ZIDRON (M30)
5:02:28 34 24 / 4 M30-34 SAN CLEMENTE, CA, USA
5:02:28"
35,MIDD=3462151121,New Catalina Eco Marathon,"Avalon, CA USA","November 21, 2015","MICHAEL CONNOR (M29)
5:03:01 35 25 / 4 M25-29 IRVINE, CA, USA
5:03:01"
36,MIDD=3462151121,New Catalina Eco Marathon,"Avalon, CA USA","November 21, 2015","ROB MCNAIR (M61)
5:04:25 36 26 / 1 M60-64 HUNTINGTON BEACH, CA, USA
4:05:48"
37,MIDD=3462151121,New Catalina Eco Marathon,"Avalon, CA USA","November 21, 2015","KELLY LEONARD (F37)
5:04:37 37 11 / 2 F35-39 NEWPORT BEACH, CA, USA
4:56:58"
38,MIDD=3462151121,New Catalina Eco Marathon,"Avalon, CA USA","November 21, 2015","HEIDI DEROSSETT (F39)
5:05:13 38 12 / 3 F35-39 AGUANGA, CA, USA
4:53:15"
39,MIDD=3462151121,New Catalina Eco Marathon,"Avalon, CA USA","November 21, 2015","ROB WINTERBURN (M57)
5:07:22 39 27 / 1 M55-59 SIMI VALLEY, CA, USA
4:18:03"
40,MIDD=3462151121,New Catalina Eco Marathon,"Avalon, CA USA","November 21, 2015","MOLLY KRANTZ (F34)
5:10:53 40 13 / 2 F30-34 SAN MATEO, CA, USA
5:07:50"
41,MIDD=3462151121,New Catalina Eco Marathon,"Avalon, CA USA","November 21, 2015","GRICELDA CENCI (F41)
5:11:32 41 14 / 4 F40-44 RIVERSIDE, CA, USA
4:53:55"
42,MIDD=3462151121,New Catalina Eco Marathon,"Avalon, CA USA","November 21, 2015","JESS DYRENFORTH DYRENFORTH (M46)
5:13:40 42 28 / 4 M45-49 SANTA ANA, CA, USA
4:51:01"
43,MIDD=3462151121,New Catalina Eco Marathon,"Avalon, CA USA","November 21, 2015","TIM DOWNING (M49)
5:18:54 43 29 / 5 M45-49 BREA, CA, USA
4:48:13"
44,MIDD=3462151121,New Catalina Eco Marathon,"Avalon, CA USA","November 21, 2015","SEAN MCNAMARA (M39)
5:19:29 44 30 / 2 M35-39 LADERA RANCH, CA, USA
5:14:22"
45,MIDD=3462151121,New Catalina Eco Marathon,"Avalon, CA USA","November 21, 2015","HANS KOPP (M35)
5:20:01 45 31 / 3 M35-39 LAGUNA NIGUEL, CA, USA
5:20:01"
46,MIDD=3462151121,New Catalina Eco Marathon,"Avalon, CA USA","November 21, 2015","DAVID HUFF (M59)
5:20:06 46 32 / 2 M55-59 AUSTIN, TX, USA
4:23:38"
47,MIDD=3462151121,New Catalina Eco Marathon,"Avalon, CA USA","November 21, 2015","HIROYUKI SHIOMI (M44)
5:22:46 47 33 / 6 M40-44 ANN ARBOR, MI, USA
5:04:39"
48,MIDD=3462151121,New Catalina Eco Marathon,"Avalon, CA USA","November 21, 2015","SUZANNE EDMANDS (F51)
5:22:50 48 15 / 2 F50-54 SOUTH PASADENA, CA, USA
4:29:53"
49,MIDD=3462151121,New Catalina Eco Marathon,"Avalon, CA USA","November 21, 2015","EVAN BRICKER (M31)
5:23:08 49 34 / 5 M30-34 SAN DIEGO, CA, USA
5:23:08"
50,MIDD=3462151121,New Catalina Eco Marathon,"Avalon, CA USA","November 21, 2015","MICAELA LEIGHTON (F47)
5:23:34 50 16 / 3 F45-49 BUCKEYE, AZ, USA
4:44:36"
51,MIDD=3462151121,New Catalina Eco Marathon,"Avalon, CA USA","November 21, 2015","EMMANUEL MAXIMO (M33)
5:23:44 51 35 / 6 M30-34 INGLEWOOD, CA, USA
5:23:44"
52,MIDD=3462151121,New Catalina Eco Marathon,"Avalon, CA USA","November 21, 2015","CHRIS PLANTE (M43)
5:23:46 52 36 / 7 M40-44 LONG BEACH, CA, USA
5:08:11"
53,MIDD=3462151121,New Catalina Eco Marathon,"Avalon, CA USA","November 21, 2015","RUSSELL METTEER (M41)
5:25:42 53 37 / 8 M40-44  
5:15:14"
54,MIDD=3462151121,New Catalina Eco Marathon,"Avalon, CA USA","November 21, 2015","LAURA SWYTAK (F34)
5:25:59 54 17 / 3 F30-34 SANTA ANA, CA, USA
5:22:47"
55,MIDD=3462151121,New Catalina Eco Marathon,"Avalon, CA USA","November 21, 2015","SCOTT THOMPSON (M38)
5:26:12 55 38 / 4 M35-39 INDIO, CA, USA
5:23:15"
56,MIDD=3462151121,New Catalina Eco Marathon,"Avalon, CA USA","November 21, 2015","DOUGLAS NELSEN (M42)
5:26:47 56 39 / 9 M40-44 CATONSVILLE, MD, USA
5:13:40"
57,MIDD=3462151121,New Catalina Eco Marathon,"Avalon, CA USA","November 21, 2015","CHRIS COLE (M53)
5:26:59 57 40 / 5 M50-54 TEMECULA, CA, USA
4:45:01"
58,MIDD=3462151121,New Catalina Eco Marathon,"Avalon, CA USA","November 21, 2015","EMILY BANKS (F28)
5:27:37 58 18 / 3 F25-29 BELLFLOWER, CA, USA
5:27:37"
59,MIDD=3462151121,New Catalina Eco Marathon,"Avalon, CA USA","November 21, 2015","MICHELLE SPEERS (F51)
5:28:38 59 19 / 3 F50-54 SOUTH PASADENA, CA, USA
4:34:44"
60,MIDD=3462151121,New Catalina Eco Marathon,"Avalon, CA USA","November 21, 2015","JON ROBERTS (M41)
5:28:45 60 41 / 10 M40-44 LOS ANGELES, CA, USA
5:18:11"
61,MIDD=3462151121,New Catalina Eco Marathon,"Avalon, CA USA","November 21, 2015","MOLLY TROUP (F32)
5:28:52 61 20 / 4 F30-34 SANTA BARBARA, CA, USA
5:27:42"
62,MIDD=3462151121,New Catalina Eco Marathon,"Avalon, CA USA","November 21, 2015","RUSS KNIGHT (M38)
5:32:18 62 42 / 5 M35-39 DANA POINT, CA, USA
5:29:18"
63,MIDD=3462151121,New Catalina Eco Marathon,"Avalon, CA USA","November 21, 2015","DEREK SCHLEICHER (M20)
5:32:25 63 43 / 5 M20-24 MINNEAPOLIS, MN, USA
5:28:15"
64,MIDD=3462151121,New Catalina Eco Marathon,"Avalon, CA USA","November 21, 2015","DOUG JEFRIES (M59)
5:32:39 64 44 / 3 M55-59 SONOMA, CA, USA
4:33:58"
65,MIDD=3462151121,New Catalina Eco Marathon,"Avalon, CA USA","November 21, 2015","CHRYSTAL TUNNELL (F33)
5:33:26 65 21 / 5 F30-34 SANTA MARIA, CA, USA
5:31:19"
66,MIDD=3462151121,New Catalina Eco Marathon,"Avalon, CA USA","November 21, 2015","MEGAN LOVICH (F26)
5:34:04 66 22 / 4 F25-29 PORTLAND, OR, USA
5:34:04"
67,MIDD=3462151121,New Catalina Eco Marathon,"Avalon, CA USA","November 21, 2015","PAUL JORDAN (M57)
5:34:05 67 45 / 4 M55-59 OAK PARK, CA, USA
4:40:29"
68,MIDD=3462151121,New Catalina Eco Marathon,"Avalon, CA USA","November 21, 2015","ANTON TALARICO (M34)
5:34:22 68 46 / 7 M30-34 SIMI VALLEY, CA, USA
5:34:22"
69,MIDD=3462151121,New Catalina Eco Marathon,"Avalon, CA USA","November 21, 2015","MELISSA OSSANNA (F46)
5:36:49 69 23 / 4 F45-49 BAR HARBOR, ME, USA
4:59:56"
70,MIDD=3462151121,New Catalina Eco Marathon,"Avalon, CA USA","November 21, 2015","CHRIS MATUSZAK (M31)
5:38:45 70 47 / 8 M30-34 LONG BEACH, CA, USA
5:38:45"
71,MIDD=3462151121,New Catalina Eco Marathon,"Avalon, CA USA","November 21, 2015","MARK ANDERSON (M23)
5:38:56 71 48 / 6 M20-24 YORBA LINDA, CA, USA
5:38:56"
72,MIDD=3462151121,New Catalina Eco Marathon,"Avalon, CA USA","November 21, 2015","LUIS ALVAREZ (M28)
5:39:10 72 49 / 5 M25-29 LAKEWOOD, CA, USA
5:39:10"
73,MIDD=3462151121,New Catalina Eco Marathon,"Avalon, CA USA","November 21, 2015","NATE GUSTAFSON (M34)
5:41:42 73 50 / 9 M30-34 SCOTTSDALE, AZ, USA
5:41:42"
74,MIDD=3462151121,New Catalina Eco Marathon,"Avalon, CA USA","November 21, 2015","BILLY CHRISTENSEN (M44)
5:41:49 74 51 / 11 M40-44 CARY, NC, USA
5:22:38"
75,MIDD=3462151121,New Catalina Eco Marathon,"Avalon, CA USA","November 21, 2015","DEBBIE FRITZER (F51)
5:44:45 75 24 / 4 F50-54 CARLSBAD, CA, USA
4:48:12"
76,MIDD=3462151121,New Catalina Eco Marathon,"Avalon, CA USA","November 21, 2015","BRENT SPEERS (M57)
5:46:43 76 52 / 5 M55-59 SOUTH PASADENA, CA, USA
4:51:06"
77,MIDD=3462151121,New Catalina Eco Marathon,"Avalon, CA USA","November 21, 2015","MARK RANDOLPH (M57)
5:48:52 77 53 / 6 M55-59 SAN JOSE, CA, USA
4:52:54"
78,MIDD=3462151121,New Catalina Eco Marathon,"Avalon, CA USA","November 21, 2015","MARGOT HEALEY (F49)
5:50:31 78 25 / 5 F45-49 SOUTH PASADENA, CA, USA
5:00:40"
79,MIDD=3462151121,New Catalina Eco Marathon,"Avalon, CA USA","November 21, 2015","ALEXANDRA EVANS (F25)
5:50:44 79 26 / 5 F25-29 MIDDLESEX, VT, USA
5:50:44"
80,MIDD=3462151121,New Catalina Eco Marathon,"Avalon, CA USA","November 21, 2015","JOHN HIGGINS (M42)
5:50:58 80 54 / 12 M40-44 SAN DIEGO, CA, USA
5:36:53"
81,MIDD=3462151121,New Catalina Eco Marathon,"Avalon, CA USA","November 21, 2015","RAUL ROSAS (M26)
5:51:38 81 55 / 6 M25-29 WOOD DALE, IL, USA
5:51:38"
82,MIDD=3462151121,New Catalina Eco Marathon,"Avalon, CA USA","November 21, 2015","RACHEL CRITES (F30)
5:52:04 82 27 / 6 F30-34 FORT MILL, SC, USA
5:51:55"
83,MIDD=3462151121,New Catalina Eco Marathon,"Avalon, CA USA","November 21, 2015","TIM CRITES (M29)
5:52:04 83 56 / 7 M25-29 FORT MIL, SC, USA
5:52:04"
84,MIDD=3462151121,New Catalina Eco Marathon,"Avalon, CA USA","November 21, 2015","CATHERINE BROCHU (F28)
5:52:50 84 28 / 6 F25-29 NEWPORT BEACH, CA, USA
5:52:50"
85,MIDD=3462151121,New Catalina Eco Marathon,"Avalon, CA USA","November 21, 2015","CORNELIA SCHNEIDER (F38)
5:53:01 85 29 / 4 F35-39 NEW YORK, NY, USA
5:41:47"
86,MIDD=3462151121,New Catalina Eco Marathon,"Avalon, CA USA","November 21, 2015","ERIKA QUINN (F43)
5:53:01 86 30 / 5 F40-44 LOS ANGELES, CA, USA
5:25:54"
87,MIDD=3462151121,New Catalina Eco Marathon,"Avalon, CA USA","November 21, 2015","CALLIE SCHIEFFER (F37)
5:53:37 87 31 / 5 F35-39 KALISPELL, MT, USA
5:44:44"
88,MIDD=3462151121,New Catalina Eco Marathon,"Avalon, CA USA","November 21, 2015","HEATHER ANDERSON (F40)
5:56:31 88 32 / 6 F40-44 SCOTTSDALE, AZ, USA
5:39:37"
89,MIDD=3462151121,New Catalina Eco Marathon,"Avalon, CA USA","November 21, 2015","ALLEN SMITH (M57)
5:56:56 89 57 / 7 M55-59 ANAHEIM, CA, USA
4:59:40"
90,MIDD=3462151121,New Catalina Eco Marathon,"Avalon, CA USA","November 21, 2015","MICHAEL DERAS (M47)
5:57:12 90 58 / 6 M45-49 SAN DIEGO, CA, USA
5:28:33"
91,MIDD=3462151121,New Catalina Eco Marathon,"Avalon, CA USA","November 21, 2015","CORY LUELLEN (M48)
5:57:37 91 59 / 7 M45-49 MENLO PARK, CA, USA
5:26:04"
92,MIDD=3462151121,New Catalina Eco Marathon,"Avalon, CA USA","November 21, 2015","BRIANNE FOWLER (F35)
5:58:15 92 33 / 6 F35-39 VENTURA, CA, USA
5:53:11"
93,MIDD=3462151121,New Catalina Eco Marathon,"Avalon, CA USA","November 21, 2015","ZITA NAHAY (F31)
5:58:34 93 34 / 7 F30-34 PORT ST LUCIE, FL, USA
5:57:59"
94,MIDD=3462151121,New Catalina Eco Marathon,"Avalon, CA USA","November 21, 2015","JEFFREY RUTHERFORD (M48)
5:58:49 94 60 / 8 M45-49 LOS ANGELES, CA, USA
5:27:10"
95,MIDD=3462151121,New Catalina Eco Marathon,"Avalon, CA USA","November 21, 2015","ENRIQUE IRIBARNE (M59)
5:59:20 95 61 / 8 M55-59 MISSION VIEJO, CA, USA
4:55:56"
96,MIDD=3462151121,New Catalina Eco Marathon,"Avalon, CA USA","November 21, 2015","DAVE SCOBIE (M47)
6:00:30 96 62 / 9 M45-49 LOS ANGELES, CA, USA
5:31:35"
97,MIDD=3462151121,New Catalina Eco Marathon,"Avalon, CA USA","November 21, 2015","ELIZABETH EPSTEIN (F61)
6:00:32 97 35 / 1 F60-64 LONG BEACH, CA, USA
4:21:55"
98,MIDD=3462151121,New Catalina Eco Marathon,"Avalon, CA USA","November 21, 2015","MELISSA TUNNELL (F28)
6:01:40 98 36 / 7 F25-29 SANTA MARIA, CA, USA
6:01:40"
99,MIDD=3462151121,New Catalina Eco Marathon,"Avalon, CA USA","November 21, 2015","ANDREW DINSICK (M34)
6:03:16 99 63 / 10 M30-34 LONG BEACH, CA, USA
6:03:16"
100,MIDD=3462151121,New Catalina Eco Marathon,"Avalon, CA USA","November 21, 2015","LINDSAY HILGERS (F34)
6:03:16 100 37 / 8 F30-34 LONG BEACH, CA, USA
5:59:42"
101,MIDD=3462151121,New Catalina Eco Marathon,"Avalon, CA USA","November 21, 2015","EJ DARISSE (M34)
6:03:53 101 64 / 11 M30-34 NEWTON, MA, USA
6:03:53"
102,MIDD=3462151121,New Catalina Eco Marathon,"Avalon, CA USA","November 21, 2015","LIZZY TROWER (F27)
6:04:26 102 38 / 8 F25-29 LOS ANGELES, CA, USA
6:04:26"
103,MIDD=3462151121,New Catalina Eco Marathon,"Avalon, CA USA","November 21, 2015","PHILLIP KWAN (M52)
6:05:58 103 65 / 6 M50-54 CULVER CITY, CA, USA
5:21:56"
104,MIDD=3462151121,New Catalina Eco Marathon,"Avalon, CA USA","November 21, 2015","JEFFREY CHUNG (M50)
6:06:02 104 66 / 7 M50-54 ELGIN, IL, USA
5:27:51"
105,MIDD=3462151121,New Catalina Eco Marathon,"Avalon, CA USA","November 21, 2015","SONJA BECK (F45)
6:06:21 105 39 / 6 F45-49 MISSION VIEJO, CA, USA
5:30:13"
106,MIDD=3462151121,New Catalina Eco Marathon,"Avalon, CA USA","November 21, 2015","DEBBIE CHAVEZ (F52)
6:06:44 106 40 / 5 F50-54 REDONDO BEACH, CA, USA
5:02:35"
107,MIDD=3462151121,New Catalina Eco Marathon,"Avalon, CA USA","November 21, 2015","DEO JARAVATA (M50)
6:08:17 107 67 / 8 M50-54 GRANADA HILLS, CA, USA
5:29:52"
108,MIDD=3462151121,New Catalina Eco Marathon,"Avalon, CA USA","November 21, 2015","RACHEL CARLSON (F34)
6:09:18 108 41 / 9 F30-34 CORONA, CA, USA
6:05:40"
109,MIDD=3462151121,New Catalina Eco Marathon,"Avalon, CA USA","November 21, 2015","BRIAN JOHNSON (M40)
6:09:39 109 68 / 13 M40-44 SAN DIEGO, CA, USA
6:00:44"
110,MIDD=3462151121,New Catalina Eco Marathon,"Avalon, CA USA","November 21, 2015","REYA INGLE (F41)
6:10:04 110 42 / 7 F40-44 SAN DIEGO, CA, USA
5:49:09"
111,MIDD=3462151121,New Catalina Eco Marathon,"Avalon, CA USA","November 21, 2015","JOHN REYES (M34)
6:10:15 111 69 / 12 M30-34 LOS ANGELES, CA, USA
6:10:15"
112,MIDD=3462151121,New Catalina Eco Marathon,"Avalon, CA USA","November 21, 2015","PAUL PICKETT (M62)
6:10:41 112 70 / 2 M60-64 SAN DIEGO, CA, USA
4:56:21"
113,MIDD=3462151121,New Catalina Eco Marathon,"Avalon, CA USA","November 21, 2015","JACKIE GOLISON (F53)
6:10:56 113 43 / 6 F50-54 LONG BEACH, CA, USA
5:02:00"
114,MIDD=3462151121,New Catalina Eco Marathon,"Avalon, CA USA","November 21, 2015","Unknown Runner (M)
6:11:04 114 71 / 1 M0-19  
 "
115,MIDD=3462151121,New Catalina Eco Marathon,"Avalon, CA USA","November 21, 2015","AMBER HASBUN (F33)
6:11:28 115 44 / 10 F30-34 SAN DIEGO, CA, USA
6:09:07"
116,MIDD=3462151121,New Catalina Eco Marathon,"Avalon, CA USA","November 21, 2015","KATANNYA KAPELI (F33)
6:11:46 116 45 / 11 F30-34 DEL MAR, CA, USA
6:09:25"
117,MIDD=3462151121,New Catalina Eco Marathon,"Avalon, CA USA","November 21, 2015","JONATHAN SOTZING (M36)
6:13:23 117 72 / 6 M35-39 FULLERTON, CA, USA
6:13:00"
118,MIDD=3462151121,New Catalina Eco Marathon,"Avalon, CA USA","November 21, 2015","ADAM SPOOLSTRA (M31)
6:13:40 118 73 / 13 M30-34 OLATHE, KS, USA
6:13:40"
119,MIDD=3462151121,New Catalina Eco Marathon,"Avalon, CA USA","November 21, 2015","GIOVANNA GOGREVE (F48)
6:14:05 119 46 / 7 F45-49 LOS ANGELES, CA, USA
5:24:57"
120,MIDD=3462151121,New Catalina Eco Marathon,"Avalon, CA USA","November 21, 2015","MICHAEL DAVIDSON (M30)
6:14:28 120 74 / 14 M30-34 NEWPORT BEACH, CA, USA
6:14:28"
121,MIDD=3462151121,New Catalina Eco Marathon,"Avalon, CA USA","November 21, 2015","KIERAN MAGEE (M35)
6:14:52 121 75 / 7 M35-39 HERMOSA BEACH, CA, USA
6:14:52"
122,MIDD=3462151121,New Catalina Eco Marathon,"Avalon, CA USA","November 21, 2015","MICAH DICKERSON (M39)
6:16:45 122 76 / 8 M35-39 SAN FRANCISCO, CA, USA
6:10:43"
123,MIDD=3462151121,New Catalina Eco Marathon,"Avalon, CA USA","November 21, 2015","JEFF VIOLA (M61)
6:18:32 123 77 / 3 M60-64 CAMARILLO, CA, USA
5:05:39"
124,MIDD=3462151121,New Catalina Eco Marathon,"Avalon, CA USA","November 21, 2015","BEN BEACH (M38)
6:18:50 124 78 / 9 M35-39 OCEANSIDE, CA, USA
6:15:25"
125,MIDD=3462151121,New Catalina Eco Marathon,"Avalon, CA USA","November 21, 2015","MIKE TROUT (M40)
6:22:17 125 79 / 14 M40-44 OCEANSIDE, CA, USA
6:13:04"
126,MIDD=3462151121,New Catalina Eco Marathon,"Avalon, CA USA","November 21, 2015","WILLY BRUIJNS (F62)
6:24:16 126 47 / 2 F60-64 LOS OSOS, CA, USA
4:34:47"
127,MIDD=3462151121,New Catalina Eco Marathon,"Avalon, CA USA","November 21, 2015","DENISE MESDJIAN (F43)
6:25:36 127 48 / 8 F40-44 LA VERNE, CA, USA
5:55:59"
128,MIDD=3462151121,New Catalina Eco Marathon,"Avalon, CA USA","November 21, 2015","MELISSA MILLS (F41)
6:26:07 128 49 / 9 F40-44 LOS ANGELES, CA, USA
6:04:18"
129,MIDD=3462151121,New Catalina Eco Marathon,"Avalon, CA USA","November 21, 2015","DOROTHY KIM (F43)
6:26:07 129 50 / 10 F40-44 LOS ANGELES, CA, USA
5:56:27"
130,MIDD=3462151121,New Catalina Eco Marathon,"Avalon, CA USA","November 21, 2015","METKA DRAGOS (F52)
6:27:07 130 51 / 7 F50-54 SAN JOSE, CA, USA
5:19:24"
131,MIDD=3462151121,New Catalina Eco Marathon,"Avalon, CA USA","November 21, 2015","SYDNEY LEIBEL (M36)
6:34:50 131 80 / 10 M35-39 SOLANA BEACH, CA, USA
6:34:26"
132,MIDD=3462151121,New Catalina Eco Marathon,"Avalon, CA USA","November 21, 2015","LEYA GUTIERREZ (F38)
6:35:22 132 52 / 7 F35-39 LA MESA, CA, USA
6:22:47"
133,MIDD=3462151121,New Catalina Eco Marathon,"Avalon, CA USA","November 21, 2015","STEVE FOLIO (M42)
6:35:24 133 81 / 15 M40-44 SAN DIEGO, CA, USA
6:19:32"
134,MIDD=3462151121,New Catalina Eco Marathon,"Avalon, CA USA","November 21, 2015","TINA DAVISON (F42)
6:35:57 134 53 / 11 F40-44 BUCKEYE, AZ, USA
6:09:41"
135,MIDD=3462151121,New Catalina Eco Marathon,"Avalon, CA USA","November 21, 2015","ANAHITA ABBASI (F49)
6:36:19 135 54 / 8 F45-49 SOUTH PASADENA, CA, USA
5:39:57"
136,MIDD=3462151121,New Catalina Eco Marathon,"Avalon, CA USA","November 21, 2015","KELLY SLOAN (F53)
6:36:20 136 55 / 8 F50-54 OAK PARK, CA, USA
5:22:41"
137,MIDD=3462151121,New Catalina Eco Marathon,"Avalon, CA USA","November 21, 2015","LYNDA WACHT (F46)
6:37:35 137 56 / 9 F45-49 LITTLETON, CO, USA
5:54:02"
138,MIDD=3462151121,New Catalina Eco Marathon,"Avalon, CA USA","November 21, 2015","DREW CASTLE (M35)
6:38:24 138 82 / 11 M35-39 SAN DIEGO, CA, USA
6:38:24"
139,MIDD=3462151121,New Catalina Eco Marathon,"Avalon, CA USA","November 21, 2015","DAVID AVERY (M44)
6:43:54 139 83 / 16 M40-44 CULVER CITY, CA, USA
6:21:14"
140,MIDD=3462151121,New Catalina Eco Marathon,"Avalon, CA USA","November 21, 2015","KIM WEIRATH (F54)
6:48:25 140 57 / 9 F50-54 SAN JUAN CAPISTRANO, CA, USA
5:28:04"
141,MIDD=3462151121,New Catalina Eco Marathon,"Avalon, CA USA","November 21, 2015","DAN SPRAGUE (M54)
6:48:29 141 84 / 9 M50-54 UPLAND, CA, USA
5:52:48"
142,MIDD=3462151121,New Catalina Eco Marathon,"Avalon, CA USA","November 21, 2015","MIKE PORATH (M40)
6:50:49 142 85 / 17 M40-44 LA CRESCENTA, CA, USA
6:40:54"
143,MIDD=3462151121,New Catalina Eco Marathon,"Avalon, CA USA","November 21, 2015","JEFF JOHNSON (M54)
6:51:26 143 86 / 10 M50-54 SAN DIEGO, CA, USA
5:55:21"
144,MIDD=3462151121,New Catalina Eco Marathon,"Avalon, CA USA","November 21, 2015","P. ADRIAN MEDRANO (M37)
6:51:27 144 87 / 12 M35-39 TIVERTON, RI, USA
6:49:48"
145,MIDD=3462151121,New Catalina Eco Marathon,"Avalon, CA USA","November 21, 2015","LISA LOPEZ (F43)
6:51:43 145 58 / 12 F40-44 FREMONT, CA, USA
6:20:05"
146,MIDD=3462151121,New Catalina Eco Marathon,"Avalon, CA USA","November 21, 2015","JONI FOURNIER (F41)
6:52:36 146 59 / 13 F40-44 BOULDER, CO, USA
6:29:17"
147,MIDD=3462151121,New Catalina Eco Marathon,"Avalon, CA USA","November 21, 2015","DIVA BURNS (F48)
6:53:34 147 60 / 10 F45-49 GLENDORA, CA, USA
5:59:15"
148,MIDD=3462151121,New Catalina Eco Marathon,"Avalon, CA USA","November 21, 2015","ALAN BENNETT (M54)
6:53:34 148 88 / 11 M50-54 CHINO HILLS, CA, USA
5:57:11"
149,MIDD=3462151121,New Catalina Eco Marathon,"Avalon, CA USA","November 21, 2015","DENISE WONG (F47)
6:54:36 149 61 / 11 F45-49 SAN GABRIEL, CA, USA
6:04:40"
150,MIDD=3462151121,New Catalina Eco Marathon,"Avalon, CA USA","November 21, 2015","KATHRYN SULLIVAN (F26)
6:54:41 150 62 / 9 F25-29 SAN DIEGO, CA, USA
6:54:41"
151,MIDD=3462151121,New Catalina Eco Marathon,"Avalon, CA USA","November 21, 2015","ROBERT VANGILDER (M67)
6:55:53 151 89 / 1 M65-69 MONROVIA, CA, USA
5:15:49"
152,MIDD=3462151121,New Catalina Eco Marathon,"Avalon, CA USA","November 21, 2015","JOANNA ROTH (F25)
6:56:21 152 63 / 10 F25-29 ESCONDIDO, CA, USA
6:56:21"
153,MIDD=3462151121,New Catalina Eco Marathon,"Avalon, CA USA","November 21, 2015","CHRIS RUHE (M39)
6:56:21 153 90 / 13 M35-39 REDONDO BEACH, CA, USA
6:49:41"
154,MIDD=3462151121,New Catalina Eco Marathon,"Avalon, CA USA","November 21, 2015","KYLE TURANO (M34)
6:56:22 154 91 / 15 M30-34 PHOENIX, OH, USA
6:56:22"
155,MIDD=3462151121,New Catalina Eco Marathon,"Avalon, CA USA","November 21, 2015","DANIELLE MISSLER (F25)
6:57:06 155 64 / 11 F25-29 LOS ANGELES, CA, USA
6:57:06"
156,MIDD=3462151121,New Catalina Eco Marathon,"Avalon, CA USA","November 21, 2015","MAURICE GOMEZ (M37)
6:57:56 156 92 / 14 M35-39 LA PUENTE, CA, USA
6:56:15"
157,MIDD=3462151121,New Catalina Eco Marathon,"Avalon, CA USA","November 21, 2015","PARKER FERGUSON (M28)
6:58:15 157 93 / 8 M25-29 DANA POINT, CA, USA
6:58:15"
158,MIDD=3462151121,New Catalina Eco Marathon,"Avalon, CA USA","November 21, 2015","CAROL MORTIER (F66)
7:01:53 158 65 / 1 F65-69 VENICE, CA, USA
4:41:26"
159,MIDD=3462151121,New Catalina Eco Marathon,"Avalon, CA USA","November 21, 2015","MEGAN WEINGARTNER (F32)
7:02:42 159 66 / 12 F30-34 VENICE, CA, USA
7:01:13"
160,MIDD=3462151121,New Catalina Eco Marathon,"Avalon, CA USA","November 21, 2015","VIOLETTA LESNIEWSKI (F31)
7:04:46 160 67 / 13 F30-34 RIDGEWOOD, NY, USA
7:04:05"
161,MIDD=3462151121,New Catalina Eco Marathon,"Avalon, CA USA","November 21, 2015","ROMULO CO (M46)
7:09:33 161 94 / 10 M45-49 PASADENA, CA, USA
6:38:32"
162,MIDD=3462151121,New Catalina Eco Marathon,"Avalon, CA USA","November 21, 2015","PAUL MAKAWSKI (M35)
7:09:55 162 95 / 15 M35-39 HOLLYWOOD, CA, USA
7:09:55"
163,MIDD=3462151121,New Catalina Eco Marathon,"Avalon, CA USA","November 21, 2015","HAYLEY BROWN (F21)
7:12:29 163 68 / 1 F20-24 LOS OSOS, CA, USA
7:12:29"
164,MIDD=3462151121,New Catalina Eco Marathon,"Avalon, CA USA","November 21, 2015","DARLENE TOAL (F52)
7:12:29 164 69 / 10 F50-54 LOS OSOS, CA, USA
5:56:50"
165,MIDD=3462151121,New Catalina Eco Marathon,"Avalon, CA USA","November 21, 2015","PETER BULL (M48)
7:12:39 165 96 / 11 M45-49 ALISO VIEJO, CA, USA
6:34:29"
166,MIDD=3462151121,New Catalina Eco Marathon,"Avalon, CA USA","November 21, 2015","SCOTT CLINE (M66)
7:13:19 166 97 / 2 M65-69 GLENDALE, CA, USA
5:32:31"
167,MIDD=3462151121,New Catalina Eco Marathon,"Avalon, CA USA","November 21, 2015","SHANE BECK (M45)
7:15:57 167 98 / 12 M45-49 MISSION VIEJO, CA, USA
6:47:57"
168,MIDD=3462151121,New Catalina Eco Marathon,"Avalon, CA USA","November 21, 2015","SUSAN DOWNING (F57)
7:19:14 168 70 / 1 F55-59 RANCHO SANTA MARGARITA, CA, USA
5:38:28"
169,MIDD=3462151121,New Catalina Eco Marathon,"Avalon, CA USA","November 21, 2015","RANDY WUSSLER (M51)
7:21:26 169 99 / 12 M50-54 SAN DIEGO, CA, USA
6:31:51"
170,MIDD=3462151121,New Catalina Eco Marathon,"Avalon, CA USA","November 21, 2015","ERIC SUGDEN (M55)
7:22:12 170 100 / 9 M55-59 MANHATTAN BEACH, CA, USA
6:18:20"
171,MIDD=3462151121,New Catalina Eco Marathon,"Avalon, CA USA","November 21, 2015","MARIA DE LOS REYES (F39)
7:25:45 171 71 / 8 F35-39 OXNARD, CA, USA
7:08:16"
172,MIDD=3462151121,New Catalina Eco Marathon,"Avalon, CA USA","November 21, 2015","SUNNHY KIM (F47)
7:26:19 172 72 / 12 F45-49 CARDIFF, CA, USA
6:32:34"
173,MIDD=3462151121,New Catalina Eco Marathon,"Avalon, CA USA","November 21, 2015","SERENA WHITCOMB (F37)
7:26:32 173 73 / 9 F35-39 OJAI, CA, USA
7:15:19"
174,MIDD=3462151121,New Catalina Eco Marathon,"Avalon, CA USA","November 21, 2015","CASEY MOYER (F21)
7:27:12 174 74 / 2 F20-24 NORCO, CA, USA
7:27:12"
175,MIDD=3462151121,New Catalina Eco Marathon,"Avalon, CA USA","November 21, 2015","MONICA NUNEZ (F39)
7:27:34 175 75 / 10 F35-39 DIAMOND BAR, CA, USA
7:10:01"
176,MIDD=3462151121,New Catalina Eco Marathon,"Avalon, CA USA","November 21, 2015","MARIO NUNEZ (M43)
7:27:34 176 101 / 18 M40-44 DIAMOND BAR, CA, USA
7:06:02"
177,MIDD=3462151121,New Catalina Eco Marathon,"Avalon, CA USA","November 21, 2015","JULIE HANKINS (F56)
7:28:44 177 76 / 2 F55-59 CHINO, CA, USA
5:50:41"
178,MIDD=3462151121,New Catalina Eco Marathon,"Avalon, CA USA","November 21, 2015","DIONE ROSSITER (F33)
7:30:33 178 77 / 14 F30-34 WASHINGTON, DC, USA
7:27:42"
179,MIDD=3462151121,New Catalina Eco Marathon,"Avalon, CA USA","November 21, 2015","REBECCA GIBBS (F35)
7:30:33 179 78 / 11 F35-39 ESCONDIDO, CA, USA
7:24:11"
180,MIDD=3462151121,New Catalina Eco Marathon,"Avalon, CA USA","November 21, 2015","ELIZABETH BELL (F30)
7:32:17 180 79 / 15 F30-34 LOS ANGELES, CA, USA
7:32:06"
181,MIDD=3462151121,New Catalina Eco Marathon,"Avalon, CA USA","November 21, 2015","KATHERINE STONE (F23)
7:34:47 181 80 / 3 F20-24 AVALON, CA, USA
7:34:47"
182,MIDD=3462151121,New Catalina Eco Marathon,"Avalon, CA USA","November 21, 2015","DAVID HAGLUND (M55)
7:35:45 182 102 / 10 M55-59 HOOD RIVER, OR, USA
6:29:56"
183,MIDD=3462151121,New Catalina Eco Marathon,"Avalon, CA USA","November 21, 2015","MICHAEL DAVIS (M41)
7:38:28 183 103 / 19 M40-44 IMPERIAL BEACH, CA, USA
7:23:44"
184,MIDD=3462151121,New Catalina Eco Marathon,"Avalon, CA USA","November 21, 2015","SUE SPEARS (F63)
7:38:29 184 81 / 3 F60-64 SIERRA MADRE, CA, USA
5:22:29"
185,MIDD=3462151121,New Catalina Eco Marathon,"Avalon, CA USA","November 21, 2015","KATHRYN HAGEN (F65)
7:39:30 185 82 / 2 F65-69 BURBANK, CA, USA
5:12:11"
186,MIDD=3462151121,New Catalina Eco Marathon,"Avalon, CA USA","November 21, 2015","JIM BISBEY (M50)
7:41:54 186 104 / 13 M50-54 SCOTTSDALE, AZ, USA
6:53:43"
187,MIDD=3462151121,New Catalina Eco Marathon,"Avalon, CA USA","November 21, 2015","WILMA DIBS (F55)
7:46:07 187 83 / 3 F55-59 FOOTHILL RANCH, CA, USA
6:09:21"
188,MIDD=3462151121,New Catalina Eco Marathon,"Avalon, CA USA","November 21, 2015","LUCIA PATTESON (F60)
7:47:39 188 84 / 4 F60-64 MEMPHIS, TN, USA
5:44:59"
189,MIDD=3462151121,New Catalina Eco Marathon,"Avalon, CA USA","November 21, 2015","ELIZABETH BAKER BAKER (F41)
7:48:38 189 85 / 14 F40-44 SEATTLE, WA, USA
7:22:09"
190,MIDD=3462151121,New Catalina Eco Marathon,"Avalon, CA USA","November 21, 2015","GEORGE CARDONA (M55)
7:48:40 190 105 / 11 M55-59 LOS ANGELES, CA, USA
6:40:59"
191,MIDD=3462151121,New Catalina Eco Marathon,"Avalon, CA USA","November 21, 2015","GYSEL PARAJON (F37)
7:50:37 191 86 / 12 F35-39  
7:38:48"
192,MIDD=3462151121,New Catalina Eco Marathon,"Avalon, CA USA","November 21, 2015","JILL TOPLIFF (F31)
7:50:54 192 87 / 16 F30-34 PEMBROKE, NH, USA
7:50:08"
193,MIDD=3462151121,New Catalina Eco Marathon,"Avalon, CA USA","November 21, 2015","REBECCA KLINDT (F33)
7:52:25 193 88 / 17 F30-34 VISTA, CA, USA
7:49:26"
194,MIDD=3462151121,New Catalina Eco Marathon,"Avalon, CA USA","November 21, 2015","JOSH KLINDT (M33)
7:52:26 194 106 / 16 M30-34 VISTA, CA, USA
7:52:26"
195,MIDD=3462151121,New Catalina Eco Marathon,"Avalon, CA USA","November 21, 2015","PHILIP GIBBS (M40)
7:54:03 195 107 / 20 M40-44 ESCONDIDO, CA, USA
7:42:37"
196,MIDD=3462151121,New Catalina Eco Marathon,"Avalon, CA USA","November 21, 2015","AMANDA TOMASELLO (F29)
7:55:58 196 89 / 12 F25-29 ALBUQUERQUE, NM, USA
7:55:58"
197,MIDD=3462151121,New Catalina Eco Marathon,"Avalon, CA USA","November 21, 2015","AMELIA FIRNSTAHL (F30)
7:56:22 197 90 / 18 F30-34 PASADENA, CA, USA
7:56:10"
198,MIDD=3462151121,New Catalina Eco Marathon,"Avalon, CA USA","November 21, 2015","ALEJANDRA HERNANDEZ (F41)
7:56:46 198 91 / 15 F40-44 SIMI VALLEY, CA, USA
7:29:49"
199,MIDD=3462151121,New Catalina Eco Marathon,"Avalon, CA USA","November 21, 2015","FREDRIC LEFFLER (M60)
7:57:34 199 108 / 4 M60-64 COLUMBIA, MD, USA
6:29:27"
200,MIDD=3462151121,New Catalina Eco Marathon,"Avalon, CA USA","November 21, 2015","FRANK STRAKA (M50)
7:57:38 200 109 / 14 M50-54 PHOENIX, CA, USA
7:07:48"
201,MIDD=3462151121,New Catalina Eco Marathon,"Avalon, CA USA","November 21, 2015","JOSH CHERRY (M30)
7:58:07 201 110 / 17 M30-34 OCEAN SIDE, CA, USA
7:58:07"
202,MIDD=3462151121,New Catalina Eco Marathon,"Avalon, CA USA","November 21, 2015","TAWNYA FLICK (F33)
7:58:48 202 92 / 19 F30-34 OXNARD, CA, USA
7:55:47"
203,MIDD=3462151121,New Catalina Eco Marathon,"Avalon, CA USA","November 21, 2015","CHRIS THOMPSON (M63)
7:58:54 203 111 / 5 M60-64 INDIO, CA, USA
6:19:02"
204,MIDD=3462151121,New Catalina Eco Marathon,"Avalon, CA USA","November 21, 2015","CLARA SIC ALONZO (F29)
7:59:50 204 93 / 13 F25-29 LOS ANGELES, CA, USA
7:59:50"
205,MIDD=3462151121,New Catalina Eco Marathon,"Avalon, CA USA","November 21, 2015","DEBORAH YARBOROUGH (F59)
7:59:52 205 94 / 4 F55-59 KALISPELL, MT, USA
5:59:19"
206,MIDD=3462151121,New Catalina Eco Marathon,"Avalon, CA USA","November 21, 2015","CHRISTINA CAIN (F25)
8:00:21 206 95 / 14 F25-29 CORONA, CA, USA
8:00:21"
207,MIDD=3462151121,New Catalina Eco Marathon,"Avalon, CA USA","November 21, 2015","REBECCA CAIN (F25)
8:00:26 207 96 / 15 F25-29 CORONA, CA, USA
8:00:26"
208,MIDD=3462151121,New Catalina Eco Marathon,"Avalon, CA USA","November 21, 2015","CRISTIAN CUSAC (M29)
8:00:34 208 112 / 9 M25-29 BELLFLOWER, CA, USA
8:00:34"
209,MIDD=3462151121,New Catalina Eco Marathon,"Avalon, CA USA","November 21, 2015","BOB SPEARS (M66)
8:02:11 209 113 / 3 M65-69 SIERRA MADRE, CA, USA
6:10:01"
210,MIDD=3462151121,New Catalina Eco Marathon,"Avalon, CA USA","November 21, 2015","RAMON CUEVA (M32)
8:02:23 210 114 / 18 M30-34 CANON CIRY, CO, USA
8:02:23"
211,MIDD=3462151121,New Catalina Eco Marathon,"Avalon, CA USA","November 21, 2015","JACOB FLICK (M32)
8:02:53 211 115 / 19 M30-34 OXNARD, CA, USA
8:02:53"
212,MIDD=3462151121,New Catalina Eco Marathon,"Avalon, CA USA","November 21, 2015","JASON LOPEZ (M26)
8:04:20 212 116 / 10 M25-29 CHINO HILLS, CA, USA
8:04:20"
213,MIDD=3462151121,New Catalina Eco Marathon,"Avalon, CA USA","November 21, 2015","JOHN COLON (M32)
8:04:49 213 117 / 20 M30-34 SANTA FE SPRINGS, CA, USA
8:04:49"
214,MIDD=3462151121,New Catalina Eco Marathon,"Avalon, CA USA","November 21, 2015","TARO ADACHI (M52)
8:05:14 214 118 / 15 M50-54 BALTIMORE, MD, USA
7:06:51"
215,MIDD=3462151121,New Catalina Eco Marathon,"Avalon, CA USA","November 21, 2015","J. CHRISS CANCRO (M70)
8:10:36 215 119 / 1 M70-74 ENUMCLAW, WA, USA
6:00:44"
216,MIDD=3462151121,New Catalina Eco Marathon,"Avalon, CA USA","November 21, 2015","JEAN CUSTER (F73)
8:10:38 216 97 / 1 F70-74 TORRANCE, CA, USA
4:41:55"
217,MIDD=3462151121,New Catalina Eco Marathon,"Avalon, CA USA","November 21, 2015","CLARK CUSTER (M52)
8:10:38 217 120 / 16 M50-54 TORRANCE, CA, USA
7:11:36"
218,MIDD=3462151121,New Catalina Eco Marathon,"Avalon, CA USA","November 21, 2015","JAIME HIPSHER (F39)
8:12:32 218 98 / 13 F35-39 LONG BEACH, CA, USA
7:53:13"
219,MIDD=3462151121,New Catalina Eco Marathon,"Avalon, CA USA","November 21, 2015","SHEILA TUCK (F50)
8:13:33 219 99 / 11 F50-54 SAN RAFAEL, CA, USA
6:57:59"
220,MIDD=3462151121,New Catalina Eco Marathon,"Avalon, CA USA","November 21, 2015","DIANE LEEMING (F48)
8:13:34 220 100 / 13 F45-49 MARSHFIELD, MA, USA
7:08:45"
221,MIDD=3462151121,New Catalina Eco Marathon,"Avalon, CA USA","November 21, 2015","MARY ANN QUIST (F58)
8:15:47 221 101 / 5 F55-59 BIGFORK, MT, USA
6:16:38"
222,MIDD=3462151121,New Catalina Eco Marathon,"Avalon, CA USA","November 21, 2015","KRISTEN WORMERSLEY (F43)
8:16:02 222 102 / 16 F40-44 LONG BEACH, CA, USA
7:37:56"
223,MIDD=3462151121,New Catalina Eco Marathon,"Avalon, CA USA","November 21, 2015","ANGELA HOLDER (F44)
8:16:02 223 103 / 17 F40-44 LONG BEACH, CA, USA
7:32:31"
224,MIDD=3462151121,New Catalina Eco Marathon,"Avalon, CA USA","November 21, 2015","DIANA ALBARRAN (F24)
8:21:49 224 104 / 4 F20-24 VENTURA, CA, USA
8:21:49"
225,MIDD=3462151121,New Catalina Eco Marathon,"Avalon, CA USA","November 21, 2015","CHRIS SPENKER (M75)
8:32:13 225 121 / 1 M75-79 LONG BEACH, CA, USA
5:52:30"
226,MIDD=3462151121,New Catalina Eco Marathon,"Avalon, CA USA","November 21, 2015","JIMMY DOWNS (M48)
8:32:15 226 122 / 13 M45-49 SAN GABRIEL, CA, USA
7:47:04"
227,MIDD=3462151121,New Catalina Eco Marathon,"Avalon, CA USA","November 21, 2015","RAYMOND CORRAL (M40)
8:33:07 227 123 / 21 M40-44 LA PUENTE, CA, USA
8:20:45"
228,MIDD=3462151121,New Catalina Eco Marathon,"Avalon, CA USA","November 21, 2015","BOB NORTON (M77)
8:34:20 228 124 / 2 M75-79  
5:41:43"
229,MIDD=3462151121,New Catalina Eco Marathon,"Avalon, CA USA","November 21, 2015","JOANNE NIELSEN (F52)
8:34:28 229 105 / 12 F50-54 LONG BEACH, CA, USA
7:04:29"
230,MIDD=3462151121,New Catalina Eco Marathon,"Avalon, CA USA","November 21, 2015","KATHY YARRELL (F56)
8:34:28 230 106 / 6 F55-59 CULVER CITY, CA, USA
6:42:03"
231,MIDD=3462151121,New Catalina Eco Marathon,"Avalon, CA USA","November 21, 2015","LOUIS SKELTON (M64)
8:37:40 231 125 / 6 M60-64 TORRANCE, CA, USA
6:45:35"
232,MIDD=3462151121,New Catalina Eco Marathon,"Avalon, CA USA","November 21, 2015","LOREE HOAG (F49)
8:39:58 232 107 / 14 F45-49 LAKEWOOD, CO, USA
7:26:01"
233,MIDD=3462151121,New Catalina Eco Marathon,"Avalon, CA USA","November 21, 2015","CANDELARIA PINEDO (F62)
8:46:45 233 108 / 5 F60-64 WHITTIER, CA, USA
6:16:40"
234,MIDD=3462151121,New Catalina Eco Marathon,"Avalon, CA USA","November 21, 2015","MARIBEL GASPAR (F42)
8:47:37 234 109 / 18 F40-44 WHITTIER, CA, USA
8:12:38"
235,MIDD=3462151121,New Catalina Eco Marathon,"Avalon, CA USA","November 21, 2015","ROBIN MOYER (F18)
9:03:00 235 110 / 1 F0-19 NORCO, CA, USA
8:53:16"
