,race_id,race,location,date,runners
0,MIDD=4396151126,The Wattle Waddle,"Seattle, WA USA","November 26, 2015","

Have you run this race?Then tell us about it.

Last Name, First Name(Sex/Age)
Time OverAllPlace
Sex Place/Div Place
DIV"
1,MIDD=4396151126,The Wattle Waddle,"Seattle, WA USA","November 26, 2015","Alex Swenson (M)
3:23:13 1 1 / 1 M40-49"
2,MIDD=4396151126,The Wattle Waddle,"Seattle, WA USA","November 26, 2015","Steve Walters (M)
3:25:15 2 2 / 1 M30-39"
3,MIDD=4396151126,The Wattle Waddle,"Seattle, WA USA","November 26, 2015","Simon Mutlu (M)
3:39:08 3 3 / 2 M30-39"
4,MIDD=4396151126,The Wattle Waddle,"Seattle, WA USA","November 26, 2015","Morten Haastrup (M)
3:43:37 4 4 / 2 M40-49"
5,MIDD=4396151126,The Wattle Waddle,"Seattle, WA USA","November 26, 2015","Scott Sebelsky (M)
3:45:30 5 5 / 1 M50-59"
6,MIDD=4396151126,The Wattle Waddle,"Seattle, WA USA","November 26, 2015","Andy Colton (M)
3:47:37 6 6 / 3 M40-49"
7,MIDD=4396151126,The Wattle Waddle,"Seattle, WA USA","November 26, 2015","Brad Hefta-Gaub (M)
3:48:30 7 7 / 4 M40-49"
8,MIDD=4396151126,The Wattle Waddle,"Seattle, WA USA","November 26, 2015","Amanda Hoskins (F)
3:53:00 8 1 / 1 F40-49"
9,MIDD=4396151126,The Wattle Waddle,"Seattle, WA USA","November 26, 2015","Pedro Infante (M)
3:53:00 9 8 / 2 M50-59"
10,MIDD=4396151126,The Wattle Waddle,"Seattle, WA USA","November 26, 2015","Van Phan (F)
3:56:44 10 2 / 2 F40-49"
11,MIDD=4396151126,The Wattle Waddle,"Seattle, WA USA","November 26, 2015","Heather Latham (F)
3:59:18 11 3 / 1 F30-39"
12,MIDD=4396151126,The Wattle Waddle,"Seattle, WA USA","November 26, 2015","Shawn Fisher (M)
3:59:30 12 9 / 3 M50-59"
13,MIDD=4396151126,The Wattle Waddle,"Seattle, WA USA","November 26, 2015","David Pearson (M)
3:59:30 13 10 / 5 M40-49"
14,MIDD=4396151126,The Wattle Waddle,"Seattle, WA USA","November 26, 2015","Jean-Gael Reboul (M)
4:03:33 14 11 / 3 M30-39"
15,MIDD=4396151126,The Wattle Waddle,"Seattle, WA USA","November 26, 2015","Pavel Sorokin (M)
4:08:39 15 12 / 4 M50-59"
16,MIDD=4396151126,The Wattle Waddle,"Seattle, WA USA","November 26, 2015","Paul David (M)
4:09:08 16 13 / 5 M50-59"
17,MIDD=4396151126,The Wattle Waddle,"Seattle, WA USA","November 26, 2015","Ashley West (F)
4:18:42 17 4 / 1 F20-29"
18,MIDD=4396151126,The Wattle Waddle,"Seattle, WA USA","November 26, 2015","Kristin Holzman (F)
4:19:00 18 5 / 2 F30-39"
19,MIDD=4396151126,The Wattle Waddle,"Seattle, WA USA","November 26, 2015","Craig Anderson (M)
4:21:59 19 14 / 6 M50-59"
20,MIDD=4396151126,The Wattle Waddle,"Seattle, WA USA","November 26, 2015","John Mcguigan (M)
4:24:43 20 15 / 6 M40-49"
21,MIDD=4396151126,The Wattle Waddle,"Seattle, WA USA","November 26, 2015","Adam Parker (M)
4:24:43 21 16 / 4 M30-39"
22,MIDD=4396151126,The Wattle Waddle,"Seattle, WA USA","November 26, 2015","Vincent Ma (M)
4:25:00 22 17 / 7 M40-49"
23,MIDD=4396151126,The Wattle Waddle,"Seattle, WA USA","November 26, 2015","Sandra Harvie (F)
4:27:50 23 6 / 3 F40-49"
24,MIDD=4396151126,The Wattle Waddle,"Seattle, WA USA","November 26, 2015","Christy Hammond (F)
4:31:00 24 7 / 3 F30-39"
25,MIDD=4396151126,The Wattle Waddle,"Seattle, WA USA","November 26, 2015","Tim Mullican (M)
4:38:50 25 18 / 7 M50-59"
26,MIDD=4396151126,The Wattle Waddle,"Seattle, WA USA","November 26, 2015","Susie Ro (F)
4:45:00 26 8 / 4 F40-49"
27,MIDD=4396151126,The Wattle Waddle,"Seattle, WA USA","November 26, 2015","Joe Schrum (M)
4:45:00 27 19 / 8 M40-49"
28,MIDD=4396151126,The Wattle Waddle,"Seattle, WA USA","November 26, 2015","Douglas Louie (M)
4:48:10 28 20 / 1 M60-69"
29,MIDD=4396151126,The Wattle Waddle,"Seattle, WA USA","November 26, 2015","Sabrina Seher (F)
4:48:37 29 9 / 4 F30-39"
30,MIDD=4396151126,The Wattle Waddle,"Seattle, WA USA","November 26, 2015","Brian Simpson (M)
4:54:20 30 21 / 9 M40-49"
31,MIDD=4396151126,The Wattle Waddle,"Seattle, WA USA","November 26, 2015","Patrick Grengs (M)
4:54:30 31 22 / 10 M40-49"
32,MIDD=4396151126,The Wattle Waddle,"Seattle, WA USA","November 26, 2015","Leon Willey (M)
4:55:00 32 23 / 11 M40-49"
33,MIDD=4396151126,The Wattle Waddle,"Seattle, WA USA","November 26, 2015","Jenny Appel (F)
4:55:00 33 10 / 5 F40-49"
34,MIDD=4396151126,The Wattle Waddle,"Seattle, WA USA","November 26, 2015","Gregory Payne (M)
4:55:00 34 24 / 12 M40-49"
35,MIDD=4396151126,The Wattle Waddle,"Seattle, WA USA","November 26, 2015","Leslie Miller (F)
5:00:00 35 11 / 5 F30-39"
36,MIDD=4396151126,The Wattle Waddle,"Seattle, WA USA","November 26, 2015","Stephanie Eldore (F)
5:00:00 36 12 / 6 F40-49"
37,MIDD=4396151126,The Wattle Waddle,"Seattle, WA USA","November 26, 2015","Carol Bedard (F)
5:07:50 37 13 / 1 F50-59"
38,MIDD=4396151126,The Wattle Waddle,"Seattle, WA USA","November 26, 2015","Heidi Cardoza (F)
5:08:06 38 14 / 7 F40-49"
39,MIDD=4396151126,The Wattle Waddle,"Seattle, WA USA","November 26, 2015","Sarah Englund (F)
5:10:32 39 15 / 6 F30-39"
40,MIDD=4396151126,The Wattle Waddle,"Seattle, WA USA","November 26, 2015","Samantha Sloane (F)
5:13:00 40 16 / 2 F20-29"
41,MIDD=4396151126,The Wattle Waddle,"Seattle, WA USA","November 26, 2015","Margaret Barrett (F)
5:13:00 41 17 / 2 F50-59"
42,MIDD=4396151126,The Wattle Waddle,"Seattle, WA USA","November 26, 2015","Jill Hudson (F)
5:13:00 42 18 / 3 F50-59"
43,MIDD=4396151126,The Wattle Waddle,"Seattle, WA USA","November 26, 2015","Susan Glesne (F)
5:13:00 43 19 / 4 F50-59"
44,MIDD=4396151126,The Wattle Waddle,"Seattle, WA USA","November 26, 2015","John Vinson (M)
5:13:00 44 25 / 13 M40-49"
45,MIDD=4396151126,The Wattle Waddle,"Seattle, WA USA","November 26, 2015","Jina Benson (F)
5:19:00 45 20 / 8 F40-49"
46,MIDD=4396151126,The Wattle Waddle,"Seattle, WA USA","November 26, 2015","Roger Johnson (M)
5:20:00 46 26 / 8 M50-59"
47,MIDD=4396151126,The Wattle Waddle,"Seattle, WA USA","November 26, 2015","Tara Simpson (F)
5:29:00 47 21 / 9 F40-49"
48,MIDD=4396151126,The Wattle Waddle,"Seattle, WA USA","November 26, 2015","Nikki Todd (F)
5:45:00 48 22 / 10 F40-49"
49,MIDD=4396151126,The Wattle Waddle,"Seattle, WA USA","November 26, 2015","Gary Marr (M)
5:45:04 49 27 / 2 M60-69"
50,MIDD=4396151126,The Wattle Waddle,"Seattle, WA USA","November 26, 2015","Reed Glesne (M)
5:45:04 50 28 / 3 M60-69"
51,MIDD=4396151126,The Wattle Waddle,"Seattle, WA USA","November 26, 2015","David Holmen (M)
5:47:19 51 29 / 9 M50-59"
52,MIDD=4396151126,The Wattle Waddle,"Seattle, WA USA","November 26, 2015","Monte Pascual (M)
5:47:30 52 30 / 10 M50-59"
53,MIDD=4396151126,The Wattle Waddle,"Seattle, WA USA","November 26, 2015","Tory Klementsen (F)
5:48:09 53 23 / 5 F50-59"
54,MIDD=4396151126,The Wattle Waddle,"Seattle, WA USA","November 26, 2015","Steven Ferry (M)
5:52:00 54 31 / 14 M40-49"
55,MIDD=4396151126,The Wattle Waddle,"Seattle, WA USA","November 26, 2015","Anne Hernandez (F)
5:52:00 55 24 / 11 F40-49"
56,MIDD=4396151126,The Wattle Waddle,"Seattle, WA USA","November 26, 2015","Margaret Gorog (F)
5:54:35 56 25 / 6 F50-59"
57,MIDD=4396151126,The Wattle Waddle,"Seattle, WA USA","November 26, 2015","Ross Comer (M)
5:57:51 57 32 / 15 M40-49"
58,MIDD=4396151126,The Wattle Waddle,"Seattle, WA USA","November 26, 2015","Janice Northrup (F)
5:57:51 58 26 / 7 F50-59"
59,MIDD=4396151126,The Wattle Waddle,"Seattle, WA USA","November 26, 2015","Sunny Delaney (F)
6:14:40 59 27 / 12 F40-49"
60,MIDD=4396151126,The Wattle Waddle,"Seattle, WA USA","November 26, 2015","Wil Holder (M)
6:14:42 60 33 / 16 M40-49"
61,MIDD=4396151126,The Wattle Waddle,"Seattle, WA USA","November 26, 2015","Lisa Morin (F)
6:34:27 61 28 / 13 F40-49"
62,MIDD=4396151126,The Wattle Waddle,"Seattle, WA USA","November 26, 2015","Gretel Stolzman (F)
6:34:32 62 29 / 14 F40-49"
63,MIDD=4396151126,The Wattle Waddle,"Seattle, WA USA","November 26, 2015","Rick Haase (M)
6:37:04 63 34 / 1 M70-79"
64,MIDD=4396151126,The Wattle Waddle,"Seattle, WA USA","November 26, 2015","Kari Boettcher (F)
6:54:00 64 30 / 3 F20-29"
65,MIDD=4396151126,The Wattle Waddle,"Seattle, WA USA","November 26, 2015","Veronica Boyer (F)
7:18:30 65 31 / 15 F40-49"
66,MIDD=4396151126,The Wattle Waddle,"Seattle, WA USA","November 26, 2015","Cyndie Merten (F)
7:18:30 66 32 / 8 F50-59"
67,MIDD=4396151126,The Wattle Waddle,"Seattle, WA USA","November 26, 2015","Laurence Macon (M)
7:18:30 67 35 / 2 M70-79"
68,MIDD=4396151126,The Wattle Waddle,"Seattle, WA USA","November 26, 2015","Abbi Auger (F)
7:18:30 68 33 / 16 F40-49"
69,MIDD=4396151126,The Wattle Waddle,"Seattle, WA USA","November 26, 2015","Jane Herzog (F)
7:18:30 69 34 / 9 F50-59"
