,race_id,race,location,date,runners
0,MIDD=4621151031,Day of the Dead Marathon Series Day 1,"Las Cruces, NM USA","October 31, 2015","

Have you run this race?Then tell us about it.

Last Name, First Name(Sex/Age)
Time OverAllPlace
Sex Place

City, State, Country AG Time*"
1,MIDD=4621151031,Day of the Dead Marathon Series Day 1,"Las Cruces, NM USA","October 31, 2015","Lisa Joanne Walbridge (F43)
3:50:08 1 1 Harston, Cambridgeshire, United Kingdom
3:32:27"
2,MIDD=4621151031,Day of the Dead Marathon Series Day 1,"Las Cruces, NM USA","October 31, 2015","Jared Luke Walbridge (M36)
3:50:08 2 1 Harston, Cambridgeshire, United Kingdom
3:49:54"
3,MIDD=4621151031,Day of the Dead Marathon Series Day 1,"Las Cruces, NM USA","October 31, 2015","Steve Wildeboer (M67)
4:48:42 3 2 kent, MI, USA
3:39:14"
4,MIDD=4621151031,Day of the Dead Marathon Series Day 1,"Las Cruces, NM USA","October 31, 2015","David Holmen (M53)
5:51:19 4 3 Eagan, MN, USA
5:06:14"
5,MIDD=4621151031,Day of the Dead Marathon Series Day 1,"Las Cruces, NM USA","October 31, 2015","Kimberlee Bratcher (F46)
5:51:19 5 2 Boise, ID, USA
5:12:50"
6,MIDD=4621151031,Day of the Dead Marathon Series Day 1,"Las Cruces, NM USA","October 31, 2015","Gregory James (M58)
5:57:00 6 4 Ridgeville, SC, USA
4:56:52"
7,MIDD=4621151031,Day of the Dead Marathon Series Day 1,"Las Cruces, NM USA","October 31, 2015","Kathleen McElhannon (F41)
5:57:00 7 3 Ridgeville, SC, USA
5:36:49"
8,MIDD=4621151031,Day of the Dead Marathon Series Day 1,"Las Cruces, NM USA","October 31, 2015","Liz Gmerek (F54)
5:57:00 8 4 Merritt Island, FL, USA
4:46:46"
9,MIDD=4621151031,Day of the Dead Marathon Series Day 1,"Las Cruces, NM USA","October 31, 2015","Clyde Shank (M68)
6:06:04 9 5 Plano, TX, USA
4:35:03"
10,MIDD=4621151031,Day of the Dead Marathon Series Day 1,"Las Cruces, NM USA","October 31, 2015","Laura Raeder (F41)
6:15:01 10 5 Sioux Falls, SD, USA
5:53:49"
11,MIDD=4621151031,Day of the Dead Marathon Series Day 1,"Las Cruces, NM USA","October 31, 2015","Kayla Thompson (F25)
6:46:28 11 6 Shepherdstown, WV, USA
6:46:28"
12,MIDD=4621151031,Day of the Dead Marathon Series Day 1,"Las Cruces, NM USA","October 31, 2015","Pam Penfield (F68)
7:01:37 12 7 Highlands Ranch, CO, USA
4:30:33"
13,MIDD=4621151031,Day of the Dead Marathon Series Day 1,"Las Cruces, NM USA","October 31, 2015","Lisa Lund (F37)
7:06:48 13 8 Victoria, MN, USA
6:56:05"
14,MIDD=4621151031,Day of the Dead Marathon Series Day 1,"Las Cruces, NM USA","October 31, 2015","Jeff Burleson (M66)
7:09:26 14 6 Wrenshall, MN, USA
5:29:32"
15,MIDD=4621151031,Day of the Dead Marathon Series Day 1,"Las Cruces, NM USA","October 31, 2015","Lawrence Macon (M70)
7:13:18 15 7 San Antonio, TX, USA
5:18:36"
16,MIDD=4621151031,Day of the Dead Marathon Series Day 1,"Las Cruces, NM USA","October 31, 2015","Bettie Wailes (F70)
7:20:30 16 9 Winter Park, FL, USA
4:31:07"
17,MIDD=4621151031,Day of the Dead Marathon Series Day 1,"Las Cruces, NM USA","October 31, 2015","Debbie Watry (F54)
7:33:35 17 10 San Diego, CA, USA
6:04:21"
18,MIDD=4621151031,Day of the Dead Marathon Series Day 1,"Las Cruces, NM USA","October 31, 2015","Mary Chuey (F66)
7:47:36 18 11 Cincinnati, OH, USA
5:11:56"
19,MIDD=4621151031,Day of the Dead Marathon Series Day 1,"Las Cruces, NM USA","October 31, 2015","Jim Simpson (M73)
7:56:28 19 8 Huntington Beach, CA, USA
5:37:51"
20,MIDD=4621151031,Day of the Dead Marathon Series Day 1,"Las Cruces, NM USA","October 31, 2015","Clint Burleson (M61)
8:30:00 20 9 Organ, NM, USA
6:51:49"
