,race_id,race,location,date,runners
0,MIDD=4381151115,Pilgrim Pacer Marathon,"Shawnee, KS USA","November 15, 2015","

Have you run this race?Then tell us about it.

Last Name, First Name(Sex/Age)
Time OverAllPlace
Sex Place/Div Place
DIV 
City, State, Country AG Time* BQ*"
1,MIDD=4381151115,Pilgrim Pacer Marathon,"Shawnee, KS USA","November 15, 2015","KORY COOL (M28)
2:44:07 1 1 /     
2:44:07
BQ"
2,MIDD=4381151115,Pilgrim Pacer Marathon,"Shawnee, KS USA","November 15, 2015","Micah Mohler (M32)
2:58:27 2 2 /    Sammamish, WA, USA
2:58:27
BQ"
3,MIDD=4381151115,Pilgrim Pacer Marathon,"Shawnee, KS USA","November 15, 2015","Jausz Sarnicki (M49)
3:03:33 3 3 / 1 Mmasters Chicago, IL, USA
2:45:53
BQ"
4,MIDD=4381151115,Pilgrim Pacer Marathon,"Shawnee, KS USA","November 15, 2015","Roger Moore (M42)
3:08:14 4 4 / 2 Mmasters St. Louis, MO, USA
3:00:41
BQ"
5,MIDD=4381151115,Pilgrim Pacer Marathon,"Shawnee, KS USA","November 15, 2015","Rich Benjes (M37)
3:12:08 5 5 /    Olathe, KS, USA
3:11:21
 "
6,MIDD=4381151115,Pilgrim Pacer Marathon,"Shawnee, KS USA","November 15, 2015","Zdenek Palecek (M37)
3:14:25 6 6 /    Ballwin, MO, USA
3:13:38
 "
7,MIDD=4381151115,Pilgrim Pacer Marathon,"Shawnee, KS USA","November 15, 2015","Suzy Seeley (F56)
3:30:54 7 1 / 1 Fmasters Houston, TX, USA
2:44:49
BQ"
8,MIDD=4381151115,Pilgrim Pacer Marathon,"Shawnee, KS USA","November 15, 2015","Kimberly Bradley (F43)
3:34:09 8 2 / 2 Fmasters Highlands Ranch, CO, USA
3:17:42
BQ"
9,MIDD=4381151115,Pilgrim Pacer Marathon,"Shawnee, KS USA","November 15, 2015","Edward Andrews (M56)
3:34:10 9 7 / 3 Mmasters Carlisle, MA, USA
3:01:31
BQ"
10,MIDD=4381151115,Pilgrim Pacer Marathon,"Shawnee, KS USA","November 15, 2015","Jeffrey Gibisch (M35)
3:39:10 10 8 /    Manhattan, KS, USA
3:39:10
 "
11,MIDD=4381151115,Pilgrim Pacer Marathon,"Shawnee, KS USA","November 15, 2015","Chris Allen (M46)
3:39:27 11 9 / 4 Mmasters Maplewood, MO, USA
3:23:36
 "
12,MIDD=4381151115,Pilgrim Pacer Marathon,"Shawnee, KS USA","November 15, 2015","Chris Pento (M41)
3:39:45 12 10 / 5 Mmasters Lenexa, KS, USA
3:32:41
 "
13,MIDD=4381151115,Pilgrim Pacer Marathon,"Shawnee, KS USA","November 15, 2015","Rob Toonkel (M40)
3:43:53 13 11 / 6 Mmasters Hilliard, OH, USA
3:38:29
 "
14,MIDD=4381151115,Pilgrim Pacer Marathon,"Shawnee, KS USA","November 15, 2015","Ryan Slight (M39)
3:44:35 14 12 /    Kansas City, MO, USA
3:40:59
 "
15,MIDD=4381151115,Pilgrim Pacer Marathon,"Shawnee, KS USA","November 15, 2015","Gina Schmidt (F31)
3:45:37 15 3 /    Omaha, NE, USA
3:45:15
 "
16,MIDD=4381151115,Pilgrim Pacer Marathon,"Shawnee, KS USA","November 15, 2015","John Simonson (M49)
3:47:27 16 13 / 7 Mmasters Fargo, ND, USA
3:25:34
 "
17,MIDD=4381151115,Pilgrim Pacer Marathon,"Shawnee, KS USA","November 15, 2015","Becky McFarland (F31)
3:47:57 17 4 /    Kansas City, MO, USA
3:47:35
 "
18,MIDD=4381151115,Pilgrim Pacer Marathon,"Shawnee, KS USA","November 15, 2015","Kara Jackson (F38)
3:48:02 18 5 /    Ellisville, MO, USA
3:40:46
 "
19,MIDD=4381151115,Pilgrim Pacer Marathon,"Shawnee, KS USA","November 15, 2015","Mike Barry (M48)
3:48:02 19 14 / 8 Mmasters San Antonio, TX, USA
3:27:55
 "
20,MIDD=4381151115,Pilgrim Pacer Marathon,"Shawnee, KS USA","November 15, 2015","John Evans (M49)
3:52:45 20 15 / 9 Mmasters St Paul, MN, USA
3:30:21
 "
21,MIDD=4381151115,Pilgrim Pacer Marathon,"Shawnee, KS USA","November 15, 2015","zdzislaw jandura (M48)
3:57:39 21 16 / 10 Mmasters Chicago, IL, USA
3:36:41
 "
22,MIDD=4381151115,Pilgrim Pacer Marathon,"Shawnee, KS USA","November 15, 2015","Jennifer Ward (F39)
3:57:52 22 6 /    Clinton Twp, MI, USA
3:48:32
 "
23,MIDD=4381151115,Pilgrim Pacer Marathon,"Shawnee, KS USA","November 15, 2015","Topher Thompson (M26)
3:59:31 23 17 /    Lincoln, NE, USA
3:59:31
 "
24,MIDD=4381151115,Pilgrim Pacer Marathon,"Shawnee, KS USA","November 15, 2015","Ian McConnell (M32)
4:00:00 24 18 /    Fort Leavenworth, KS, USA
4:00:00
 "
25,MIDD=4381151115,Pilgrim Pacer Marathon,"Shawnee, KS USA","November 15, 2015","Sandy Cumming (F59)
4:02:19 25 7 / 3 Fmasters Austin, TX, USA
3:01:26
BQ"
26,MIDD=4381151115,Pilgrim Pacer Marathon,"Shawnee, KS USA","November 15, 2015","Douglas Angel (M50)
4:03:51 26 19 / 11 Mmasters Washington, MI, USA
3:38:24
 "
27,MIDD=4381151115,Pilgrim Pacer Marathon,"Shawnee, KS USA","November 15, 2015","Brady Field (M21)
4:04:54 27 20 /    Manhattan, KS, USA
4:03:47
 "
28,MIDD=4381151115,Pilgrim Pacer Marathon,"Shawnee, KS USA","November 15, 2015","DANIEL BENZ (M45)
4:05:15 28 21 / 12 Mmasters  
3:49:30
 "
29,MIDD=4381151115,Pilgrim Pacer Marathon,"Shawnee, KS USA","November 15, 2015","ronnie wong (M69)
4:05:31 29 22 / 13 Mmasters baltimore, MD, USA
3:02:31
BQ"
30,MIDD=4381151115,Pilgrim Pacer Marathon,"Shawnee, KS USA","November 15, 2015","Donald Stevanov (M50)
4:06:34 30 23 / 14 Mmasters Lawrence, KS, USA
3:40:50
 "
31,MIDD=4381151115,Pilgrim Pacer Marathon,"Shawnee, KS USA","November 15, 2015","Leia Anderson (F32)
4:07:28 31 8 /    Kansas City, MO, USA
4:06:36
 "
32,MIDD=4381151115,Pilgrim Pacer Marathon,"Shawnee, KS USA","November 15, 2015","Thomas Inskeep (M61)
4:07:48 32 24 / 15 Mmasters Helotes, TX, USA
3:20:05
 "
33,MIDD=4381151115,Pilgrim Pacer Marathon,"Shawnee, KS USA","November 15, 2015","CJ LaPlant (M28)
4:09:56 33 25 /    Wichita, KS, USA
4:09:56
 "
34,MIDD=4381151115,Pilgrim Pacer Marathon,"Shawnee, KS USA","November 15, 2015","Paul Bielinski (M51)
4:10:23 34 26 / 16 Mmasters Franklin, WI, USA
3:42:15
 "
35,MIDD=4381151115,Pilgrim Pacer Marathon,"Shawnee, KS USA","November 15, 2015","bev dimitri (F58)
4:11:52 35 9 / 4 Fmasters salina, KS, USA
3:11:20
 "
36,MIDD=4381151115,Pilgrim Pacer Marathon,"Shawnee, KS USA","November 15, 2015","Kari Brown (F45)
4:13:07 36 10 / 5 Fmasters choctaw, OK, USA
3:48:09
 "
37,MIDD=4381151115,Pilgrim Pacer Marathon,"Shawnee, KS USA","November 15, 2015","Jill Snitko (F36)
4:13:37 37 11 /    Marion, IA, USA
4:08:44
 "
38,MIDD=4381151115,Pilgrim Pacer Marathon,"Shawnee, KS USA","November 15, 2015","Matt Froemming (M22)
4:14:00 38 27 /    Lincoln, NE, USA
4:13:52
 "
39,MIDD=4381151115,Pilgrim Pacer Marathon,"Shawnee, KS USA","November 15, 2015","ELLA REUSSER (F29)
4:16:50 39 12 /     
4:16:50
 "
40,MIDD=4381151115,Pilgrim Pacer Marathon,"Shawnee, KS USA","November 15, 2015","Chris James (M40)
4:17:11 40 28 / 17 Mmasters West Des Moines, IA, USA
4:10:59
 "
41,MIDD=4381151115,Pilgrim Pacer Marathon,"Shawnee, KS USA","November 15, 2015","Maureen Daly (F33)
4:17:50 41 13 /    Chicago, IL, USA
4:16:12
 "
42,MIDD=4381151115,Pilgrim Pacer Marathon,"Shawnee, KS USA","November 15, 2015","Melissa Whited (F49)
4:18:16 42 14 / 6 Fmasters Blue Springs, MO, USA
3:41:32
 "
43,MIDD=4381151115,Pilgrim Pacer Marathon,"Shawnee, KS USA","November 15, 2015","Bill Stogsdill (M40)
4:18:17 43 29 / 18 Mmasters Lees Summit, MO, USA
4:12:03
 "
44,MIDD=4381151115,Pilgrim Pacer Marathon,"Shawnee, KS USA","November 15, 2015","Ashley Robinson (F33)
4:21:18 44 15 /    Topeka, KS, USA
4:19:39
 "
45,MIDD=4381151115,Pilgrim Pacer Marathon,"Shawnee, KS USA","November 15, 2015","Amy Paige (F45)
4:25:00 45 16 / 7 Fmasters Pomfret Center, CT, USA
3:58:52
 "
46,MIDD=4381151115,Pilgrim Pacer Marathon,"Shawnee, KS USA","November 15, 2015","BRIAN MARGUETTE (F48)
4:25:01 46 17 / 8 Fmasters  
3:50:13
 "
47,MIDD=4381151115,Pilgrim Pacer Marathon,"Shawnee, KS USA","November 15, 2015","Earl Johnson (M47)
4:26:02 47 30 / 19 Mmasters Dana Point, CA, USA
4:04:41
 "
48,MIDD=4381151115,Pilgrim Pacer Marathon,"Shawnee, KS USA","November 15, 2015","Kay Stewart (F54)
4:26:32 48 18 / 9 Fmasters Friendswood, TX, USA
3:34:06
 "
49,MIDD=4381151115,Pilgrim Pacer Marathon,"Shawnee, KS USA","November 15, 2015","Steve Oberdin (M44)
4:29:58 49 31 / 20 Mmasters Omaha, NE, USA
4:14:49
 "
50,MIDD=4381151115,Pilgrim Pacer Marathon,"Shawnee, KS USA","November 15, 2015","Steve Brandstetter (M54)
4:30:10 50 32 / 21 Mmasters Wyoming, OH, USA
3:53:20
 "
51,MIDD=4381151115,Pilgrim Pacer Marathon,"Shawnee, KS USA","November 15, 2015","Richard De Cample (M70)
4:30:31 51 33 / 22 Mmasters Renton, WA, USA
3:18:54
 "
52,MIDD=4381151115,Pilgrim Pacer Marathon,"Shawnee, KS USA","November 15, 2015","Jamie Collins (F36)
4:33:42 52 19 /    Independence, MO, USA
4:28:26
 "
53,MIDD=4381151115,Pilgrim Pacer Marathon,"Shawnee, KS USA","November 15, 2015","Ashley Shaw (F33)
4:35:06 53 20 /    Edwardsville, KS, USA
4:33:22
 "
54,MIDD=4381151115,Pilgrim Pacer Marathon,"Shawnee, KS USA","November 15, 2015","Sherrie Klover (F48)
4:37:11 54 21 / 10 Fmasters Bonner Springs, KS, USA
4:00:47
 "
55,MIDD=4381151115,Pilgrim Pacer Marathon,"Shawnee, KS USA","November 15, 2015","Cynthia Muparaganda (F38)
4:37:14 55 22 /    Kansas City, MO, USA
4:28:25
 "
56,MIDD=4381151115,Pilgrim Pacer Marathon,"Shawnee, KS USA","November 15, 2015","Elizabeth Delling (F35)
4:38:13 56 23 /    Saint Louis, MO, USA
4:34:17
 "
57,MIDD=4381151115,Pilgrim Pacer Marathon,"Shawnee, KS USA","November 15, 2015","Phil Nomura (M66)
4:38:42 57 34 / 23 Mmasters  
3:33:52
 "
58,MIDD=4381151115,Pilgrim Pacer Marathon,"Shawnee, KS USA","November 15, 2015","Anne Enderlin (F35)
4:40:53 58 24 /    Polk City, IA, USA
4:36:55
 "
59,MIDD=4381151115,Pilgrim Pacer Marathon,"Shawnee, KS USA","November 15, 2015","Michael Meissner (M17)
4:41:39 59 35 /    Overland Park, KS, USA
4:26:51
 "
60,MIDD=4381151115,Pilgrim Pacer Marathon,"Shawnee, KS USA","November 15, 2015","Jamie O'Connor (F39)
4:41:54 60 25 /    Mequon, WI, USA
4:30:50
 "
61,MIDD=4381151115,Pilgrim Pacer Marathon,"Shawnee, KS USA","November 15, 2015","Dona Trejo (F37)
4:41:55 61 26 /    Naperville, IL, USA
4:34:50
 "
62,MIDD=4381151115,Pilgrim Pacer Marathon,"Shawnee, KS USA","November 15, 2015","Jordan Adams (M28)
4:42:59 62 36 /    Owasso, OK, USA
4:42:59
 "
63,MIDD=4381151115,Pilgrim Pacer Marathon,"Shawnee, KS USA","November 15, 2015","Dan Hall (M62)
4:43:26 63 37 / 24 Mmasters Kansas City, MO, USA
3:46:36
 "
64,MIDD=4381151115,Pilgrim Pacer Marathon,"Shawnee, KS USA","November 15, 2015","JULIE MA (F22)
4:43:39 64 27 /     
4:43:39
 "
65,MIDD=4381151115,Pilgrim Pacer Marathon,"Shawnee, KS USA","November 15, 2015","Mike Ramolt (M51)
4:45:29 65 38 / 25 Mmasters Shawnee, KS, USA
4:13:25
 "
66,MIDD=4381151115,Pilgrim Pacer Marathon,"Shawnee, KS USA","November 15, 2015","John Dietrich (M60)
4:49:30 66 39 / 26 Mmasters Shawnee, KS, USA
3:56:05
 "
67,MIDD=4381151115,Pilgrim Pacer Marathon,"Shawnee, KS USA","November 15, 2015","Jennifer Mausbach (F42)
4:50:34 67 28 / 11 Fmasters Oak Grove, MO, USA
4:31:18
 "
68,MIDD=4381151115,Pilgrim Pacer Marathon,"Shawnee, KS USA","November 15, 2015","Michael Hill (M43)
4:51:05 68 40 / 27 Mmasters Haysville, KS, USA
4:37:04
 "
69,MIDD=4381151115,Pilgrim Pacer Marathon,"Shawnee, KS USA","November 15, 2015","Tom Brand (M68)
4:52:00 69 41 / 28 Mmasters Summit, NJ, USA
3:39:24
 "
70,MIDD=4381151115,Pilgrim Pacer Marathon,"Shawnee, KS USA","November 15, 2015","Danny Miller (M35)
4:52:13 70 42 /    Kansas City, MO, USA
4:52:13
 "
71,MIDD=4381151115,Pilgrim Pacer Marathon,"Shawnee, KS USA","November 15, 2015","JULIE BRUGGENTHIES (F54)
4:55:27 71 29 / 12 Fmasters  
3:57:20
 "
72,MIDD=4381151115,Pilgrim Pacer Marathon,"Shawnee, KS USA","November 15, 2015","Parker Pezzati (M21)
4:55:53 72 43 /    Lawrence, KS, USA
4:54:33
 "
73,MIDD=4381151115,Pilgrim Pacer Marathon,"Shawnee, KS USA","November 15, 2015","Joseph McConnell (M20)
4:55:54 73 44 /    Lawrence, KS, USA
4:52:12
 "
74,MIDD=4381151115,Pilgrim Pacer Marathon,"Shawnee, KS USA","November 15, 2015","Alexis Davidson (M60)
4:57:06 74 45 / 29 Mmasters Brooklyn, NY, USA
4:02:17
 "
75,MIDD=4381151115,Pilgrim Pacer Marathon,"Shawnee, KS USA","November 15, 2015","Joe Hill (M57)
4:57:08 75 46 / 30 Mmasters Cunningham, KS, USA
4:09:28
 "
76,MIDD=4381151115,Pilgrim Pacer Marathon,"Shawnee, KS USA","November 15, 2015","Richard Brake (M57)
4:57:33 76 47 / 31 Mmasters Salina, KS, USA
4:09:49
 "
77,MIDD=4381151115,Pilgrim Pacer Marathon,"Shawnee, KS USA","November 15, 2015","TIM CHILEN (M59)
4:59:20 77 48 / 32 Mmasters  
4:06:31
 "
78,MIDD=4381151115,Pilgrim Pacer Marathon,"Shawnee, KS USA","November 15, 2015","Colleen VanLoh (F59)
4:59:23 78 30 / 13 Fmasters Kansas City, MO, USA
3:44:10
 "
79,MIDD=4381151115,Pilgrim Pacer Marathon,"Shawnee, KS USA","November 15, 2015","Charles Schliefert (M28)
4:59:23 79 49 /    Independence, MO, USA
4:59:23
 "
80,MIDD=4381151115,Pilgrim Pacer Marathon,"Shawnee, KS USA","November 15, 2015","Sarah Riney (F31)
5:02:52 80 31 /    Independence, MO, USA
5:02:22
 "
81,MIDD=4381151115,Pilgrim Pacer Marathon,"Shawnee, KS USA","November 15, 2015","Jackie Ellis (F33)
5:05:22 81 32 /    Saint Joseph, MO, USA
5:03:26
 "
82,MIDD=4381151115,Pilgrim Pacer Marathon,"Shawnee, KS USA","November 15, 2015","Cyndy Bolte (F58)
5:05:22 82 33 / 14 Fmasters New Haven, MO, USA
3:51:59
 "
83,MIDD=4381151115,Pilgrim Pacer Marathon,"Shawnee, KS USA","November 15, 2015","Tom Detore (M67)
5:06:30 83 50 / 33 Mmasters Columbia, MO, USA
3:52:45
 "
84,MIDD=4381151115,Pilgrim Pacer Marathon,"Shawnee, KS USA","November 15, 2015","dennis hill (M51)
5:22:08 84 51 / 34 Mmasters wichita, KS, USA
4:45:57
 "
85,MIDD=4381151115,Pilgrim Pacer Marathon,"Shawnee, KS USA","November 15, 2015","Rilla Rinaldi (F37)
5:24:07 85 34 /    Belton, MO, USA
5:15:58
 "
86,MIDD=4381151115,Pilgrim Pacer Marathon,"Shawnee, KS USA","November 15, 2015","Gene Field (M50)
5:28:49 86 52 / 35 Mmasters Linwood, KS, USA
4:54:31
 "
87,MIDD=4381151115,Pilgrim Pacer Marathon,"Shawnee, KS USA","November 15, 2015","Cheri Linwood (F39)
5:29:41 87 35 /    Austin, TX, USA
5:16:45
 "
88,MIDD=4381151115,Pilgrim Pacer Marathon,"Shawnee, KS USA","November 15, 2015","Jeffrey Linwood (M36)
5:29:41 88 53 /    Austin, TX, USA
5:29:21
 "
89,MIDD=4381151115,Pilgrim Pacer Marathon,"Shawnee, KS USA","November 15, 2015","Fran Libasci (F63)
5:29:52 89 36 / 15 Fmasters Summit, NJ, USA
3:52:01
 "
90,MIDD=4381151115,Pilgrim Pacer Marathon,"Shawnee, KS USA","November 15, 2015","Michael Winkler (M36)
5:30:31 90 54 /    Kansas City, MO, USA
5:30:11
 "
91,MIDD=4381151115,Pilgrim Pacer Marathon,"Shawnee, KS USA","November 15, 2015","Derek Kohart (M34)
5:31:20 91 55 /    Overland Park, KS, USA
5:31:20
 "
92,MIDD=4381151115,Pilgrim Pacer Marathon,"Shawnee, KS USA","November 15, 2015","Carolyn Corgel (F57)
5:35:20 92 37 / 16 Fmasters Springville, NY, USA
4:18:24
 "
93,MIDD=4381151115,Pilgrim Pacer Marathon,"Shawnee, KS USA","November 15, 2015","Sarah Beattie (F)
5:36:16 93 38 /    Maxwell, IA, USA
 
 "
94,MIDD=4381151115,Pilgrim Pacer Marathon,"Shawnee, KS USA","November 15, 2015","RW Mozingo (M47)
5:40:12 94 56 / 36 Mmasters Olathe, KS, USA
5:12:54
 "
95,MIDD=4381151115,Pilgrim Pacer Marathon,"Shawnee, KS USA","November 15, 2015","Annette Tomal (F61)
5:41:09 95 39 / 17 Fmasters Wheaton, IL, USA
4:07:50
 "
96,MIDD=4381151115,Pilgrim Pacer Marathon,"Shawnee, KS USA","November 15, 2015","Brian Ciolek (M36)
5:48:35 96 57 /    Lees Summit, MO, USA
5:48:14
 "
97,MIDD=4381151115,Pilgrim Pacer Marathon,"Shawnee, KS USA","November 15, 2015","Joe Christman (M33)
5:49:20 97 58 /    Augusta, KS, USA
5:49:20
 "
98,MIDD=4381151115,Pilgrim Pacer Marathon,"Shawnee, KS USA","November 15, 2015","Arnobio Morelix (M24)
6:00:55 98 59 /    Kansas City, MO, USA
6:00:55
 "
99,MIDD=4381151115,Pilgrim Pacer Marathon,"Shawnee, KS USA","November 15, 2015","Catherine Morelix (F30)
6:00:55 99 40 /    Kansas City, MO, USA
6:00:46
 "
100,MIDD=4381151115,Pilgrim Pacer Marathon,"Shawnee, KS USA","November 15, 2015","Terri Harris (F55)
6:17:07 100 41 / 18 Fmasters Excelsior Springs, MO, USA
4:58:49
 "
101,MIDD=4381151115,Pilgrim Pacer Marathon,"Shawnee, KS USA","November 15, 2015","Al Cumming (M70)
6:17:08 101 60 / 37 Mmasters Austin, TX, USA
4:37:18
 "
102,MIDD=4381151115,Pilgrim Pacer Marathon,"Shawnee, KS USA","November 15, 2015","Tori Duphorne (F37)
6:17:27 102 42 /    Moore, OK, USA
6:07:58
 "
103,MIDD=4381151115,Pilgrim Pacer Marathon,"Shawnee, KS USA","November 15, 2015","Alexaander Petkovsek (M35)
6:31:36 103 61 /    conway, SC, USA
6:31:36
 "
104,MIDD=4381151115,Pilgrim Pacer Marathon,"Shawnee, KS USA","November 15, 2015","Roger Kingsley (M58)
6:46:31 104 62 / 38 Mmasters West Point, NE, USA
5:38:03
 "
105,MIDD=4381151115,Pilgrim Pacer Marathon,"Shawnee, KS USA","November 15, 2015","Chris Baker (M43)
6:49:59 105 63 / 39 Mmasters Lenexa, KS, USA
6:30:15
 "
