,race_id,race,location,date,runners
0,MIDD=5552151101,NYC in AZ Marathon,,"November 1, 2015","

Have you run this race?Then tell us about it.

Last Name, First Name(Sex/Age)
OverAllPlace
Sex Place/Div Place
DIV Net Time AG Time*"
1,MIDD=5552151101,NYC in AZ Marathon,,"November 1, 2015","Ricardo Cestero (M42)
1 1 / 1 M40-44
3:22:57
3:14:48"
2,MIDD=5552151101,NYC in AZ Marathon,,"November 1, 2015","Brandon Fisher (M34)
2 2 / 1 M30-34
3:29:47
3:29:47"
3,MIDD=5552151101,NYC in AZ Marathon,,"November 1, 2015","Bryan Mccoy (M38)
3 3 / 1 M35-39
3:37:16
3:35:18"
4,MIDD=5552151101,NYC in AZ Marathon,,"November 1, 2015","Lisa Joanne Walbridge (F43)
4 1 / 1 F40-44
3:46:51
3:29:25"
5,MIDD=5552151101,NYC in AZ Marathon,,"November 1, 2015","Jared Walbridge (M36)
5 4 / 2 M35-39
3:46:51
3:46:37"
6,MIDD=5552151101,NYC in AZ Marathon,,"November 1, 2015","Bart Bondeson (M45)
6 5 / 1 M45-49
3:53:34
3:38:34"
7,MIDD=5552151101,NYC in AZ Marathon,,"November 1, 2015","Jeffrey Bruzek (M40)
7 6 / 2 M40-44
3:54:13
3:48:34"
8,MIDD=5552151101,NYC in AZ Marathon,,"November 1, 2015","Brad Brekke (M23)
8 7 / 1 M20-24
4:00:28
4:00:28"
9,MIDD=5552151101,NYC in AZ Marathon,,"November 1, 2015","Bianca Corbin (F36)
9 2 / 1 F35-39
4:03:38
3:58:57"
10,MIDD=5552151101,NYC in AZ Marathon,,"November 1, 2015","Kurtis Kildew (M28)
10 8 / 1 M25-29
4:04:17
4:04:17"
11,MIDD=5552151101,NYC in AZ Marathon,,"November 1, 2015","Zach Weiss (M28)
11 9 / 2 M25-29
4:04:33
4:04:33"
12,MIDD=5552151101,NYC in AZ Marathon,,"November 1, 2015","Todd Lessie (M47)
12 10 / 2 M45-49
4:04:40
3:45:02"
13,MIDD=5552151101,NYC in AZ Marathon,,"November 1, 2015","Jennifer Gropel (F42)
13 3 / 2 F40-44
4:06:10
3:49:50"
14,MIDD=5552151101,NYC in AZ Marathon,,"November 1, 2015","Ryan Jackson (M43)
14 11 / 3 M40-44
4:07:19
3:55:25"
15,MIDD=5552151101,NYC in AZ Marathon,,"November 1, 2015","Maluz Orci (F27)
15 4 / 1 F25-29
4:11:31
4:11:31"
16,MIDD=5552151101,NYC in AZ Marathon,,"November 1, 2015","Ruby Cropper (F28)
16 5 / 2 F25-29
4:23:12
4:23:12"
17,MIDD=5552151101,NYC in AZ Marathon,,"November 1, 2015","Alexis Hausner (F22)
17 6 / 1 F20-24
4:25:09
4:25:09"
18,MIDD=5552151101,NYC in AZ Marathon,,"November 1, 2015","Barry Redman (M41)
18 12 / 4 M40-44
4:29:15
4:20:36"
19,MIDD=5552151101,NYC in AZ Marathon,,"November 1, 2015","Ramadan Najieb (M31)
19 13 / 2 M30-34
4:30:57
4:30:57"
20,MIDD=5552151101,NYC in AZ Marathon,,"November 1, 2015","Don Baker (M46)
20 14 / 3 M45-49
4:44:00
4:23:29"
21,MIDD=5552151101,NYC in AZ Marathon,,"November 1, 2015","Cindy Holsen (F45)
21 7 / 1 F45-49
4:44:46
4:16:41"
22,MIDD=5552151101,NYC in AZ Marathon,,"November 1, 2015","Christopher Roberts (M44)
22 15 / 5 M40-44
4:53:15
4:36:47"
23,MIDD=5552151101,NYC in AZ Marathon,,"November 1, 2015","Heidi Brashear (F45)
23 8 / 2 F45-49
4:59:46
4:30:12"
24,MIDD=5552151101,NYC in AZ Marathon,,"November 1, 2015","Sean O'Connor (M56)
24 16 / 1 M55-59
5:07:10
4:20:21"
25,MIDD=5552151101,NYC in AZ Marathon,,"November 1, 2015","Laura O'Connor (F55)
25 9 / 1 F55-59
5:07:10
4:03:23"
26,MIDD=5552151101,NYC in AZ Marathon,,"November 1, 2015","Lyndi Minott (F23)
26 10 / 2 F20-24
5:10:19
5:10:19"
27,MIDD=5552151101,NYC in AZ Marathon,,"November 1, 2015","Amelia Stone (F47)
27 11 / 3 F45-49
5:12:47
4:35:07"
28,MIDD=5552151101,NYC in AZ Marathon,,"November 1, 2015","Emma Gindorf (F19)
28 12 / 1 F0-19
5:13:08
5:11:07"
29,MIDD=5552151101,NYC in AZ Marathon,,"November 1, 2015","Sophia Gindorf (F16)
29 13 / 2 F0-19
5:13:08
4:55:54"
30,MIDD=5552151101,NYC in AZ Marathon,,"November 1, 2015","Cory Campbell (M25)
30 17 / 3 M25-29
5:23:52
5:23:52"
31,MIDD=5552151101,NYC in AZ Marathon,,"November 1, 2015","Cedric Siriwardena (M49)
31 18 / 4 M45-49
5:45:44
5:12:28"
32,MIDD=5552151101,NYC in AZ Marathon,,"November 1, 2015","Sujeevraja Sanjeevi (M29)
32 19 / 4 M25-29
5:48:33
5:48:33"
33,MIDD=5552151101,NYC in AZ Marathon,,"November 1, 2015","Sastry Samavedam (M39)
33 20 / 3 M35-39
5:56:03
5:50:21"
34,MIDD=5552151101,NYC in AZ Marathon,,"November 1, 2015","Debra Burnor (F53)
34 14 / 1 F50-54
5:56:09
4:49:58"
35,MIDD=5552151101,NYC in AZ Marathon,,"November 1, 2015","Christian Wilson (M21)
35 21 / 2 M20-24
5:58:51
5:57:14"
36,MIDD=5552151101,NYC in AZ Marathon,,"November 1, 2015","James Reimann (M58)
36 22 / 2 M55-59
6:06:28
5:04:45"
37,MIDD=5552151101,NYC in AZ Marathon,,"November 1, 2015","Andrea Heser (F35)
37 15 / 2 F35-39
6:10:12
6:04:58"
38,MIDD=5552151101,NYC in AZ Marathon,,"November 1, 2015","Lee Shama (F53)
38 16 / 2 F50-54
6:45:49
5:30:24"
39,MIDD=5552151101,NYC in AZ Marathon,,"November 1, 2015","Patty Talahongva (F53)
39 17 / 3 F50-54
7:35:32
6:10:53"
40,MIDD=5552151101,NYC in AZ Marathon,,"November 1, 2015","Steve Boone (M66)
40 23 / 1 M65-69
7:45:45
5:57:24"
41,MIDD=5552151101,NYC in AZ Marathon,,"November 1, 2015","Robert Olsen (M76)
41 24 / 1 M75-79
8:13:43
5:34:02"
42,MIDD=5552151101,NYC in AZ Marathon,,"November 1, 2015","Franceska Drozdz (F71)
42 18 / 1 F70-74
8:54:57
5:22:05"
43,MIDD=5552151101,NYC in AZ Marathon,,"November 1, 2015","Paula Boone (F49)
43 19 / 4 F45-49
8:55:26
7:39:17"
