,race_id,race,location,date,runners
0,MIDD=3193151107,Bobcat Trail Marathon,"Glouster, OH USA","November 7, 2015","

Have you run this race?Then tell us about it.

Last Name, First Name(Sex/Age)
Time OverAllPlace
Sex Place/Div Place
DIV Net Time 
City, State, Country AG Time*"
1,MIDD=3193151107,Bobcat Trail Marathon,"Glouster, OH USA","November 7, 2015","Michael Owen (M26)
3:36:53 1 1 / 1 Mopen
3:36:53
Pomeroy, OH, USA
3:36:53"
2,MIDD=3193151107,Bobcat Trail Marathon,"Glouster, OH USA","November 7, 2015","Eric Norton (M41)
3:45:58 2 2 / 2 Mopen
3:45:58
Cleveland Heights, OH, USA
3:38:42"
3,MIDD=3193151107,Bobcat Trail Marathon,"Glouster, OH USA","November 7, 2015","Mike Cooper (M34)
3:48:19 3 3 / 3 Mopen
3:48:19
Malta, OH, USA
3:48:19"
4,MIDD=3193151107,Bobcat Trail Marathon,"Glouster, OH USA","November 7, 2015","Ronald Hayes (M37)
3:51:43 4 4 / 1 M30-39
3:51:43
Akron, OH, USA
3:50:47"
5,MIDD=3193151107,Bobcat Trail Marathon,"Glouster, OH USA","November 7, 2015","David Sikes (M30)
3:54:18 5 5 / 2 M30-39
3:54:18
Westerville, OH, USA
3:54:18"
6,MIDD=3193151107,Bobcat Trail Marathon,"Glouster, OH USA","November 7, 2015","Arlen Glick (M22)
3:55:25 6 6 / 1 M20-29
3:55:25
Massillon, OH, USA
3:55:17"
7,MIDD=3193151107,Bobcat Trail Marathon,"Glouster, OH USA","November 7, 2015","Joe Moosbrugger (M33)
3:58:38 7 7 / 3 M30-39
3:58:38
Rockbridge, OH, USA
3:58:38"
8,MIDD=3193151107,Bobcat Trail Marathon,"Glouster, OH USA","November 7, 2015","Christopher Cain (M34)
4:01:30 8 8 / 4 M30-39
4:01:30
Yellow Springs, OH, USA
4:01:30"
9,MIDD=3193151107,Bobcat Trail Marathon,"Glouster, OH USA","November 7, 2015","Nicholas Budzyn (M29)
4:03:40 9 9 / 2 M20-29
4:03:40
South Lyon, MI, USA
4:03:40"
10,MIDD=3193151107,Bobcat Trail Marathon,"Glouster, OH USA","November 7, 2015","Dan Mesh (M51)
4:09:23 10 10 / 1 M50-59
4:09:23
Cleveland Heights, OH, USA
3:41:22"
11,MIDD=3193151107,Bobcat Trail Marathon,"Glouster, OH USA","November 7, 2015","William Krebs (M30)
4:09:28 11 11 / 5 M30-39
4:09:28
 
4:09:28"
12,MIDD=3193151107,Bobcat Trail Marathon,"Glouster, OH USA","November 7, 2015","Tim Straffen (M26)
4:10:15 12 12 / 3 M20-29
4:10:15
Strongsville, OH, USA
4:10:15"
13,MIDD=3193151107,Bobcat Trail Marathon,"Glouster, OH USA","November 7, 2015","Amanda Debevc (F37)
4:19:47 13 1 / 1 Fopen
4:19:47
Chagrin Falls, OH, USA
4:13:15"
14,MIDD=3193151107,Bobcat Trail Marathon,"Glouster, OH USA","November 7, 2015","Alex White (M31)
4:21:07 14 13 / 6 M30-39
4:21:07
Washington, MI, USA
4:21:07"
15,MIDD=3193151107,Bobcat Trail Marathon,"Glouster, OH USA","November 7, 2015","Kyle Hess (M32)
4:25:21 15 14 / 7 M30-39
4:25:21
Chicago, IL, USA
4:25:21"
16,MIDD=3193151107,Bobcat Trail Marathon,"Glouster, OH USA","November 7, 2015","George Themelis (M56)
4:30:11 16 15 / 2 M50-59
4:30:11
Brecksville, OH, USA
3:49:00"
17,MIDD=3193151107,Bobcat Trail Marathon,"Glouster, OH USA","November 7, 2015","Lauren Mickley (F17)
4:36:58 17 2 / 2 Fopen
4:36:58
Westerville, OH, USA
4:27:16"
18,MIDD=3193151107,Bobcat Trail Marathon,"Glouster, OH USA","November 7, 2015","Thomas Laframboise (M48)
4:40:15 18 16 / 1 M40-49
4:40:15
Shaker Heights, OH, USA
4:15:31"
19,MIDD=3193151107,Bobcat Trail Marathon,"Glouster, OH USA","November 7, 2015","Jeffery Lowery (M18)
4:44:28 19 17 / 1 M0-19
4:44:28
Akron, OH, USA
4:33:30"
20,MIDD=3193151107,Bobcat Trail Marathon,"Glouster, OH USA","November 7, 2015","Mike Wargo (M27)
4:49:17 20 18 / 4 M20-29
4:49:17
Lakewood, OH, USA
4:49:17"
21,MIDD=3193151107,Bobcat Trail Marathon,"Glouster, OH USA","November 7, 2015","Rick Rick III (M40)
4:51:00 21 19 / 2 M40-49
4:51:00
Hilliard, OH, USA
4:43:59"
22,MIDD=3193151107,Bobcat Trail Marathon,"Glouster, OH USA","November 7, 2015","Ian Luschin (M38)
4:55:21 22 20 / 8 M30-39
4:55:21
Twinsburg, OH, USA
4:52:41"
23,MIDD=3193151107,Bobcat Trail Marathon,"Glouster, OH USA","November 7, 2015","Justin Young (M27)
4:55:36 23 21 / 5 M20-29
4:55:36
Dublin, OH, USA
4:55:36"
24,MIDD=3193151107,Bobcat Trail Marathon,"Glouster, OH USA","November 7, 2015","Todd Thomas (M28)
4:55:45 24 22 / 6 M20-29
4:55:45
Carey, OH, USA
4:55:45"
25,MIDD=3193151107,Bobcat Trail Marathon,"Glouster, OH USA","November 7, 2015","Luke Wendt (M45)
4:56:17 25 23 / 3 M40-49
4:56:17
Columbus, OH, USA
4:37:15"
26,MIDD=3193151107,Bobcat Trail Marathon,"Glouster, OH USA","November 7, 2015","Dave Potter (M50)
4:57:09 26 24 / 3 M50-59
4:57:09
New Boston, MI, USA
4:26:09"
27,MIDD=3193151107,Bobcat Trail Marathon,"Glouster, OH USA","November 7, 2015","Suneel Apte (M53)
4:57:53 27 25 / 4 M50-59
4:57:53
Shaker Heights, OH, USA
4:19:39"
28,MIDD=3193151107,Bobcat Trail Marathon,"Glouster, OH USA","November 7, 2015","Kate Scheff (F30)
4:58:18 28 3 / 3 Fopen
4:58:18
Dayton, OH, USA
4:58:10"
29,MIDD=3193151107,Bobcat Trail Marathon,"Glouster, OH USA","November 7, 2015","Timothy Dunn (M45)
4:59:45 29 26 / 4 M40-49
4:59:45
Cochranton, PA, USA
4:40:30"
30,MIDD=3193151107,Bobcat Trail Marathon,"Glouster, OH USA","November 7, 2015","Patrick Doran (M41)
5:01:09 30 27 / 5 M40-49
5:01:09
Columbusolumbus, OH, USA
4:51:28"
31,MIDD=3193151107,Bobcat Trail Marathon,"Glouster, OH USA","November 7, 2015","Stacey Baird (F48)
5:01:16 31 4 / 1 F40-49
5:01:16
Columbus, OH, USA
4:21:42"
32,MIDD=3193151107,Bobcat Trail Marathon,"Glouster, OH USA","November 7, 2015","Vaughn Garrett (M48)
5:01:19 32 28 / 6 M40-49
5:01:19
Mcconnelsville, OH, USA
4:34:44"
33,MIDD=3193151107,Bobcat Trail Marathon,"Glouster, OH USA","November 7, 2015","Beth Gilday (F54)
5:01:21 33 5 / 1 F50-59
5:01:21
Woodhaven, MI, USA
4:02:04"
34,MIDD=3193151107,Bobcat Trail Marathon,"Glouster, OH USA","November 7, 2015","Victoria McMillan (F43)
5:02:31 34 6 / 2 F40-49
5:02:31
Shaker Heights, OH, USA
4:39:17"
35,MIDD=3193151107,Bobcat Trail Marathon,"Glouster, OH USA","November 7, 2015","Michael Ryba (M47)
5:03:07 35 29 / 7 M40-49
5:03:07
Hudson, OH, USA
4:38:48"
36,MIDD=3193151107,Bobcat Trail Marathon,"Glouster, OH USA","November 7, 2015","Stephen Cain (M32)
5:04:04 36 30 / 9 M30-39
5:04:04
Beavercreek, OH, USA
5:04:04"
37,MIDD=3193151107,Bobcat Trail Marathon,"Glouster, OH USA","November 7, 2015","Joseph Balsamo (M33)
5:05:00 37 31 / 10 M30-39
5:05:00
Kettering, OH, USA
5:05:00"
38,MIDD=3193151107,Bobcat Trail Marathon,"Glouster, OH USA","November 7, 2015","Joel McCreery (M44)
5:06:35 38 32 / 8 M40-49
5:06:35
Baltimore, OH, USA
4:49:23"
39,MIDD=3193151107,Bobcat Trail Marathon,"Glouster, OH USA","November 7, 2015","Carl Hauenstein (M36)
5:06:42 39 33 / 11 M30-39
5:06:42
Gahanna, OH, USA
5:06:23"
40,MIDD=3193151107,Bobcat Trail Marathon,"Glouster, OH USA","November 7, 2015","Michael Doran (M46)
5:07:16 40 34 / 9 M40-49
5:07:16
Columbus, OH, USA
4:45:04"
41,MIDD=3193151107,Bobcat Trail Marathon,"Glouster, OH USA","November 7, 2015","Katie Moon (F23)
5:08:28 41 7 / 1 F20-29
5:08:28
Chesterland, OH, USA
5:08:28"
42,MIDD=3193151107,Bobcat Trail Marathon,"Glouster, OH USA","November 7, 2015","Steven Kalan (M29)
5:08:29 42 35 / 7 M20-29
5:08:29
Akron, OH, USA
5:08:29"
43,MIDD=3193151107,Bobcat Trail Marathon,"Glouster, OH USA","November 7, 2015","Robert Cameron (M29)
5:08:37 43 36 / 8 M20-29
5:08:37
Brighton, MI, USA
5:08:37"
44,MIDD=3193151107,Bobcat Trail Marathon,"Glouster, OH USA","November 7, 2015","Bill Gardner (M54)
5:10:00 44 37 / 5 M50-59
5:10:00
Belpre, OH, USA
4:27:44"
45,MIDD=3193151107,Bobcat Trail Marathon,"Glouster, OH USA","November 7, 2015","Aaron Coons (M25)
5:12:04 45 38 / 9 M20-29
5:12:04
Athens, OH, USA
5:12:04"
46,MIDD=3193151107,Bobcat Trail Marathon,"Glouster, OH USA","November 7, 2015","Mallory Barga (F26)
5:12:04 46 8 / 2 F20-29
5:12:04
Knoxville, TN, USA
5:12:04"
47,MIDD=3193151107,Bobcat Trail Marathon,"Glouster, OH USA","November 7, 2015","Josh Palaski (M38)
5:12:25 47 39 / 12 M30-39
5:12:25
Massillon, OH, USA
5:09:36"
48,MIDD=3193151107,Bobcat Trail Marathon,"Glouster, OH USA","November 7, 2015","Chandan Agrawal (M28)
5:13:43 48 40 / 10 M20-29
5:13:43
Bowling Green, OH, USA
5:13:43"
49,MIDD=3193151107,Bobcat Trail Marathon,"Glouster, OH USA","November 7, 2015","Daniel Semsel (M49)
5:13:49 49 41 / 10 M40-49
5:13:49
Fairborn, OH, USA
4:43:37"
50,MIDD=3193151107,Bobcat Trail Marathon,"Glouster, OH USA","November 7, 2015","Dana Virgo (F40)
5:17:37 50 9 / 3 F40-49
5:17:37
Chardon, OH, USA
5:02:33"
51,MIDD=3193151107,Bobcat Trail Marathon,"Glouster, OH USA","November 7, 2015","Sylvia Gleason (F56)
5:20:06 51 10 / 2 F50-59
5:20:06
Dayton, OH, USA
4:10:09"
52,MIDD=3193151107,Bobcat Trail Marathon,"Glouster, OH USA","November 7, 2015","Frances Killea (F29)
5:20:21 52 11 / 3 F20-29
5:20:21
Cleveland, OH, USA
5:20:21"
53,MIDD=3193151107,Bobcat Trail Marathon,"Glouster, OH USA","November 7, 2015","Brittany Piccone (F22)
5:20:29 53 12 / 4 F20-29
5:20:29
Waterford, OH, USA
5:20:29"
54,MIDD=3193151107,Bobcat Trail Marathon,"Glouster, OH USA","November 7, 2015","Donald Dearborn (M47)
5:21:36 54 42 / 11 M40-49
5:21:36
Lewiston, ME, USA
4:55:48"
55,MIDD=3193151107,Bobcat Trail Marathon,"Glouster, OH USA","November 7, 2015","Joseph Smindak (M55)
5:23:08 55 43 / 6 M50-59
5:23:08
Dayton, OH, USA
4:36:28"
56,MIDD=3193151107,Bobcat Trail Marathon,"Glouster, OH USA","November 7, 2015","Dave Kalina (M37)
5:23:14 56 44 / 13 M30-39
5:23:14
Eastlake, OH, USA
5:21:56"
57,MIDD=3193151107,Bobcat Trail Marathon,"Glouster, OH USA","November 7, 2015","Anna Jones (F32)
5:23:29 57 13 / 1 F30-39
5:23:29
Hilliard, OH, USA
5:22:21"
58,MIDD=3193151107,Bobcat Trail Marathon,"Glouster, OH USA","November 7, 2015","Justin Klink (M28)
5:24:02 58 45 / 11 M20-29
5:24:02
Cambridge, OH, USA
5:24:02"
59,MIDD=3193151107,Bobcat Trail Marathon,"Glouster, OH USA","November 7, 2015","Mike Taylor (M48)
5:24:08 59 46 / 12 M40-49
5:24:08
Granville, OH, USA
4:55:32"
60,MIDD=3193151107,Bobcat Trail Marathon,"Glouster, OH USA","November 7, 2015","Eric Albery (M36)
5:24:08 60 47 / 14 M30-39
5:24:08
Granville, OH, USA
5:23:48"
61,MIDD=3193151107,Bobcat Trail Marathon,"Glouster, OH USA","November 7, 2015","Sarah Vrooman (F34)
5:29:48 61 14 / 2 F30-39
5:29:48
Lancaster, OH, USA
5:26:34"
62,MIDD=3193151107,Bobcat Trail Marathon,"Glouster, OH USA","November 7, 2015","Tory Jones (M27)
5:30:29 62 48 / 12 M20-29
5:30:29
Minster, OH, USA
5:30:29"
63,MIDD=3193151107,Bobcat Trail Marathon,"Glouster, OH USA","November 7, 2015","Doug Albertson (M53)
5:30:43 63 49 / 7 M50-59
5:30:43
Dresden, OH, USA
4:48:17"
64,MIDD=3193151107,Bobcat Trail Marathon,"Glouster, OH USA","November 7, 2015","Jason Wheeler (M31)
5:30:53 64 50 / 15 M30-39
5:30:53
Parkersburg, WV, USA
5:30:53"
65,MIDD=3193151107,Bobcat Trail Marathon,"Glouster, OH USA","November 7, 2015","Andrew Joseph (M32)
5:34:32 65 51 / 16 M30-39
5:34:32
Zanesville, OH, USA
5:34:32"
66,MIDD=3193151107,Bobcat Trail Marathon,"Glouster, OH USA","November 7, 2015","Erik Straub (M51)
5:35:57 66 52 / 8 M50-59
5:35:57
Cuyahoga Falls, OH, USA
4:58:13"
67,MIDD=3193151107,Bobcat Trail Marathon,"Glouster, OH USA","November 7, 2015","Tom Kirkbride (M42)
5:36:00 67 53 / 13 M40-49
5:36:00
 
5:22:31"
68,MIDD=3193151107,Bobcat Trail Marathon,"Glouster, OH USA","November 7, 2015","Jim Debrincat (M57)
5:36:10 68 54 / 9 M50-59
5:36:10
Brighton, MI, USA
4:42:14"
69,MIDD=3193151107,Bobcat Trail Marathon,"Glouster, OH USA","November 7, 2015","Cherie Salmeto (F46)
5:36:11 69 15 / 4 F40-49
5:36:11
Pinckney, MI, USA
4:59:22"
70,MIDD=3193151107,Bobcat Trail Marathon,"Glouster, OH USA","November 7, 2015","Joshua Sommers (M17)
5:37:21 70 55 / 2 M0-19
5:37:21
Plain City, OH, USA
5:19:38"
71,MIDD=3193151107,Bobcat Trail Marathon,"Glouster, OH USA","November 7, 2015","Ryan Hoover (M17)
5:37:21 71 56 / 3 M0-19
5:37:21
Mechanicsburg, OH, USA
5:19:38"
72,MIDD=3193151107,Bobcat Trail Marathon,"Glouster, OH USA","November 7, 2015","Mark Klettlinger (M34)
5:37:22 72 57 / 17 M30-39
5:37:22
Pataskala, OH, USA
5:37:22"
73,MIDD=3193151107,Bobcat Trail Marathon,"Glouster, OH USA","November 7, 2015","Frank Beaty (M31)
5:38:51 73 58 / 18 M30-39
5:38:51
Winston Salem, NC, USA
5:38:51"
74,MIDD=3193151107,Bobcat Trail Marathon,"Glouster, OH USA","November 7, 2015","Chase Mohr (M32)
5:38:56 74 59 / 19 M30-39
5:38:56
Richfield, OH, USA
5:38:56"
75,MIDD=3193151107,Bobcat Trail Marathon,"Glouster, OH USA","November 7, 2015","Roger Donnell (M59)
5:42:50 75 60 / 10 M50-59
5:42:50
Lancaster, OH, USA
4:42:21"
76,MIDD=3193151107,Bobcat Trail Marathon,"Glouster, OH USA","November 7, 2015","Jason Donnell (M34)
5:42:57 76 61 / 20 M30-39
5:42:57
Lancaster, OH, USA
5:42:57"
77,MIDD=3193151107,Bobcat Trail Marathon,"Glouster, OH USA","November 7, 2015","Butch Stein (M46)
5:45:29 77 62 / 14 M40-49
5:45:29
Millfield, OH, USA
5:20:32"
78,MIDD=3193151107,Bobcat Trail Marathon,"Glouster, OH USA","November 7, 2015","Nicole Huston (F21)
5:49:59 78 16 / 5 F20-29
5:49:59
Columbus, OH, USA
5:49:59"
79,MIDD=3193151107,Bobcat Trail Marathon,"Glouster, OH USA","November 7, 2015","Jude Thomas (M46)
5:50:18 79 63 / 15 M40-49
5:50:18
Fairlawn, OH, USA
5:25:00"
80,MIDD=3193151107,Bobcat Trail Marathon,"Glouster, OH USA","November 7, 2015","B En Niebauer (M38)
5:53:47 80 64 / 21 M30-39
5:53:47
Worthington, OH, USA
5:50:35"
81,MIDD=3193151107,Bobcat Trail Marathon,"Glouster, OH USA","November 7, 2015","Joshua Bach (M39)
5:55:55 81 65 / 22 M30-39
5:55:55
Hurricane, WV, USA
5:50:13"
82,MIDD=3193151107,Bobcat Trail Marathon,"Glouster, OH USA","November 7, 2015","Elton Bond (M40)
5:55:58 82 66 / 16 M40-49
5:55:58
Milton, WV, USA
5:47:23"
83,MIDD=3193151107,Bobcat Trail Marathon,"Glouster, OH USA","November 7, 2015","Jim Presot (M50)
5:57:22 83 67 / 11 M50-59
5:57:22
Independence, OH, USA
5:20:05"
84,MIDD=3193151107,Bobcat Trail Marathon,"Glouster, OH USA","November 7, 2015","Laura Kelsey (F43)
6:04:14 84 17 / 5 F40-49
6:04:14
Appleton, WI, USA
5:36:15"
85,MIDD=3193151107,Bobcat Trail Marathon,"Glouster, OH USA","November 7, 2015","Cecil Snow (M61)
6:09:06 85 68 / 1 M60-69
6:09:06
Glouster, OH, USA
4:58:02"
86,MIDD=3193151107,Bobcat Trail Marathon,"Glouster, OH USA","November 7, 2015","Tatsuhisa Shimomura (M46)
6:09:31 86 69 / 17 M40-49
6:09:31
Hilliard, OH, USA
5:42:50"
87,MIDD=3193151107,Bobcat Trail Marathon,"Glouster, OH USA","November 7, 2015","Ryan Huffman (M33)
6:10:40 87 70 / 23 M30-39
6:10:40
Columbus, OH, USA
6:10:40"
88,MIDD=3193151107,Bobcat Trail Marathon,"Glouster, OH USA","November 7, 2015","Anthony Huffman (M40)
6:10:40 88 71 / 18 M40-49
6:10:40
Columbus, OH, USA
6:01:44"
89,MIDD=3193151107,Bobcat Trail Marathon,"Glouster, OH USA","November 7, 2015","Suzanne Weightman (F51)
6:12:09 89 18 / 3 F50-59
6:12:09
Greensburg, PA, USA
5:11:07"
90,MIDD=3193151107,Bobcat Trail Marathon,"Glouster, OH USA","November 7, 2015","Steven Ochs (M48)
6:16:39 90 72 / 19 M40-49
6:16:39
Hartville, OH, USA
5:43:25"
91,MIDD=3193151107,Bobcat Trail Marathon,"Glouster, OH USA","November 7, 2015","Clark Leslie (M49)
6:17:08 91 73 / 20 M40-49
6:17:08
New Concord, OH, USA
5:40:51"
92,MIDD=3193151107,Bobcat Trail Marathon,"Glouster, OH USA","November 7, 2015","Larry Mohn III (M29)
6:21:32 92 74 / 13 M20-29
6:21:32
Youngstown, OH, USA
6:21:32"
93,MIDD=3193151107,Bobcat Trail Marathon,"Glouster, OH USA","November 7, 2015","Andrew Rosebaugh (M34)
6:21:32 93 75 / 24 M30-39
6:21:32
Youngstown, OH, USA
6:21:32"
94,MIDD=3193151107,Bobcat Trail Marathon,"Glouster, OH USA","November 7, 2015","Jill Forrest (F35)
6:24:13 94 19 / 3 F30-39
6:24:13
Wooster, OH, USA
6:18:47"
95,MIDD=3193151107,Bobcat Trail Marathon,"Glouster, OH USA","November 7, 2015","Bethany Reiner (F33)
6:27:01 95 20 / 4 F30-39
6:27:01
Columbus, OH, USA
6:24:34"
96,MIDD=3193151107,Bobcat Trail Marathon,"Glouster, OH USA","November 7, 2015","John French (M40)
6:27:11 96 76 / 21 M40-49
6:27:11
Westerville, OH, USA
6:17:51"
97,MIDD=3193151107,Bobcat Trail Marathon,"Glouster, OH USA","November 7, 2015","Robyn Huth (F34)
6:27:22 97 21 / 5 F30-39
6:27:22
Akron, OH, USA
6:23:34"
98,MIDD=3193151107,Bobcat Trail Marathon,"Glouster, OH USA","November 7, 2015","Mark Holdcroft (M51)
6:27:45 98 77 / 12 M50-59
6:27:45
Thornville, OH, USA
5:44:12"
99,MIDD=3193151107,Bobcat Trail Marathon,"Glouster, OH USA","November 7, 2015","Jim Smith (M48)
6:28:34 99 78 / 22 M40-49
6:28:34
Worthington, OH, USA
5:54:17"
100,MIDD=3193151107,Bobcat Trail Marathon,"Glouster, OH USA","November 7, 2015","Andrew Feast (M47)
6:28:34 100 79 / 23 M40-49
6:28:34
Columbus, OH, USA
5:57:24"
101,MIDD=3193151107,Bobcat Trail Marathon,"Glouster, OH USA","November 7, 2015","Abby Carrel-Thomas (F29)
6:32:03 101 22 / 6 F20-29
6:32:03
Cleveland Heights, OH, USA
6:32:03"
102,MIDD=3193151107,Bobcat Trail Marathon,"Glouster, OH USA","November 7, 2015","Tony Thomas (M58)
6:32:05 102 80 / 13 M50-59
6:32:05
Cleveland Heights, OH, USA
5:26:03"
103,MIDD=3193151107,Bobcat Trail Marathon,"Glouster, OH USA","November 7, 2015","Pamela Dise (F55)
6:32:31 103 23 / 4 F50-59
6:32:31
Manlius, NY, USA
5:11:01"
104,MIDD=3193151107,Bobcat Trail Marathon,"Glouster, OH USA","November 7, 2015","John Sylvester (M48)
6:33:27 104 81 / 24 M40-49
6:33:27
Spraggs, PA, USA
5:58:44"
105,MIDD=3193151107,Bobcat Trail Marathon,"Glouster, OH USA","November 7, 2015","Adam Reiner (M34)
6:38:40 105 82 / 25 M30-39
6:38:40
Columbus, OH, USA
6:38:40"
106,MIDD=3193151107,Bobcat Trail Marathon,"Glouster, OH USA","November 7, 2015","Diane Pluff (F54)
6:40:02 106 24 / 5 F50-59
6:40:02
Jamesville, NY, USA
5:21:20"
107,MIDD=3193151107,Bobcat Trail Marathon,"Glouster, OH USA","November 7, 2015","Candy Sikes (F30)
6:45:53 107 25 / 6 F30-39
6:45:53
Westerville, OH, USA
6:45:43"
108,MIDD=3193151107,Bobcat Trail Marathon,"Glouster, OH USA","November 7, 2015","Mark Desalvo II (M34)
6:49:04 108 83 / 26 M30-39
6:49:04
Youngstown, OH, USA
6:49:04"
109,MIDD=3193151107,Bobcat Trail Marathon,"Glouster, OH USA","November 7, 2015","Tony Catanese (M32)
6:49:40 109 84 / 27 M30-39
6:49:40
Mentor, OH, USA
6:49:40"
110,MIDD=3193151107,Bobcat Trail Marathon,"Glouster, OH USA","November 7, 2015","Mark Warren (M41)
6:51:05 110 85 / 25 M40-49
6:51:05
Spring Valley, OH, USA
6:37:53"
111,MIDD=3193151107,Bobcat Trail Marathon,"Glouster, OH USA","November 7, 2015","Darrell Digman (M59)
6:55:12 111 86 / 14 M50-59
6:55:12
Cuyahoga Falls, OH, USA
5:41:57"
112,MIDD=3193151107,Bobcat Trail Marathon,"Glouster, OH USA","November 7, 2015","Greg Smith (M40)
6:55:19 112 87 / 26 M40-49
6:55:19
Given, WV, USA
6:45:18"
113,MIDD=3193151107,Bobcat Trail Marathon,"Glouster, OH USA","November 7, 2015","Molly Katusin (F25)
7:01:57 113 26 / 7 F20-29
7:01:57
Athens, OH, USA
7:01:57"
114,MIDD=3193151107,Bobcat Trail Marathon,"Glouster, OH USA","November 7, 2015","Julie Oconnell (F57)
7:02:01 114 27 / 6 F50-59
7:02:01
Norton, OH, USA
5:25:12"
115,MIDD=3193151107,Bobcat Trail Marathon,"Glouster, OH USA","November 7, 2015","Kellie Cheeseman (F35)
7:03:55 115 28 / 7 F30-39
7:03:55
Cincinnati, OH, USA
6:57:56"
116,MIDD=3193151107,Bobcat Trail Marathon,"Glouster, OH USA","November 7, 2015","Paula Smith (F43)
7:12:00 116 29 / 6 F40-49
7:12:00
Given, WV, USA
6:38:49"
117,MIDD=3193151107,Bobcat Trail Marathon,"Glouster, OH USA","November 7, 2015","John Leighton (M54)
7:14:00 117 88 / 15 M50-59
7:14:00
Newark, OH, USA
6:14:50"
118,MIDD=3193151107,Bobcat Trail Marathon,"Glouster, OH USA","November 7, 2015","Taylor Singleton (M33)
7:23:25 118 89 / 28 M30-39
7:23:25
 
7:23:25"
119,MIDD=3193151107,Bobcat Trail Marathon,"Glouster, OH USA","November 7, 2015","Sheri Hodson (F52)
7:26:26 119 30 / 7 F50-59
7:26:26
Miamisburg, OH, USA
6:08:21"
120,MIDD=3193151107,Bobcat Trail Marathon,"Glouster, OH USA","November 7, 2015","Jeffrey Kazar (M58)
7:32:30 120 90 / 16 M50-59
7:32:30
Akron, OH, USA
6:16:17"
121,MIDD=3193151107,Bobcat Trail Marathon,"Glouster, OH USA","November 7, 2015","David Fingerhut (M28)
7:32:48 121 91 / 14 M20-29
7:32:48
Beachwood, OH, USA
7:32:48"
122,MIDD=3193151107,Bobcat Trail Marathon,"Glouster, OH USA","November 7, 2015","Peg Sonday (F49)
7:35:30 122 31 / 7 F40-49
7:35:30
Painesville, OH, USA
6:30:43"
123,MIDD=3193151107,Bobcat Trail Marathon,"Glouster, OH USA","November 7, 2015","Beckie Castell (F40)
7:35:30 123 32 / 8 F40-49
7:35:30
Madison, OH, USA
7:13:54"
124,MIDD=3193151107,Bobcat Trail Marathon,"Glouster, OH USA","November 7, 2015","Molly Mohr (F39)
7:46:19 124 33 / 8 F30-39
7:46:19
Millersburg, OH, USA
7:28:02"
125,MIDD=3193151107,Bobcat Trail Marathon,"Glouster, OH USA","November 7, 2015","Jim Austin (M60)
7:47:36 125 92 / 2 M60-69
7:47:36
Millersburg, OH, USA
6:21:19"
126,MIDD=3193151107,Bobcat Trail Marathon,"Glouster, OH USA","November 7, 2015","Mike Keck (M61)
8:04:46 126 93 / 3 M60-69
8:04:46
Howell, MI, USA
6:31:26"
127,MIDD=3193151107,Bobcat Trail Marathon,"Glouster, OH USA","November 7, 2015","Tyler Palmisano (M37)
8:12:18 127 94 / 29 M30-39
8:12:18
Newark, OH, USA
8:10:19"
128,MIDD=3193151107,Bobcat Trail Marathon,"Glouster, OH USA","November 7, 2015","Lucas Hardbarger (M37)
8:12:30 128 95 / 30 M30-39
8:12:30
Newark, OH, USA
8:10:31"
129,MIDD=3193151107,Bobcat Trail Marathon,"Glouster, OH USA","November 7, 2015","Angel Lynch (F35)
8:18:22 129 34 / 9 F30-39
8:18:22
Novi, MI, USA
8:11:20"
130,MIDD=3193151107,Bobcat Trail Marathon,"Glouster, OH USA","November 7, 2015","Dan Lynch (M35)
8:18:22 130 96 / 31 M30-39
8:18:22
Novi, MI, USA
8:18:22"
