,race_id,race,location,date,runners
0,MIDD=1195151114,Chickamauga Battlefield Marathon,"Chickamauga, GA USA","November 14, 2015","

Have you run this race?Then tell us about it.

Last Name, First Name(Sex/Age)
Time OverAllPlace
Sex Place/Div Place
DIV AG Time* BQ*"
1,MIDD=1195151114,Chickamauga Battlefield Marathon,"Chickamauga, GA USA","November 14, 2015","Jon Hager (M39)
2:40:22 1 1 / 1 M35-39
2:37:48
BQ"
2,MIDD=1195151114,Chickamauga Battlefield Marathon,"Chickamauga, GA USA","November 14, 2015","Alan Outlaw (M38)
2:41:53 2 2 / 2 M35-39
2:40:25
BQ"
3,MIDD=1195151114,Chickamauga Battlefield Marathon,"Chickamauga, GA USA","November 14, 2015","Bradley Adams (M37)
2:48:50 3 3 / 3 M35-39
2:48:09
BQ"
4,MIDD=1195151114,Chickamauga Battlefield Marathon,"Chickamauga, GA USA","November 14, 2015","Ryan Shrum (M48)
2:53:11 4 4 / 1 M45-49
2:37:54
BQ"
5,MIDD=1195151114,Chickamauga Battlefield Marathon,"Chickamauga, GA USA","November 14, 2015","Charles Smith (M40)
2:53:18 5 5 / 1 M40-44
2:49:07
BQ"
6,MIDD=1195151114,Chickamauga Battlefield Marathon,"Chickamauga, GA USA","November 14, 2015","William Enicks Iv (M56)
2:55:46 6 6 / 1 M55-59
2:28:58
BQ"
7,MIDD=1195151114,Chickamauga Battlefield Marathon,"Chickamauga, GA USA","November 14, 2015","Greg Rankin (M49)
2:58:56 7 7 / 2 M45-49
2:41:43
BQ"
8,MIDD=1195151114,Chickamauga Battlefield Marathon,"Chickamauga, GA USA","November 14, 2015","Tripp McCallie (M46)
3:00:40 8 8 / 3 M45-49
2:47:37
BQ"
9,MIDD=1195151114,Chickamauga Battlefield Marathon,"Chickamauga, GA USA","November 14, 2015","Kenji Heilman (M44)
3:01:08 9 9 / 2 M40-44
2:50:58
BQ"
10,MIDD=1195151114,Chickamauga Battlefield Marathon,"Chickamauga, GA USA","November 14, 2015","Erik Ness (M41)
3:03:02 10 10 / 3 M40-44
2:57:09
BQ"
11,MIDD=1195151114,Chickamauga Battlefield Marathon,"Chickamauga, GA USA","November 14, 2015","Clint Hawkins (M35)
3:05:27 11 11 / 4 M35-39
3:05:27
BQ"
12,MIDD=1195151114,Chickamauga Battlefield Marathon,"Chickamauga, GA USA","November 14, 2015","Jeremy Miller (M38)
3:06:01 12 12 / 5 M35-39
3:04:20
BQ"
13,MIDD=1195151114,Chickamauga Battlefield Marathon,"Chickamauga, GA USA","November 14, 2015","Kathleen Turchin (F30)
3:06:27 13 1 / 1 F30-34
3:06:22
BQ"
14,MIDD=1195151114,Chickamauga Battlefield Marathon,"Chickamauga, GA USA","November 14, 2015","Errol Josephs (M45)
3:07:43 14 13 / 4 M45-49
2:55:39
BQ"
15,MIDD=1195151114,Chickamauga Battlefield Marathon,"Chickamauga, GA USA","November 14, 2015","Dusty Jameson (M31)
3:08:16 15 14 / 1 M30-34
3:08:16
 "
16,MIDD=1195151114,Chickamauga Battlefield Marathon,"Chickamauga, GA USA","November 14, 2015","Jason Webb (M40)
3:08:39 16 15 / 4 M40-44
3:04:06
BQ"
17,MIDD=1195151114,Chickamauga Battlefield Marathon,"Chickamauga, GA USA","November 14, 2015","Jordan Peters (M27)
3:09:00 17 16 / 1 M25-29
3:09:00
 "
18,MIDD=1195151114,Chickamauga Battlefield Marathon,"Chickamauga, GA USA","November 14, 2015","Justin Guy (M42)
3:09:19 18 17 / 5 M40-44
3:01:43
BQ"
19,MIDD=1195151114,Chickamauga Battlefield Marathon,"Chickamauga, GA USA","November 14, 2015","Zachary Speck (M24)
3:11:50 19 18 / 1 M20-24
3:11:50
 "
20,MIDD=1195151114,Chickamauga Battlefield Marathon,"Chickamauga, GA USA","November 14, 2015","Adam Webb (M37)
3:13:20 20 19 / 6 M35-39
3:12:33
 "
21,MIDD=1195151114,Chickamauga Battlefield Marathon,"Chickamauga, GA USA","November 14, 2015","Johan Desmet (M48)
3:13:33 21 20 / 5 M45-49
2:56:28
BQ"
22,MIDD=1195151114,Chickamauga Battlefield Marathon,"Chickamauga, GA USA","November 14, 2015","Gaogao Wang (M41)
3:14:20 22 21 / 6 M40-44
3:08:05
BQ"
23,MIDD=1195151114,Chickamauga Battlefield Marathon,"Chickamauga, GA USA","November 14, 2015","Rob Walker (M44)
3:15:12 23 22 / 7 M40-44
3:04:14
 "
24,MIDD=1195151114,Chickamauga Battlefield Marathon,"Chickamauga, GA USA","November 14, 2015","Ashley Matthews (F26)
3:15:58 24 2 / 1 F25-29
3:15:58
BQ"
25,MIDD=1195151114,Chickamauga Battlefield Marathon,"Chickamauga, GA USA","November 14, 2015","Jason Mitchell (M32)
3:16:05 25 23 / 2 M30-34
3:16:05
 "
26,MIDD=1195151114,Chickamauga Battlefield Marathon,"Chickamauga, GA USA","November 14, 2015","Jose Pulido (M39)
3:16:56 26 24 / 7 M35-39
3:13:46
 "
27,MIDD=1195151114,Chickamauga Battlefield Marathon,"Chickamauga, GA USA","November 14, 2015","Jessica File (F35)
3:17:06 27 3 / 1 F35-39
3:14:19
BQ"
28,MIDD=1195151114,Chickamauga Battlefield Marathon,"Chickamauga, GA USA","November 14, 2015","Steve Strickler (M45)
3:17:06 28 25 / 6 M45-49
3:04:26
BQ"
29,MIDD=1195151114,Chickamauga Battlefield Marathon,"Chickamauga, GA USA","November 14, 2015","Hilario Mendez (M50)
3:18:18 29 26 / 1 M50-54
2:57:37
BQ"
30,MIDD=1195151114,Chickamauga Battlefield Marathon,"Chickamauga, GA USA","November 14, 2015","John Nale (M44)
3:19:51 30 27 / 8 M40-44
3:08:38
 "
31,MIDD=1195151114,Chickamauga Battlefield Marathon,"Chickamauga, GA USA","November 14, 2015","Craig Stoller (M55)
3:20:23 31 28 / 2 M55-59
2:51:26
BQ"
32,MIDD=1195151114,Chickamauga Battlefield Marathon,"Chickamauga, GA USA","November 14, 2015","Salvador Hernandez (M31)
3:20:32 32 29 / 3 M30-34
3:20:32
 "
33,MIDD=1195151114,Chickamauga Battlefield Marathon,"Chickamauga, GA USA","November 14, 2015","Russ Rogers (M35)
3:20:57 33 30 / 8 M35-39
3:20:57
 "
34,MIDD=1195151114,Chickamauga Battlefield Marathon,"Chickamauga, GA USA","November 14, 2015","Trey Shipp (M52)
3:21:15 34 31 / 2 M50-54
2:57:02
BQ"
35,MIDD=1195151114,Chickamauga Battlefield Marathon,"Chickamauga, GA USA","November 14, 2015","Brett Noerager (M44)
3:21:40 35 32 / 9 M40-44
3:10:21
 "
36,MIDD=1195151114,Chickamauga Battlefield Marathon,"Chickamauga, GA USA","November 14, 2015","Dianna Leun (F43)
3:22:03 36 4 / 1 F40-44
3:06:31
BQ"
37,MIDD=1195151114,Chickamauga Battlefield Marathon,"Chickamauga, GA USA","November 14, 2015","Joshua Sampson (M42)
3:22:07 37 33 / 10 M40-44
3:14:00
 "
38,MIDD=1195151114,Chickamauga Battlefield Marathon,"Chickamauga, GA USA","November 14, 2015","Cleveland Miller (M28)
3:22:17 38 34 / 2 M25-29
3:22:17
 "
39,MIDD=1195151114,Chickamauga Battlefield Marathon,"Chickamauga, GA USA","November 14, 2015","Mark McKenna (M47)
3:22:48 39 35 / 7 M45-49
3:06:32
BQ"
40,MIDD=1195151114,Chickamauga Battlefield Marathon,"Chickamauga, GA USA","November 14, 2015","Bridget Forier (F31)
3:23:01 40 5 / 2 F30-34
3:22:41
BQ"
41,MIDD=1195151114,Chickamauga Battlefield Marathon,"Chickamauga, GA USA","November 14, 2015","Teresa J Kirkman (F43)
3:23:20 41 6 / 2 F40-44
3:07:43
BQ"
42,MIDD=1195151114,Chickamauga Battlefield Marathon,"Chickamauga, GA USA","November 14, 2015","Mark Kuhn (M48)
3:23:30 42 36 / 8 M45-49
3:05:33
BQ"
43,MIDD=1195151114,Chickamauga Battlefield Marathon,"Chickamauga, GA USA","November 14, 2015","Philip Hodge (M49)
3:24:07 43 37 / 9 M45-49
3:04:28
BQ"
44,MIDD=1195151114,Chickamauga Battlefield Marathon,"Chickamauga, GA USA","November 14, 2015","Leslie Morlen (F42)
3:24:41 44 7 / 3 F40-44
3:11:06
BQ"
45,MIDD=1195151114,Chickamauga Battlefield Marathon,"Chickamauga, GA USA","November 14, 2015","Bernardo Lopez (M47)
3:25:01 45 38 / 10 M45-49
3:08:34
 "
46,MIDD=1195151114,Chickamauga Battlefield Marathon,"Chickamauga, GA USA","November 14, 2015","Simon Blakey (M40)
3:25:38 46 39 / 11 M40-44
3:20:40
 "
47,MIDD=1195151114,Chickamauga Battlefield Marathon,"Chickamauga, GA USA","November 14, 2015","Jj Johnson (M35)
3:26:09 47 40 / 9 M35-39
3:26:09
 "
48,MIDD=1195151114,Chickamauga Battlefield Marathon,"Chickamauga, GA USA","November 14, 2015","Stephen Kerr (M44)
3:26:49 48 41 / 12 M40-44
3:15:12
 "
49,MIDD=1195151114,Chickamauga Battlefield Marathon,"Chickamauga, GA USA","November 14, 2015","Tom Joiner (M60)
3:28:01 49 42 / 1 M60-64
2:49:38
BQ"
50,MIDD=1195151114,Chickamauga Battlefield Marathon,"Chickamauga, GA USA","November 14, 2015","Andrea May (F29)
3:28:04 50 8 / 2 F25-29
3:28:04
BQ"
51,MIDD=1195151114,Chickamauga Battlefield Marathon,"Chickamauga, GA USA","November 14, 2015","James Tigue (M40)
3:29:08 51 43 / 13 M40-44
3:24:05
 "
52,MIDD=1195151114,Chickamauga Battlefield Marathon,"Chickamauga, GA USA","November 14, 2015","Melanie Frank (F25)
3:29:16 52 9 / 3 F25-29
3:29:16
BQ"
53,MIDD=1195151114,Chickamauga Battlefield Marathon,"Chickamauga, GA USA","November 14, 2015","Bret Schlisner (M41)
3:29:37 53 44 / 14 M40-44
3:22:53
 "
54,MIDD=1195151114,Chickamauga Battlefield Marathon,"Chickamauga, GA USA","November 14, 2015","Aaron Thomas (M44)
3:30:09 54 45 / 15 M40-44
3:18:21
 "
55,MIDD=1195151114,Chickamauga Battlefield Marathon,"Chickamauga, GA USA","November 14, 2015","Scott Hamby (M44)
3:30:22 55 46 / 16 M40-44
3:18:33
 "
56,MIDD=1195151114,Chickamauga Battlefield Marathon,"Chickamauga, GA USA","November 14, 2015","Jennifer Brigati (F36)
3:31:02 56 10 / 2 F35-39
3:26:58
BQ"
57,MIDD=1195151114,Chickamauga Battlefield Marathon,"Chickamauga, GA USA","November 14, 2015","Tyler Prentice (M35)
3:31:40 57 47 / 10 M35-39
3:31:40
 "
58,MIDD=1195151114,Chickamauga Battlefield Marathon,"Chickamauga, GA USA","November 14, 2015","Ashley Patrick (F29)
3:32:03 58 11 / 4 F25-29
3:32:03
BQ"
59,MIDD=1195151114,Chickamauga Battlefield Marathon,"Chickamauga, GA USA","November 14, 2015","Mike Dalton (M44)
3:32:19 59 48 / 17 M40-44
3:20:24
 "
60,MIDD=1195151114,Chickamauga Battlefield Marathon,"Chickamauga, GA USA","November 14, 2015","Laura Henry (F34)
3:32:58 60 12 / 3 F30-34
3:30:52
BQ"
61,MIDD=1195151114,Chickamauga Battlefield Marathon,"Chickamauga, GA USA","November 14, 2015","Scott Williams (M46)
3:33:00 61 49 / 11 M45-49
3:17:37
 "
62,MIDD=1195151114,Chickamauga Battlefield Marathon,"Chickamauga, GA USA","November 14, 2015","Marsha Morton (F49)
3:33:26 62 13 / 1 F45-49
3:03:04
BQ"
63,MIDD=1195151114,Chickamauga Battlefield Marathon,"Chickamauga, GA USA","November 14, 2015","Wilson Meads (M32)
3:33:33 63 50 / 4 M30-34
3:33:33
 "
64,MIDD=1195151114,Chickamauga Battlefield Marathon,"Chickamauga, GA USA","November 14, 2015","Paul Baswell (M66)
3:33:35 64 51 / 1 M65-69
2:43:54
BQ"
65,MIDD=1195151114,Chickamauga Battlefield Marathon,"Chickamauga, GA USA","November 14, 2015","Josue MacHado (M52)
3:34:44 65 52 / 3 M50-54
3:08:54
 "
66,MIDD=1195151114,Chickamauga Battlefield Marathon,"Chickamauga, GA USA","November 14, 2015","Kari Salomaa (M38)
3:35:31 66 53 / 11 M35-39
3:33:34
 "
67,MIDD=1195151114,Chickamauga Battlefield Marathon,"Chickamauga, GA USA","November 14, 2015","Chris Swanson (M43)
3:36:00 67 54 / 18 M40-44
3:25:36
 "
68,MIDD=1195151114,Chickamauga Battlefield Marathon,"Chickamauga, GA USA","November 14, 2015","David Moghani (M49)
3:36:04 68 55 / 12 M45-49
3:15:16
 "
69,MIDD=1195151114,Chickamauga Battlefield Marathon,"Chickamauga, GA USA","November 14, 2015","Wayne Heckler (M65)
3:36:47 69 56 / 2 M65-69
2:48:05
BQ"
70,MIDD=1195151114,Chickamauga Battlefield Marathon,"Chickamauga, GA USA","November 14, 2015","Michael Wehrle (M33)
3:36:55 70 57 / 5 M30-34
3:36:55
 "
71,MIDD=1195151114,Chickamauga Battlefield Marathon,"Chickamauga, GA USA","November 14, 2015","Patrick Osborne (M41)
3:37:29 71 58 / 19 M40-44
3:30:30
 "
72,MIDD=1195151114,Chickamauga Battlefield Marathon,"Chickamauga, GA USA","November 14, 2015","Shannon Hays (F38)
3:38:30 72 14 / 3 F35-39
3:31:33
BQ"
73,MIDD=1195151114,Chickamauga Battlefield Marathon,"Chickamauga, GA USA","November 14, 2015","Stephen Miller (M30)
3:38:42 73 59 / 6 M30-34
3:38:42
 "
74,MIDD=1195151114,Chickamauga Battlefield Marathon,"Chickamauga, GA USA","November 14, 2015","Rebecca Brodhead (F35)
3:38:59 74 15 / 4 F35-39
3:35:53
BQ"
75,MIDD=1195151114,Chickamauga Battlefield Marathon,"Chickamauga, GA USA","November 14, 2015","Chad Presley (M33)
3:39:07 75 60 / 7 M30-34
3:39:07
 "
76,MIDD=1195151114,Chickamauga Battlefield Marathon,"Chickamauga, GA USA","November 14, 2015","Lee Clontz (M42)
3:39:12 76 61 / 20 M40-44
3:30:24
 "
77,MIDD=1195151114,Chickamauga Battlefield Marathon,"Chickamauga, GA USA","November 14, 2015","Mark Ervin (M49)
3:39:30 77 62 / 13 M45-49
3:18:23
 "
78,MIDD=1195151114,Chickamauga Battlefield Marathon,"Chickamauga, GA USA","November 14, 2015","Cathryn Quinn (F27)
3:39:37 78 16 / 5 F25-29
3:39:37
 "
79,MIDD=1195151114,Chickamauga Battlefield Marathon,"Chickamauga, GA USA","November 14, 2015","Marc Funk (M45)
3:39:56 79 63 / 14 M45-49
3:25:48
 "
80,MIDD=1195151114,Chickamauga Battlefield Marathon,"Chickamauga, GA USA","November 14, 2015","Jay Hudson (M48)
3:39:56 80 64 / 15 M45-49
3:20:32
 "
81,MIDD=1195151114,Chickamauga Battlefield Marathon,"Chickamauga, GA USA","November 14, 2015","Tom MacY (M48)
3:40:13 81 65 / 16 M45-49
3:20:47
 "
82,MIDD=1195151114,Chickamauga Battlefield Marathon,"Chickamauga, GA USA","November 14, 2015","Kevin Leftwich (M43)
3:40:19 82 66 / 21 M40-44
3:29:43
 "
83,MIDD=1195151114,Chickamauga Battlefield Marathon,"Chickamauga, GA USA","November 14, 2015","Patrick Finney (M47)
3:40:39 83 67 / 17 M45-49
3:22:57
 "
84,MIDD=1195151114,Chickamauga Battlefield Marathon,"Chickamauga, GA USA","November 14, 2015","Anna Calcaterra (F44)
3:40:42 84 17 / 4 F40-44
3:21:20
BQ"
85,MIDD=1195151114,Chickamauga Battlefield Marathon,"Chickamauga, GA USA","November 14, 2015","Ken Walker (M58)
3:40:47 85 68 / 3 M55-59
3:03:36
 "
86,MIDD=1195151114,Chickamauga Battlefield Marathon,"Chickamauga, GA USA","November 14, 2015","Erinne Dyer (F40)
3:41:08 86 18 / 5 F40-44
3:30:39
BQ"
87,MIDD=1195151114,Chickamauga Battlefield Marathon,"Chickamauga, GA USA","November 14, 2015","Lisa Logan (F43)
3:41:12 87 19 / 6 F40-44
3:24:12
BQ"
88,MIDD=1195151114,Chickamauga Battlefield Marathon,"Chickamauga, GA USA","November 14, 2015","Jason Hamrick (M40)
3:41:45 88 69 / 22 M40-44
3:36:24
 "
89,MIDD=1195151114,Chickamauga Battlefield Marathon,"Chickamauga, GA USA","November 14, 2015","Blandon Prowse (M33)
3:41:53 89 70 / 8 M30-34
3:41:53
 "
90,MIDD=1195151114,Chickamauga Battlefield Marathon,"Chickamauga, GA USA","November 14, 2015","Sarah Bowden (F25)
3:42:01 90 20 / 6 F25-29
3:42:01
 "
91,MIDD=1195151114,Chickamauga Battlefield Marathon,"Chickamauga, GA USA","November 14, 2015","Patrick Zdunck (M21)
3:42:17 91 71 / 2 M20-24
3:41:16
 "
92,MIDD=1195151114,Chickamauga Battlefield Marathon,"Chickamauga, GA USA","November 14, 2015","Jay Gill (M48)
3:42:50 92 72 / 18 M45-49
3:23:10
 "
93,MIDD=1195151114,Chickamauga Battlefield Marathon,"Chickamauga, GA USA","November 14, 2015","Kim Heck (F39)
3:42:57 93 21 / 5 F35-39
3:34:12
 "
94,MIDD=1195151114,Chickamauga Battlefield Marathon,"Chickamauga, GA USA","November 14, 2015","Damon Raines (M50)
3:44:07 94 73 / 4 M50-54
3:20:44
 "
95,MIDD=1195151114,Chickamauga Battlefield Marathon,"Chickamauga, GA USA","November 14, 2015","Britt Weems (M49)
3:44:21 95 74 / 19 M45-49
3:22:46
 "
96,MIDD=1195151114,Chickamauga Battlefield Marathon,"Chickamauga, GA USA","November 14, 2015","Matthew Dickinson (M51)
3:44:36 96 75 / 5 M50-54
3:19:22
 "
97,MIDD=1195151114,Chickamauga Battlefield Marathon,"Chickamauga, GA USA","November 14, 2015","Derek Detemple (M45)
3:44:41 97 76 / 20 M45-49
3:30:15
 "
98,MIDD=1195151114,Chickamauga Battlefield Marathon,"Chickamauga, GA USA","November 14, 2015","Jack McDermott (M46)
3:44:41 98 77 / 21 M45-49
3:28:27
 "
99,MIDD=1195151114,Chickamauga Battlefield Marathon,"Chickamauga, GA USA","November 14, 2015","Ryan Graham (M28)
3:44:58 99 78 / 3 M25-29
3:44:58
 "
100,MIDD=1195151114,Chickamauga Battlefield Marathon,"Chickamauga, GA USA","November 14, 2015","Roger Bertossi (M36)
3:45:17 100 79 / 12 M35-39
3:45:03
 "
101,MIDD=1195151114,Chickamauga Battlefield Marathon,"Chickamauga, GA USA","November 14, 2015","Robert Gay (M58)
3:45:21 101 80 / 4 M55-59
3:07:24
 "
102,MIDD=1195151114,Chickamauga Battlefield Marathon,"Chickamauga, GA USA","November 14, 2015","Ashleigh Jameson (F25)
3:45:56 102 22 / 7 F25-29
3:45:56
 "
103,MIDD=1195151114,Chickamauga Battlefield Marathon,"Chickamauga, GA USA","November 14, 2015","Dwight Gardenhire (M57)
3:46:02 103 81 / 5 M55-59
3:09:46
 "
104,MIDD=1195151114,Chickamauga Battlefield Marathon,"Chickamauga, GA USA","November 14, 2015","Kyoko Yamamoto (F42)
3:46:53 104 23 / 7 F40-44
3:31:50
 "
105,MIDD=1195151114,Chickamauga Battlefield Marathon,"Chickamauga, GA USA","November 14, 2015","Todd Raney (M46)
3:47:29 105 82 / 22 M45-49
3:31:03
 "
106,MIDD=1195151114,Chickamauga Battlefield Marathon,"Chickamauga, GA USA","November 14, 2015","Tim Sutterer (M52)
3:47:33 106 83 / 6 M50-54
3:20:10
 "
107,MIDD=1195151114,Chickamauga Battlefield Marathon,"Chickamauga, GA USA","November 14, 2015","Shane Newberry (M38)
3:47:35 107 84 / 13 M35-39
3:45:32
 "
108,MIDD=1195151114,Chickamauga Battlefield Marathon,"Chickamauga, GA USA","November 14, 2015","Terry Brantley (M43)
3:47:38 108 85 / 23 M40-44
3:36:41
 "
109,MIDD=1195151114,Chickamauga Battlefield Marathon,"Chickamauga, GA USA","November 14, 2015","Nicole Stone (F20)
3:47:42 109 24 / 1 F20-24
3:47:32
 "
110,MIDD=1195151114,Chickamauga Battlefield Marathon,"Chickamauga, GA USA","November 14, 2015","Scott Kennedy (M44)
3:47:44 110 86 / 24 M40-44
3:34:57
 "
111,MIDD=1195151114,Chickamauga Battlefield Marathon,"Chickamauga, GA USA","November 14, 2015","Nallely Mendez (F29)
3:49:40 111 25 / 8 F25-29
3:49:40
 "
112,MIDD=1195151114,Chickamauga Battlefield Marathon,"Chickamauga, GA USA","November 14, 2015","James Parnell (M45)
3:49:40 112 87 / 23 M45-49
3:34:55
 "
113,MIDD=1195151114,Chickamauga Battlefield Marathon,"Chickamauga, GA USA","November 14, 2015","John Azar-Dickens (M47)
3:49:43 113 88 / 24 M45-49
3:31:17
 "
114,MIDD=1195151114,Chickamauga Battlefield Marathon,"Chickamauga, GA USA","November 14, 2015","Mark Beno (M49)
3:49:44 114 89 / 25 M45-49
3:27:37
 "
115,MIDD=1195151114,Chickamauga Battlefield Marathon,"Chickamauga, GA USA","November 14, 2015","Zachary Lang (M33)
3:49:53 115 90 / 9 M30-34
3:49:53
 "
116,MIDD=1195151114,Chickamauga Battlefield Marathon,"Chickamauga, GA USA","November 14, 2015","Holly Swinea (F40)
3:49:59 116 26 / 8 F40-44
3:39:04
 "
117,MIDD=1195151114,Chickamauga Battlefield Marathon,"Chickamauga, GA USA","November 14, 2015","Jennie Gentry (F46)
3:50:00 117 27 / 2 F45-49
3:24:48
BQ"
118,MIDD=1195151114,Chickamauga Battlefield Marathon,"Chickamauga, GA USA","November 14, 2015","Johnny Buice (M61)
3:50:51 118 91 / 2 M60-64
3:06:24
BQ"
119,MIDD=1195151114,Chickamauga Battlefield Marathon,"Chickamauga, GA USA","November 14, 2015","Keith Stillwell (M53)
3:50:56 119 92 / 7 M50-54
3:21:18
 "
120,MIDD=1195151114,Chickamauga Battlefield Marathon,"Chickamauga, GA USA","November 14, 2015","Stephen Guerrero (M47)
3:51:26 120 93 / 26 M45-49
3:32:52
 "
121,MIDD=1195151114,Chickamauga Battlefield Marathon,"Chickamauga, GA USA","November 14, 2015","Jeffrey Brown (M54)
3:52:08 121 94 / 8 M50-54
3:20:29
 "
122,MIDD=1195151114,Chickamauga Battlefield Marathon,"Chickamauga, GA USA","November 14, 2015","Scott Richardson (M47)
3:52:10 122 95 / 27 M45-49
3:33:32
 "
123,MIDD=1195151114,Chickamauga Battlefield Marathon,"Chickamauga, GA USA","November 14, 2015","Jennifer Nieman (F36)
3:52:12 123 28 / 6 F35-39
3:47:44
 "
124,MIDD=1195151114,Chickamauga Battlefield Marathon,"Chickamauga, GA USA","November 14, 2015","Mike Usher (M61)
3:52:16 124 96 / 3 M60-64
3:07:33
BQ"
125,MIDD=1195151114,Chickamauga Battlefield Marathon,"Chickamauga, GA USA","November 14, 2015","Jimmy Layne (M54)
3:52:26 125 97 / 9 M50-54
3:20:45
 "
126,MIDD=1195151114,Chickamauga Battlefield Marathon,"Chickamauga, GA USA","November 14, 2015","Karen Verner (F46)
3:52:35 126 29 / 3 F45-49
3:27:06
BQ"
127,MIDD=1195151114,Chickamauga Battlefield Marathon,"Chickamauga, GA USA","November 14, 2015","Mike Whittle (M59)
3:53:06 127 98 / 6 M55-59
3:11:58
 "
128,MIDD=1195151114,Chickamauga Battlefield Marathon,"Chickamauga, GA USA","November 14, 2015","Michael Barilla (M44)
3:53:22 128 99 / 25 M40-44
3:40:16
 "
129,MIDD=1195151114,Chickamauga Battlefield Marathon,"Chickamauga, GA USA","November 14, 2015","Craig Raughton (M45)
3:53:31 129 100 / 28 M45-49
3:38:31
 "
130,MIDD=1195151114,Chickamauga Battlefield Marathon,"Chickamauga, GA USA","November 14, 2015","David Verner (M50)
3:53:35 130 101 / 10 M50-54
3:29:13
 "
131,MIDD=1195151114,Chickamauga Battlefield Marathon,"Chickamauga, GA USA","November 14, 2015","Robin Wood (M36)
3:53:54 131 102 / 14 M35-39
3:53:39
 "
132,MIDD=1195151114,Chickamauga Battlefield Marathon,"Chickamauga, GA USA","November 14, 2015","Justin Edgeworth (M33)
3:54:54 132 103 / 10 M30-34
3:54:54
 "
133,MIDD=1195151114,Chickamauga Battlefield Marathon,"Chickamauga, GA USA","November 14, 2015","Leandro Olszanski (M39)
3:55:07 133 104 / 15 M35-39
3:51:21
 "
134,MIDD=1195151114,Chickamauga Battlefield Marathon,"Chickamauga, GA USA","November 14, 2015","Tommy Lewis (M55)
3:55:49 134 105 / 7 M55-59
3:21:45
 "
135,MIDD=1195151114,Chickamauga Battlefield Marathon,"Chickamauga, GA USA","November 14, 2015","Jason Peters (M34)
3:56:20 135 106 / 11 M30-34
3:56:20
 "
136,MIDD=1195151114,Chickamauga Battlefield Marathon,"Chickamauga, GA USA","November 14, 2015","Brian Bolt (M44)
3:56:29 136 107 / 26 M40-44
3:43:12
 "
137,MIDD=1195151114,Chickamauga Battlefield Marathon,"Chickamauga, GA USA","November 14, 2015","Brian Thompson (M40)
3:56:39 137 108 / 27 M40-44
3:50:56
 "
138,MIDD=1195151114,Chickamauga Battlefield Marathon,"Chickamauga, GA USA","November 14, 2015","Davidson Mobley (M19)
3:56:40 138 109 / 1 M0-19
3:50:52
 "
139,MIDD=1195151114,Chickamauga Battlefield Marathon,"Chickamauga, GA USA","November 14, 2015","Daniel Laughlin (M56)
3:57:21 139 110 / 8 M55-59
3:21:10
 "
140,MIDD=1195151114,Chickamauga Battlefield Marathon,"Chickamauga, GA USA","November 14, 2015","Randall Prater (M51)
3:57:25 140 111 / 11 M50-54
3:30:45
 "
141,MIDD=1195151114,Chickamauga Battlefield Marathon,"Chickamauga, GA USA","November 14, 2015","Jason Todd (M45)
3:57:38 141 112 / 29 M45-49
3:42:22
 "
142,MIDD=1195151114,Chickamauga Battlefield Marathon,"Chickamauga, GA USA","November 14, 2015","Gerry Lott (M52)
3:57:41 142 113 / 12 M50-54
3:29:05
 "
143,MIDD=1195151114,Chickamauga Battlefield Marathon,"Chickamauga, GA USA","November 14, 2015","Kevin Wood (M44)
3:57:45 143 114 / 28 M40-44
3:44:24
 "
144,MIDD=1195151114,Chickamauga Battlefield Marathon,"Chickamauga, GA USA","November 14, 2015","Michael Clark (M33)
3:57:55 144 115 / 12 M30-34
3:57:55
 "
145,MIDD=1195151114,Chickamauga Battlefield Marathon,"Chickamauga, GA USA","November 14, 2015","Amanda Brazier (F29)
3:58:01 145 30 / 9 F25-29
3:58:01
 "
146,MIDD=1195151114,Chickamauga Battlefield Marathon,"Chickamauga, GA USA","November 14, 2015","Eamonn Cottrell (M32)
3:58:16 146 116 / 13 M30-34
3:58:16
 "
147,MIDD=1195151114,Chickamauga Battlefield Marathon,"Chickamauga, GA USA","November 14, 2015","Melissa Peterson (F23)
3:58:33 147 31 / 2 F20-24
3:58:33
 "
148,MIDD=1195151114,Chickamauga Battlefield Marathon,"Chickamauga, GA USA","November 14, 2015","Matt Kralik (M21)
3:59:04 148 117 / 3 M20-24
3:57:59
 "
149,MIDD=1195151114,Chickamauga Battlefield Marathon,"Chickamauga, GA USA","November 14, 2015","Henry Lynn (M51)
3:59:13 149 118 / 13 M50-54
3:32:21
 "
150,MIDD=1195151114,Chickamauga Battlefield Marathon,"Chickamauga, GA USA","November 14, 2015","Rick Stockton (M62)
3:59:16 150 119 / 4 M60-64
3:11:17
 "
151,MIDD=1195151114,Chickamauga Battlefield Marathon,"Chickamauga, GA USA","November 14, 2015","Steven Freedman (M66)
3:59:28 151 120 / 3 M65-69
3:03:46
BQ"
152,MIDD=1195151114,Chickamauga Battlefield Marathon,"Chickamauga, GA USA","November 14, 2015","Brian Teske (M43)
3:59:36 152 121 / 29 M40-44
3:48:04
 "
153,MIDD=1195151114,Chickamauga Battlefield Marathon,"Chickamauga, GA USA","November 14, 2015","Aaron Mercer (M47)
4:00:01 153 122 / 30 M45-49
3:40:46
 "
154,MIDD=1195151114,Chickamauga Battlefield Marathon,"Chickamauga, GA USA","November 14, 2015","Arpan Desai (M31)
4:00:01 154 123 / 14 M30-34
4:00:01
 "
155,MIDD=1195151114,Chickamauga Battlefield Marathon,"Chickamauga, GA USA","November 14, 2015","Sonja Fordham (F44)
4:00:08 155 32 / 9 F40-44
3:39:04
 "
156,MIDD=1195151114,Chickamauga Battlefield Marathon,"Chickamauga, GA USA","November 14, 2015","Andrea Restifo (F50)
4:00:57 156 33 / 1 F50-54
3:24:03
 "
157,MIDD=1195151114,Chickamauga Battlefield Marathon,"Chickamauga, GA USA","November 14, 2015","Jeff Straussberger (M57)
4:01:18 157 124 / 9 M55-59
3:22:35
 "
158,MIDD=1195151114,Chickamauga Battlefield Marathon,"Chickamauga, GA USA","November 14, 2015","Mark Straussberger (M24)
4:01:51 158 125 / 4 M20-24
4:01:51
 "
159,MIDD=1195151114,Chickamauga Battlefield Marathon,"Chickamauga, GA USA","November 14, 2015","Rob Chaplin (M31)
4:05:15 159 126 / 15 M30-34
4:05:15
 "
160,MIDD=1195151114,Chickamauga Battlefield Marathon,"Chickamauga, GA USA","November 14, 2015","Tommy Nichols (M60)
4:06:27 160 127 / 5 M60-64
3:20:58
 "
161,MIDD=1195151114,Chickamauga Battlefield Marathon,"Chickamauga, GA USA","November 14, 2015","Kihoon Lee (M49)
4:09:35 161 128 / 31 M45-49
3:45:34
 "
162,MIDD=1195151114,Chickamauga Battlefield Marathon,"Chickamauga, GA USA","November 14, 2015","Sheelagh O'Malley (F38)
4:10:24 162 34 / 7 F35-39
4:02:26
 "
163,MIDD=1195151114,Chickamauga Battlefield Marathon,"Chickamauga, GA USA","November 14, 2015","Kari Presley (F30)
4:10:32 163 35 / 4 F30-34
4:10:25
 "
164,MIDD=1195151114,Chickamauga Battlefield Marathon,"Chickamauga, GA USA","November 14, 2015","Jeremy Ellis (M38)
4:10:37 164 129 / 16 M35-39
4:08:21
 "
165,MIDD=1195151114,Chickamauga Battlefield Marathon,"Chickamauga, GA USA","November 14, 2015","Carol Campbell (F54)
4:11:04 165 36 / 2 F50-54
3:21:40
 "
166,MIDD=1195151114,Chickamauga Battlefield Marathon,"Chickamauga, GA USA","November 14, 2015","Ed Ferrell (M52)
4:11:08 166 130 / 14 M50-54
3:40:55
 "
167,MIDD=1195151114,Chickamauga Battlefield Marathon,"Chickamauga, GA USA","November 14, 2015","John Schafer (M48)
4:11:39 167 131 / 32 M45-49
3:49:27
 "
168,MIDD=1195151114,Chickamauga Battlefield Marathon,"Chickamauga, GA USA","November 14, 2015","Gregory Foxx (M51)
4:12:04 168 132 / 15 M50-54
3:43:45
 "
169,MIDD=1195151114,Chickamauga Battlefield Marathon,"Chickamauga, GA USA","November 14, 2015","Bridgett Smith (F33)
4:12:23 169 37 / 5 F30-34
4:10:47
 "
170,MIDD=1195151114,Chickamauga Battlefield Marathon,"Chickamauga, GA USA","November 14, 2015","Bob Jacobowski (M49)
4:13:06 170 133 / 33 M45-49
3:48:45
 "
171,MIDD=1195151114,Chickamauga Battlefield Marathon,"Chickamauga, GA USA","November 14, 2015","Calvin Mar (M60)
4:13:58 171 134 / 6 M60-64
3:27:06
 "
172,MIDD=1195151114,Chickamauga Battlefield Marathon,"Chickamauga, GA USA","November 14, 2015","Vivian Anderson Barre (F43)
4:14:00 172 38 / 10 F40-44
3:54:29
 "
173,MIDD=1195151114,Chickamauga Battlefield Marathon,"Chickamauga, GA USA","November 14, 2015","Jeremiah Barnett (M37)
4:14:35 173 135 / 17 M35-39
4:13:33
 "
174,MIDD=1195151114,Chickamauga Battlefield Marathon,"Chickamauga, GA USA","November 14, 2015","Dawn Brown (F46)
4:14:56 174 39 / 4 F45-49
3:47:01
 "
175,MIDD=1195151114,Chickamauga Battlefield Marathon,"Chickamauga, GA USA","November 14, 2015","Timothy Svecz (M33)
4:15:07 175 136 / 16 M30-34
4:15:07
 "
176,MIDD=1195151114,Chickamauga Battlefield Marathon,"Chickamauga, GA USA","November 14, 2015","Carl Koebbe (M56)
4:15:16 176 137 / 10 M55-59
3:36:21
 "
177,MIDD=1195151114,Chickamauga Battlefield Marathon,"Chickamauga, GA USA","November 14, 2015","Thomas Russe (M61)
4:15:30 177 138 / 7 M60-64
3:26:18
 "
178,MIDD=1195151114,Chickamauga Battlefield Marathon,"Chickamauga, GA USA","November 14, 2015","Dustin Tommey (M30)
4:15:53 178 139 / 17 M30-34
4:15:53
 "
179,MIDD=1195151114,Chickamauga Battlefield Marathon,"Chickamauga, GA USA","November 14, 2015","Quentin Potter (M59)
4:16:24 179 140 / 11 M55-59
3:31:10
 "
180,MIDD=1195151114,Chickamauga Battlefield Marathon,"Chickamauga, GA USA","November 14, 2015","William Johnson (M43)
4:16:47 180 141 / 30 M40-44
4:04:25
 "
181,MIDD=1195151114,Chickamauga Battlefield Marathon,"Chickamauga, GA USA","November 14, 2015","Samuel Corbin (M15)
4:16:54 181 142 / 2 M0-19
3:55:05
 "
182,MIDD=1195151114,Chickamauga Battlefield Marathon,"Chickamauga, GA USA","November 14, 2015","Stephanie Dillard (F34)
4:16:55 182 40 / 6 F30-34
4:14:23
 "
183,MIDD=1195151114,Chickamauga Battlefield Marathon,"Chickamauga, GA USA","November 14, 2015","Joseph Hughes (M53)
4:16:59 183 143 / 16 M50-54
3:44:00
 "
184,MIDD=1195151114,Chickamauga Battlefield Marathon,"Chickamauga, GA USA","November 14, 2015","Emily Hockman (F32)
4:17:13 184 41 / 7 F30-34
4:16:18
 "
185,MIDD=1195151114,Chickamauga Battlefield Marathon,"Chickamauga, GA USA","November 14, 2015","Mario Ponce (M43)
4:17:16 185 144 / 31 M40-44
4:04:53
 "
186,MIDD=1195151114,Chickamauga Battlefield Marathon,"Chickamauga, GA USA","November 14, 2015","Matt Morlen (M43)
4:17:40 186 145 / 32 M40-44
4:05:16
 "
187,MIDD=1195151114,Chickamauga Battlefield Marathon,"Chickamauga, GA USA","November 14, 2015","Sandra Rudel (F29)
4:17:42 187 42 / 10 F25-29
4:17:42
 "
188,MIDD=1195151114,Chickamauga Battlefield Marathon,"Chickamauga, GA USA","November 14, 2015","Eric Lowe (M45)
4:18:03 188 146 / 34 M45-49
4:01:28
 "
189,MIDD=1195151114,Chickamauga Battlefield Marathon,"Chickamauga, GA USA","November 14, 2015","Joe St John (M31)
4:18:29 189 147 / 18 M30-34
4:18:29
 "
190,MIDD=1195151114,Chickamauga Battlefield Marathon,"Chickamauga, GA USA","November 14, 2015","Roseanne Moss (F62)
4:18:29 190 43 / 1 F60-64
3:04:50
BQ"
191,MIDD=1195151114,Chickamauga Battlefield Marathon,"Chickamauga, GA USA","November 14, 2015","Sang Lee (M57)
4:18:42 191 148 / 12 M55-59
3:37:12
 "
192,MIDD=1195151114,Chickamauga Battlefield Marathon,"Chickamauga, GA USA","November 14, 2015","Samuel Andereck (M24)
4:18:55 192 149 / 5 M20-24
4:18:55
 "
193,MIDD=1195151114,Chickamauga Battlefield Marathon,"Chickamauga, GA USA","November 14, 2015","Jackie Davenport (F43)
4:18:56 193 44 / 11 F40-44
3:59:02
 "
194,MIDD=1195151114,Chickamauga Battlefield Marathon,"Chickamauga, GA USA","November 14, 2015","Daniel Isley (M36)
4:19:42 194 150 / 18 M35-39
4:19:26
 "
195,MIDD=1195151114,Chickamauga Battlefield Marathon,"Chickamauga, GA USA","November 14, 2015","Jay Spector (M51)
4:19:58 195 151 / 17 M50-54
3:50:46
 "
196,MIDD=1195151114,Chickamauga Battlefield Marathon,"Chickamauga, GA USA","November 14, 2015","Brian Wright (M53)
4:20:15 196 152 / 18 M50-54
3:46:51
 "
197,MIDD=1195151114,Chickamauga Battlefield Marathon,"Chickamauga, GA USA","November 14, 2015","Mark Yarbrough (M61)
4:21:36 197 153 / 8 M60-64
3:31:14
 "
198,MIDD=1195151114,Chickamauga Battlefield Marathon,"Chickamauga, GA USA","November 14, 2015","Keith Guillot (M36)
4:21:55 198 154 / 19 M35-39
4:21:39
 "
199,MIDD=1195151114,Chickamauga Battlefield Marathon,"Chickamauga, GA USA","November 14, 2015","Matt Buckelew (M53)
4:22:08 199 155 / 19 M50-54
3:48:30
 "
200,MIDD=1195151114,Chickamauga Battlefield Marathon,"Chickamauga, GA USA","November 14, 2015","Mark Foster (M52)
4:22:12 200 156 / 20 M50-54
3:50:39
 "
201,MIDD=1195151114,Chickamauga Battlefield Marathon,"Chickamauga, GA USA","November 14, 2015","Deb Burley (F33)
4:22:34 201 45 / 8 F30-34
4:20:54
 "
202,MIDD=1195151114,Chickamauga Battlefield Marathon,"Chickamauga, GA USA","November 14, 2015","Randy Stanford (M47)
4:22:45 202 157 / 35 M45-49
4:01:40
 "
203,MIDD=1195151114,Chickamauga Battlefield Marathon,"Chickamauga, GA USA","November 14, 2015","Adam Reynolds (M39)
4:22:51 203 158 / 20 M35-39
4:18:38
 "
204,MIDD=1195151114,Chickamauga Battlefield Marathon,"Chickamauga, GA USA","November 14, 2015","Brianne Stambaugh (F30)
4:22:54 204 46 / 9 F30-34
4:22:47
 "
205,MIDD=1195151114,Chickamauga Battlefield Marathon,"Chickamauga, GA USA","November 14, 2015","Heath Miller (M27)
4:23:24 205 159 / 4 M25-29
4:23:24
 "
206,MIDD=1195151114,Chickamauga Battlefield Marathon,"Chickamauga, GA USA","November 14, 2015","Jason Lyles (M39)
4:23:45 206 160 / 21 M35-39
4:19:31
 "
207,MIDD=1195151114,Chickamauga Battlefield Marathon,"Chickamauga, GA USA","November 14, 2015","Brian Mitchell (M45)
4:23:50 207 161 / 36 M45-49
4:06:53
 "
208,MIDD=1195151114,Chickamauga Battlefield Marathon,"Chickamauga, GA USA","November 14, 2015","Sharan Asundi (M38)
4:23:50 208 162 / 22 M35-39
4:21:27
 "
209,MIDD=1195151114,Chickamauga Battlefield Marathon,"Chickamauga, GA USA","November 14, 2015","Holly Phillips (F27)
4:24:16 209 47 / 11 F25-29
4:24:16
 "
210,MIDD=1195151114,Chickamauga Battlefield Marathon,"Chickamauga, GA USA","November 14, 2015","Marvin Whitaker (M52)
4:24:48 210 163 / 21 M50-54
3:52:56
 "
211,MIDD=1195151114,Chickamauga Battlefield Marathon,"Chickamauga, GA USA","November 14, 2015","Karen Whitlock (F46)
4:25:21 211 48 / 5 F45-49
3:56:17
 "
212,MIDD=1195151114,Chickamauga Battlefield Marathon,"Chickamauga, GA USA","November 14, 2015","Caleb Stambaugh (M29)
4:25:47 212 164 / 5 M25-29
4:25:47
 "
213,MIDD=1195151114,Chickamauga Battlefield Marathon,"Chickamauga, GA USA","November 14, 2015","Pina Porceddu (F40)
4:26:05 213 49 / 12 F40-44
4:13:28
 "
214,MIDD=1195151114,Chickamauga Battlefield Marathon,"Chickamauga, GA USA","November 14, 2015","Connor Graham (M22)
4:26:22 214 165 / 6 M20-24
4:26:14
 "
215,MIDD=1195151114,Chickamauga Battlefield Marathon,"Chickamauga, GA USA","November 14, 2015","Marianne Sapra (F27)
4:26:44 215 50 / 12 F25-29
4:26:44
 "
216,MIDD=1195151114,Chickamauga Battlefield Marathon,"Chickamauga, GA USA","November 14, 2015","Bill Brock (M58)
4:26:44 216 166 / 13 M55-59
3:41:48
 "
217,MIDD=1195151114,Chickamauga Battlefield Marathon,"Chickamauga, GA USA","November 14, 2015","Nick Rutledge (M26)
4:27:40 217 167 / 6 M25-29
4:27:40
 "
218,MIDD=1195151114,Chickamauga Battlefield Marathon,"Chickamauga, GA USA","November 14, 2015","Lisa Houghton (F47)
4:28:10 218 51 / 6 F45-49
3:55:52
 "
219,MIDD=1195151114,Chickamauga Battlefield Marathon,"Chickamauga, GA USA","November 14, 2015","Loribeth Lee (F30)
4:28:12 219 52 / 10 F30-34
4:28:05
 "
220,MIDD=1195151114,Chickamauga Battlefield Marathon,"Chickamauga, GA USA","November 14, 2015","Jamie Miller (M54)
4:28:31 220 168 / 22 M50-54
3:51:55
 "
221,MIDD=1195151114,Chickamauga Battlefield Marathon,"Chickamauga, GA USA","November 14, 2015","Charles T. Shean, Iv (M44)
4:29:09 221 169 / 33 M40-44
4:14:03
 "
222,MIDD=1195151114,Chickamauga Battlefield Marathon,"Chickamauga, GA USA","November 14, 2015","Adam Hanley (M37)
4:29:20 222 170 / 23 M35-39
4:28:15
 "
223,MIDD=1195151114,Chickamauga Battlefield Marathon,"Chickamauga, GA USA","November 14, 2015","David Hoffert (M35)
4:29:40 223 171 / 24 M35-39
4:29:40
 "
224,MIDD=1195151114,Chickamauga Battlefield Marathon,"Chickamauga, GA USA","November 14, 2015","Amanda Howard (F41)
4:30:06 224 53 / 13 F40-44
4:14:50
 "
225,MIDD=1195151114,Chickamauga Battlefield Marathon,"Chickamauga, GA USA","November 14, 2015","Lynn Slater (F53)
4:30:12 225 54 / 3 F50-54
3:39:59
 "
226,MIDD=1195151114,Chickamauga Battlefield Marathon,"Chickamauga, GA USA","November 14, 2015","Debbi Legg (F51)
4:30:16 226 55 / 4 F50-54
3:45:56
 "
227,MIDD=1195151114,Chickamauga Battlefield Marathon,"Chickamauga, GA USA","November 14, 2015","Sergio Biachini (M74)
4:32:57 227 172 / 1 M70-99
3:10:47
 "
228,MIDD=1195151114,Chickamauga Battlefield Marathon,"Chickamauga, GA USA","November 14, 2015","Andrea Nicolaides (F45)
4:33:32 228 56 / 7 F45-49
4:06:33
 "
229,MIDD=1195151114,Chickamauga Battlefield Marathon,"Chickamauga, GA USA","November 14, 2015","Ian Nicolaides (M41)
4:33:32 229 173 / 34 M40-44
4:24:45
 "
230,MIDD=1195151114,Chickamauga Battlefield Marathon,"Chickamauga, GA USA","November 14, 2015","Diane Brozek (F52)
4:33:47 230 57 / 5 F50-54
3:45:53
 "
231,MIDD=1195151114,Chickamauga Battlefield Marathon,"Chickamauga, GA USA","November 14, 2015","Brad Ellis (M45)
4:33:49 231 174 / 37 M45-49
4:16:14
 "
232,MIDD=1195151114,Chickamauga Battlefield Marathon,"Chickamauga, GA USA","November 14, 2015","Dennis Roach (M66)
4:34:14 232 175 / 4 M65-69
3:30:26
 "
233,MIDD=1195151114,Chickamauga Battlefield Marathon,"Chickamauga, GA USA","November 14, 2015","Eric Jaquith (M48)
4:35:12 233 176 / 38 M45-49
4:10:55
 "
234,MIDD=1195151114,Chickamauga Battlefield Marathon,"Chickamauga, GA USA","November 14, 2015","Dana McClung (F43)
4:35:50 234 58 / 14 F40-44
4:14:38
 "
235,MIDD=1195151114,Chickamauga Battlefield Marathon,"Chickamauga, GA USA","November 14, 2015","Michelle Kruse (F43)
4:36:30 235 59 / 15 F40-44
4:15:15
 "
236,MIDD=1195151114,Chickamauga Battlefield Marathon,"Chickamauga, GA USA","November 14, 2015","Craig Kelly (M67)
4:36:37 236 177 / 5 M65-69
3:30:03
 "
237,MIDD=1195151114,Chickamauga Battlefield Marathon,"Chickamauga, GA USA","November 14, 2015","Ryan Parmer (M21)
4:36:37 237 178 / 7 M20-24
4:35:22
 "
238,MIDD=1195151114,Chickamauga Battlefield Marathon,"Chickamauga, GA USA","November 14, 2015","Hunter Parmer (M20)
4:36:44 238 179 / 8 M20-24
4:33:16
 "
239,MIDD=1195151114,Chickamauga Battlefield Marathon,"Chickamauga, GA USA","November 14, 2015","Kyle Hardin (M48)
4:36:53 239 180 / 39 M45-49
4:12:27
 "
240,MIDD=1195151114,Chickamauga Battlefield Marathon,"Chickamauga, GA USA","November 14, 2015","Emily Goff (F26)
4:37:26 240 60 / 13 F25-29
4:37:26
 "
241,MIDD=1195151114,Chickamauga Battlefield Marathon,"Chickamauga, GA USA","November 14, 2015","Zsolt Nemedi (M47)
4:37:38 241 181 / 40 M45-49
4:15:22
 "
242,MIDD=1195151114,Chickamauga Battlefield Marathon,"Chickamauga, GA USA","November 14, 2015","Sherri Steadman (F48)
4:38:24 242 61 / 8 F45-49
4:01:50
 "
243,MIDD=1195151114,Chickamauga Battlefield Marathon,"Chickamauga, GA USA","November 14, 2015","Chris Gilstad (M42)
4:38:33 243 182 / 35 M40-44
4:27:22
 "
244,MIDD=1195151114,Chickamauga Battlefield Marathon,"Chickamauga, GA USA","November 14, 2015","Kara Wieberg (F41)
4:39:28 244 62 / 16 F40-44
4:23:40
 "
245,MIDD=1195151114,Chickamauga Battlefield Marathon,"Chickamauga, GA USA","November 14, 2015","Marsha Zarco (F34)
4:41:23 245 63 / 11 F30-34
4:38:37
 "
246,MIDD=1195151114,Chickamauga Battlefield Marathon,"Chickamauga, GA USA","November 14, 2015","Monti Zimmerman (M42)
4:41:39 246 183 / 36 M40-44
4:30:21
 "
247,MIDD=1195151114,Chickamauga Battlefield Marathon,"Chickamauga, GA USA","November 14, 2015","Sydney Hood (F16)
4:42:29 247 64 / 1 F0-19
4:26:56
 "
248,MIDD=1195151114,Chickamauga Battlefield Marathon,"Chickamauga, GA USA","November 14, 2015","Rodney Hood (M47)
4:42:39 248 184 / 41 M45-49
4:19:58
 "
249,MIDD=1195151114,Chickamauga Battlefield Marathon,"Chickamauga, GA USA","November 14, 2015","Michelle Duran (F48)
4:43:05 249 65 / 9 F45-49
4:05:54
 "
250,MIDD=1195151114,Chickamauga Battlefield Marathon,"Chickamauga, GA USA","November 14, 2015","Shayne Causey (M55)
4:44:37 250 185 / 14 M55-59
4:03:31
 "
251,MIDD=1195151114,Chickamauga Battlefield Marathon,"Chickamauga, GA USA","November 14, 2015","Harley Eisenberg (M51)
4:44:52 251 186 / 23 M50-54
4:12:52
 "
252,MIDD=1195151114,Chickamauga Battlefield Marathon,"Chickamauga, GA USA","November 14, 2015","Karen Swann (F60)
4:44:55 252 66 / 2 F60-64
3:30:10
 "
253,MIDD=1195151114,Chickamauga Battlefield Marathon,"Chickamauga, GA USA","November 14, 2015","Amy Frederick (F29)
4:45:33 253 67 / 14 F25-29
4:45:33
 "
254,MIDD=1195151114,Chickamauga Battlefield Marathon,"Chickamauga, GA USA","November 14, 2015","Charlene Simmons (F40)
4:45:34 254 68 / 17 F40-44
4:32:01
 "
255,MIDD=1195151114,Chickamauga Battlefield Marathon,"Chickamauga, GA USA","November 14, 2015","Robert Obst (M62)
4:45:40 255 187 / 9 M60-64
3:48:23
 "
256,MIDD=1195151114,Chickamauga Battlefield Marathon,"Chickamauga, GA USA","November 14, 2015","Tracey Wade (F46)
4:46:00 256 69 / 10 F45-49
4:14:40
 "
257,MIDD=1195151114,Chickamauga Battlefield Marathon,"Chickamauga, GA USA","November 14, 2015","Peter Hessling (M63)
4:47:28 257 188 / 10 M60-64
3:47:31
 "
258,MIDD=1195151114,Chickamauga Battlefield Marathon,"Chickamauga, GA USA","November 14, 2015","Gwen Meeks (F54)
4:47:31 258 70 / 6 F50-54
3:50:57
 "
259,MIDD=1195151114,Chickamauga Battlefield Marathon,"Chickamauga, GA USA","November 14, 2015","Truman Smith (M68)
4:47:31 259 189 / 6 M65-69
3:36:02
 "
260,MIDD=1195151114,Chickamauga Battlefield Marathon,"Chickamauga, GA USA","November 14, 2015","Sonya Montgomery (F52)
4:48:46 260 71 / 7 F50-54
3:58:15
 "
261,MIDD=1195151114,Chickamauga Battlefield Marathon,"Chickamauga, GA USA","November 14, 2015","Pixie Harrington (F54)
4:50:12 261 72 / 8 F50-54
3:53:07
 "
262,MIDD=1195151114,Chickamauga Battlefield Marathon,"Chickamauga, GA USA","November 14, 2015","Kathy Burkey (F61)
4:50:43 262 73 / 3 F60-64
3:31:12
 "
263,MIDD=1195151114,Chickamauga Battlefield Marathon,"Chickamauga, GA USA","November 14, 2015","Shane Unsworth (M33)
4:51:05 263 190 / 19 M30-34
4:51:05
 "
264,MIDD=1195151114,Chickamauga Battlefield Marathon,"Chickamauga, GA USA","November 14, 2015","Geoff Rhodes (M48)
4:51:22 264 191 / 42 M45-49
4:25:40
 "
265,MIDD=1195151114,Chickamauga Battlefield Marathon,"Chickamauga, GA USA","November 14, 2015","John Crawley (M63)
4:52:14 265 192 / 11 M60-64
3:51:18
 "
266,MIDD=1195151114,Chickamauga Battlefield Marathon,"Chickamauga, GA USA","November 14, 2015","Mark Zaremba (M54)
4:52:15 266 193 / 24 M50-54
4:12:24
 "
267,MIDD=1195151114,Chickamauga Battlefield Marathon,"Chickamauga, GA USA","November 14, 2015","Joe Dumas (M54)
4:52:15 267 194 / 25 M50-54
4:12:24
 "
268,MIDD=1195151114,Chickamauga Battlefield Marathon,"Chickamauga, GA USA","November 14, 2015","Andrew Meece (M16)
4:52:21 268 195 / 3 M0-19
4:32:35
 "
269,MIDD=1195151114,Chickamauga Battlefield Marathon,"Chickamauga, GA USA","November 14, 2015","Scotty Pope (M45)
4:53:21 269 196 / 43 M45-49
4:34:31
 "
270,MIDD=1195151114,Chickamauga Battlefield Marathon,"Chickamauga, GA USA","November 14, 2015","Beth Davenport (F55)
4:53:31 270 74 / 1 F55-59
3:52:34
 "
271,MIDD=1195151114,Chickamauga Battlefield Marathon,"Chickamauga, GA USA","November 14, 2015","Troy Von (M50)
4:54:19 271 197 / 26 M50-54
4:23:37
 "
272,MIDD=1195151114,Chickamauga Battlefield Marathon,"Chickamauga, GA USA","November 14, 2015","James Grantham (M46)
4:54:22 272 198 / 44 M45-49
4:33:06
 "
273,MIDD=1195151114,Chickamauga Battlefield Marathon,"Chickamauga, GA USA","November 14, 2015","Morris Shinall (M27)
4:54:34 273 199 / 7 M25-29
4:54:34
 "
274,MIDD=1195151114,Chickamauga Battlefield Marathon,"Chickamauga, GA USA","November 14, 2015","Mark Kesley (M43)
4:54:35 274 200 / 37 M40-44
4:40:24
 "
275,MIDD=1195151114,Chickamauga Battlefield Marathon,"Chickamauga, GA USA","November 14, 2015","Michael Deantonio (M41)
4:55:18 275 201 / 38 M40-44
4:45:49
 "
276,MIDD=1195151114,Chickamauga Battlefield Marathon,"Chickamauga, GA USA","November 14, 2015","Todd Craig (M41)
4:55:18 276 202 / 39 M40-44
4:45:49
 "
277,MIDD=1195151114,Chickamauga Battlefield Marathon,"Chickamauga, GA USA","November 14, 2015","Matthew Norman (M32)
4:56:53 277 203 / 20 M30-34
4:56:53
 "
278,MIDD=1195151114,Chickamauga Battlefield Marathon,"Chickamauga, GA USA","November 14, 2015","Robin Auerbach (F48)
4:57:15 278 75 / 11 F45-49
4:18:13
 "
279,MIDD=1195151114,Chickamauga Battlefield Marathon,"Chickamauga, GA USA","November 14, 2015","Michelle Bayus (F47)
4:57:15 279 76 / 12 F45-49
4:21:27
 "
280,MIDD=1195151114,Chickamauga Battlefield Marathon,"Chickamauga, GA USA","November 14, 2015","Scott Kominkiewicz (M25)
4:57:50 280 204 / 8 M25-29
4:57:50
 "
281,MIDD=1195151114,Chickamauga Battlefield Marathon,"Chickamauga, GA USA","November 14, 2015","Robyn Ward (F44)
4:57:57 281 77 / 18 F40-44
4:31:49
 "
282,MIDD=1195151114,Chickamauga Battlefield Marathon,"Chickamauga, GA USA","November 14, 2015","George Southgate (M69)
4:58:25 282 205 / 7 M65-69
3:41:50
 "
283,MIDD=1195151114,Chickamauga Battlefield Marathon,"Chickamauga, GA USA","November 14, 2015","Charles Clark (M29)
4:58:42 283 206 / 9 M25-29
4:58:42
 "
284,MIDD=1195151114,Chickamauga Battlefield Marathon,"Chickamauga, GA USA","November 14, 2015","Renee Andres (F49)
4:59:04 284 78 / 13 F45-49
4:16:32
 "
285,MIDD=1195151114,Chickamauga Battlefield Marathon,"Chickamauga, GA USA","November 14, 2015","Jerry Stewart (M50)
4:59:14 285 207 / 27 M50-54
4:28:01
 "
286,MIDD=1195151114,Chickamauga Battlefield Marathon,"Chickamauga, GA USA","November 14, 2015","Nicole Smith (F38)
5:00:24 286 79 / 8 F35-39
4:50:50
 "
287,MIDD=1195151114,Chickamauga Battlefield Marathon,"Chickamauga, GA USA","November 14, 2015","Laura Wagner (F24)
5:00:24 287 80 / 3 F20-24
5:00:24
 "
288,MIDD=1195151114,Chickamauga Battlefield Marathon,"Chickamauga, GA USA","November 14, 2015","Cheryl Hagemann (F33)
5:00:44 288 81 / 12 F30-34
4:58:50
 "
289,MIDD=1195151114,Chickamauga Battlefield Marathon,"Chickamauga, GA USA","November 14, 2015","Tina Rowles (F54)
5:00:49 289 82 / 9 F50-54
4:01:38
 "
290,MIDD=1195151114,Chickamauga Battlefield Marathon,"Chickamauga, GA USA","November 14, 2015","Heather Shoemaker (F30)
5:01:09 290 83 / 13 F30-34
5:01:01
 "
291,MIDD=1195151114,Chickamauga Battlefield Marathon,"Chickamauga, GA USA","November 14, 2015","Halbert Walston (M41)
5:01:09 291 208 / 40 M40-44
4:51:28
 "
292,MIDD=1195151114,Chickamauga Battlefield Marathon,"Chickamauga, GA USA","November 14, 2015","Patrick Garner (M39)
5:01:10 292 209 / 25 M35-39
4:56:20
 "
293,MIDD=1195151114,Chickamauga Battlefield Marathon,"Chickamauga, GA USA","November 14, 2015","John Davis (M70)
5:02:10 293 210 / 2 M70-99
3:42:10
 "
294,MIDD=1195151114,Chickamauga Battlefield Marathon,"Chickamauga, GA USA","November 14, 2015","Kimberly Nydick (F36)
5:02:14 294 84 / 9 F35-39
4:56:25
 "
295,MIDD=1195151114,Chickamauga Battlefield Marathon,"Chickamauga, GA USA","November 14, 2015","Missi Johnson (F50)
5:02:49 295 85 / 10 F50-54
4:16:27
 "
296,MIDD=1195151114,Chickamauga Battlefield Marathon,"Chickamauga, GA USA","November 14, 2015","Craig Wilson (M49)
5:04:29 296 211 / 45 M45-49
4:35:11
 "
297,MIDD=1195151114,Chickamauga Battlefield Marathon,"Chickamauga, GA USA","November 14, 2015","Mark Williams (M60)
5:05:57 297 212 / 12 M60-64
4:09:30
 "
298,MIDD=1195151114,Chickamauga Battlefield Marathon,"Chickamauga, GA USA","November 14, 2015","Andrea Johnson (F43)
5:06:40 298 86 / 19 F40-44
4:43:06
 "
299,MIDD=1195151114,Chickamauga Battlefield Marathon,"Chickamauga, GA USA","November 14, 2015","Deborah Schulte (F62)
5:07:00 299 87 / 4 F60-64
3:39:32
 "
300,MIDD=1195151114,Chickamauga Battlefield Marathon,"Chickamauga, GA USA","November 14, 2015","Tracy Bryant (F45)
5:07:22 300 88 / 14 F45-49
4:37:03
 "
301,MIDD=1195151114,Chickamauga Battlefield Marathon,"Chickamauga, GA USA","November 14, 2015","Sanjay Gaur (M44)
5:08:01 301 213 / 41 M40-44
4:50:44
 "
302,MIDD=1195151114,Chickamauga Battlefield Marathon,"Chickamauga, GA USA","November 14, 2015","Laura Skonberg (F32)
5:08:04 302 89 / 14 F30-34
5:06:59
 "
303,MIDD=1195151114,Chickamauga Battlefield Marathon,"Chickamauga, GA USA","November 14, 2015","Steven Deuel (M66)
5:12:42 303 214 / 8 M65-69
3:59:57
 "
304,MIDD=1195151114,Chickamauga Battlefield Marathon,"Chickamauga, GA USA","November 14, 2015","Kristen Powell (F43)
5:13:15 304 90 / 20 F40-44
4:49:11
 "
305,MIDD=1195151114,Chickamauga Battlefield Marathon,"Chickamauga, GA USA","November 14, 2015","Sherrie Beall (F57)
5:13:45 305 91 / 2 F55-59
4:01:46
 "
306,MIDD=1195151114,Chickamauga Battlefield Marathon,"Chickamauga, GA USA","November 14, 2015","Jennifer Baxter (F41)
5:13:45 306 92 / 21 F40-44
4:56:01
 "
307,MIDD=1195151114,Chickamauga Battlefield Marathon,"Chickamauga, GA USA","November 14, 2015","Cheri Milne (F45)
5:13:49 307 93 / 15 F45-49
4:42:52
 "
308,MIDD=1195151114,Chickamauga Battlefield Marathon,"Chickamauga, GA USA","November 14, 2015","Lynette Watts (F47)
5:13:55 308 94 / 16 F45-49
4:36:07
 "
309,MIDD=1195151114,Chickamauga Battlefield Marathon,"Chickamauga, GA USA","November 14, 2015","Terrance O'Brien (M72)
5:15:07 309 215 / 3 M70-99
3:46:24
 "
310,MIDD=1195151114,Chickamauga Battlefield Marathon,"Chickamauga, GA USA","November 14, 2015","David Allman (M38)
5:17:17 310 216 / 26 M35-39
5:14:25
 "
311,MIDD=1195151114,Chickamauga Battlefield Marathon,"Chickamauga, GA USA","November 14, 2015","Jennifer Lancaster (F39)
5:20:26 311 95 / 10 F35-39
5:07:52
 "
312,MIDD=1195151114,Chickamauga Battlefield Marathon,"Chickamauga, GA USA","November 14, 2015","Joseph Lynch (M25)
5:22:02 312 217 / 10 M25-29
5:22:02
 "
313,MIDD=1195151114,Chickamauga Battlefield Marathon,"Chickamauga, GA USA","November 14, 2015","Katherine Lumley (F31)
5:22:06 313 96 / 15 F30-34
5:21:35
 "
314,MIDD=1195151114,Chickamauga Battlefield Marathon,"Chickamauga, GA USA","November 14, 2015","Jenni Kellerhals (F32)
5:22:19 314 97 / 16 F30-34
5:21:11
 "
315,MIDD=1195151114,Chickamauga Battlefield Marathon,"Chickamauga, GA USA","November 14, 2015","Kami Leonard (F32)
5:22:19 315 98 / 17 F30-34
5:21:11
 "
316,MIDD=1195151114,Chickamauga Battlefield Marathon,"Chickamauga, GA USA","November 14, 2015","Michael Mason (M35)
5:23:09 316 218 / 27 M35-39
5:23:09
 "
317,MIDD=1195151114,Chickamauga Battlefield Marathon,"Chickamauga, GA USA","November 14, 2015","Jeremy Bordelon (M36)
5:23:30 317 219 / 28 M35-39
5:23:10
 "
318,MIDD=1195151114,Chickamauga Battlefield Marathon,"Chickamauga, GA USA","November 14, 2015","Jeri Harris (F41)
5:23:37 318 99 / 22 F40-44
5:05:19
 "
319,MIDD=1195151114,Chickamauga Battlefield Marathon,"Chickamauga, GA USA","November 14, 2015","Tim Harris (M44)
5:23:37 319 220 / 42 M40-44
5:05:27
 "
320,MIDD=1195151114,Chickamauga Battlefield Marathon,"Chickamauga, GA USA","November 14, 2015","Melissa Davis (F34)
5:24:04 320 100 / 18 F30-34
5:20:53
 "
321,MIDD=1195151114,Chickamauga Battlefield Marathon,"Chickamauga, GA USA","November 14, 2015","Rebecca Kiefer (F23)
5:24:36 321 101 / 4 F20-24
5:24:36
 "
322,MIDD=1195151114,Chickamauga Battlefield Marathon,"Chickamauga, GA USA","November 14, 2015","Seren Jacobs (F29)
5:25:55 322 102 / 15 F25-29
5:25:55
 "
323,MIDD=1195151114,Chickamauga Battlefield Marathon,"Chickamauga, GA USA","November 14, 2015","Michelle Taylor (F43)
5:26:18 323 103 / 23 F40-44
5:01:14
 "
324,MIDD=1195151114,Chickamauga Battlefield Marathon,"Chickamauga, GA USA","November 14, 2015","Kurt Zelnak (M39)
5:26:35 324 221 / 29 M35-39
5:21:21
 "
325,MIDD=1195151114,Chickamauga Battlefield Marathon,"Chickamauga, GA USA","November 14, 2015","Keith Hedger (M46)
5:29:36 325 222 / 46 M45-49
5:05:48
 "
326,MIDD=1195151114,Chickamauga Battlefield Marathon,"Chickamauga, GA USA","November 14, 2015","Sean MacGregor (M38)
5:29:40 326 223 / 30 M35-39
5:26:41
 "
327,MIDD=1195151114,Chickamauga Battlefield Marathon,"Chickamauga, GA USA","November 14, 2015","Casey Jacobs (F30)
5:29:49 327 104 / 19 F30-34
5:29:41
 "
328,MIDD=1195151114,Chickamauga Battlefield Marathon,"Chickamauga, GA USA","November 14, 2015","Brett Reichert (M47)
5:29:59 328 224 / 47 M45-49
5:03:31
 "
329,MIDD=1195151114,Chickamauga Battlefield Marathon,"Chickamauga, GA USA","November 14, 2015","Tabitha Burris (F34)
5:30:49 329 105 / 20 F30-34
5:27:34
 "
330,MIDD=1195151114,Chickamauga Battlefield Marathon,"Chickamauga, GA USA","November 14, 2015","James Haynes (M51)
5:35:53 330 225 / 28 M50-54
4:58:09
 "
331,MIDD=1195151114,Chickamauga Battlefield Marathon,"Chickamauga, GA USA","November 14, 2015","Michael Haling (M23)
5:37:08 331 226 / 9 M20-24
5:37:08
 "
332,MIDD=1195151114,Chickamauga Battlefield Marathon,"Chickamauga, GA USA","November 14, 2015","Bradford Lumley (M35)
5:37:36 332 227 / 31 M35-39
5:37:36
 "
333,MIDD=1195151114,Chickamauga Battlefield Marathon,"Chickamauga, GA USA","November 14, 2015","Ernie Ellis (M54)
5:38:00 333 228 / 29 M50-54
4:51:55
 "
334,MIDD=1195151114,Chickamauga Battlefield Marathon,"Chickamauga, GA USA","November 14, 2015","Betty Holder (F56)
5:40:21 334 106 / 3 F55-59
4:25:59
 "
335,MIDD=1195151114,Chickamauga Battlefield Marathon,"Chickamauga, GA USA","November 14, 2015","Ron Branam (M53)
5:40:21 335 229 / 30 M50-54
4:56:40
 "
336,MIDD=1195151114,Chickamauga Battlefield Marathon,"Chickamauga, GA USA","November 14, 2015","Sulu Jaffer (M44)
5:40:28 336 230 / 43 M40-44
5:21:21
 "
337,MIDD=1195151114,Chickamauga Battlefield Marathon,"Chickamauga, GA USA","November 14, 2015","Krista Shields (F41)
5:40:44 337 107 / 24 F40-44
5:21:28
 "
338,MIDD=1195151114,Chickamauga Battlefield Marathon,"Chickamauga, GA USA","November 14, 2015","David Kuhn (M63)
5:41:07 338 231 / 13 M60-64
4:29:59
 "
339,MIDD=1195151114,Chickamauga Battlefield Marathon,"Chickamauga, GA USA","November 14, 2015","Tara Smith (F36)
5:41:32 339 108 / 11 F35-39
5:34:58
 "
340,MIDD=1195151114,Chickamauga Battlefield Marathon,"Chickamauga, GA USA","November 14, 2015","Kerri Haskins (F44)
5:42:10 340 109 / 25 F40-44
5:12:09
 "
341,MIDD=1195151114,Chickamauga Battlefield Marathon,"Chickamauga, GA USA","November 14, 2015","Tim Lane (M39)
5:42:25 341 232 / 32 M35-39
5:36:56
 "
342,MIDD=1195151114,Chickamauga Battlefield Marathon,"Chickamauga, GA USA","November 14, 2015","Jason Bolno (M43)
5:42:55 342 233 / 44 M40-44
5:26:25
 "
343,MIDD=1195151114,Chickamauga Battlefield Marathon,"Chickamauga, GA USA","November 14, 2015","Stephen Kerley (M47)
5:43:08 343 234 / 48 M45-49
5:15:36
 "
344,MIDD=1195151114,Chickamauga Battlefield Marathon,"Chickamauga, GA USA","November 14, 2015","David Meece (M44)
5:47:46 344 235 / 45 M40-44
5:28:15
 "
345,MIDD=1195151114,Chickamauga Battlefield Marathon,"Chickamauga, GA USA","November 14, 2015","Jennifer Meece (F40)
5:47:47 345 110 / 26 F40-44
5:31:17
 "
346,MIDD=1195151114,Chickamauga Battlefield Marathon,"Chickamauga, GA USA","November 14, 2015","Tony Branam (M58)
5:49:20 346 236 / 15 M55-59
4:50:30
 "
347,MIDD=1195151114,Chickamauga Battlefield Marathon,"Chickamauga, GA USA","November 14, 2015","Mike Dunn (M76)
5:50:38 347 237 / 4 M70-99
3:57:14
 "
348,MIDD=1195151114,Chickamauga Battlefield Marathon,"Chickamauga, GA USA","November 14, 2015","Karen Thompson (F39)
5:51:19 348 111 / 12 F35-39
5:37:32
 "
349,MIDD=1195151114,Chickamauga Battlefield Marathon,"Chickamauga, GA USA","November 14, 2015","Michael Chase (M65)
5:51:21 349 238 / 9 M65-69
4:32:26
 "
350,MIDD=1195151114,Chickamauga Battlefield Marathon,"Chickamauga, GA USA","November 14, 2015","Morgan Bottoms (M53)
5:51:33 350 239 / 31 M50-54
5:06:26
 "
351,MIDD=1195151114,Chickamauga Battlefield Marathon,"Chickamauga, GA USA","November 14, 2015","Charles Richardson (M59)
5:52:53 351 240 / 16 M55-59
4:50:38
 "
352,MIDD=1195151114,Chickamauga Battlefield Marathon,"Chickamauga, GA USA","November 14, 2015","Rex Wilson (M64)
5:53:00 352 241 / 14 M60-64
4:36:34
 "
353,MIDD=1195151114,Chickamauga Battlefield Marathon,"Chickamauga, GA USA","November 14, 2015","Peter Endryck (M60)
5:55:40 353 242 / 15 M60-64
4:50:02
 "
354,MIDD=1195151114,Chickamauga Battlefield Marathon,"Chickamauga, GA USA","November 14, 2015","Rebecca Keever (F53)
5:56:24 354 112 / 11 F50-54
4:50:10
 "
355,MIDD=1195151114,Chickamauga Battlefield Marathon,"Chickamauga, GA USA","November 14, 2015","Brian Miller (M42)
5:57:27 355 243 / 46 M40-44
5:43:06
 "
356,MIDD=1195151114,Chickamauga Battlefield Marathon,"Chickamauga, GA USA","November 14, 2015","Jay Jordan (M48)
5:59:32 356 244 / 49 M45-49
5:27:49
 "
357,MIDD=1195151114,Chickamauga Battlefield Marathon,"Chickamauga, GA USA","November 14, 2015","Scott Baker (M50)
5:59:32 357 245 / 32 M50-54
5:22:02
 "
358,MIDD=1195151114,Chickamauga Battlefield Marathon,"Chickamauga, GA USA","November 14, 2015","Tiffany Clark (F41)
5:59:32 358 113 / 27 F40-44
5:39:13
 "
359,MIDD=1195151114,Chickamauga Battlefield Marathon,"Chickamauga, GA USA","November 14, 2015","Jonathan Daisey (M39)
6:00:07 359 246 / 33 M35-39
5:54:21
 "
360,MIDD=1195151114,Chickamauga Battlefield Marathon,"Chickamauga, GA USA","November 14, 2015","Angela Onate (F34)
6:02:21 360 114 / 21 F30-34
5:58:47
 "
361,MIDD=1195151114,Chickamauga Battlefield Marathon,"Chickamauga, GA USA","November 14, 2015","Mark Regensburger (M43)
6:07:45 361 247 / 47 M40-44
5:50:03
 "
362,MIDD=1195151114,Chickamauga Battlefield Marathon,"Chickamauga, GA USA","November 14, 2015","Phyllis Sizemore (F69)
6:11:37 362 115 / 1 F65-69
3:53:40
 "
363,MIDD=1195151114,Chickamauga Battlefield Marathon,"Chickamauga, GA USA","November 14, 2015","Bonnie Wassin (F71)
6:12:48 363 116 / 1 F70-99
3:44:27
 "
364,MIDD=1195151114,Chickamauga Battlefield Marathon,"Chickamauga, GA USA","November 14, 2015","Jenni Feld (F39)
6:14:49 364 117 / 13 F35-39
6:00:07
 "
365,MIDD=1195151114,Chickamauga Battlefield Marathon,"Chickamauga, GA USA","November 14, 2015","Stephen Samsel (M36)
6:23:15 365 248 / 34 M35-39
6:22:52
 "
366,MIDD=1195151114,Chickamauga Battlefield Marathon,"Chickamauga, GA USA","November 14, 2015","Brian Smith (M43)
6:23:15 366 249 / 48 M40-44
6:04:48
 "
367,MIDD=1195151114,Chickamauga Battlefield Marathon,"Chickamauga, GA USA","November 14, 2015","Dawn Baker (F49)
6:23:59 367 118 / 17 F45-49
5:29:22
 "
368,MIDD=1195151114,Chickamauga Battlefield Marathon,"Chickamauga, GA USA","November 14, 2015","John Boswell (M58)
6:24:39 368 250 / 17 M55-59
5:19:52
 "
369,MIDD=1195151114,Chickamauga Battlefield Marathon,"Chickamauga, GA USA","November 14, 2015","Jennifer Truelove (F33)
6:31:36 369 119 / 22 F30-34
6:29:07
 "
370,MIDD=1195151114,Chickamauga Battlefield Marathon,"Chickamauga, GA USA","November 14, 2015","James Lamkin (M62)
6:39:06 370 251 / 16 M60-64
5:19:04
 "
371,MIDD=1195151114,Chickamauga Battlefield Marathon,"Chickamauga, GA USA","November 14, 2015","Miranda Thomason (F40)
6:39:15 371 120 / 28 F40-44
6:20:19
 "
372,MIDD=1195151114,Chickamauga Battlefield Marathon,"Chickamauga, GA USA","November 14, 2015","Armand Kramedjian (M71)
6:48:02 372 252 / 5 M70-99
4:56:43
 "
373,MIDD=1195151114,Chickamauga Battlefield Marathon,"Chickamauga, GA USA","November 14, 2015","Amanda Lawrence (F43)
6:51:13 373 121 / 29 F40-44
6:19:38
 "
