,race_id,race,location,date,runners
0,MIDD=5572151107,Marathon on the Mountain,"Seven Springs, PA USA","November 7, 2015","

Have you run this race?Then tell us about it.

Last Name, First Name(Sex/Age)
Time OverAllPlace
Sex Place/Div Place
DIV Net Time 
City, State, Country AG Time*"
1,MIDD=5572151107,Marathon on the Mountain,"Seven Springs, PA USA","November 7, 2015","Derek Clark (M35)
3:22:14 1 1 / 1 Mopen
3:22:12
Mt. Morris, PA, USA
3:22:12"
2,MIDD=5572151107,Marathon on the Mountain,"Seven Springs, PA USA","November 7, 2015","Phillip Zelnar (M34)
3:27:29 2 2 / 2 Mopen
3:27:28
Washington, DC, USA
3:27:28"
3,MIDD=5572151107,Marathon on the Mountain,"Seven Springs, PA USA","November 7, 2015","Andrew Franze (M25)
3:40:07 3 3 / 3 Mopen
3:40:05
Pittsburgh, PA, USA
3:40:05"
4,MIDD=5572151107,Marathon on the Mountain,"Seven Springs, PA USA","November 7, 2015","Jeffrey Gibson (M53)
3:47:45 4 4 / 1 M50-59
3:47:45
Sunbury, OH, USA
3:18:31"
5,MIDD=5572151107,Marathon on the Mountain,"Seven Springs, PA USA","November 7, 2015","Jonathan Jiancristoforo (M40)
3:58:01 5 5 / 1 M40-49
3:57:57
Irwin, PA, USA
3:52:12"
6,MIDD=5572151107,Marathon on the Mountain,"Seven Springs, PA USA","November 7, 2015","Emily Parker (F27)
4:07:28 6 1 / 1 Fopen
4:07:07
Pittsburgh, PA, USA
4:07:07"
7,MIDD=5572151107,Marathon on the Mountain,"Seven Springs, PA USA","November 7, 2015","Jason Kushner (M44)
4:10:06 7 6 / 2 M40-49
4:10:01
Pittsburgh, PA, USA
3:55:59"
8,MIDD=5572151107,Marathon on the Mountain,"Seven Springs, PA USA","November 7, 2015","Jerry Felton (M52)
4:12:13 8 7 / 2 M50-59
4:12:11
Greensburg, PA, USA
3:41:50"
9,MIDD=5572151107,Marathon on the Mountain,"Seven Springs, PA USA","November 7, 2015","Brandon Jenkins (M21)
4:14:57 9 8 / 1 M20-29
4:14:24
North Huntingdon, PA, USA
4:13:15"
10,MIDD=5572151107,Marathon on the Mountain,"Seven Springs, PA USA","November 7, 2015","Sean Walker (M45)
4:14:46 10 9 / 3 M40-49
4:14:42
Bellefonte, PA, USA
3:58:20"
11,MIDD=5572151107,Marathon on the Mountain,"Seven Springs, PA USA","November 7, 2015","Dan Patterson (M43)
4:25:32 11 10 / 4 M40-49
4:25:05
Zanesville, OH, USA
4:12:19"
12,MIDD=5572151107,Marathon on the Mountain,"Seven Springs, PA USA","November 7, 2015","Bj Marraccini (M39)
4:26:41 12 11 / 1 M30-39
4:26:37
Superior, CO, USA
4:22:21"
13,MIDD=5572151107,Marathon on the Mountain,"Seven Springs, PA USA","November 7, 2015","Lauren Beiter (F35)
4:35:27 13 2 / 2 Fopen
4:35:20
Uniontown, PA, USA
4:31:27"
14,MIDD=5572151107,Marathon on the Mountain,"Seven Springs, PA USA","November 7, 2015","Kelly Ulm (M46)
4:37:18 14 12 / 5 M40-49
4:37:15
Greenock, PA, USA
4:17:13"
15,MIDD=5572151107,Marathon on the Mountain,"Seven Springs, PA USA","November 7, 2015","J W. Denis (M20)
4:41:41 15 13 / 2 M20-29
4:41:32
Irwin, PA, USA
4:38:00"
16,MIDD=5572151107,Marathon on the Mountain,"Seven Springs, PA USA","November 7, 2015","Brett Basham (M38)
4:43:12 16 14 / 2 M30-39
4:42:52
Shepherdstown, WV, USA
4:40:19"
17,MIDD=5572151107,Marathon on the Mountain,"Seven Springs, PA USA","November 7, 2015","Anthony Monahan (M43)
4:43:28 17 15 / 6 M40-49
4:43:04
Pittsburgh, PA, USA
4:29:27"
18,MIDD=5572151107,Marathon on the Mountain,"Seven Springs, PA USA","November 7, 2015","Julie Opferman (F41)
4:43:33 18 3 / 3 Fopen
4:43:25
White Oak, PA, USA
4:27:24"
19,MIDD=5572151107,Marathon on the Mountain,"Seven Springs, PA USA","November 7, 2015","Chris Pabian (M39)
4:44:53 19 16 / 3 M30-39
4:44:32
Turtle Creek, PA, USA
4:39:58"
20,MIDD=5572151107,Marathon on the Mountain,"Seven Springs, PA USA","November 7, 2015","Brie Hashem (F28)
4:47:36 20 4 / 1 F20-29
4:46:30
Avondale, PA, USA
4:46:30"
21,MIDD=5572151107,Marathon on the Mountain,"Seven Springs, PA USA","November 7, 2015","Brian Gardner (M36)
4:49:22 21 17 / 4 M30-39
4:49:07
Greensburg, PA, USA
4:48:49"
22,MIDD=5572151107,Marathon on the Mountain,"Seven Springs, PA USA","November 7, 2015","Vivian Tang (F29)
4:51:51 22 5 / 2 F20-29
4:50:59
Pittsburgh, PA, USA
4:50:59"
23,MIDD=5572151107,Marathon on the Mountain,"Seven Springs, PA USA","November 7, 2015","Mary Kitzig (F58)
4:53:15 23 6 / 1 F50-59
4:52:45
Zanesville, OH, USA
3:42:24"
24,MIDD=5572151107,Marathon on the Mountain,"Seven Springs, PA USA","November 7, 2015","Blake Chunko (M29)
4:54:00 24 18 / 3 M20-29
4:53:09
Pittsburgh, PA, USA
4:53:09"
25,MIDD=5572151107,Marathon on the Mountain,"Seven Springs, PA USA","November 7, 2015","Alyssum Skjeie (F29)
4:54:00 25 7 / 3 F20-29
4:53:10
Pittsburgh, PA, USA
4:53:10"
26,MIDD=5572151107,Marathon on the Mountain,"Seven Springs, PA USA","November 7, 2015","Marie Bartoletti (F58)
4:58:18 26 8 / 2 F50-59
4:57:55
Bethel Park, PA, USA
3:46:19"
27,MIDD=5572151107,Marathon on the Mountain,"Seven Springs, PA USA","November 7, 2015","Elizabeth Sichi (F35)
4:58:18 27 9 / 1 F30-29
4:58:16
McMurray, PA, USA
4:54:03"
28,MIDD=5572151107,Marathon on the Mountain,"Seven Springs, PA USA","November 7, 2015","Ravi Chedalavada (M54)
5:01:02 28 19 / 3 M50-59
5:00:46
Gaithersburg, MD, USA
4:19:46"
29,MIDD=5572151107,Marathon on the Mountain,"Seven Springs, PA USA","November 7, 2015","Joe Zern (M62)
5:05:17 29 20 / 1 M60-69
5:04:04
Manheim, PA, USA
4:03:06"
30,MIDD=5572151107,Marathon on the Mountain,"Seven Springs, PA USA","November 7, 2015","Colin Ohanlon (M25)
5:08:33 30 21 / 4 M20-29
5:08:16
Pittsburgh, PA, USA
5:08:16"
31,MIDD=5572151107,Marathon on the Mountain,"Seven Springs, PA USA","November 7, 2015","Jess Conrad (F31)
5:10:49 31 10 / 2 F30-29
5:10:15
Palmyra, PA, USA
5:09:45"
32,MIDD=5572151107,Marathon on the Mountain,"Seven Springs, PA USA","November 7, 2015","Shelly Stillwagon (F34)
5:10:49 32 11 / 3 F30-29
5:10:15
Manheim, PA, USA
5:07:12"
33,MIDD=5572151107,Marathon on the Mountain,"Seven Springs, PA USA","November 7, 2015","Zachary Zimbler (M25)
5:17:20 33 22 / 5 M20-29
5:16:28
Pennsylvania Furn, PA, USA
5:16:28"
34,MIDD=5572151107,Marathon on the Mountain,"Seven Springs, PA USA","November 7, 2015","Austin Erhardt (M20)
5:21:00 34 23 / 6 M20-29
5:20:39
Poland, OH, USA
5:16:38"
35,MIDD=5572151107,Marathon on the Mountain,"Seven Springs, PA USA","November 7, 2015","Aaron Stanley (M33)
5:23:44 35 24 / 5 M30-39
5:22:15
Pittsburgh, PA, USA
5:22:15"
36,MIDD=5572151107,Marathon on the Mountain,"Seven Springs, PA USA","November 7, 2015","Scott Prontiker (M44)
5:28:41 36 25 / 7 M40-49
5:27:37
McKeesport, PA, USA
5:09:14"
37,MIDD=5572151107,Marathon on the Mountain,"Seven Springs, PA USA","November 7, 2015","Mark Onofrey (M42)
5:28:43 37 26 / 8 M40-49
5:28:34
McKeesport, PA, USA
5:15:23"
38,MIDD=5572151107,Marathon on the Mountain,"Seven Springs, PA USA","November 7, 2015","Shelby Lew (F34)
5:33:40 38 12 / 4 F30-29
5:32:57
Delmont, PA, USA
5:29:41"
39,MIDD=5572151107,Marathon on the Mountain,"Seven Springs, PA USA","November 7, 2015","Jill Bellush (F47)
5:44:40 39 13 / 1 F40-49
5:43:38
Jeannette, PA, USA
5:02:15"
40,MIDD=5572151107,Marathon on the Mountain,"Seven Springs, PA USA","November 7, 2015","Rachel Kurdziel (F37)
5:45:34 40 14 / 5 F30-29
5:44:32
Jeannette, PA, USA
5:35:53"
41,MIDD=5572151107,Marathon on the Mountain,"Seven Springs, PA USA","November 7, 2015","David Ebersole (M46)
5:50:42 41 27 / 9 M40-49
5:49:22
Zelienople, PA, USA
5:24:08"
42,MIDD=5572151107,Marathon on the Mountain,"Seven Springs, PA USA","November 7, 2015","Jason Bracher-Musty (M44)
5:53:36 42 28 / 10 M40-49
5:53:02
Wheeling, WV, USA
5:33:13"
43,MIDD=5572151107,Marathon on the Mountain,"Seven Springs, PA USA","November 7, 2015","Tucker Nuetzel (M25)
6:02:38 43 29 / 7 M20-29
6:01:29
Beaver Falls, PA, USA
6:01:29"
44,MIDD=5572151107,Marathon on the Mountain,"Seven Springs, PA USA","November 7, 2015","Briana Schatzel (F26)
6:02:39 44 15 / 4 F20-29
6:01:30
Pittsburgh, PA, USA
6:01:30"
45,MIDD=5572151107,Marathon on the Mountain,"Seven Springs, PA USA","November 7, 2015","Sarah Colligan (F40)
6:03:53 45 16 / 2 F40-49
6:03:11
Trafford, PA, USA
5:45:58"
46,MIDD=5572151107,Marathon on the Mountain,"Seven Springs, PA USA","November 7, 2015","Alison Steele (F31)
6:14:47 46 17 / 6 F30-29
6:14:40
Pittsburgh, PA, USA
6:14:04"
47,MIDD=5572151107,Marathon on the Mountain,"Seven Springs, PA USA","November 7, 2015","Kate Simbeck (F42)
6:28:21 47 18 / 3 F40-49
6:27:35
Dubois, PA, USA
6:01:53"
48,MIDD=5572151107,Marathon on the Mountain,"Seven Springs, PA USA","November 7, 2015","Shelley Muth (F42)
6:28:21 48 19 / 4 F40-49
6:27:35
Dubois, PA, USA
6:01:53"
49,MIDD=5572151107,Marathon on the Mountain,"Seven Springs, PA USA","November 7, 2015","Lisa Cerullo (F59)
6:29:19 49 20 / 3 F50-59
6:28:19
Chester Springs, PA, USA
4:50:46"
50,MIDD=5572151107,Marathon on the Mountain,"Seven Springs, PA USA","November 7, 2015","Lynn Whitaker (F50)
6:30:45 50 21 / 4 F50-59
6:29:46
Downingtown, PA, USA
5:30:05"
51,MIDD=5572151107,Marathon on the Mountain,"Seven Springs, PA USA","November 7, 2015","Samantha Morra (F22)
6:35:03 51 23 / 5 F20-29
6:34:38
Burgettstown, PA, USA
6:34:38"
52,MIDD=5572151107,Marathon on the Mountain,"Seven Springs, PA USA","November 7, 2015","Ashlie Maxwell (F28)
6:35:04 52 22 / 6 F20-29
6:34:38
Burgettstown, PA, USA
6:34:38"
53,MIDD=5572151107,Marathon on the Mountain,"Seven Springs, PA USA","November 7, 2015","Ellen Rohr (F56)
6:36:06 53 24 / 5 F50-59
6:35:08
Rogersville, MO, USA
5:08:47"
54,MIDD=5572151107,Marathon on the Mountain,"Seven Springs, PA USA","November 7, 2015","Ralph Provance (M40)
6:37:18 54 30 / 11 M40-49
6:36:48
Connellsville, PA, USA
6:27:14"
55,MIDD=5572151107,Marathon on the Mountain,"Seven Springs, PA USA","November 7, 2015","Elizabeth Poland (F28)
6:37:18 55 25 / 7 F20-29
6:36:49
Bridgeport, OH, USA
6:36:49"
56,MIDD=5572151107,Marathon on the Mountain,"Seven Springs, PA USA","November 7, 2015","Wesley Robinette (M39)
6:53:58 56 31 / 6 M30-39
6:53:40
Oakland, MD, USA
6:47:02"
