,race_id,race,location,date,runners
0,MIDD=2494151231,Last Chance Marathon,"Bellingham, WA USA","December 31, 2015","

Have you run this race?Then tell us about it.

Last Name, First Name(Sex/Age)
Time OverAllPlace
Sex Place
AG Time*"
1,MIDD=2494151231,Last Chance Marathon,"Bellingham, WA USA","December 31, 2015","Daniel Griffin (M29)
3:27:01 1 1
3:27:01"
2,MIDD=2494151231,Last Chance Marathon,"Bellingham, WA USA","December 31, 2015","Joe Jankelson (M41)
3:29:15 2 2
3:22:31"
3,MIDD=2494151231,Last Chance Marathon,"Bellingham, WA USA","December 31, 2015","Steve Walters (M35)
3:35:59 3 3
3:35:59"
4,MIDD=2494151231,Last Chance Marathon,"Bellingham, WA USA","December 31, 2015","Kevin Pinneo (M28)
3:42:52 4 4
3:42:52"
5,MIDD=2494151231,Last Chance Marathon,"Bellingham, WA USA","December 31, 2015","David Cole (M39)
3:45:16 5 5
3:41:39"
6,MIDD=2494151231,Last Chance Marathon,"Bellingham, WA USA","December 31, 2015","Erik Halvorson (M35)
3:51:14 6 6
3:51:14"
7,MIDD=2494151231,Last Chance Marathon,"Bellingham, WA USA","December 31, 2015","David Crerar (M46)
3:58:35 7 7
3:41:21"
8,MIDD=2494151231,Last Chance Marathon,"Bellingham, WA USA","December 31, 2015","Van Phan (F44)
3:59:46 8 1
3:38:44"
9,MIDD=2494151231,Last Chance Marathon,"Bellingham, WA USA","December 31, 2015","Melissa Brandon-Doerge (F45)
4:02:55 9 2
3:38:57"
10,MIDD=2494151231,Last Chance Marathon,"Bellingham, WA USA","December 31, 2015","Vicki Russell (F50)
4:05:56 10 3
3:28:16"
11,MIDD=2494151231,Last Chance Marathon,"Bellingham, WA USA","December 31, 2015","Andrew Ryan (M22)
4:07:45 11 8
4:07:37"
12,MIDD=2494151231,Last Chance Marathon,"Bellingham, WA USA","December 31, 2015","Bob Marvel (M52)
4:08:53 12 9
3:38:56"
13,MIDD=2494151231,Last Chance Marathon,"Bellingham, WA USA","December 31, 2015","Matthew Venable (M37)
4:09:21 13 10
4:08:21"
14,MIDD=2494151231,Last Chance Marathon,"Bellingham, WA USA","December 31, 2015","Don Wright (M57)
4:12:32 14 11
3:32:01"
15,MIDD=2494151231,Last Chance Marathon,"Bellingham, WA USA","December 31, 2015","Tim Meyer (M41)
4:14:47 15 12
4:06:36"
16,MIDD=2494151231,Last Chance Marathon,"Bellingham, WA USA","December 31, 2015","Jess Mullen (F40)
4:16:50 16 4
4:04:39"
17,MIDD=2494151231,Last Chance Marathon,"Bellingham, WA USA","December 31, 2015","Sarah Waugh (F29)
4:21:05 17 5
4:21:05"
18,MIDD=2494151231,Last Chance Marathon,"Bellingham, WA USA","December 31, 2015","Margaret Barrett (F56)
4:23:58 18 6
3:26:17"
19,MIDD=2494151231,Last Chance Marathon,"Bellingham, WA USA","December 31, 2015","Craig Soper (M64)
4:28:13 19 13
3:30:08"
20,MIDD=2494151231,Last Chance Marathon,"Bellingham, WA USA","December 31, 2015","Sarah Moore (F33)
4:30:14 20 7
4:28:31"
21,MIDD=2494151231,Last Chance Marathon,"Bellingham, WA USA","December 31, 2015","Edie-Marie Roper (F30)
4:31:17 21 8
4:31:10"
22,MIDD=2494151231,Last Chance Marathon,"Bellingham, WA USA","December 31, 2015","Sapphire Chen (F51)
4:32:26 22 9
3:47:45"
23,MIDD=2494151231,Last Chance Marathon,"Bellingham, WA USA","December 31, 2015","David Ryder (M31)
4:33:56 23 14
4:33:56"
24,MIDD=2494151231,Last Chance Marathon,"Bellingham, WA USA","December 31, 2015","Erin Earle (F45)
4:35:21 24 10
4:08:12"
25,MIDD=2494151231,Last Chance Marathon,"Bellingham, WA USA","December 31, 2015","Steve Duncan (M47)
4:37:01 25 15
4:14:47"
26,MIDD=2494151231,Last Chance Marathon,"Bellingham, WA USA","December 31, 2015","Nathan Boyack (M41)
4:38:01 26 16
4:29:05"
27,MIDD=2494151231,Last Chance Marathon,"Bellingham, WA USA","December 31, 2015","Tracy Marshall (F51)
4:42:39 27 11
3:56:17"
28,MIDD=2494151231,Last Chance Marathon,"Bellingham, WA USA","December 31, 2015","Trev Dakan (M46)
4:43:50 28 17
4:23:20"
29,MIDD=2494151231,Last Chance Marathon,"Bellingham, WA USA","December 31, 2015","Gerard De Leon (M30)
4:43:53 29 18
4:43:53"
30,MIDD=2494151231,Last Chance Marathon,"Bellingham, WA USA","December 31, 2015","Paul Hoskins (M40)
4:44:13 30 19
4:37:22"
31,MIDD=2494151231,Last Chance Marathon,"Bellingham, WA USA","December 31, 2015","Sabrina Seler (F36)
4:44:25 31 12
4:38:57"
32,MIDD=2494151231,Last Chance Marathon,"Bellingham, WA USA","December 31, 2015","Nick Faber (M17)
4:44:30 32 20
4:29:33"
33,MIDD=2494151231,Last Chance Marathon,"Bellingham, WA USA","December 31, 2015","Melinda Biernacki (F37)
4:45:06 33 13
4:37:56"
34,MIDD=2494151231,Last Chance Marathon,"Bellingham, WA USA","December 31, 2015","Suzanne Nester (F49)
4:45:12 34 14
4:04:38"
35,MIDD=2494151231,Last Chance Marathon,"Bellingham, WA USA","December 31, 2015","Patti Krebsbach (F53)
4:46:28 35 15
3:53:14"
36,MIDD=2494151231,Last Chance Marathon,"Bellingham, WA USA","December 31, 2015","Dan Whitaker (M54)
4:46:29 36 21
4:07:26"
37,MIDD=2494151231,Last Chance Marathon,"Bellingham, WA USA","December 31, 2015","Abby Diess (F18)
4:47:39 37 16
4:42:30"
38,MIDD=2494151231,Last Chance Marathon,"Bellingham, WA USA","December 31, 2015","Camilla Fuller (F19)
4:47:39 38 17
4:45:48"
39,MIDD=2494151231,Last Chance Marathon,"Bellingham, WA USA","December 31, 2015","Anne Johnson (F51)
4:50:34 39 18
4:02:54"
40,MIDD=2494151231,Last Chance Marathon,"Bellingham, WA USA","December 31, 2015","Bobbie Howard (F48)
4:53:53 40 19
4:15:17"
41,MIDD=2494151231,Last Chance Marathon,"Bellingham, WA USA","December 31, 2015","Ellie Boyd (F19)
4:55:41 41 20
4:53:47"
42,MIDD=2494151231,Last Chance Marathon,"Bellingham, WA USA","December 31, 2015","Terri Gray (F47)
5:00:22 42 21
4:24:12"
43,MIDD=2494151231,Last Chance Marathon,"Bellingham, WA USA","December 31, 2015","Larry Lober (M63)
5:00:44 43 22
3:58:01"
44,MIDD=2494151231,Last Chance Marathon,"Bellingham, WA USA","December 31, 2015","Paul Knellwolf (F74)
5:01:12 44 22
2:48:49"
45,MIDD=2494151231,Last Chance Marathon,"Bellingham, WA USA","December 31, 2015","Cindy Tolley (F56)
5:01:12 45 23
3:55:23"
46,MIDD=2494151231,Last Chance Marathon,"Bellingham, WA USA","December 31, 2015","Mark Albonizio (M38)
5:03:24 46 23
5:00:40"
47,MIDD=2494151231,Last Chance Marathon,"Bellingham, WA USA","December 31, 2015","Stan Nakashima (M)
5:04:00 47 24
 "
48,MIDD=2494151231,Last Chance Marathon,"Bellingham, WA USA","December 31, 2015","Bill Ralph (M58)
5:05:52 48 25
4:14:21"
49,MIDD=2494151231,Last Chance Marathon,"Bellingham, WA USA","December 31, 2015","Lars Larson (M51)
5:14:57 49 26
4:39:34"
50,MIDD=2494151231,Last Chance Marathon,"Bellingham, WA USA","December 31, 2015","Jeff Koger (M48)
5:16:00 50 27
4:48:07"
51,MIDD=2494151231,Last Chance Marathon,"Bellingham, WA USA","December 31, 2015","Erika DeRooy (F27)
5:21:08 51 24
5:21:08"
52,MIDD=2494151231,Last Chance Marathon,"Bellingham, WA USA","December 31, 2015","Ann Smith (F47)
5:22:21 52 25
4:43:32"
53,MIDD=2494151231,Last Chance Marathon,"Bellingham, WA USA","December 31, 2015","Stacy Clark (F34)
5:32:42 53 26
5:29:26"
54,MIDD=2494151231,Last Chance Marathon,"Bellingham, WA USA","December 31, 2015","Dale Evans (M63)
5:37:33 54 28
4:27:10"
55,MIDD=2494151231,Last Chance Marathon,"Bellingham, WA USA","December 31, 2015","Georgeta Gruescu (F43)
5:42:35 55 27
5:16:16"
56,MIDD=2494151231,Last Chance Marathon,"Bellingham, WA USA","December 31, 2015","Diane Couch (F55)
5:50:57 56 28
4:38:05"
57,MIDD=2494151231,Last Chance Marathon,"Bellingham, WA USA","December 31, 2015","Christopher Rensch (M45)
5:51:09 57 29
5:28:36"
58,MIDD=2494151231,Last Chance Marathon,"Bellingham, WA USA","December 31, 2015","Pamela Rensch (F43)
5:51:09 58 29
5:24:10"
59,MIDD=2494151231,Last Chance Marathon,"Bellingham, WA USA","December 31, 2015","David England (M60)
5:51:56 59 30
4:47:00"
60,MIDD=2494151231,Last Chance Marathon,"Bellingham, WA USA","December 31, 2015","Joshua Bergseng (M31)
5:59:55 60 31
5:59:55"
61,MIDD=2494151231,Last Chance Marathon,"Bellingham, WA USA","December 31, 2015","Heidi Cardoza (F47)
6:02:45 61 30
5:19:04"
62,MIDD=2494151231,Last Chance Marathon,"Bellingham, WA USA","December 31, 2015","Monte Pascual (M55)
6:02:46 62 32
5:10:22"
63,MIDD=2494151231,Last Chance Marathon,"Bellingham, WA USA","December 31, 2015","Lois Peterson (F59)
6:09:18 63 31
4:36:31"
64,MIDD=2494151231,Last Chance Marathon,"Bellingham, WA USA","December 31, 2015","Sharon Evans (F64)
6:12:57 64 32
4:17:53"
65,MIDD=2494151231,Last Chance Marathon,"Bellingham, WA USA","December 31, 2015","Carole Williams (F58)
6:25:18 65 33
4:52:42"
66,MIDD=2494151231,Last Chance Marathon,"Bellingham, WA USA","December 31, 2015","Thomas Williams (M54)
6:25:19 66 33
5:32:47"
67,MIDD=2494151231,Last Chance Marathon,"Bellingham, WA USA","December 31, 2015","Janice Northrup (F51)
6:29:02 67 34
5:25:13"
68,MIDD=2494151231,Last Chance Marathon,"Bellingham, WA USA","December 31, 2015","Rick Haase (M70)
7:27:32 68 34
5:29:04"
69,MIDD=2494151231,Last Chance Marathon,"Bellingham, WA USA","December 31, 2015","Cyndie Merten (F59)
7:27:32 69 35
5:35:06"
