,race_id,race,location,date,runners
0,MIDD=1255151206,Run Barbados Marathon Weekend,"Bridgetown, Barbados","December 6, 2015","

Have you run this race?Then tell us about it.

Last Name, First Name(Sex/Age)
Time OverAllPlace
Sex Place
AG Time* BQ*"
1,MIDD=1255151206,Run Barbados Marathon Weekend,"Bridgetown, Barbados","December 6, 2015","Cox Curtis (M47)
2:45:44 1 1
2:32:27
BQ"
2,MIDD=1255151206,Run Barbados Marathon Weekend,"Bridgetown, Barbados","December 6, 2015","Neil Stewart (M45)
3:11:46 2 2
2:59:27
BQ"
3,MIDD=1255151206,Run Barbados Marathon Weekend,"Bridgetown, Barbados","December 6, 2015","Chalk Amy (F44)
3:12:46 3 1
2:55:52
BQ"
4,MIDD=1255151206,Run Barbados Marathon Weekend,"Bridgetown, Barbados","December 6, 2015","Josiah Orin (M55)
3:33:53 4 3
3:03:00
BQ"
5,MIDD=1255151206,Run Barbados Marathon Weekend,"Bridgetown, Barbados","December 6, 2015","Combo Naim (M35)
3:37:40 5 4
3:37:40
 "
6,MIDD=1255151206,Run Barbados Marathon Weekend,"Bridgetown, Barbados","December 6, 2015","Matyazic Mark (M51)
3:39:14 6 5
3:14:37
 "
7,MIDD=1255151206,Run Barbados Marathon Weekend,"Bridgetown, Barbados","December 6, 2015","Williams Sarah (F46)
3:44:43 7 2
3:20:07
BQ"
8,MIDD=1255151206,Run Barbados Marathon Weekend,"Bridgetown, Barbados","December 6, 2015","Goff Kim (F58)
3:45:49 8 3
2:51:33
BQ"
9,MIDD=1255151206,Run Barbados Marathon Weekend,"Bridgetown, Barbados","December 6, 2015","Marshall Paul (M44)
3:47:54 9 6
3:35:07
 "
10,MIDD=1255151206,Run Barbados Marathon Weekend,"Bridgetown, Barbados","December 6, 2015","Hunte Marlo (F39)
3:50:16 10 4
3:41:15
 "
11,MIDD=1255151206,Run Barbados Marathon Weekend,"Bridgetown, Barbados","December 6, 2015","Schurger Melissa (F32)
3:55:56 11 5
3:55:07
 "
12,MIDD=1255151206,Run Barbados Marathon Weekend,"Bridgetown, Barbados","December 6, 2015","Clarke Joseph (M54)
4:01:33 12 7
3:28:37
 "
13,MIDD=1255151206,Run Barbados Marathon Weekend,"Bridgetown, Barbados","December 6, 2015","Cripwell Adam (M33)
4:08:02 13 8
4:08:02
 "
14,MIDD=1255151206,Run Barbados Marathon Weekend,"Bridgetown, Barbados","December 6, 2015","Smith Allie (F29)
4:10:47 14 6
4:10:47
 "
15,MIDD=1255151206,Run Barbados Marathon Weekend,"Bridgetown, Barbados","December 6, 2015","Taylor Patrick (M63)
4:13:56 15 9
3:20:59
 "
16,MIDD=1255151206,Run Barbados Marathon Weekend,"Bridgetown, Barbados","December 6, 2015","Gavriani Paul (M48)
4:21:44 16 10
3:58:39
 "
17,MIDD=1255151206,Run Barbados Marathon Weekend,"Bridgetown, Barbados","December 6, 2015","Procope Andre (M50)
4:37:12 17 11
4:08:17
 "
18,MIDD=1255151206,Run Barbados Marathon Weekend,"Bridgetown, Barbados","December 6, 2015","Shallow Wendy (F48)
4:41:28 18 7
4:04:31
 "
19,MIDD=1255151206,Run Barbados Marathon Weekend,"Bridgetown, Barbados","December 6, 2015","Cadogan Andre (M43)
4:41:30 19 12
4:27:57
 "
20,MIDD=1255151206,Run Barbados Marathon Weekend,"Bridgetown, Barbados","December 6, 2015","Zyrek Andrew (M47)
4:44:24 20 13
4:21:35
 "
21,MIDD=1255151206,Run Barbados Marathon Weekend,"Bridgetown, Barbados","December 6, 2015","Lea Lisa (F47)
4:57:40 21 8
4:21:50
 "
22,MIDD=1255151206,Run Barbados Marathon Weekend,"Bridgetown, Barbados","December 6, 2015","Vance Moseley (M66)
4:59:38 22 14
3:49:56
 "
23,MIDD=1255151206,Run Barbados Marathon Weekend,"Bridgetown, Barbados","December 6, 2015","Martin Oliver (M38)
5:17:24 23 15
5:14:33
 "
24,MIDD=1255151206,Run Barbados Marathon Weekend,"Bridgetown, Barbados","December 6, 2015","Samuel Karen (F55)
5:20:45 24 9
4:14:10
 "
25,MIDD=1255151206,Run Barbados Marathon Weekend,"Bridgetown, Barbados","December 6, 2015","Kennrick Bourne (M48)
5:24:23 25 16
4:55:46
 "
26,MIDD=1255151206,Run Barbados Marathon Weekend,"Bridgetown, Barbados","December 6, 2015","Holder Brad (M32)
5:33:59 26 17
5:33:59
 "
27,MIDD=1255151206,Run Barbados Marathon Weekend,"Bridgetown, Barbados","December 6, 2015","Holder Troy (M38)
5:34:01 27 18
5:31:00
 "
28,MIDD=1255151206,Run Barbados Marathon Weekend,"Bridgetown, Barbados","December 6, 2015","Griffith Carol (F54)
5:46:05 28 10
4:38:00
 "
29,MIDD=1255151206,Run Barbados Marathon Weekend,"Bridgetown, Barbados","December 6, 2015","Zheng Beiyi (F51)
5:52:12 29 11
4:54:27
 "
30,MIDD=1255151206,Run Barbados Marathon Weekend,"Bridgetown, Barbados","December 6, 2015","Wilson David (M57)
6:12:10 30 19
5:12:28
 "
