,race_id,race,location,date,runners
0,MIDD=4896151115,Orlando Marathon,"Orlando, FL USA","November 15, 2015","

Have you run this race?Then tell us about it.

Last Name, First Name(Sex/Age)
Time OverAllPlace
Sex Place

City, State, Country AG Time*"
1,MIDD=4896151115,Orlando Marathon,"Orlando, FL USA","November 15, 2015","Laura Fales (F38)
3:47:47 1 1 Maitland, FL, USA
3:40:32"
2,MIDD=4896151115,Orlando Marathon,"Orlando, FL USA","November 15, 2015","James McCam (M63)
4:10:28 2 1 Orlando, FL, USA
3:18:15"
3,MIDD=4896151115,Orlando Marathon,"Orlando, FL USA","November 15, 2015","Edward Dullmeyer (M50)
4:26:20 3 2 Winter Park, FL, USA
3:58:33"
4,MIDD=4896151115,Orlando Marathon,"Orlando, FL USA","November 15, 2015","Atlee Burpee (M58)
4:31:49 4 3 Conshohocken, PA, USA
3:46:02"
5,MIDD=4896151115,Orlando Marathon,"Orlando, FL USA","November 15, 2015","Seth Elsheimer (M)
4:41:31 5 4 FL, USA
 "
6,MIDD=4896151115,Orlando Marathon,"Orlando, FL USA","November 15, 2015","Frank Long (M44)
4:51:14 6 5 Winter Springs, FL, USA
4:34:54"
7,MIDD=4896151115,Orlando Marathon,"Orlando, FL USA","November 15, 2015","Amy Fedock (F35)
4:57:29 7 2 Orlando, FL, USA
4:53:17"
8,MIDD=4896151115,Orlando Marathon,"Orlando, FL USA","November 15, 2015","Patricia Bowen-Painter (F51)
5:09:53 8 3 Orlando, FL, USA
4:19:04"
9,MIDD=4896151115,Orlando Marathon,"Orlando, FL USA","November 15, 2015","Emily Esterly (F31)
5:29:29 9 4 Cleveland, OH, USA
5:28:57"
10,MIDD=4896151115,Orlando Marathon,"Orlando, FL USA","November 15, 2015","Joseph Prudhomme (M48)
5:30:32 10 6 Miami Springs, FL, USA
5:01:23"
11,MIDD=4896151115,Orlando Marathon,"Orlando, FL USA","November 15, 2015","David Lippert (M44)
5:34:52 11 7 Orlando, FL, USA
5:16:05"
12,MIDD=4896151115,Orlando Marathon,"Orlando, FL USA","November 15, 2015","Giles Williams (M71)
6:06:12 12 8 Orlando, FL, USA
4:26:18"
13,MIDD=4896151115,Orlando Marathon,"Orlando, FL USA","November 15, 2015","Alex Coury (M68)
6:07:45 13 9 Davie, FL, USA
4:36:19"
14,MIDD=4896151115,Orlando Marathon,"Orlando, FL USA","November 15, 2015","Ricardo Miro (M53)
6:08:44 14 10 Apopka, FL, USA
5:21:25"
15,MIDD=4896151115,Orlando Marathon,"Orlando, FL USA","November 15, 2015","Georgette Varela (F30)
6:10:54 15 5 Orlando, FL, USA
6:10:45"
16,MIDD=4896151115,Orlando Marathon,"Orlando, FL USA","November 15, 2015","Heather Cawley (F35)
6:18:34 16 6 Tampa, FL, USA
6:13:13"
17,MIDD=4896151115,Orlando Marathon,"Orlando, FL USA","November 15, 2015","Bettie Wailes (F71)
6:29:11 17 7 Winter Park, FL, USA
3:54:19"
