,race_id,race,location,date,runners
0,MIDD=4780151220,Hawk Indoor Marathon,"Arlington, VA USA","December 20, 2015","

Have you run this race?Then tell us about it.

Last Name, First Name(Sex/Age)
Time OverAllPlace
Sex Place
BQ*"
1,MIDD=4780151220,Hawk Indoor Marathon,"Arlington, VA USA","December 20, 2015","Michael Wardian (M)
2:37:59 1 1
BQ"
2,MIDD=4780151220,Hawk Indoor Marathon,"Arlington, VA USA","December 20, 2015","MILES AITKEN (M)
2:50:06 2 2
BQ"
3,MIDD=4780151220,Hawk Indoor Marathon,"Arlington, VA USA","December 20, 2015","STEPHEN VARNEY (M)
3:09:01 3 3
 "
4,MIDD=4780151220,Hawk Indoor Marathon,"Arlington, VA USA","December 20, 2015","MATTHEW PERKINS (M)
3:25:43 4 4
 "
5,MIDD=4780151220,Hawk Indoor Marathon,"Arlington, VA USA","December 20, 2015","WILLIAM BAILEY (M)
3:36:19 5 5
 "
6,MIDD=4780151220,Hawk Indoor Marathon,"Arlington, VA USA","December 20, 2015","TOMASZ TRZASKA (M)
3:36:23 6 6
 "
7,MIDD=4780151220,Hawk Indoor Marathon,"Arlington, VA USA","December 20, 2015","JOE GUILYARD (M)
3:45:21 7 7
 "
8,MIDD=4780151220,Hawk Indoor Marathon,"Arlington, VA USA","December 20, 2015","MICHAEL PULLEY (M)
3:51:57 8 8
 "
9,MIDD=4780151220,Hawk Indoor Marathon,"Arlington, VA USA","December 20, 2015","GEOFFREY MASON (M)
3:56:13 9 9
 "
10,MIDD=4780151220,Hawk Indoor Marathon,"Arlington, VA USA","December 20, 2015","ALICE LOUGHRAN (F)
4:06:52 10 1
 "
11,MIDD=4780151220,Hawk Indoor Marathon,"Arlington, VA USA","December 20, 2015","David Pinnick (M)
4:07:00 11 10
 "
12,MIDD=4780151220,Hawk Indoor Marathon,"Arlington, VA USA","December 20, 2015","LING DAO (M)
4:16:52 12 11
 "
13,MIDD=4780151220,Hawk Indoor Marathon,"Arlington, VA USA","December 20, 2015","ROBERT BISHTON (M)
4:23:39 13 12
 "
14,MIDD=4780151220,Hawk Indoor Marathon,"Arlington, VA USA","December 20, 2015","DAWN GRAY (F)
4:31:18 14 2
 "
15,MIDD=4780151220,Hawk Indoor Marathon,"Arlington, VA USA","December 20, 2015","TERRI KINDNESS (F)
4:31:20 15 3
 "
16,MIDD=4780151220,Hawk Indoor Marathon,"Arlington, VA USA","December 20, 2015","WENMIN CHUU (M)
4:32:01 16 13
 "
17,MIDD=4780151220,Hawk Indoor Marathon,"Arlington, VA USA","December 20, 2015","RICHARD HORN (M)
4:38:10 17 14
 "
18,MIDD=4780151220,Hawk Indoor Marathon,"Arlington, VA USA","December 20, 2015","MARTIN JANIS (M)
4:38:11 18 15
 "
19,MIDD=4780151220,Hawk Indoor Marathon,"Arlington, VA USA","December 20, 2015","Jay Wind (M)
4:40:58 19 16
 "
20,MIDD=4780151220,Hawk Indoor Marathon,"Arlington, VA USA","December 20, 2015","JAMILA WILLIAMS (F)
4:52:27 20 4
 "
21,MIDD=4780151220,Hawk Indoor Marathon,"Arlington, VA USA","December 20, 2015","DANIEL CAMPBELL (M)
4:59:14 21 17
 "
22,MIDD=4780151220,Hawk Indoor Marathon,"Arlington, VA USA","December 20, 2015","PAYAM AMIRSAYAFI (M)
5:16:11 22 18
 "
23,MIDD=4780151220,Hawk Indoor Marathon,"Arlington, VA USA","December 20, 2015","CHERYL CRAIN (F)
5:19:11 23 5
 "
24,MIDD=4780151220,Hawk Indoor Marathon,"Arlington, VA USA","December 20, 2015","SEAN CRAIN (M)
5:33:31 24 19
 "
25,MIDD=4780151220,Hawk Indoor Marathon,"Arlington, VA USA","December 20, 2015","JOSH SARATH (M)
5:39:47 25 20
 "
26,MIDD=4780151220,Hawk Indoor Marathon,"Arlington, VA USA","December 20, 2015","PAUL NAGEL (M)
5:56:00 26 21
 "
