,race_id,race,location,date,runners
0,MIDD=5399151115,Dirty South Marathon,"West Monroe, LA USA","November 15, 2015","

Have you run this race?Then tell us about it.

Last Name, First Name(Sex/Age)
Time OverAllPlace
Sex Place/Div Place
DIV 
City, State, Country AG Time* BQ*"
1,MIDD=5399151115,Dirty South Marathon,"West Monroe, LA USA","November 15, 2015","Jeff Chaffin (M)
2:40:58 1 1 /    Houston, TX, USA
 
BQ"
2,MIDD=5399151115,Dirty South Marathon,"West Monroe, LA USA","November 15, 2015","Keri Falk (F)
3:01:06 2 1 /    Kingwood, TX, USA
 
BQ"
3,MIDD=5399151115,Dirty South Marathon,"West Monroe, LA USA","November 15, 2015","Patrick Horne (M33)
3:06:58 3 2 / 1 M30-34 LA, USA
3:06:58
 "
4,MIDD=5399151115,Dirty South Marathon,"West Monroe, LA USA","November 15, 2015","Dan Smith (M41)
3:21:37 4 3 / 1 M40-44  
3:15:09
 "
5,MIDD=5399151115,Dirty South Marathon,"West Monroe, LA USA","November 15, 2015","Daniel Barnes (M32)
3:24:49 5 4 / 2 M30-34  
3:24:49
 "
6,MIDD=5399151115,Dirty South Marathon,"West Monroe, LA USA","November 15, 2015","David Green (M48)
3:25:01 6 5 / 1 M45-49 wm, LA, USA
3:06:56
 "
7,MIDD=5399151115,Dirty South Marathon,"West Monroe, LA USA","November 15, 2015","Dale Heinen (M60)
3:26:41 7 6 / 1 M60-64 Shoreview, MN, USA
2:48:33
BQ"
8,MIDD=5399151115,Dirty South Marathon,"West Monroe, LA USA","November 15, 2015","Tara Talley (F33)
3:34:37 8 2 / 1 F30-34  
3:33:16
BQ"
9,MIDD=5399151115,Dirty South Marathon,"West Monroe, LA USA","November 15, 2015","charles mcadon (M33)
3:36:41 9 7 / 3 M30-34  
3:36:41
 "
10,MIDD=5399151115,Dirty South Marathon,"West Monroe, LA USA","November 15, 2015","Jimmy Snow (M36)
3:37:35 10 8 / 1 M35-39  
3:37:22
 "
11,MIDD=5399151115,Dirty South Marathon,"West Monroe, LA USA","November 15, 2015","Brian Johnson (M33)
3:44:00 11 9 / 4 M30-34 BASTROP, LA, USA
3:44:00
 "
12,MIDD=5399151115,Dirty South Marathon,"West Monroe, LA USA","November 15, 2015","Rich McBride (M34)
3:45:08 12 10 / 5 M30-34 CA, USA
3:45:08
 "
13,MIDD=5399151115,Dirty South Marathon,"West Monroe, LA USA","November 15, 2015","Kelli Worthey (F46)
3:46:31 13 3 / 1 F45-49 Choudrant, LA, USA
3:21:42
BQ"
14,MIDD=5399151115,Dirty South Marathon,"West Monroe, LA USA","November 15, 2015","John Sotomayor (M32)
3:46:58 14 11 / 6 M30-34 Beaumont, TX, USA
3:46:58
 "
15,MIDD=5399151115,Dirty South Marathon,"West Monroe, LA USA","November 15, 2015","Fheadra Hernandez (F47)
3:47:42 15 4 / 2 F45-49  
3:20:17
BQ"
16,MIDD=5399151115,Dirty South Marathon,"West Monroe, LA USA","November 15, 2015","Mandy Nolan (F40)
3:48:14 16 5 / 1 F40-44 West Monroe, LA, USA
3:37:25
 "
17,MIDD=5399151115,Dirty South Marathon,"West Monroe, LA USA","November 15, 2015","Reggie Nolan (M38)
3:48:15 17 12 / 2 M35-39 West Monroe, LA, USA
3:46:12
 "
18,MIDD=5399151115,Dirty South Marathon,"West Monroe, LA USA","November 15, 2015","Abby Domino (F34)
3:49:55 18 6 / 2 F30-34 BASTROP, LA, USA
3:47:40
 "
19,MIDD=5399151115,Dirty South Marathon,"West Monroe, LA USA","November 15, 2015","Brad Tucker (M37)
3:50:11 19 13 / 3 M35-39 WEST MONROE, LA, USA
3:49:16
 "
20,MIDD=5399151115,Dirty South Marathon,"West Monroe, LA USA","November 15, 2015","Amelia McCoy (F23)
3:55:12 20 7 / 1 F20-24 BILOXI, MS, USA
3:55:12
 "
21,MIDD=5399151115,Dirty South Marathon,"West Monroe, LA USA","November 15, 2015","Nick Wilson (M31)
3:55:12 21 14 / 7 M30-34 BILOXI, MS, USA
3:55:12
 "
22,MIDD=5399151115,Dirty South Marathon,"West Monroe, LA USA","November 15, 2015","Connie Kennedy (F50)
3:55:14 22 8 / 1 F50-54 LA, USA
3:19:13
BQ"
23,MIDD=5399151115,Dirty South Marathon,"West Monroe, LA USA","November 15, 2015","Lauren Chance (F29)
3:56:34 23 9 / 1 F25-29 LA, USA
3:56:34
 "
24,MIDD=5399151115,Dirty South Marathon,"West Monroe, LA USA","November 15, 2015","Gregory Roper (M24)
4:01:51 24 15 / 1 M20-24 AUSTIN, TX, USA
4:01:51
 "
25,MIDD=5399151115,Dirty South Marathon,"West Monroe, LA USA","November 15, 2015","Rebecca watts (F38)
4:01:59 25 10 / 1 F35-39 CALHOUN, LA, USA
3:54:17
 "
26,MIDD=5399151115,Dirty South Marathon,"West Monroe, LA USA","November 15, 2015","Philip Lawrence (M53)
4:02:12 26 16 / 1 M50-54 Qutiman, LA, USA
3:31:08
 "
27,MIDD=5399151115,Dirty South Marathon,"West Monroe, LA USA","November 15, 2015","Jonathan Hensley (M33)
4:05:13 27 17 / 8 M30-34 SHREVEPORT, LA, USA
4:05:13
 "
28,MIDD=5399151115,Dirty South Marathon,"West Monroe, LA USA","November 15, 2015","Quindell Wilson (M38)
4:06:12 28 18 / 4 M35-39 MONROE, LA, USA
4:03:59
 "
29,MIDD=5399151115,Dirty South Marathon,"West Monroe, LA USA","November 15, 2015","Shelley sparks (F43)
4:06:12 29 11 / 2 F40-44  
3:47:17
 "
30,MIDD=5399151115,Dirty South Marathon,"West Monroe, LA USA","November 15, 2015","Yolanda Combs (F47)
4:06:49 30 12 / 3 F45-49 Burleson, TX, USA
3:37:06
 "
31,MIDD=5399151115,Dirty South Marathon,"West Monroe, LA USA","November 15, 2015","Brian Burris (M36)
4:08:55 31 19 / 5 M35-39 MONROE, LA, USA
4:08:40
 "
32,MIDD=5399151115,Dirty South Marathon,"West Monroe, LA USA","November 15, 2015","Karl Idzik (M32)
4:09:00 32 20 / 9 M30-34 WEST MONROE, LA, USA
4:09:00
 "
33,MIDD=5399151115,Dirty South Marathon,"West Monroe, LA USA","November 15, 2015","Gwen Moravec (F44)
4:09:12 33 13 / 3 F40-44 Burleson, TX, USA
3:47:21
 "
34,MIDD=5399151115,Dirty South Marathon,"West Monroe, LA USA","November 15, 2015","Andrew Best (M47)
4:11:55 34 21 / 2 M45-49 HERMITAGE, AR, USA
3:51:42
 "
35,MIDD=5399151115,Dirty South Marathon,"West Monroe, LA USA","November 15, 2015","David Rabb (M35)
4:12:55 35 22 / 6 M35-39 Haughton, LA, USA
4:12:55
 "
36,MIDD=5399151115,Dirty South Marathon,"West Monroe, LA USA","November 15, 2015","paul Kitchens (M46)
4:13:25 36 23 / 3 M45-49 LA, USA
3:55:07
 "
37,MIDD=5399151115,Dirty South Marathon,"West Monroe, LA USA","November 15, 2015","Bubba Bordelon (M37)
4:13:35 37 24 / 7 M35-39 Lake Charles, LA, USA
4:12:34
 "
38,MIDD=5399151115,Dirty South Marathon,"West Monroe, LA USA","November 15, 2015","Hoberto Serrano (M49)
4:13:52 38 25 / 4 M45-49 Downey, CA, USA
3:49:26
 "
39,MIDD=5399151115,Dirty South Marathon,"West Monroe, LA USA","November 15, 2015","Martin T Martinez (M51)
4:15:07 39 26 / 2 M50-54 Grand Prairie, TX, USA
3:46:28
 "
40,MIDD=5399151115,Dirty South Marathon,"West Monroe, LA USA","November 15, 2015","Angela Roper (F49)
4:15:47 40 14 / 4 F45-49 Fort Worth, TX, USA
3:39:25
 "
41,MIDD=5399151115,Dirty South Marathon,"West Monroe, LA USA","November 15, 2015","Ro Mahoney (M35)
4:19:08 41 27 / 8 M35-39 WEST MONROE, LA, USA
4:19:08
 "
42,MIDD=5399151115,Dirty South Marathon,"West Monroe, LA USA","November 15, 2015","Tara Creech (F33)
4:19:08 42 15 / 3 F30-34 COLUMBIA, LA, USA
4:17:30
 "
43,MIDD=5399151115,Dirty South Marathon,"West Monroe, LA USA","November 15, 2015","James Steadman (M40)
4:19:40 43 28 / 2 M40-44 Humble, TX, USA
4:13:24
 "
44,MIDD=5399151115,Dirty South Marathon,"West Monroe, LA USA","November 15, 2015","Ashley Rhodes (F23)
4:20:20 44 16 / 2 F20-24 Chatham, LA, USA
4:20:20
 "
45,MIDD=5399151115,Dirty South Marathon,"West Monroe, LA USA","November 15, 2015","Lacey Rhodes (F27)
4:20:20 45 17 / 2 F25-29 Chatham, LA, USA
4:20:20
 "
46,MIDD=5399151115,Dirty South Marathon,"West Monroe, LA USA","November 15, 2015","Bart Wheat (M47)
4:20:37 46 29 / 5 M45-49 West Monroe, LA, USA
3:59:43
 "
47,MIDD=5399151115,Dirty South Marathon,"West Monroe, LA USA","November 15, 2015","Amy Sharp (F45)
4:22:06 47 18 / 5 F45-49 KELLER, TX, USA
3:56:15
 "
48,MIDD=5399151115,Dirty South Marathon,"West Monroe, LA USA","November 15, 2015","Allison Chamberlin (F25)
4:22:50 48 19 / 3 F25-29  
4:22:50
 "
49,MIDD=5399151115,Dirty South Marathon,"West Monroe, LA USA","November 15, 2015","JeanPhillipe Guindon (M43)
4:24:18 49 30 / 3 M40-44  
4:11:35
 "
50,MIDD=5399151115,Dirty South Marathon,"West Monroe, LA USA","November 15, 2015","Jenna Pippin (F34)
4:25:38 50 20 / 4 F30-34  
4:23:02
 "
51,MIDD=5399151115,Dirty South Marathon,"West Monroe, LA USA","November 15, 2015","Karensa McCarthy (F23)
4:27:05 51 21 / 3 F20-24 Boyce, LA, USA
4:27:05
 "
52,MIDD=5399151115,Dirty South Marathon,"West Monroe, LA USA","November 15, 2015","Johnnie Simons (M48)
4:27:21 52 31 / 6 M45-49 LA, USA
4:03:46
 "
53,MIDD=5399151115,Dirty South Marathon,"West Monroe, LA USA","November 15, 2015","Chris Ensminger (M28)
4:27:52 53 32 / 1 M25-29 MONROE, LA, USA
4:27:52
 "
54,MIDD=5399151115,Dirty South Marathon,"West Monroe, LA USA","November 15, 2015","Shana Lee (F22)
4:31:27 54 22 / 4 F20-24 CA, USA
4:31:27
 "
55,MIDD=5399151115,Dirty South Marathon,"West Monroe, LA USA","November 15, 2015","Little David (M56)
4:31:55 55 33 / 1 M55-59 West Monroe, LA, USA
3:50:29
 "
56,MIDD=5399151115,Dirty South Marathon,"West Monroe, LA USA","November 15, 2015","Jo Ann Johnson (F51)
4:31:55 56 23 / 2 F50-54 LA, USA
3:47:20
 "
57,MIDD=5399151115,Dirty South Marathon,"West Monroe, LA USA","November 15, 2015","Teresa Langen (F56)
4:34:26 57 24 / 1 F55-59 Hood River, OR, USA
3:34:28
 "
58,MIDD=5399151115,Dirty South Marathon,"West Monroe, LA USA","November 15, 2015","Laura Thompson (F53)
4:35:06 58 25 / 3 F50-54 WINNSBORO, LA, USA
3:43:59
 "
59,MIDD=5399151115,Dirty South Marathon,"West Monroe, LA USA","November 15, 2015","Chris Foster (M40)
4:36:15 59 34 / 4 M40-44 MONROE, LA, USA
4:29:35
 "
60,MIDD=5399151115,Dirty South Marathon,"West Monroe, LA USA","November 15, 2015","Richard Osness Reinsvold (M36)
4:39:28 60 35 / 9 M35-39 Long Beach, MS, USA
4:39:11
 "
61,MIDD=5399151115,Dirty South Marathon,"West Monroe, LA USA","November 15, 2015","Shane De Jong (M44)
4:42:27 61 36 / 5 M40-44 RIDGELAND, MS, USA
4:26:37
 "
62,MIDD=5399151115,Dirty South Marathon,"West Monroe, LA USA","November 15, 2015","Megan De Jong (F35)
4:42:28 62 26 / 2 F35-39 RIDGELAND, MS, USA
4:38:29
 "
63,MIDD=5399151115,Dirty South Marathon,"West Monroe, LA USA","November 15, 2015","SAM BENTON (M46)
4:43:24 63 37 / 7 M45-49 LA, USA
4:22:56
 "
64,MIDD=5399151115,Dirty South Marathon,"West Monroe, LA USA","November 15, 2015","Lindsey Hazelwood (F29)
4:44:35 64 27 / 4 F25-29 Lake Charles, LA, USA
4:44:35
 "
65,MIDD=5399151115,Dirty South Marathon,"West Monroe, LA USA","November 15, 2015","Emily Reed (F)
4:44:35 65 28 /     
0:38:55
 "
66,MIDD=5399151115,Dirty South Marathon,"West Monroe, LA USA","November 15, 2015","Jason Parks (M39)
4:44:36 66 38 / 10 M35-39 Baskin, LA, USA
4:40:02
 "
67,MIDD=5399151115,Dirty South Marathon,"West Monroe, LA USA","November 15, 2015","Chad Wilson (M41)
4:44:36 67 39 / 6 M40-44 BASTROP, LA, USA
4:35:28
 "
68,MIDD=5399151115,Dirty South Marathon,"West Monroe, LA USA","November 15, 2015","Monica Albritton (F25)
4:45:31 68 29 / 5 F25-29 West Monroe, LA, USA
4:45:31
 "
69,MIDD=5399151115,Dirty South Marathon,"West Monroe, LA USA","November 15, 2015","James Young (M41)
4:46:19 69 40 / 7 M40-44 Irving, TX, USA
4:37:08
 "
70,MIDD=5399151115,Dirty South Marathon,"West Monroe, LA USA","November 15, 2015","Claire Clary (F43)
4:52:11 70 30 / 4 F40-44 WEST MONROE, LA, USA
4:29:45
 "
71,MIDD=5399151115,Dirty South Marathon,"West Monroe, LA USA","November 15, 2015","Shelley Ryan Gray (F57)
4:52:19 71 31 / 2 F55-59 LA, USA
3:45:15
 "
72,MIDD=5399151115,Dirty South Marathon,"West Monroe, LA USA","November 15, 2015","Carly Gammill (F37)
4:53:09 72 32 / 3 F35-39 BRENTWOOD, TN, USA
4:45:47
 "
73,MIDD=5399151115,Dirty South Marathon,"West Monroe, LA USA","November 15, 2015","Ashley Felts (F37)
4:53:28 73 33 / 4 F35-39 WEST MONROE, LA, USA
4:46:06
 "
74,MIDD=5399151115,Dirty South Marathon,"West Monroe, LA USA","November 15, 2015","Erendida Sands (F29)
4:55:15 74 34 / 6 F25-29 SHREVEPORT, LA, USA
4:55:15
 "
75,MIDD=5399151115,Dirty South Marathon,"West Monroe, LA USA","November 15, 2015","Phil Parker (M51)
4:56:53 75 41 / 3 M50-54 WEST MONROE, LA, USA
4:23:32
 "
76,MIDD=5399151115,Dirty South Marathon,"West Monroe, LA USA","November 15, 2015","Darlene Smith (F34)
5:00:09 76 35 / 5 F30-34 West Monroe, LA, USA
4:57:12
 "
77,MIDD=5399151115,Dirty South Marathon,"West Monroe, LA USA","November 15, 2015","Shauna Veazey (F45)
5:01:05 77 36 / 6 F45-49 CA, USA
4:31:23
 "
78,MIDD=5399151115,Dirty South Marathon,"West Monroe, LA USA","November 15, 2015","David Haring (M59)
5:04:46 78 42 / 2 M55-59 Forest, VA, USA
4:11:01
 "
79,MIDD=5399151115,Dirty South Marathon,"West Monroe, LA USA","November 15, 2015","April Shannon (F31)
5:05:51 79 37 / 6 F30-34 Monroe, LA, USA
5:05:22
 "
80,MIDD=5399151115,Dirty South Marathon,"West Monroe, LA USA","November 15, 2015","Crystal Sanches (F37)
5:08:48 80 38 / 5 F35-39 WEST MONROE, LA, USA
5:01:03
 "
81,MIDD=5399151115,Dirty South Marathon,"West Monroe, LA USA","November 15, 2015","Jodie Holstead (F37)
5:10:55 81 39 / 6 F35-39 CA, USA
5:03:07
 "
82,MIDD=5399151115,Dirty South Marathon,"West Monroe, LA USA","November 15, 2015","Tara Mitchell (F29)
5:10:57 82 40 / 7 F25-29 FLOWOOD, MS, USA
5:10:57
 "
83,MIDD=5399151115,Dirty South Marathon,"West Monroe, LA USA","November 15, 2015","Larry Thibodeaux (M39)
5:11:41 83 43 / 11 M35-39 CA, USA
5:06:42
 "
84,MIDD=5399151115,Dirty South Marathon,"West Monroe, LA USA","November 15, 2015","Jay Callegari (M40)
5:12:03 84 44 / 8 M40-44 Cottonport, LA, USA
5:04:32
 "
85,MIDD=5399151115,Dirty South Marathon,"West Monroe, LA USA","November 15, 2015","Rusty Potter (M50)
5:15:02 85 45 / 4 M50-54  
4:42:10
 "
86,MIDD=5399151115,Dirty South Marathon,"West Monroe, LA USA","November 15, 2015","Leigh Guidry (F27)
5:18:47 86 41 / 8 F25-29 Pineville, LA, USA
5:18:47
 "
87,MIDD=5399151115,Dirty South Marathon,"West Monroe, LA USA","November 15, 2015","Allison Chamberlin (F25)
5:19:15 87 42 / 9 F25-29  
5:19:15
 "
88,MIDD=5399151115,Dirty South Marathon,"West Monroe, LA USA","November 15, 2015","Christina Dougherty (F36)
5:20:13 88 43 / 7 F35-39 LA, USA
5:14:04
 "
89,MIDD=5399151115,Dirty South Marathon,"West Monroe, LA USA","November 15, 2015","Christopher Dougherty (M42)
5:20:13 89 46 / 9 M40-44 LA, USA
5:07:23
 "
90,MIDD=5399151115,Dirty South Marathon,"West Monroe, LA USA","November 15, 2015","TAMMIE WHITE (F41)
5:20:24 90 44 / 5 F40-44 West Monroe, LA, USA
5:02:18
 "
91,MIDD=5399151115,Dirty South Marathon,"West Monroe, LA USA","November 15, 2015","GLEN WHITE (M44)
5:20:25 91 47 / 10 M40-44 West Monroe, LA, USA
5:02:26
 "
92,MIDD=5399151115,Dirty South Marathon,"West Monroe, LA USA","November 15, 2015","Paul Dowty (M60)
5:22:05 92 48 / 2 M60-64 Estes Park, CO, USA
4:22:39
 "
93,MIDD=5399151115,Dirty South Marathon,"West Monroe, LA USA","November 15, 2015","Myka Sims (F36)
5:23:51 93 45 / 8 F35-39 MONROE, LA, USA
5:17:38
 "
94,MIDD=5399151115,Dirty South Marathon,"West Monroe, LA USA","November 15, 2015","Walker Gusewelle (M30)
5:24:35 94 49 / 10 M30-34 Worden, IL, USA
5:24:35
 "
95,MIDD=5399151115,Dirty South Marathon,"West Monroe, LA USA","November 15, 2015","Missy Ezel (F42)
5:24:39 95 46 / 6 F40-44 BAUXITE, AR, USA
5:03:08
 "
96,MIDD=5399151115,Dirty South Marathon,"West Monroe, LA USA","November 15, 2015","Evelyn Cathcart (F50)
5:24:41 96 47 / 4 F50-54 Alexander, AR, USA
4:34:58
 "
97,MIDD=5399151115,Dirty South Marathon,"West Monroe, LA USA","November 15, 2015","Courtney Bolin (F24)
5:29:16 97 48 / 5 F20-24 MONTICELLO, AR, USA
5:29:16
 "
98,MIDD=5399151115,Dirty South Marathon,"West Monroe, LA USA","November 15, 2015","Emily Turner (F33)
5:29:18 98 49 / 7 F30-34 Monticello, AR, USA
5:27:14
 "
99,MIDD=5399151115,Dirty South Marathon,"West Monroe, LA USA","November 15, 2015","Matt Shepherd (M46)
5:32:24 99 50 / 8 M45-49 West Monroe, LA, USA
5:08:24
 "
100,MIDD=5399151115,Dirty South Marathon,"West Monroe, LA USA","November 15, 2015","Andrew Olsen (M31)
5:32:31 100 51 / 11 M30-34 Irving, TX, USA
5:32:31
 "
101,MIDD=5399151115,Dirty South Marathon,"West Monroe, LA USA","November 15, 2015","Breanna Waldrup (F31)
5:32:31 101 50 / 8 F30-34 Dallas, TX, USA
5:31:59
 "
102,MIDD=5399151115,Dirty South Marathon,"West Monroe, LA USA","November 15, 2015","Gina Marie DiPietro (F35)
5:35:11 102 51 / 9 F35-39 Columbia, MD, USA
5:30:27
 "
103,MIDD=5399151115,Dirty South Marathon,"West Monroe, LA USA","November 15, 2015","Edward Broadnax (M49)
5:41:51 103 52 / 9 M45-49 EL PASO, TX, USA
5:08:57
 "
104,MIDD=5399151115,Dirty South Marathon,"West Monroe, LA USA","November 15, 2015","fred thompson (M65)
6:01:13 104 53 / 1 M65-69 deridder, LA, USA
4:40:05
 "
105,MIDD=5399151115,Dirty South Marathon,"West Monroe, LA USA","November 15, 2015","Katelyn Steen (F22)
6:10:05 105 52 / 6 F20-24 HAMBURG, AR, USA
6:10:05
 "
106,MIDD=5399151115,Dirty South Marathon,"West Monroe, LA USA","November 15, 2015","Carmen Lockling (F46)
6:10:05 106 53 / 7 F45-49 Crossett, LA, USA
5:29:33
 "
107,MIDD=5399151115,Dirty South Marathon,"West Monroe, LA USA","November 15, 2015","Wanda McGhee (F54)
6:10:05 107 54 / 5 F50-54 LA, USA
4:57:17
 "
108,MIDD=5399151115,Dirty South Marathon,"West Monroe, LA USA","November 15, 2015","Laurence Macon (M70)
6:11:20 108 54 / 1 M70-74 SAN ANTONIO, TX, USA
4:33:02
 "
109,MIDD=5399151115,Dirty South Marathon,"West Monroe, LA USA","November 15, 2015","bill rex (M75)
6:11:22 109 55 / 1 M75-79 geneva, IL, USA
4:15:35
 "
110,MIDD=5399151115,Dirty South Marathon,"West Monroe, LA USA","November 15, 2015","Rebecca Kitchell (F34)
6:17:37 110 55 / 9 F30-34 Winnsboro, LA, USA
6:13:55
 "
111,MIDD=5399151115,Dirty South Marathon,"West Monroe, LA USA","November 15, 2015","Ivan Reyna (M26)
6:21:08 111 56 / 2 M25-29 CA, USA
6:21:08
 "
112,MIDD=5399151115,Dirty South Marathon,"West Monroe, LA USA","November 15, 2015","Stanley L Chamblee (M59)
6:21:37 112 57 / 3 M55-59 Calhoun, LA, USA
5:14:18
 "
