,race_id,race,location,date,runners
0,MIDD=5482151212,The Buckeye Marathon,"Buckeye, AZ USA","December 12, 2015","

Have you run this race?Then tell us about it.

Last Name, First Name(Sex/Age)
Time OverAllPlace
Sex Place/Div Place
DIV Net Time AG Time* BQ*"
1,MIDD=5482151212,The Buckeye Marathon,"Buckeye, AZ USA","December 12, 2015","Bob Vanlangenhoven (M53)
2:56:56 1 1 / 1 M50-54
2:56:56
2:34:13
BQ"
2,MIDD=5482151212,The Buckeye Marathon,"Buckeye, AZ USA","December 12, 2015","Ryan Guerena (M30)
2:58:58 2 2 / 1 M30-34
2:58:58
2:58:58
BQ"
3,MIDD=5482151212,The Buckeye Marathon,"Buckeye, AZ USA","December 12, 2015","Tiffany Frankovich (F36)
2:59:08 3 1 / 1 F35-39
2:59:08
2:55:41
BQ"
4,MIDD=5482151212,The Buckeye Marathon,"Buckeye, AZ USA","December 12, 2015","Matt O'Reilly (M31)
3:00:33 4 3 / 2 M30-34
3:00:33
3:00:33
BQ"
5,MIDD=5482151212,The Buckeye Marathon,"Buckeye, AZ USA","December 12, 2015","Wayne Sekaquaptewa (M36)
3:02:29 5 4 / 1 M35-39
3:02:29
3:02:18
BQ"
6,MIDD=5482151212,The Buckeye Marathon,"Buckeye, AZ USA","December 12, 2015","Chad Joyce (M43)
3:04:22 6 5 / 1 M40-44
3:04:22
2:55:29
BQ"
7,MIDD=5482151212,The Buckeye Marathon,"Buckeye, AZ USA","December 12, 2015","Daniel Jones (M42)
3:09:15 7 6 / 2 M40-44
3:09:15
3:01:39
BQ"
8,MIDD=5482151212,The Buckeye Marathon,"Buckeye, AZ USA","December 12, 2015","Trent Lyon (M47)
3:11:20 8 7 / 1 M45-49
3:11:20
2:55:59
BQ"
9,MIDD=5482151212,The Buckeye Marathon,"Buckeye, AZ USA","December 12, 2015","Foster Kleinstiver (M25)
3:14:26 9 8 / 1 M25-29
3:14:26
3:14:26
 "
10,MIDD=5482151212,The Buckeye Marathon,"Buckeye, AZ USA","December 12, 2015","Paul Bakerman (M58)
3:14:45 10 9 / 1 M55-59
3:14:45
2:41:57
BQ"
11,MIDD=5482151212,The Buckeye Marathon,"Buckeye, AZ USA","December 12, 2015","Ricardo Cestero (M42)
3:18:39 11 10 / 3 M40-44
3:18:39
3:10:41
 "
12,MIDD=5482151212,The Buckeye Marathon,"Buckeye, AZ USA","December 12, 2015","Shawn Kleinstiver (M51)
3:20:48 12 11 / 2 M50-54
3:20:48
2:58:15
BQ"
13,MIDD=5482151212,The Buckeye Marathon,"Buckeye, AZ USA","December 12, 2015","Ed Jelmberg (M58)
3:21:38 13 12 / 2 M55-59
3:21:38
2:47:40
BQ"
14,MIDD=5482151212,The Buckeye Marathon,"Buckeye, AZ USA","December 12, 2015","Kay Borleis (F29)
3:21:46 14 2 / 1 F25-29
3:21:46
3:21:46
BQ"
15,MIDD=5482151212,The Buckeye Marathon,"Buckeye, AZ USA","December 12, 2015","Frank Davidson (M58)
3:22:39 15 13 / 3 M55-59
3:22:39
2:48:31
BQ"
16,MIDD=5482151212,The Buckeye Marathon,"Buckeye, AZ USA","December 12, 2015","Kate Levy (F32)
3:24:01 16 3 / 1 F30-34
3:24:01
3:23:18
BQ"
17,MIDD=5482151212,The Buckeye Marathon,"Buckeye, AZ USA","December 12, 2015","Christopher Thompson (M39)
3:25:28 17 14 / 2 M35-39
3:25:28
3:22:10
 "
18,MIDD=5482151212,The Buckeye Marathon,"Buckeye, AZ USA","December 12, 2015","Samuel Unzek (M39)
3:28:35 18 15 / 3 M35-39
3:28:35
3:25:14
 "
19,MIDD=5482151212,The Buckeye Marathon,"Buckeye, AZ USA","December 12, 2015","Sylvain Perret (M52)
3:31:54 19 16 / 3 M50-54
3:31:54
3:06:24
 "
20,MIDD=5482151212,The Buckeye Marathon,"Buckeye, AZ USA","December 12, 2015","Amanda Villari (F31)
3:32:07 20 4 / 2 F30-34
3:32:07
3:31:46
BQ"
21,MIDD=5482151212,The Buckeye Marathon,"Buckeye, AZ USA","December 12, 2015","Ron Miller (M46)
3:32:15 21 17 / 2 M45-49
3:32:15
3:16:55
 "
22,MIDD=5482151212,The Buckeye Marathon,"Buckeye, AZ USA","December 12, 2015","Samantha Powley (F32)
3:34:07 22 5 / 3 F30-34
3:34:07
3:33:22
BQ"
23,MIDD=5482151212,The Buckeye Marathon,"Buckeye, AZ USA","December 12, 2015","Ron Haven (M58)
3:35:59 23 18 / 4 M55-59
3:35:59
2:59:36
BQ"
24,MIDD=5482151212,The Buckeye Marathon,"Buckeye, AZ USA","December 12, 2015","Gary Peterson (M52)
3:36:36 24 19 / 4 M50-54
3:36:36
3:10:32
 "
25,MIDD=5482151212,The Buckeye Marathon,"Buckeye, AZ USA","December 12, 2015","Winnifred Clark (F42)
3:37:14 25 6 / 1 F40-44
3:37:14
3:22:49
BQ"
26,MIDD=5482151212,The Buckeye Marathon,"Buckeye, AZ USA","December 12, 2015","Ariel Robles (M38)
3:40:35 26 20 / 4 M35-39
3:40:35
3:38:35
 "
27,MIDD=5482151212,The Buckeye Marathon,"Buckeye, AZ USA","December 12, 2015","Jeff Daley (M55)
3:40:37 27 21 / 5 M55-59
3:40:37
3:08:45
 "
28,MIDD=5482151212,The Buckeye Marathon,"Buckeye, AZ USA","December 12, 2015","David Reinhart (M45)
3:42:08 28 22 / 3 M45-49
3:42:08
3:27:52
 "
29,MIDD=5482151212,The Buckeye Marathon,"Buckeye, AZ USA","December 12, 2015","Kay Evans (F54)
3:42:20 29 7 / 1 F50-54
3:42:20
2:58:36
BQ"
30,MIDD=5482151212,The Buckeye Marathon,"Buckeye, AZ USA","December 12, 2015","Rachel Dryer (F25)
3:43:29 30 8 / 2 F25-29
3:43:29
3:43:29
 "
31,MIDD=5482151212,The Buckeye Marathon,"Buckeye, AZ USA","December 12, 2015","Kenneth Todd (M39)
3:43:44 31 23 / 5 M35-39
3:43:44
3:40:09
 "
32,MIDD=5482151212,The Buckeye Marathon,"Buckeye, AZ USA","December 12, 2015","Christopher Callahan (M36)
3:45:42 32 24 / 6 M35-39
3:45:42
3:45:28
 "
33,MIDD=5482151212,The Buckeye Marathon,"Buckeye, AZ USA","December 12, 2015","Erik Maskin (M40)
3:49:36 33 25 / 4 M40-44
3:49:36
3:44:03
 "
34,MIDD=5482151212,The Buckeye Marathon,"Buckeye, AZ USA","December 12, 2015","James Occhino (M44)
3:50:13 34 26 / 5 M40-44
3:50:13
3:37:18
 "
35,MIDD=5482151212,The Buckeye Marathon,"Buckeye, AZ USA","December 12, 2015","Adam Bowman (M27)
3:50:30 35 27 / 2 M25-29
3:50:30
3:50:30
 "
36,MIDD=5482151212,The Buckeye Marathon,"Buckeye, AZ USA","December 12, 2015","Matt Tanner (M38)
3:50:35 36 28 / 7 M35-39
3:50:35
3:48:30
 "
37,MIDD=5482151212,The Buckeye Marathon,"Buckeye, AZ USA","December 12, 2015","Desarae Barrera (F36)
3:53:32 37 9 / 2 F35-39
3:53:32
3:49:02
 "
38,MIDD=5482151212,The Buckeye Marathon,"Buckeye, AZ USA","December 12, 2015","Shannon Sklut (F36)
3:53:40 38 10 / 3 F35-39
3:53:40
3:49:10
 "
39,MIDD=5482151212,The Buckeye Marathon,"Buckeye, AZ USA","December 12, 2015","Kyle Smith (M37)
3:54:10 39 29 / 8 M35-39
3:54:10
3:53:13
 "
40,MIDD=5482151212,The Buckeye Marathon,"Buckeye, AZ USA","December 12, 2015","Kara Rebeck (F51)
3:54:35 40 11 / 2 F50-54
3:54:35
3:16:06
BQ"
41,MIDD=5482151212,The Buckeye Marathon,"Buckeye, AZ USA","December 12, 2015","Alaa Obeid (M34)
3:54:40 41 30 / 3 M30-34
3:54:40
3:54:40
 "
42,MIDD=5482151212,The Buckeye Marathon,"Buckeye, AZ USA","December 12, 2015","Luis Leon (M46)
3:54:52 42 31 / 4 M45-49
3:54:52
3:37:54
 "
43,MIDD=5482151212,The Buckeye Marathon,"Buckeye, AZ USA","December 12, 2015","Michelle Chesteen (F42)
3:55:17 43 12 / 2 F40-44
3:55:17
3:39:41
 "
44,MIDD=5482151212,The Buckeye Marathon,"Buckeye, AZ USA","December 12, 2015","Brenda Dobis (F40)
3:55:25 44 13 / 3 F40-44
3:55:25
3:44:15
 "
45,MIDD=5482151212,The Buckeye Marathon,"Buckeye, AZ USA","December 12, 2015","Erika Mcdonald (F36)
3:55:25 45 14 / 4 F35-39
3:55:25
3:50:53
 "
46,MIDD=5482151212,The Buckeye Marathon,"Buckeye, AZ USA","December 12, 2015","Tim Poet (M51)
3:55:40 46 32 / 5 M50-54
3:55:40
3:29:12
 "
47,MIDD=5482151212,The Buckeye Marathon,"Buckeye, AZ USA","December 12, 2015","Darren Hooley (M42)
3:55:45 47 33 / 6 M40-44
3:55:45
3:46:17
 "
48,MIDD=5482151212,The Buckeye Marathon,"Buckeye, AZ USA","December 12, 2015","Phyllis Robinson (F47)
3:56:17 48 15 / 1 F45-49
3:56:17
3:27:50
 "
49,MIDD=5482151212,The Buckeye Marathon,"Buckeye, AZ USA","December 12, 2015","Tom Handorf (M39)
3:56:18 49 34 / 9 M35-39
3:56:18
3:52:31
 "
50,MIDD=5482151212,The Buckeye Marathon,"Buckeye, AZ USA","December 12, 2015","John Kosmatka (M66)
3:56:22 50 35 / 1 M65-69
3:56:22
3:01:23
BQ"
51,MIDD=5482151212,The Buckeye Marathon,"Buckeye, AZ USA","December 12, 2015","Lori Kosmatka (F38)
3:56:22 51 16 / 5 F35-39
3:56:22
3:48:51
 "
52,MIDD=5482151212,The Buckeye Marathon,"Buckeye, AZ USA","December 12, 2015","Rick Clarke (M61)
3:57:44 52 36 / 1 M60-64
3:57:44
3:11:58
 "
53,MIDD=5482151212,The Buckeye Marathon,"Buckeye, AZ USA","December 12, 2015","Allen Larm (M53)
3:58:28 53 37 / 6 M50-54
3:58:28
3:27:52
 "
54,MIDD=5482151212,The Buckeye Marathon,"Buckeye, AZ USA","December 12, 2015","Manuel Saldana (M30)
3:59:21 54 38 / 4 M30-34
3:59:21
3:59:21
 "
55,MIDD=5482151212,The Buckeye Marathon,"Buckeye, AZ USA","December 12, 2015","David Patch (M45)
3:59:58 55 39 / 5 M45-49
3:59:58
3:44:33
 "
56,MIDD=5482151212,The Buckeye Marathon,"Buckeye, AZ USA","December 12, 2015","Mary Ducar (F46)
4:01:13 56 17 / 2 F45-49
4:01:13
3:34:48
 "
57,MIDD=5482151212,The Buckeye Marathon,"Buckeye, AZ USA","December 12, 2015","Bill Salazar (M69)
4:02:23 57 40 / 2 M65-69
4:02:23
3:00:11
BQ"
58,MIDD=5482151212,The Buckeye Marathon,"Buckeye, AZ USA","December 12, 2015","Mandy Johnson (F32)
4:02:53 58 18 / 4 F30-34
4:02:53
4:02:01
 "
59,MIDD=5482151212,The Buckeye Marathon,"Buckeye, AZ USA","December 12, 2015","Ray Anderson (M67)
4:03:56 59 41 / 3 M65-69
4:03:56
3:05:14
BQ"
60,MIDD=5482151212,The Buckeye Marathon,"Buckeye, AZ USA","December 12, 2015","Kari Vasquez (F36)
4:04:40 60 19 / 6 F35-39
4:04:40
3:59:58
 "
61,MIDD=5482151212,The Buckeye Marathon,"Buckeye, AZ USA","December 12, 2015","Erna Ference (F56)
4:06:27 61 20 / 1 F55-59
4:06:27
3:12:36
BQ"
62,MIDD=5482151212,The Buckeye Marathon,"Buckeye, AZ USA","December 12, 2015","Jennifer Shinske (F40)
4:09:14 62 21 / 4 F40-44
4:09:14
3:57:25
 "
63,MIDD=5482151212,The Buckeye Marathon,"Buckeye, AZ USA","December 12, 2015","Ryan Blake (M27)
4:09:21 63 42 / 3 M25-29
4:09:21
4:09:21
 "
64,MIDD=5482151212,The Buckeye Marathon,"Buckeye, AZ USA","December 12, 2015","Nichole Blake (F26)
4:09:22 64 22 / 3 F25-29
4:09:22
4:09:22
 "
65,MIDD=5482151212,The Buckeye Marathon,"Buckeye, AZ USA","December 12, 2015","Stephanie Park (F28)
4:09:31 65 23 / 4 F25-29
4:09:31
4:09:31
 "
66,MIDD=5482151212,The Buckeye Marathon,"Buckeye, AZ USA","December 12, 2015","Kirsten Bjergarde (F50)
4:13:31 66 24 / 3 F50-54
4:13:31
3:34:42
 "
67,MIDD=5482151212,The Buckeye Marathon,"Buckeye, AZ USA","December 12, 2015","Marci Hansen (F47)
4:13:55 67 25 / 3 F45-49
4:13:55
3:43:20
 "
68,MIDD=5482151212,The Buckeye Marathon,"Buckeye, AZ USA","December 12, 2015","Barb Mackey (F48)
4:14:13 68 26 / 4 F45-49
4:14:13
3:40:50
 "
69,MIDD=5482151212,The Buckeye Marathon,"Buckeye, AZ USA","December 12, 2015","Glenn Takahashi (M68)
4:15:21 69 43 / 4 M65-69
4:15:21
3:11:52
 "
70,MIDD=5482151212,The Buckeye Marathon,"Buckeye, AZ USA","December 12, 2015","Fritz Rumpf (M53)
4:15:33 70 44 / 7 M50-54
4:15:33
3:42:45
 "
71,MIDD=5482151212,The Buckeye Marathon,"Buckeye, AZ USA","December 12, 2015","Sean Chappell (M39)
4:15:57 71 45 / 10 M35-39
4:15:57
4:11:51
 "
72,MIDD=5482151212,The Buckeye Marathon,"Buckeye, AZ USA","December 12, 2015","Greg Durnin (M51)
4:16:07 72 46 / 8 M50-54
4:16:07
3:47:21
 "
73,MIDD=5482151212,The Buckeye Marathon,"Buckeye, AZ USA","December 12, 2015","Greg Unger (M42)
4:16:41 73 47 / 7 M40-44
4:16:41
4:06:23
 "
74,MIDD=5482151212,The Buckeye Marathon,"Buckeye, AZ USA","December 12, 2015","Melissa Kistler (F32)
4:17:17 74 27 / 5 F30-34
4:17:17
4:16:22
 "
75,MIDD=5482151212,The Buckeye Marathon,"Buckeye, AZ USA","December 12, 2015","Erica Vester (F31)
4:18:06 75 28 / 6 F30-34
4:18:06
4:17:41
 "
76,MIDD=5482151212,The Buckeye Marathon,"Buckeye, AZ USA","December 12, 2015","Carlos Armendariz (M54)
4:18:29 76 48 / 9 M50-54
4:18:29
3:43:15
 "
77,MIDD=5482151212,The Buckeye Marathon,"Buckeye, AZ USA","December 12, 2015","Mariann Bissonnette (F51)
4:21:48 77 29 / 4 F50-54
4:21:48
3:38:51
 "
78,MIDD=5482151212,The Buckeye Marathon,"Buckeye, AZ USA","December 12, 2015","Joseph Gibson (M40)
4:22:45 78 49 / 8 M40-44
4:22:45
4:16:25
 "
79,MIDD=5482151212,The Buckeye Marathon,"Buckeye, AZ USA","December 12, 2015","Randy Bowman (M58)
4:25:20 79 50 / 6 M55-59
4:25:20
3:40:39
 "
80,MIDD=5482151212,The Buckeye Marathon,"Buckeye, AZ USA","December 12, 2015","Michelle Frew (F44)
4:25:39 80 30 / 5 F40-44
4:25:39
4:02:21
 "
81,MIDD=5482151212,The Buckeye Marathon,"Buckeye, AZ USA","December 12, 2015","Teresa Bible (F52)
4:25:42 81 31 / 5 F50-54
4:25:42
3:39:13
 "
82,MIDD=5482151212,The Buckeye Marathon,"Buckeye, AZ USA","December 12, 2015","Patrick Howley (M58)
4:27:30 82 51 / 7 M55-59
4:27:30
3:42:27
 "
83,MIDD=5482151212,The Buckeye Marathon,"Buckeye, AZ USA","December 12, 2015","Laura Johnson (F46)
4:27:33 83 32 / 5 F45-49
4:27:33
3:58:15
 "
84,MIDD=5482151212,The Buckeye Marathon,"Buckeye, AZ USA","December 12, 2015","Ruth Sung (F19)
4:27:47 84 33 / 1 F0-19
4:27:47
4:26:04
 "
85,MIDD=5482151212,The Buckeye Marathon,"Buckeye, AZ USA","December 12, 2015","Spenser Anderson (M21)
4:27:47 85 52 / 1 M20-24
4:27:47
4:26:34
 "
86,MIDD=5482151212,The Buckeye Marathon,"Buckeye, AZ USA","December 12, 2015","Gurinder Singh (M46)
4:27:58 86 53 / 6 M45-49
4:27:58
4:08:37
 "
87,MIDD=5482151212,The Buckeye Marathon,"Buckeye, AZ USA","December 12, 2015","David Mccorquodale (M71)
4:29:07 87 54 / 1 M70-74
4:29:07
3:15:42
 "
88,MIDD=5482151212,The Buckeye Marathon,"Buckeye, AZ USA","December 12, 2015","Jennifer Cable (F41)
4:29:13 88 34 / 6 F40-44
4:29:13
4:14:00
 "
89,MIDD=5482151212,The Buckeye Marathon,"Buckeye, AZ USA","December 12, 2015","Fred Casey (M63)
4:31:53 89 55 / 2 M60-64
4:31:53
3:35:11
 "
90,MIDD=5482151212,The Buckeye Marathon,"Buckeye, AZ USA","December 12, 2015","Rob Duran (M44)
4:36:51 90 56 / 9 M40-44
4:36:51
4:21:19
 "
91,MIDD=5482151212,The Buckeye Marathon,"Buckeye, AZ USA","December 12, 2015","Braulio M Quinonez (M27)
4:39:01 91 57 / 4 M25-29
4:39:01
4:39:01
 "
92,MIDD=5482151212,The Buckeye Marathon,"Buckeye, AZ USA","December 12, 2015","Tim Brunner (M53)
4:39:59 92 58 / 10 M50-54
4:39:59
4:04:03
 "
93,MIDD=5482151212,The Buckeye Marathon,"Buckeye, AZ USA","December 12, 2015","Curtis Gipson (M62)
4:41:09 93 59 / 3 M60-64
4:41:09
3:44:46
 "
94,MIDD=5482151212,The Buckeye Marathon,"Buckeye, AZ USA","December 12, 2015","Chad Belville (M48)
4:41:24 94 60 / 7 M45-49
4:41:24
4:16:34
 "
95,MIDD=5482151212,The Buckeye Marathon,"Buckeye, AZ USA","December 12, 2015","Steffen Schneider (M58)
4:42:28 95 61 / 8 M55-59
4:42:28
3:54:53
 "
96,MIDD=5482151212,The Buckeye Marathon,"Buckeye, AZ USA","December 12, 2015","Claudia Roedl (F51)
4:44:04 96 35 / 6 F50-54
4:44:04
3:57:28
 "
97,MIDD=5482151212,The Buckeye Marathon,"Buckeye, AZ USA","December 12, 2015","Christine Grundy (F33)
4:44:18 97 36 / 7 F30-34
4:44:18
4:42:30
 "
98,MIDD=5482151212,The Buckeye Marathon,"Buckeye, AZ USA","December 12, 2015","Sarah Larson (F28)
4:44:54 98 37 / 5 F25-29
4:44:54
4:44:54
 "
99,MIDD=5482151212,The Buckeye Marathon,"Buckeye, AZ USA","December 12, 2015","Elizabeth Bourke (F34)
4:46:07 99 38 / 8 F30-34
4:46:07
4:43:18
 "
100,MIDD=5482151212,The Buckeye Marathon,"Buckeye, AZ USA","December 12, 2015","Penny Lowden (F39)
4:46:10 100 39 / 7 F35-39
4:46:10
4:34:56
 "
101,MIDD=5482151212,The Buckeye Marathon,"Buckeye, AZ USA","December 12, 2015","Rachael Mann (F40)
4:46:10 101 40 / 7 F40-44
4:46:10
4:32:36
 "
102,MIDD=5482151212,The Buckeye Marathon,"Buckeye, AZ USA","December 12, 2015","Tracey Snider Pazzanita (F44)
4:46:16 102 41 / 8 F40-44
4:46:16
4:21:09
 "
103,MIDD=5482151212,The Buckeye Marathon,"Buckeye, AZ USA","December 12, 2015","Larry Kirch (M58)
4:46:20 103 62 / 9 M55-59
4:46:20
3:58:06
 "
104,MIDD=5482151212,The Buckeye Marathon,"Buckeye, AZ USA","December 12, 2015","Katie Apps (F36)
4:46:57 104 42 / 8 F35-39
4:46:57
4:41:26
 "
105,MIDD=5482151212,The Buckeye Marathon,"Buckeye, AZ USA","December 12, 2015","Scott Reynolds (M57)
4:48:37 105 63 / 10 M55-59
4:48:37
4:02:19
 "
106,MIDD=5482151212,The Buckeye Marathon,"Buckeye, AZ USA","December 12, 2015","Becki Iammarino (F45)
4:48:54 106 43 / 6 F45-49
4:48:54
4:20:24
 "
107,MIDD=5482151212,The Buckeye Marathon,"Buckeye, AZ USA","December 12, 2015","Kari Rekoske (F63)
4:49:46 107 44 / 1 F60-64
4:49:46
3:23:49
 "
108,MIDD=5482151212,The Buckeye Marathon,"Buckeye, AZ USA","December 12, 2015","Lauren Martin (F37)
4:50:08 108 45 / 9 F35-39
4:50:08
4:42:51
 "
109,MIDD=5482151212,The Buckeye Marathon,"Buckeye, AZ USA","December 12, 2015","Morgan Lerette (M35)
4:51:31 109 64 / 11 M35-39
4:51:31
4:51:31
 "
110,MIDD=5482151212,The Buckeye Marathon,"Buckeye, AZ USA","December 12, 2015","Melissa Cortez (F46)
4:52:11 110 46 / 7 F45-49
4:52:11
4:20:11
 "
111,MIDD=5482151212,The Buckeye Marathon,"Buckeye, AZ USA","December 12, 2015","Ron Hoffman (M52)
4:52:16 111 65 / 11 M50-54
4:52:16
4:17:06
 "
112,MIDD=5482151212,The Buckeye Marathon,"Buckeye, AZ USA","December 12, 2015","Kristalyn Lovegrove (F38)
4:52:56 112 47 / 10 F35-39
4:52:56
4:43:37
 "
113,MIDD=5482151212,The Buckeye Marathon,"Buckeye, AZ USA","December 12, 2015","Maureen Reagan (F40)
4:54:42 113 48 / 9 F40-44
4:54:42
4:40:43
 "
114,MIDD=5482151212,The Buckeye Marathon,"Buckeye, AZ USA","December 12, 2015","James Logue (M52)
4:54:43 114 66 / 12 M50-54
4:54:43
4:19:15
 "
115,MIDD=5482151212,The Buckeye Marathon,"Buckeye, AZ USA","December 12, 2015","Susan Kanvik (F61)
4:55:04 115 49 / 2 F60-64
4:55:04
3:34:21
 "
116,MIDD=5482151212,The Buckeye Marathon,"Buckeye, AZ USA","December 12, 2015","Diane Ovalle (F30)
4:57:51 116 50 / 9 F30-34
4:57:51
4:57:43
 "
117,MIDD=5482151212,The Buckeye Marathon,"Buckeye, AZ USA","December 12, 2015","Emily Reynolds (F26)
5:01:03 117 51 / 6 F25-29
5:01:03
5:01:03
 "
118,MIDD=5482151212,The Buckeye Marathon,"Buckeye, AZ USA","December 12, 2015","Mark Gershman (M57)
5:02:25 118 67 / 11 M55-59
5:02:25
4:13:54
 "
119,MIDD=5482151212,The Buckeye Marathon,"Buckeye, AZ USA","December 12, 2015","Benjamin Rothwell (M47)
5:03:23 119 68 / 8 M45-49
5:03:23
4:39:03
 "
120,MIDD=5482151212,The Buckeye Marathon,"Buckeye, AZ USA","December 12, 2015","Steve Norton (M60)
5:13:25 120 69 / 4 M60-64
5:13:25
4:15:35
 "
121,MIDD=5482151212,The Buckeye Marathon,"Buckeye, AZ USA","December 12, 2015","Mike Crevelt (M59)
5:16:46 121 70 / 12 M55-59
5:16:46
4:20:53
 "
122,MIDD=5482151212,The Buckeye Marathon,"Buckeye, AZ USA","December 12, 2015","Bryan Chambers (M50)
5:23:26 122 71 / 13 M50-54
5:23:26
4:49:41
 "
123,MIDD=5482151212,The Buckeye Marathon,"Buckeye, AZ USA","December 12, 2015","Jimmy Dwyer (M28)
5:26:53 123 72 / 5 M25-29
5:26:53
5:26:53
 "
124,MIDD=5482151212,The Buckeye Marathon,"Buckeye, AZ USA","December 12, 2015","Chris Haines (M56)
5:26:57 124 73 / 13 M55-59
5:26:57
4:37:07
 "
125,MIDD=5482151212,The Buckeye Marathon,"Buckeye, AZ USA","December 12, 2015","Kate Sauers (F31)
5:27:10 125 52 / 10 F30-34
5:27:10
5:26:38
 "
126,MIDD=5482151212,The Buckeye Marathon,"Buckeye, AZ USA","December 12, 2015","Jennifer Seelig (F50)
5:27:16 126 53 / 7 F50-54
5:27:16
4:37:09
 "
127,MIDD=5482151212,The Buckeye Marathon,"Buckeye, AZ USA","December 12, 2015","Mark Parrotte (M58)
5:30:16 127 74 / 14 M55-59
5:30:16
4:34:38
 "
128,MIDD=5482151212,The Buckeye Marathon,"Buckeye, AZ USA","December 12, 2015","Deborah Lazerson (F51)
5:45:13 128 54 / 8 F50-54
5:45:13
4:48:36
 "
129,MIDD=5482151212,The Buckeye Marathon,"Buckeye, AZ USA","December 12, 2015","Dennis Lewis (M67)
5:46:14 129 75 / 5 M65-69
5:46:14
4:22:55
 "
130,MIDD=5482151212,The Buckeye Marathon,"Buckeye, AZ USA","December 12, 2015","Larry Tracey (M64)
5:47:22 130 76 / 5 M60-64
5:47:22
4:32:09
 "
131,MIDD=5482151212,The Buckeye Marathon,"Buckeye, AZ USA","December 12, 2015","Brian Lindsay (M43)
6:03:04 131 77 / 10 M40-44
6:03:04
5:45:36
 "
132,MIDD=5482151212,The Buckeye Marathon,"Buckeye, AZ USA","December 12, 2015","Greg Hardesty (M56)
6:12:45 132 78 / 15 M55-59
6:12:45
5:15:56
 "
133,MIDD=5482151212,The Buckeye Marathon,"Buckeye, AZ USA","December 12, 2015","Willie Stallworth (M32)
6:16:41 133 79 / 5 M30-34
6:16:41
6:16:41
 "
134,MIDD=5482151212,The Buckeye Marathon,"Buckeye, AZ USA","December 12, 2015","Jennifer Bunch (F18)
6:24:57 134 55 / 2 F0-19
6:24:57
6:18:03
 "
135,MIDD=5482151212,The Buckeye Marathon,"Buckeye, AZ USA","December 12, 2015","Tina Bunch (F39)
6:25:04 135 56 / 11 F35-39
6:25:04
6:09:58
 "
136,MIDD=5482151212,The Buckeye Marathon,"Buckeye, AZ USA","December 12, 2015","Joseph Timpanaro (M36)
6:34:22 136 80 / 12 M35-39
6:34:22
6:33:58
 "
137,MIDD=5482151212,The Buckeye Marathon,"Buckeye, AZ USA","December 12, 2015","Dwight Sutherland (M35)
6:36:51 137 81 / 13 M35-39
6:36:51
6:36:51
 "
