,race_id,race,location,date,runners
0,MIDD=2749151101,Bass Pro Shops Marathon,"Springfield, MO USA","November 1, 2015","

Have you run this race?Then tell us about it.

Last Name, First Name(Sex/Age)
Time OverAllPlace
Sex Place/Div Place
DIV AG Time* BQ*"
1,MIDD=2749151101,Bass Pro Shops Marathon,"Springfield, MO USA","November 1, 2015","Richard Kessio (M41)
2:31:31 1 1 / 1 M40-44
2:26:39
BQ"
2,MIDD=2749151101,Bass Pro Shops Marathon,"Springfield, MO USA","November 1, 2015","Nathaniel Hay (M28)
3:00:18 2 2 / 1 M25-29
3:00:18
BQ"
3,MIDD=2749151101,Bass Pro Shops Marathon,"Springfield, MO USA","November 1, 2015","Travis Dillard (M23)
3:01:19 3 3 / 1 M0-24
3:01:19
BQ"
4,MIDD=2749151101,Bass Pro Shops Marathon,"Springfield, MO USA","November 1, 2015","Andrew Wasson (M29)
3:06:21 4 4 / 2 M25-29
3:06:21
 "
5,MIDD=2749151101,Bass Pro Shops Marathon,"Springfield, MO USA","November 1, 2015","Daniel Hay (M54)
3:06:56 5 5 / 1 M50-54
2:41:27
BQ"
6,MIDD=2749151101,Bass Pro Shops Marathon,"Springfield, MO USA","November 1, 2015","Sara Ibbetson (F35)
3:06:57 6 1 / 1 F35-39
3:04:18
BQ"
7,MIDD=2749151101,Bass Pro Shops Marathon,"Springfield, MO USA","November 1, 2015","Richard White (M51)
3:08:06 7 6 / 2 M50-54
2:46:58
BQ"
8,MIDD=2749151101,Bass Pro Shops Marathon,"Springfield, MO USA","November 1, 2015","Scott Dunsmuir (M43)
3:10:33 8 7 / 2 M40-44
3:01:23
BQ"
9,MIDD=2749151101,Bass Pro Shops Marathon,"Springfield, MO USA","November 1, 2015","Ben Jennings (M42)
3:12:07 9 8 / 3 M40-44
3:04:24
BQ"
10,MIDD=2749151101,Bass Pro Shops Marathon,"Springfield, MO USA","November 1, 2015","Paul Simmons (M28)
3:12:09 10 9 / 3 M25-29
3:12:09
 "
11,MIDD=2749151101,Bass Pro Shops Marathon,"Springfield, MO USA","November 1, 2015","Thomas Gounley (M25)
3:12:10 11 10 / 2 M0-24
3:12:10
 "
12,MIDD=2749151101,Bass Pro Shops Marathon,"Springfield, MO USA","November 1, 2015","Mark Bochantin (M53)
3:12:51 12 11 / 3 M50-54
2:48:06
BQ"
13,MIDD=2749151101,Bass Pro Shops Marathon,"Springfield, MO USA","November 1, 2015","Jon Murray (M42)
3:21:27 13 12 / 4 M40-44
3:13:22
 "
14,MIDD=2749151101,Bass Pro Shops Marathon,"Springfield, MO USA","November 1, 2015","Nicky Halpern (M24)
3:23:21 14 13 / 3 M0-24
3:23:21
 "
15,MIDD=2749151101,Bass Pro Shops Marathon,"Springfield, MO USA","November 1, 2015","Clinton Petty (M49)
3:23:21 15 14 / 1 M45-49
3:03:47
BQ"
16,MIDD=2749151101,Bass Pro Shops Marathon,"Springfield, MO USA","November 1, 2015","Derek Rosbrugh (M25)
3:24:12 16 15 / 4 M0-24
3:24:12
 "
17,MIDD=2749151101,Bass Pro Shops Marathon,"Springfield, MO USA","November 1, 2015","Devra Gower (F38)
3:27:24 17 2 / 2 F35-39
3:20:48
BQ"
18,MIDD=2749151101,Bass Pro Shops Marathon,"Springfield, MO USA","November 1, 2015","Tad Savage (M49)
3:29:56 18 16 / 2 M45-49
3:09:44
 "
19,MIDD=2749151101,Bass Pro Shops Marathon,"Springfield, MO USA","November 1, 2015","Jamie Vest (M28)
3:30:36 19 17 / 1 Mpacer
3:30:36
 "
20,MIDD=2749151101,Bass Pro Shops Marathon,"Springfield, MO USA","November 1, 2015","Chris Johnston (M40)
3:31:47 20 18 / 5 M40-44
3:26:40
 "
21,MIDD=2749151101,Bass Pro Shops Marathon,"Springfield, MO USA","November 1, 2015","Nathan Bailey (M47)
3:31:53 21 19 / 3 M45-49
3:14:53
 "
22,MIDD=2749151101,Bass Pro Shops Marathon,"Springfield, MO USA","November 1, 2015","Michael Baggett (M28)
3:33:23 22 20 / 4 M25-29
3:33:23
 "
23,MIDD=2749151101,Bass Pro Shops Marathon,"Springfield, MO USA","November 1, 2015","Crissy Olander (F38)
3:33:56 23 3 / 3 F35-39
3:27:07
BQ"
24,MIDD=2749151101,Bass Pro Shops Marathon,"Springfield, MO USA","November 1, 2015","Greg Parker (M56)
3:33:59 24 21 / 1 M55-59
3:01:22
BQ"
25,MIDD=2749151101,Bass Pro Shops Marathon,"Springfield, MO USA","November 1, 2015","Paul Adler (M49)
3:34:03 25 22 / 4 M45-49
3:13:27
 "
26,MIDD=2749151101,Bass Pro Shops Marathon,"Springfield, MO USA","November 1, 2015","Bill Frazier (M53)
3:34:24 26 23 / 4 M50-54
3:06:53
 "
27,MIDD=2749151101,Bass Pro Shops Marathon,"Springfield, MO USA","November 1, 2015","Randy Collier (M58)
3:34:43 27 24 / 2 M55-59
2:58:33
BQ"
28,MIDD=2749151101,Bass Pro Shops Marathon,"Springfield, MO USA","November 1, 2015","Nick Bestgen (M35)
3:35:48 28 25 / 1 M35-39
3:35:48
 "
29,MIDD=2749151101,Bass Pro Shops Marathon,"Springfield, MO USA","November 1, 2015","Claudio Dinamarca (M42)
3:35:59 29 26 / 6 M40-44
3:27:19
 "
30,MIDD=2749151101,Bass Pro Shops Marathon,"Springfield, MO USA","November 1, 2015","Logan Davis (M26)
3:37:26 30 27 / 5 M25-29
3:37:26
 "
31,MIDD=2749151101,Bass Pro Shops Marathon,"Springfield, MO USA","November 1, 2015","Casey Murphy (M36)
3:38:53 31 28 / 2 M35-39
3:38:39
 "
32,MIDD=2749151101,Bass Pro Shops Marathon,"Springfield, MO USA","November 1, 2015","Kimberly Jacobs (F41)
3:39:09 32 4 / 1 F40-44
3:26:46
BQ"
33,MIDD=2749151101,Bass Pro Shops Marathon,"Springfield, MO USA","November 1, 2015","David Giles (M60)
3:39:21 33 29 / 1 M60-64
2:58:52
BQ"
34,MIDD=2749151101,Bass Pro Shops Marathon,"Springfield, MO USA","November 1, 2015","Lynne Collins (F41)
3:40:52 34 5 / 2 F40-44
3:28:23
BQ"
35,MIDD=2749151101,Bass Pro Shops Marathon,"Springfield, MO USA","November 1, 2015","James Pettit (M28)
3:41:14 35 30 / 6 M25-29
3:41:14
 "
36,MIDD=2749151101,Bass Pro Shops Marathon,"Springfield, MO USA","November 1, 2015","John Mostyn (M44)
3:41:47 36 31 / 7 M40-44
3:29:20
 "
37,MIDD=2749151101,Bass Pro Shops Marathon,"Springfield, MO USA","November 1, 2015","Viorel Sarabuna (M43)
3:42:10 37 32 / 8 M40-44
3:31:28
 "
38,MIDD=2749151101,Bass Pro Shops Marathon,"Springfield, MO USA","November 1, 2015","Peter Hill (M48)
3:42:39 38 33 / 5 M45-49
3:23:00
 "
39,MIDD=2749151101,Bass Pro Shops Marathon,"Springfield, MO USA","November 1, 2015","Karen McKinnis (F53)
3:43:11 39 6 / 1 F50-54
3:01:42
BQ"
40,MIDD=2749151101,Bass Pro Shops Marathon,"Springfield, MO USA","November 1, 2015","Nathan Olson (M43)
3:43:39 40 34 / 9 M40-44
3:32:53
 "
41,MIDD=2749151101,Bass Pro Shops Marathon,"Springfield, MO USA","November 1, 2015","Annette Peterson (F44)
3:44:43 41 7 / 3 F40-44
3:25:00
BQ"
42,MIDD=2749151101,Bass Pro Shops Marathon,"Springfield, MO USA","November 1, 2015","Chris Peterson (M45)
3:44:43 42 35 / 6 M45-49
3:30:17
 "
43,MIDD=2749151101,Bass Pro Shops Marathon,"Springfield, MO USA","November 1, 2015","Joshua Wilhelm (M31)
3:44:49 43 36 / 1 M30-34
3:44:49
 "
44,MIDD=2749151101,Bass Pro Shops Marathon,"Springfield, MO USA","November 1, 2015","Brian Wright (M38)
3:44:59 44 37 / 2 Mpacer
3:42:57
 "
45,MIDD=2749151101,Bass Pro Shops Marathon,"Springfield, MO USA","November 1, 2015","Brenda Maine (F49)
3:45:36 45 8 / 1 F45-49
3:13:31
BQ"
46,MIDD=2749151101,Bass Pro Shops Marathon,"Springfield, MO USA","November 1, 2015","Aaron Bean (M33)
3:46:56 46 38 / 2 M30-34
3:46:56
 "
47,MIDD=2749151101,Bass Pro Shops Marathon,"Springfield, MO USA","November 1, 2015","Shannon McFarland (F39)
3:47:02 47 9 / 4 F35-39
3:38:08
 "
48,MIDD=2749151101,Bass Pro Shops Marathon,"Springfield, MO USA","November 1, 2015","Andrew Phillips (M37)
3:47:51 48 39 / 3 M35-39
3:46:56
 "
49,MIDD=2749151101,Bass Pro Shops Marathon,"Springfield, MO USA","November 1, 2015","Tom Morrison (M60)
3:48:17 49 40 / 2 M60-64
3:06:09
BQ"
50,MIDD=2749151101,Bass Pro Shops Marathon,"Springfield, MO USA","November 1, 2015","Omar Williams (M48)
3:48:45 50 41 / 7 M45-49
3:28:34
 "
51,MIDD=2749151101,Bass Pro Shops Marathon,"Springfield, MO USA","November 1, 2015","Ron Renard (M48)
3:48:59 51 42 / 8 M45-49
3:28:47
 "
52,MIDD=2749151101,Bass Pro Shops Marathon,"Springfield, MO USA","November 1, 2015","Rosie Laughlin (F50)
3:49:46 52 10 / 2 F50-54
3:14:35
BQ"
53,MIDD=2749151101,Bass Pro Shops Marathon,"Springfield, MO USA","November 1, 2015","Masa Nambara (M37)
3:52:26 53 43 / 4 M35-39
3:51:30
 "
54,MIDD=2749151101,Bass Pro Shops Marathon,"Springfield, MO USA","November 1, 2015","Stephen Lee (M44)
3:52:35 54 44 / 10 M40-44
3:39:32
 "
55,MIDD=2749151101,Bass Pro Shops Marathon,"Springfield, MO USA","November 1, 2015","Emily Stephens (F21)
3:52:39 55 11 / 1 F0-24
3:52:39
 "
56,MIDD=2749151101,Bass Pro Shops Marathon,"Springfield, MO USA","November 1, 2015","William Roller (M61)
3:52:49 56 45 / 3 M60-64
3:07:59
BQ"
57,MIDD=2749151101,Bass Pro Shops Marathon,"Springfield, MO USA","November 1, 2015","Terry Murphy (M61)
3:53:44 57 46 / 4 M60-64
3:08:44
BQ"
58,MIDD=2749151101,Bass Pro Shops Marathon,"Springfield, MO USA","November 1, 2015","Vickie Bridges (F45)
3:54:09 58 12 / 2 F45-49
3:31:03
BQ"
59,MIDD=2749151101,Bass Pro Shops Marathon,"Springfield, MO USA","November 1, 2015","Keith Calhoun (M51)
3:54:36 59 47 / 5 M50-54
3:28:15
 "
60,MIDD=2749151101,Bass Pro Shops Marathon,"Springfield, MO USA","November 1, 2015","Jeff Daniels (M46)
3:56:32 60 48 / 9 M45-49
3:39:27
 "
61,MIDD=2749151101,Bass Pro Shops Marathon,"Springfield, MO USA","November 1, 2015","Aftan Bryant (F30)
3:57:25 61 13 / 1 F30-34
3:57:19
 "
62,MIDD=2749151101,Bass Pro Shops Marathon,"Springfield, MO USA","November 1, 2015","Hunter Lamoureux (M)
3:57:40 62 49 /   
 
 "
63,MIDD=2749151101,Bass Pro Shops Marathon,"Springfield, MO USA","November 1, 2015","John Wright (M46)
3:58:00 63 50 / 10 M45-49
3:40:48
 "
64,MIDD=2749151101,Bass Pro Shops Marathon,"Springfield, MO USA","November 1, 2015","Amy Edge (F26)
3:58:37 64 14 / 1 F25-29
3:58:37
 "
65,MIDD=2749151101,Bass Pro Shops Marathon,"Springfield, MO USA","November 1, 2015","Allyn Wollard (M64)
3:58:47 65 51 / 5 M60-64
3:07:05
 "
66,MIDD=2749151101,Bass Pro Shops Marathon,"Springfield, MO USA","November 1, 2015","Kathy Carroll (F55)
3:58:50 66 15 / 1 F55-59
3:09:15
BQ"
67,MIDD=2749151101,Bass Pro Shops Marathon,"Springfield, MO USA","November 1, 2015","Michael Brown (M48)
3:58:56 67 52 / 11 M45-49
3:37:51
 "
68,MIDD=2749151101,Bass Pro Shops Marathon,"Springfield, MO USA","November 1, 2015","Rachel Sweeney (F19)
3:59:15 68 16 / 2 F0-24
3:57:43
 "
69,MIDD=2749151101,Bass Pro Shops Marathon,"Springfield, MO USA","November 1, 2015","Shawn Roland (M37)
3:59:27 69 53 / 5 M35-39
3:58:29
 "
70,MIDD=2749151101,Bass Pro Shops Marathon,"Springfield, MO USA","November 1, 2015","Mark Reynolds (M36)
3:59:28 70 54 / 6 M35-39
3:59:13
 "
71,MIDD=2749151101,Bass Pro Shops Marathon,"Springfield, MO USA","November 1, 2015","Lindsay Sparks (F29)
3:59:45 71 17 / 2 F25-29
3:59:45
 "
72,MIDD=2749151101,Bass Pro Shops Marathon,"Springfield, MO USA","November 1, 2015","Kristin Stovern (F41)
4:00:02 72 18 / 4 F40-44
3:46:28
 "
73,MIDD=2749151101,Bass Pro Shops Marathon,"Springfield, MO USA","November 1, 2015","Jeffrey Jones (M35)
4:00:02 73 55 / 3 Mpacer
4:00:02
 "
74,MIDD=2749151101,Bass Pro Shops Marathon,"Springfield, MO USA","November 1, 2015","Lynette Cummings (F48)
4:00:07 74 19 / 3 F45-49
3:28:35
 "
75,MIDD=2749151101,Bass Pro Shops Marathon,"Springfield, MO USA","November 1, 2015","Christine Harkey (F26)
4:01:51 75 20 / 3 F25-29
4:01:51
 "
76,MIDD=2749151101,Bass Pro Shops Marathon,"Springfield, MO USA","November 1, 2015","Matt Campbell (M31)
4:02:31 76 56 / 3 M30-34
4:02:31
 "
77,MIDD=2749151101,Bass Pro Shops Marathon,"Springfield, MO USA","November 1, 2015","Mickey Replogle (M44)
4:03:32 77 57 / 11 M40-44
3:49:52
 "
78,MIDD=2749151101,Bass Pro Shops Marathon,"Springfield, MO USA","November 1, 2015","Mary Rhymer (F57)
4:03:37 78 21 / 2 F55-59
3:07:43
BQ"
79,MIDD=2749151101,Bass Pro Shops Marathon,"Springfield, MO USA","November 1, 2015","Melissa Martinez (F44)
4:03:47 79 22 / 5 F40-44
3:42:24
 "
80,MIDD=2749151101,Bass Pro Shops Marathon,"Springfield, MO USA","November 1, 2015","Howard Simmons (M42)
4:04:31 80 58 / 12 M40-44
3:54:42
 "
81,MIDD=2749151101,Bass Pro Shops Marathon,"Springfield, MO USA","November 1, 2015","Jason Barnhouse (M41)
4:04:55 81 59 / 13 M40-44
3:57:03
 "
82,MIDD=2749151101,Bass Pro Shops Marathon,"Springfield, MO USA","November 1, 2015","Bobby Kaljumaa (M32)
4:05:44 82 60 / 4 M30-34
4:05:44
 "
83,MIDD=2749151101,Bass Pro Shops Marathon,"Springfield, MO USA","November 1, 2015","Chris Waggoner (M38)
4:05:50 83 61 / 7 M35-39
4:03:37
 "
84,MIDD=2749151101,Bass Pro Shops Marathon,"Springfield, MO USA","November 1, 2015","Josh Martin (M31)
4:06:08 84 62 / 5 M30-34
4:06:08
 "
85,MIDD=2749151101,Bass Pro Shops Marathon,"Springfield, MO USA","November 1, 2015","Jennifer Campbell (F32)
4:06:08 85 23 / 2 F30-34
4:05:16
 "
86,MIDD=2749151101,Bass Pro Shops Marathon,"Springfield, MO USA","November 1, 2015","Kevin M. Alba (M50)
4:06:13 86 63 / 6 M50-54
3:40:32
 "
87,MIDD=2749151101,Bass Pro Shops Marathon,"Springfield, MO USA","November 1, 2015","Nancy Heape (F49)
4:06:44 87 24 / 4 F45-49
3:31:38
 "
88,MIDD=2749151101,Bass Pro Shops Marathon,"Springfield, MO USA","November 1, 2015","Aaron Matkowski (M44)
4:07:19 88 64 / 14 M40-44
3:53:26
 "
89,MIDD=2749151101,Bass Pro Shops Marathon,"Springfield, MO USA","November 1, 2015","Matt Harrison (M36)
4:07:43 89 65 / 8 M35-39
4:07:28
 "
90,MIDD=2749151101,Bass Pro Shops Marathon,"Springfield, MO USA","November 1, 2015","Dan Wells (M51)
4:08:48 90 66 / 7 M50-54
3:40:51
 "
91,MIDD=2749151101,Bass Pro Shops Marathon,"Springfield, MO USA","November 1, 2015","Steven Pounds (M33)
4:09:03 91 67 / 6 M30-34
4:09:03
 "
92,MIDD=2749151101,Bass Pro Shops Marathon,"Springfield, MO USA","November 1, 2015","Houston Wolf (M52)
4:09:34 92 68 / 4 Mpacer
3:39:32
 "
93,MIDD=2749151101,Bass Pro Shops Marathon,"Springfield, MO USA","November 1, 2015","Tyler Gant (M31)
4:10:00 93 69 / 7 M30-34
4:10:00
 "
94,MIDD=2749151101,Bass Pro Shops Marathon,"Springfield, MO USA","November 1, 2015","Greg Eichmeyer (M30)
4:10:19 94 70 / 8 M30-34
4:10:19
 "
95,MIDD=2749151101,Bass Pro Shops Marathon,"Springfield, MO USA","November 1, 2015","Doug Hopkins (M51)
4:10:29 95 71 / 8 M50-54
3:42:21
 "
96,MIDD=2749151101,Bass Pro Shops Marathon,"Springfield, MO USA","November 1, 2015","Allison Hubbard (F25)
4:10:44 96 25 / 3 F0-24
4:10:44
 "
97,MIDD=2749151101,Bass Pro Shops Marathon,"Springfield, MO USA","November 1, 2015","Kris Lowry (M37)
4:11:20 97 72 / 9 M35-39
4:10:19
 "
98,MIDD=2749151101,Bass Pro Shops Marathon,"Springfield, MO USA","November 1, 2015","Jackie McClure (F37)
4:11:22 98 26 / 5 F35-39
4:05:03
 "
99,MIDD=2749151101,Bass Pro Shops Marathon,"Springfield, MO USA","November 1, 2015","Jake Knight (M26)
4:11:31 99 73 / 7 M25-29
4:11:31
 "
100,MIDD=2749151101,Bass Pro Shops Marathon,"Springfield, MO USA","November 1, 2015","James Debartolo (M52)
4:11:33 100 74 / 9 M50-54
3:41:17
 "
101,MIDD=2749151101,Bass Pro Shops Marathon,"Springfield, MO USA","November 1, 2015","Sue Debartolo (F51)
4:11:33 101 27 / 3 F50-54
3:30:17
 "
102,MIDD=2749151101,Bass Pro Shops Marathon,"Springfield, MO USA","November 1, 2015","Wes Sutton (M39)
4:12:08 102 75 / 10 M35-39
4:08:05
 "
103,MIDD=2749151101,Bass Pro Shops Marathon,"Springfield, MO USA","November 1, 2015","Gabriel Allen (M41)
4:12:08 103 76 / 15 M40-44
4:04:02
 "
104,MIDD=2749151101,Bass Pro Shops Marathon,"Springfield, MO USA","November 1, 2015","Giacomo Bologna (M23)
4:12:23 104 77 / 5 M0-24
4:12:23
 "
105,MIDD=2749151101,Bass Pro Shops Marathon,"Springfield, MO USA","November 1, 2015","Andrew Odle (M21)
4:12:35 105 78 / 6 M0-24
4:11:26
 "
106,MIDD=2749151101,Bass Pro Shops Marathon,"Springfield, MO USA","November 1, 2015","Aaron Miller (M42)
4:12:46 106 79 / 16 M40-44
4:02:37
 "
107,MIDD=2749151101,Bass Pro Shops Marathon,"Springfield, MO USA","November 1, 2015","Sherry Wilson (F43)
4:13:15 107 28 / 6 F40-44
3:53:48
 "
108,MIDD=2749151101,Bass Pro Shops Marathon,"Springfield, MO USA","November 1, 2015","Heather Scarano (F33)
4:14:47 108 29 / 3 F30-34
4:13:10
 "
109,MIDD=2749151101,Bass Pro Shops Marathon,"Springfield, MO USA","November 1, 2015","Steve Barrow (M61)
4:14:49 109 80 / 6 M60-64
3:25:45
 "
110,MIDD=2749151101,Bass Pro Shops Marathon,"Springfield, MO USA","November 1, 2015","Brittany Kincheloe (F29)
4:15:10 110 30 / 4 F25-29
4:15:10
 "
111,MIDD=2749151101,Bass Pro Shops Marathon,"Springfield, MO USA","November 1, 2015","Katie Underhill (F30)
4:15:16 111 31 / 4 F30-34
4:15:09
 "
112,MIDD=2749151101,Bass Pro Shops Marathon,"Springfield, MO USA","November 1, 2015","Xiaofei Song (F25)
4:15:40 112 32 / 4 F0-24
4:15:40
 "
113,MIDD=2749151101,Bass Pro Shops Marathon,"Springfield, MO USA","November 1, 2015","Hannah Watkins (F)
4:17:01 113 33 /   
 
 "
114,MIDD=2749151101,Bass Pro Shops Marathon,"Springfield, MO USA","November 1, 2015","Megan James (F26)
4:17:01 114 34 / 5 F25-29
4:17:01
 "
115,MIDD=2749151101,Bass Pro Shops Marathon,"Springfield, MO USA","November 1, 2015","Cassie Donahue (F22)
4:17:10 115 35 / 5 F0-24
4:17:10
 "
116,MIDD=2749151101,Bass Pro Shops Marathon,"Springfield, MO USA","November 1, 2015","James Smith (M56)
4:17:11 116 81 / 3 M55-59
3:37:59
 "
117,MIDD=2749151101,Bass Pro Shops Marathon,"Springfield, MO USA","November 1, 2015","Chad Johnson (M37)
4:17:14 117 82 / 11 M35-39
4:16:12
 "
118,MIDD=2749151101,Bass Pro Shops Marathon,"Springfield, MO USA","November 1, 2015","Sol Peterman (F50)
4:17:29 118 36 / 4 F50-54
3:38:03
 "
119,MIDD=2749151101,Bass Pro Shops Marathon,"Springfield, MO USA","November 1, 2015","Jeff Williams (M48)
4:17:47 119 83 / 12 M45-49
3:55:02
 "
120,MIDD=2749151101,Bass Pro Shops Marathon,"Springfield, MO USA","November 1, 2015","Thomas Okazaki (M58)
4:18:23 120 84 / 4 M55-59
3:34:52
 "
121,MIDD=2749151101,Bass Pro Shops Marathon,"Springfield, MO USA","November 1, 2015","Shannon Butcher (F36)
4:18:29 121 37 / 6 F35-39
4:13:31
 "
122,MIDD=2749151101,Bass Pro Shops Marathon,"Springfield, MO USA","November 1, 2015","Terri Bray (F47)
4:18:44 122 38 / 5 F45-49
3:47:34
 "
123,MIDD=2749151101,Bass Pro Shops Marathon,"Springfield, MO USA","November 1, 2015","Micah Bechard (M32)
4:19:46 123 85 / 9 M30-34
4:19:46
 "
124,MIDD=2749151101,Bass Pro Shops Marathon,"Springfield, MO USA","November 1, 2015","Harold Holiway (M35)
4:19:50 124 86 / 12 M35-39
4:19:50
 "
125,MIDD=2749151101,Bass Pro Shops Marathon,"Springfield, MO USA","November 1, 2015","Cathie Koss (F49)
4:20:03 125 39 / 6 F45-49
3:43:04
 "
126,MIDD=2749151101,Bass Pro Shops Marathon,"Springfield, MO USA","November 1, 2015","David Murphy (M43)
4:20:09 126 87 / 5 Mpacer
4:07:38
 "
127,MIDD=2749151101,Bass Pro Shops Marathon,"Springfield, MO USA","November 1, 2015","Matt Rold (M41)
4:20:19 127 88 / 17 M40-44
4:11:57
 "
128,MIDD=2749151101,Bass Pro Shops Marathon,"Springfield, MO USA","November 1, 2015","Jackie Rehwald (F41)
4:20:25 128 40 / 7 F40-44
4:05:42
 "
129,MIDD=2749151101,Bass Pro Shops Marathon,"Springfield, MO USA","November 1, 2015","Craig Ernsting (M47)
4:21:30 129 89 / 13 M45-49
4:00:31
 "
130,MIDD=2749151101,Bass Pro Shops Marathon,"Springfield, MO USA","November 1, 2015","Michael Hawkins (M56)
4:21:33 130 90 / 5 M55-59
3:41:41
 "
131,MIDD=2749151101,Bass Pro Shops Marathon,"Springfield, MO USA","November 1, 2015","Sadie Payne (F26)
4:22:10 131 41 / 6 F25-29
4:22:10
 "
132,MIDD=2749151101,Bass Pro Shops Marathon,"Springfield, MO USA","November 1, 2015","Nathan Goad (M41)
4:22:42 132 91 / 18 M40-44
4:14:16
 "
133,MIDD=2749151101,Bass Pro Shops Marathon,"Springfield, MO USA","November 1, 2015","Jim Speights (M57)
4:23:40 133 92 / 6 M55-59
3:41:22
 "
134,MIDD=2749151101,Bass Pro Shops Marathon,"Springfield, MO USA","November 1, 2015","Chris Tallman (M48)
4:23:51 134 93 / 14 M45-49
4:00:34
 "
135,MIDD=2749151101,Bass Pro Shops Marathon,"Springfield, MO USA","November 1, 2015","Richard Friedrichsen (M73)
4:24:26 135 94 / 1 M70-74
3:07:30
BQ"
136,MIDD=2749151101,Bass Pro Shops Marathon,"Springfield, MO USA","November 1, 2015","Dustin Willander (M32)
4:24:27 136 95 / 10 M30-34
4:24:27
 "
137,MIDD=2749151101,Bass Pro Shops Marathon,"Springfield, MO USA","November 1, 2015","Tammy Caldwell (F50)
4:24:50 137 42 / 5 F50-54
3:44:17
 "
138,MIDD=2749151101,Bass Pro Shops Marathon,"Springfield, MO USA","November 1, 2015","Chris Bauman (M49)
4:25:35 138 96 / 15 M45-49
4:00:02
 "
139,MIDD=2749151101,Bass Pro Shops Marathon,"Springfield, MO USA","November 1, 2015","Grant McCune (M45)
4:25:37 139 97 / 16 M45-49
4:08:33
 "
140,MIDD=2749151101,Bass Pro Shops Marathon,"Springfield, MO USA","November 1, 2015","Jimmy Weatherford (M48)
4:25:55 140 98 / 17 M45-49
4:02:27
 "
141,MIDD=2749151101,Bass Pro Shops Marathon,"Springfield, MO USA","November 1, 2015","Chris Sweet (M50)
4:25:56 141 99 / 10 M50-54
3:58:11
 "
142,MIDD=2749151101,Bass Pro Shops Marathon,"Springfield, MO USA","November 1, 2015","Lyndon Kellogg (M65)
4:26:45 142 100 / 1 M65-69
3:26:50
 "
143,MIDD=2749151101,Bass Pro Shops Marathon,"Springfield, MO USA","November 1, 2015","Patty Powell (F53)
4:26:49 143 43 / 6 F50-54
3:37:14
 "
144,MIDD=2749151101,Bass Pro Shops Marathon,"Springfield, MO USA","November 1, 2015","Christopher Davis (M31)
4:27:37 144 101 / 11 M30-34
4:27:37
 "
145,MIDD=2749151101,Bass Pro Shops Marathon,"Springfield, MO USA","November 1, 2015","Tony Allison (M60)
4:27:44 145 102 / 7 M60-64
3:38:20
 "
146,MIDD=2749151101,Bass Pro Shops Marathon,"Springfield, MO USA","November 1, 2015","Christy Stillwell (F45)
4:28:33 146 44 / 1 Fpacer
4:02:04
 "
147,MIDD=2749151101,Bass Pro Shops Marathon,"Springfield, MO USA","November 1, 2015","Shelly Mack (F48)
4:28:47 147 45 / 7 F45-49
3:53:29
 "
148,MIDD=2749151101,Bass Pro Shops Marathon,"Springfield, MO USA","November 1, 2015","Rob Cantwell (M33)
4:28:50 148 103 / 12 M30-34
4:28:50
 "
149,MIDD=2749151101,Bass Pro Shops Marathon,"Springfield, MO USA","November 1, 2015","Travis Brawner (M38)
4:28:54 149 104 / 13 M35-39
4:26:28
 "
150,MIDD=2749151101,Bass Pro Shops Marathon,"Springfield, MO USA","November 1, 2015","Shaun Black (M37)
4:30:40 150 105 / 14 M35-39
4:29:35
 "
151,MIDD=2749151101,Bass Pro Shops Marathon,"Springfield, MO USA","November 1, 2015","Melissa Ross (F43)
4:31:26 151 46 / 8 F40-44
4:10:35
 "
152,MIDD=2749151101,Bass Pro Shops Marathon,"Springfield, MO USA","November 1, 2015","Jake Middleton (M23)
4:31:27 152 106 / 7 M0-24
4:31:27
 "
153,MIDD=2749151101,Bass Pro Shops Marathon,"Springfield, MO USA","November 1, 2015","Erin Truitt (F33)
4:32:11 153 47 / 5 F30-34
4:30:28
 "
154,MIDD=2749151101,Bass Pro Shops Marathon,"Springfield, MO USA","November 1, 2015","D Fred Peterson (M74)
4:32:56 154 107 / 2 M70-74
3:10:46
 "
155,MIDD=2749151101,Bass Pro Shops Marathon,"Springfield, MO USA","November 1, 2015","Cord Leonhardt (M45)
4:33:20 155 108 / 18 M45-49
4:15:47
 "
156,MIDD=2749151101,Bass Pro Shops Marathon,"Springfield, MO USA","November 1, 2015","Dwayne Walsh (M48)
4:33:38 156 109 / 19 M45-49
4:09:29
 "
157,MIDD=2749151101,Bass Pro Shops Marathon,"Springfield, MO USA","November 1, 2015","Sherri Roberts (F41)
4:33:43 157 48 / 9 F40-44
4:18:15
 "
158,MIDD=2749151101,Bass Pro Shops Marathon,"Springfield, MO USA","November 1, 2015","Kristen Bright (F35)
4:33:43 158 49 / 7 F35-39
4:29:51
 "
159,MIDD=2749151101,Bass Pro Shops Marathon,"Springfield, MO USA","November 1, 2015","Sarah Bradley (F57)
4:34:41 159 50 / 3 F55-59
3:31:40
 "
160,MIDD=2749151101,Bass Pro Shops Marathon,"Springfield, MO USA","November 1, 2015","Michael Still (M32)
4:34:50 160 110 / 13 M30-34
4:34:50
 "
161,MIDD=2749151101,Bass Pro Shops Marathon,"Springfield, MO USA","November 1, 2015","Kathy Moore (F48)
4:35:16 161 51 / 8 F45-49
3:59:07
 "
162,MIDD=2749151101,Bass Pro Shops Marathon,"Springfield, MO USA","November 1, 2015","Troy Moore (M51)
4:35:16 162 111 / 11 M50-54
4:04:21
 "
163,MIDD=2749151101,Bass Pro Shops Marathon,"Springfield, MO USA","November 1, 2015","Joshua Hart (M32)
4:35:57 163 112 / 14 M30-34
4:35:57
 "
164,MIDD=2749151101,Bass Pro Shops Marathon,"Springfield, MO USA","November 1, 2015","Lindy Emmert (F47)
4:36:03 164 52 / 9 F45-49
4:02:48
 "
165,MIDD=2749151101,Bass Pro Shops Marathon,"Springfield, MO USA","November 1, 2015","Connie Wilkinson (F50)
4:36:03 165 53 / 7 F50-54
3:53:47
 "
166,MIDD=2749151101,Bass Pro Shops Marathon,"Springfield, MO USA","November 1, 2015","Patricia Holiway (F32)
4:36:27 166 54 / 6 F30-34
4:35:28
 "
167,MIDD=2749151101,Bass Pro Shops Marathon,"Springfield, MO USA","November 1, 2015","Andy Cloud (M38)
4:36:38 167 113 / 15 M35-39
4:34:08
 "
168,MIDD=2749151101,Bass Pro Shops Marathon,"Springfield, MO USA","November 1, 2015","Andrew Farmer (M40)
4:36:42 168 114 / 19 M40-44
4:30:01
 "
169,MIDD=2749151101,Bass Pro Shops Marathon,"Springfield, MO USA","November 1, 2015","Miles Christiansen (M47)
4:37:13 169 115 / 20 M45-49
4:14:59
 "
170,MIDD=2749151101,Bass Pro Shops Marathon,"Springfield, MO USA","November 1, 2015","Bethany Martin (F31)
4:37:23 170 55 / 7 F30-34
4:36:56
 "
171,MIDD=2749151101,Bass Pro Shops Marathon,"Springfield, MO USA","November 1, 2015","Jenn Conway (F29)
4:37:47 171 56 / 7 F25-29
4:37:47
 "
172,MIDD=2749151101,Bass Pro Shops Marathon,"Springfield, MO USA","November 1, 2015","Cathy Hawkins (F51)
4:37:48 172 57 / 8 F50-54
3:52:14
 "
173,MIDD=2749151101,Bass Pro Shops Marathon,"Springfield, MO USA","November 1, 2015","Krystal Hash (F28)
4:37:56 173 58 / 8 F25-29
4:37:56
 "
174,MIDD=2749151101,Bass Pro Shops Marathon,"Springfield, MO USA","November 1, 2015","Abel Hagan (M39)
4:37:59 174 116 / 16 M35-39
4:33:32
 "
175,MIDD=2749151101,Bass Pro Shops Marathon,"Springfield, MO USA","November 1, 2015","Karen Westerby (F50)
4:38:18 175 59 / 9 F50-54
3:55:41
 "
176,MIDD=2749151101,Bass Pro Shops Marathon,"Springfield, MO USA","November 1, 2015","Jason Wead (M37)
4:38:19 176 117 / 17 M35-39
4:37:12
 "
177,MIDD=2749151101,Bass Pro Shops Marathon,"Springfield, MO USA","November 1, 2015","Keith Doyle (M50)
4:38:21 177 118 / 12 M50-54
4:09:19
 "
178,MIDD=2749151101,Bass Pro Shops Marathon,"Springfield, MO USA","November 1, 2015","Scott Benson (M36)
4:39:23 178 119 / 18 M35-39
4:39:06
 "
179,MIDD=2749151101,Bass Pro Shops Marathon,"Springfield, MO USA","November 1, 2015","Alexandra Yarke (F45)
4:39:23 179 60 / 10 F45-49
4:11:50
 "
180,MIDD=2749151101,Bass Pro Shops Marathon,"Springfield, MO USA","November 1, 2015","Gary Wheat (M69)
4:39:55 180 120 / 2 M65-69
3:28:05
 "
181,MIDD=2749151101,Bass Pro Shops Marathon,"Springfield, MO USA","November 1, 2015","Jordan Whanger (F24)
4:40:48 181 61 / 6 F0-24
4:40:48
 "
182,MIDD=2749151101,Bass Pro Shops Marathon,"Springfield, MO USA","November 1, 2015","Amy Allison (F51)
4:41:01 182 62 / 10 F50-54
3:54:55
 "
183,MIDD=2749151101,Bass Pro Shops Marathon,"Springfield, MO USA","November 1, 2015","Jane Beckman (F55)
4:41:23 183 63 / 4 F55-59
3:42:58
 "
184,MIDD=2749151101,Bass Pro Shops Marathon,"Springfield, MO USA","November 1, 2015","Joe Lawler (M35)
4:41:28 184 121 / 19 M35-39
4:41:28
 "
185,MIDD=2749151101,Bass Pro Shops Marathon,"Springfield, MO USA","November 1, 2015","Michael Blinzler (M52)
4:41:52 185 122 / 13 M50-54
4:07:57
 "
186,MIDD=2749151101,Bass Pro Shops Marathon,"Springfield, MO USA","November 1, 2015","Joe Ripple (M53)
4:41:56 186 123 / 14 M50-54
4:05:45
 "
187,MIDD=2749151101,Bass Pro Shops Marathon,"Springfield, MO USA","November 1, 2015","Brad Vestal (M40)
4:42:23 187 124 / 20 M40-44
4:35:34
 "
188,MIDD=2749151101,Bass Pro Shops Marathon,"Springfield, MO USA","November 1, 2015","Ken Chappell (M47)
4:42:24 188 125 / 21 M45-49
4:19:45
 "
189,MIDD=2749151101,Bass Pro Shops Marathon,"Springfield, MO USA","November 1, 2015","Corey Cowan (M35)
4:42:37 189 126 / 20 M35-39
4:42:37
 "
190,MIDD=2749151101,Bass Pro Shops Marathon,"Springfield, MO USA","November 1, 2015","Matt Brewer (M32)
4:43:05 190 127 / 15 M30-34
4:43:05
 "
191,MIDD=2749151101,Bass Pro Shops Marathon,"Springfield, MO USA","November 1, 2015","Terri Miller (F44)
4:43:08 191 64 / 10 F40-44
4:18:18
 "
192,MIDD=2749151101,Bass Pro Shops Marathon,"Springfield, MO USA","November 1, 2015","Greg Mitchell (M43)
4:43:48 192 128 / 21 M40-44
4:30:08
 "
193,MIDD=2749151101,Bass Pro Shops Marathon,"Springfield, MO USA","November 1, 2015","Jason Davis (M41)
4:44:08 193 129 / 22 M40-44
4:35:00
 "
194,MIDD=2749151101,Bass Pro Shops Marathon,"Springfield, MO USA","November 1, 2015","Beth Meyers (F49)
4:44:29 194 65 / 11 F45-49
4:04:01
 "
195,MIDD=2749151101,Bass Pro Shops Marathon,"Springfield, MO USA","November 1, 2015","Mark Fetters (M50)
4:44:55 195 130 / 15 M50-54
4:15:11
 "
196,MIDD=2749151101,Bass Pro Shops Marathon,"Springfield, MO USA","November 1, 2015","Mary Vogel (F26)
4:45:20 196 66 / 9 F25-29
4:45:20
 "
197,MIDD=2749151101,Bass Pro Shops Marathon,"Springfield, MO USA","November 1, 2015","Lacey Carter (F26)
4:45:35 197 67 / 10 F25-29
4:45:35
 "
198,MIDD=2749151101,Bass Pro Shops Marathon,"Springfield, MO USA","November 1, 2015","Ken Fattmann (M60)
4:46:01 198 131 / 8 M60-64
3:53:14
 "
199,MIDD=2749151101,Bass Pro Shops Marathon,"Springfield, MO USA","November 1, 2015","Ron Boyer (M68)
4:46:20 199 132 / 3 M65-69
3:35:09
 "
200,MIDD=2749151101,Bass Pro Shops Marathon,"Springfield, MO USA","November 1, 2015","Sonia De Fr Gomes (F54)
4:46:25 200 68 / 11 F50-54
3:50:04
 "
201,MIDD=2749151101,Bass Pro Shops Marathon,"Springfield, MO USA","November 1, 2015","Nancy Propst (F42)
4:46:32 201 69 / 11 F40-44
4:27:32
 "
202,MIDD=2749151101,Bass Pro Shops Marathon,"Springfield, MO USA","November 1, 2015","Stacie Vestal (F39)
4:46:33 202 70 / 8 F35-39
4:35:19
 "
203,MIDD=2749151101,Bass Pro Shops Marathon,"Springfield, MO USA","November 1, 2015","Randall Jones (M48)
4:46:33 203 133 / 22 M45-49
4:21:16
 "
204,MIDD=2749151101,Bass Pro Shops Marathon,"Springfield, MO USA","November 1, 2015","David Williams (M43)
4:48:08 204 134 / 23 M40-44
4:34:16
 "
205,MIDD=2749151101,Bass Pro Shops Marathon,"Springfield, MO USA","November 1, 2015","Sue Johnson (F60)
4:48:08 205 71 / 1 F60-64
3:32:33
 "
206,MIDD=2749151101,Bass Pro Shops Marathon,"Springfield, MO USA","November 1, 2015","Diana Thomas (F36)
4:48:08 206 72 / 9 F35-39
4:42:36
 "
207,MIDD=2749151101,Bass Pro Shops Marathon,"Springfield, MO USA","November 1, 2015","Tj Fazio (M32)
4:48:11 207 135 / 16 M30-34
4:48:11
 "
208,MIDD=2749151101,Bass Pro Shops Marathon,"Springfield, MO USA","November 1, 2015","Rebecca Shawhan (F51)
4:48:37 208 73 / 12 F50-54
4:01:17
 "
209,MIDD=2749151101,Bass Pro Shops Marathon,"Springfield, MO USA","November 1, 2015","Damon Jones (M52)
4:49:27 209 136 / 16 M50-54
4:14:37
 "
210,MIDD=2749151101,Bass Pro Shops Marathon,"Springfield, MO USA","November 1, 2015","Heather Miller (F42)
4:49:43 210 74 / 12 F40-44
4:30:30
 "
211,MIDD=2749151101,Bass Pro Shops Marathon,"Springfield, MO USA","November 1, 2015","Angela Martin (F46)
4:50:34 211 75 / 12 F45-49
4:18:44
 "
212,MIDD=2749151101,Bass Pro Shops Marathon,"Springfield, MO USA","November 1, 2015","Debbe Wilson (F56)
4:52:06 212 76 / 5 F55-59
3:48:16
 "
213,MIDD=2749151101,Bass Pro Shops Marathon,"Springfield, MO USA","November 1, 2015","Leilani Castleman (F33)
4:52:28 213 77 / 8 F30-34
4:50:37
 "
214,MIDD=2749151101,Bass Pro Shops Marathon,"Springfield, MO USA","November 1, 2015","Stephanie Lashley (F33)
4:53:02 214 78 / 9 F30-34
4:51:11
 "
215,MIDD=2749151101,Bass Pro Shops Marathon,"Springfield, MO USA","November 1, 2015","Shandi Brinkman (F33)
4:53:02 215 79 / 10 F30-34
4:51:11
 "
216,MIDD=2749151101,Bass Pro Shops Marathon,"Springfield, MO USA","November 1, 2015","Allen Brinkman (M36)
4:53:02 216 137 / 21 M35-39
4:52:44
 "
217,MIDD=2749151101,Bass Pro Shops Marathon,"Springfield, MO USA","November 1, 2015","Aaron Ramsey (M34)
4:54:10 217 138 / 17 M30-34
4:54:10
 "
218,MIDD=2749151101,Bass Pro Shops Marathon,"Springfield, MO USA","November 1, 2015","Mark Pilgrim (M37)
4:54:50 218 139 / 22 M35-39
4:53:39
 "
219,MIDD=2749151101,Bass Pro Shops Marathon,"Springfield, MO USA","November 1, 2015","Joe Bryant (M64)
4:55:48 219 140 / 9 M60-64
3:51:45
 "
220,MIDD=2749151101,Bass Pro Shops Marathon,"Springfield, MO USA","November 1, 2015","Kk Cameron (F41)
4:55:56 220 80 / 13 F40-44
4:39:12
 "
221,MIDD=2749151101,Bass Pro Shops Marathon,"Springfield, MO USA","November 1, 2015","Larry Buske (M45)
4:56:14 221 141 / 23 M45-49
4:37:12
 "
222,MIDD=2749151101,Bass Pro Shops Marathon,"Springfield, MO USA","November 1, 2015","Meghan Roeto (F37)
4:57:01 222 81 / 10 F35-39
4:49:33
 "
223,MIDD=2749151101,Bass Pro Shops Marathon,"Springfield, MO USA","November 1, 2015","Rene Veliz (M39)
4:57:03 223 142 / 23 M35-39
4:52:17
 "
224,MIDD=2749151101,Bass Pro Shops Marathon,"Springfield, MO USA","November 1, 2015","Sharla Mathes (F38)
4:57:13 224 82 / 11 F35-39
4:47:45
 "
225,MIDD=2749151101,Bass Pro Shops Marathon,"Springfield, MO USA","November 1, 2015","Dawn Dillon (F40)
4:57:14 225 83 / 14 F40-44
4:43:08
 "
226,MIDD=2749151101,Bass Pro Shops Marathon,"Springfield, MO USA","November 1, 2015","Ian Casler (M33)
4:57:16 226 143 / 18 M30-34
4:57:16
 "
227,MIDD=2749151101,Bass Pro Shops Marathon,"Springfield, MO USA","November 1, 2015","Jamie Smith (M44)
4:58:37 227 144 / 24 M40-44
4:41:51
 "
228,MIDD=2749151101,Bass Pro Shops Marathon,"Springfield, MO USA","November 1, 2015","Domitilia Dos Santos (F60)
4:58:56 228 84 / 2 F60-64
3:40:31
 "
229,MIDD=2749151101,Bass Pro Shops Marathon,"Springfield, MO USA","November 1, 2015","Terri Hughes (F54)
4:59:14 229 85 / 13 F50-54
4:00:22
 "
230,MIDD=2749151101,Bass Pro Shops Marathon,"Springfield, MO USA","November 1, 2015","Erica Revell (F21)
4:59:36 230 86 / 7 F0-24
4:59:36
 "
231,MIDD=2749151101,Bass Pro Shops Marathon,"Springfield, MO USA","November 1, 2015","Britney Davis (F25)
5:00:54 231 87 / 8 F0-24
5:00:54
 "
232,MIDD=2749151101,Bass Pro Shops Marathon,"Springfield, MO USA","November 1, 2015","Mona Canaday (F59)
5:01:13 232 88 / 6 F55-59
3:45:33
 "
233,MIDD=2749151101,Bass Pro Shops Marathon,"Springfield, MO USA","November 1, 2015","Melanie Cook (F35)
5:01:50 233 89 / 12 F35-39
4:57:34
 "
234,MIDD=2749151101,Bass Pro Shops Marathon,"Springfield, MO USA","November 1, 2015","Doug Cook (M42)
5:01:50 234 145 / 25 M40-44
4:49:43
 "
235,MIDD=2749151101,Bass Pro Shops Marathon,"Springfield, MO USA","November 1, 2015","Regina Lyons (F28)
5:02:15 235 90 / 11 F25-29
5:02:15
 "
236,MIDD=2749151101,Bass Pro Shops Marathon,"Springfield, MO USA","November 1, 2015","Emily Taylor (F26)
5:03:25 236 91 / 12 F25-29
5:03:25
 "
237,MIDD=2749151101,Bass Pro Shops Marathon,"Springfield, MO USA","November 1, 2015","Betsy Shipley (F30)
5:03:42 237 92 / 11 F30-34
5:03:34
 "
238,MIDD=2749151101,Bass Pro Shops Marathon,"Springfield, MO USA","November 1, 2015","Sean Martin (M29)
5:04:49 238 146 / 8 M25-29
5:04:49
 "
239,MIDD=2749151101,Bass Pro Shops Marathon,"Springfield, MO USA","November 1, 2015","Caitlin Smith (F23)
5:07:35 239 93 / 9 F0-24
5:07:35
 "
240,MIDD=2749151101,Bass Pro Shops Marathon,"Springfield, MO USA","November 1, 2015","Jennelle Knight (F26)
5:08:35 240 94 / 13 F25-29
5:08:35
 "
241,MIDD=2749151101,Bass Pro Shops Marathon,"Springfield, MO USA","November 1, 2015","Angie Vincent (F46)
5:09:05 241 95 / 13 F45-49
4:35:14
 "
242,MIDD=2749151101,Bass Pro Shops Marathon,"Springfield, MO USA","November 1, 2015","Liz Colvin (F32)
5:09:18 242 96 / 12 F30-34
5:08:13
 "
243,MIDD=2749151101,Bass Pro Shops Marathon,"Springfield, MO USA","November 1, 2015","Craig Titus (M34)
5:09:21 243 147 / 19 M30-34
5:09:21
 "
244,MIDD=2749151101,Bass Pro Shops Marathon,"Springfield, MO USA","November 1, 2015","Stacey Adams (F34)
5:10:47 244 97 / 13 F30-34
5:07:44
 "
245,MIDD=2749151101,Bass Pro Shops Marathon,"Springfield, MO USA","November 1, 2015","Elizabeth Barker (F42)
5:10:50 245 98 / 15 F40-44
4:50:13
 "
246,MIDD=2749151101,Bass Pro Shops Marathon,"Springfield, MO USA","November 1, 2015","Brett Sterley (M47)
5:10:59 246 148 / 24 M45-49
4:46:02
 "
247,MIDD=2749151101,Bass Pro Shops Marathon,"Springfield, MO USA","November 1, 2015","Stacey Nielsen (F44)
5:11:09 247 99 / 16 F40-44
4:43:51
 "
248,MIDD=2749151101,Bass Pro Shops Marathon,"Springfield, MO USA","November 1, 2015","Mehl Maigi (F24)
5:13:09 248 100 / 10 F0-24
5:13:09
 "
249,MIDD=2749151101,Bass Pro Shops Marathon,"Springfield, MO USA","November 1, 2015","Clint Burch (M34)
5:15:47 249 149 / 20 M30-34
5:15:47
 "
250,MIDD=2749151101,Bass Pro Shops Marathon,"Springfield, MO USA","November 1, 2015","Christopher Reed (M35)
5:15:52 250 150 / 24 M35-39
5:15:52
 "
251,MIDD=2749151101,Bass Pro Shops Marathon,"Springfield, MO USA","November 1, 2015","Tim Young (M55)
5:16:06 251 151 / 7 M55-59
4:30:27
 "
252,MIDD=2749151101,Bass Pro Shops Marathon,"Springfield, MO USA","November 1, 2015","Clifton Cartwright (M62)
5:16:08 252 152 / 10 M60-64
4:12:44
 "
253,MIDD=2749151101,Bass Pro Shops Marathon,"Springfield, MO USA","November 1, 2015","Tammy Toepfer (F49)
5:16:37 253 101 / 14 F45-49
4:31:35
 "
254,MIDD=2749151101,Bass Pro Shops Marathon,"Springfield, MO USA","November 1, 2015","Lee Lurvey (M51)
5:16:37 254 153 / 17 M50-54
4:41:03
 "
255,MIDD=2749151101,Bass Pro Shops Marathon,"Springfield, MO USA","November 1, 2015","Angela Tate (F41)
5:17:57 255 102 / 17 F40-44
4:59:59
 "
256,MIDD=2749151101,Bass Pro Shops Marathon,"Springfield, MO USA","November 1, 2015","Kathryn Wohnoutka (F49)
5:18:18 256 103 / 15 F45-49
4:33:02
 "
257,MIDD=2749151101,Bass Pro Shops Marathon,"Springfield, MO USA","November 1, 2015","Fabienne Warrick (F45)
5:18:19 257 104 / 16 F45-49
4:46:55
 "
258,MIDD=2749151101,Bass Pro Shops Marathon,"Springfield, MO USA","November 1, 2015","Juliette Roy (F20)
5:18:20 258 105 / 11 F0-24
5:18:06
 "
259,MIDD=2749151101,Bass Pro Shops Marathon,"Springfield, MO USA","November 1, 2015","Angela Fortson (F42)
5:18:22 259 106 / 18 F40-44
4:57:15
 "
260,MIDD=2749151101,Bass Pro Shops Marathon,"Springfield, MO USA","November 1, 2015","Reba Fox (F44)
5:19:37 260 107 / 19 F40-44
4:51:35
 "
261,MIDD=2749151101,Bass Pro Shops Marathon,"Springfield, MO USA","November 1, 2015","Sandy Penner (F44)
5:19:56 261 108 / 2 Fpacer
4:51:52
 "
262,MIDD=2749151101,Bass Pro Shops Marathon,"Springfield, MO USA","November 1, 2015","Jerry Yates (M67)
5:20:33 262 154 / 4 M65-69
4:03:25
 "
263,MIDD=2749151101,Bass Pro Shops Marathon,"Springfield, MO USA","November 1, 2015","Roger Doman (M42)
5:21:28 263 155 / 26 M40-44
5:08:34
 "
264,MIDD=2749151101,Bass Pro Shops Marathon,"Springfield, MO USA","November 1, 2015","Traci Wygle (F38)
5:21:40 264 109 / 13 F35-39
5:11:26
 "
265,MIDD=2749151101,Bass Pro Shops Marathon,"Springfield, MO USA","November 1, 2015","Donna Neulinger (F34)
5:21:51 265 110 / 14 F30-34
5:18:41
 "
266,MIDD=2749151101,Bass Pro Shops Marathon,"Springfield, MO USA","November 1, 2015","Debbie Holgerson (F47)
5:22:26 266 111 / 17 F45-49
4:43:36
 "
267,MIDD=2749151101,Bass Pro Shops Marathon,"Springfield, MO USA","November 1, 2015","Crystal Kraut (F31)
5:22:41 267 112 / 15 F30-34
5:22:10
 "
268,MIDD=2749151101,Bass Pro Shops Marathon,"Springfield, MO USA","November 1, 2015","Richard Reed (M43)
5:23:43 268 156 / 27 M40-44
5:08:08
 "
269,MIDD=2749151101,Bass Pro Shops Marathon,"Springfield, MO USA","November 1, 2015","Jacob Zvolanek (M26)
5:24:26 269 157 / 9 M25-29
5:24:26
 "
270,MIDD=2749151101,Bass Pro Shops Marathon,"Springfield, MO USA","November 1, 2015","Lauren Zvolanek (F21)
5:24:26 270 113 / 12 F0-24
5:24:26
 "
271,MIDD=2749151101,Bass Pro Shops Marathon,"Springfield, MO USA","November 1, 2015","Donald Whited (M38)
5:24:42 271 158 / 25 M35-39
5:21:46
 "
272,MIDD=2749151101,Bass Pro Shops Marathon,"Springfield, MO USA","November 1, 2015","Casey Lemons (M26)
5:25:08 272 159 / 10 M25-29
5:25:08
 "
273,MIDD=2749151101,Bass Pro Shops Marathon,"Springfield, MO USA","November 1, 2015","Brenda Pearson (F48)
5:26:51 273 114 / 18 F45-49
4:43:56
 "
274,MIDD=2749151101,Bass Pro Shops Marathon,"Springfield, MO USA","November 1, 2015","Paul Williams (M)
5:27:11 274 160 /   
 
 "
275,MIDD=2749151101,Bass Pro Shops Marathon,"Springfield, MO USA","November 1, 2015","Holly Boyer (F32)
5:27:54 275 115 / 16 F30-34
5:26:45
 "
276,MIDD=2749151101,Bass Pro Shops Marathon,"Springfield, MO USA","November 1, 2015","Laura Williams (F50)
5:28:02 276 116 / 14 F50-54
4:37:48
 "
277,MIDD=2749151101,Bass Pro Shops Marathon,"Springfield, MO USA","November 1, 2015","Conrad Brown (M24)
5:29:53 277 161 / 8 M0-24
5:29:53
 "
278,MIDD=2749151101,Bass Pro Shops Marathon,"Springfield, MO USA","November 1, 2015","Jayne Bullard (F50)
5:31:57 278 117 / 15 F50-54
4:41:07
 "
279,MIDD=2749151101,Bass Pro Shops Marathon,"Springfield, MO USA","November 1, 2015","Emily Slama (F34)
5:32:02 279 118 / 17 F30-34
5:28:46
 "
280,MIDD=2749151101,Bass Pro Shops Marathon,"Springfield, MO USA","November 1, 2015","Sonny Saxton (M40)
5:32:04 280 162 / 28 M40-44
5:24:03
 "
281,MIDD=2749151101,Bass Pro Shops Marathon,"Springfield, MO USA","November 1, 2015","Michelle Lancaster (F56)
5:32:17 281 119 / 7 F55-59
4:19:40
 "
282,MIDD=2749151101,Bass Pro Shops Marathon,"Springfield, MO USA","November 1, 2015","Janell Dennis (F46)
5:33:06 282 120 / 19 F45-49
4:56:37
 "
283,MIDD=2749151101,Bass Pro Shops Marathon,"Springfield, MO USA","November 1, 2015","John Franz (M27)
5:33:07 283 163 / 11 M25-29
5:33:07
 "
284,MIDD=2749151101,Bass Pro Shops Marathon,"Springfield, MO USA","November 1, 2015","David Smith (M25)
5:33:09 284 164 / 9 M0-24
5:33:09
 "
285,MIDD=2749151101,Bass Pro Shops Marathon,"Springfield, MO USA","November 1, 2015","Kirsten Weiss (F48)
5:34:06 285 121 / 20 F45-49
4:50:13
 "
286,MIDD=2749151101,Bass Pro Shops Marathon,"Springfield, MO USA","November 1, 2015","Ronda Smith (F47)
5:34:06 286 122 / 21 F45-49
4:53:52
 "
287,MIDD=2749151101,Bass Pro Shops Marathon,"Springfield, MO USA","November 1, 2015","Howard Stewart (M62)
5:34:36 287 165 / 11 M60-64
4:27:30
 "
288,MIDD=2749151101,Bass Pro Shops Marathon,"Springfield, MO USA","November 1, 2015","Courtney Cantrell (F35)
5:35:02 288 123 / 14 F35-39
5:30:18
 "
289,MIDD=2749151101,Bass Pro Shops Marathon,"Springfield, MO USA","November 1, 2015","Ronald Hampton (M41)
5:35:10 289 166 / 29 M40-44
5:24:24
 "
290,MIDD=2749151101,Bass Pro Shops Marathon,"Springfield, MO USA","November 1, 2015","Shelley McDaniel (F54)
5:36:26 290 124 / 16 F50-54
4:30:15
 "
291,MIDD=2749151101,Bass Pro Shops Marathon,"Springfield, MO USA","November 1, 2015","Dwayne Foresee (M52)
5:37:01 291 167 / 18 M50-54
4:56:28
 "
292,MIDD=2749151101,Bass Pro Shops Marathon,"Springfield, MO USA","November 1, 2015","Donald Schellinger (M52)
5:37:11 292 168 / 19 M50-54
4:56:37
 "
293,MIDD=2749151101,Bass Pro Shops Marathon,"Springfield, MO USA","November 1, 2015","John Williams (M43)
5:37:18 293 169 / 30 M40-44
5:21:04
 "
294,MIDD=2749151101,Bass Pro Shops Marathon,"Springfield, MO USA","November 1, 2015","Erica Christiansen (F35)
5:37:31 294 125 / 15 F35-39
5:32:45
 "
295,MIDD=2749151101,Bass Pro Shops Marathon,"Springfield, MO USA","November 1, 2015","Mike Boyer (M56)
5:38:10 295 170 / 8 M55-59
4:46:37
 "
296,MIDD=2749151101,Bass Pro Shops Marathon,"Springfield, MO USA","November 1, 2015","Jennifer Callahan (F30)
5:38:26 296 126 / 18 F30-34
5:38:17
 "
297,MIDD=2749151101,Bass Pro Shops Marathon,"Springfield, MO USA","November 1, 2015","Daniel Burton (M41)
5:39:11 297 171 / 31 M40-44
5:28:17
 "
298,MIDD=2749151101,Bass Pro Shops Marathon,"Springfield, MO USA","November 1, 2015","Kevin Goddard (M40)
5:39:12 298 172 / 32 M40-44
5:31:01
 "
299,MIDD=2749151101,Bass Pro Shops Marathon,"Springfield, MO USA","November 1, 2015","Anna Zadneprovskaia (F32)
5:39:12 299 127 / 19 F30-34
5:38:00
 "
300,MIDD=2749151101,Bass Pro Shops Marathon,"Springfield, MO USA","November 1, 2015","Tom Rogers (M44)
5:39:15 300 173 / 33 M40-44
5:20:13
 "
301,MIDD=2749151101,Bass Pro Shops Marathon,"Springfield, MO USA","November 1, 2015","Bekah Shireman (F24)
5:39:39 301 128 / 13 F0-24
5:39:39
 "
302,MIDD=2749151101,Bass Pro Shops Marathon,"Springfield, MO USA","November 1, 2015","Gwendolyn Rucker (F54)
5:41:17 302 129 / 17 F50-54
4:34:09
 "
303,MIDD=2749151101,Bass Pro Shops Marathon,"Springfield, MO USA","November 1, 2015","Thomas Gibson (M46)
5:42:01 303 174 / 25 M45-49
5:17:19
 "
304,MIDD=2749151101,Bass Pro Shops Marathon,"Springfield, MO USA","November 1, 2015","Karen Backes (F56)
5:43:00 304 130 / 8 F55-59
4:28:03
 "
305,MIDD=2749151101,Bass Pro Shops Marathon,"Springfield, MO USA","November 1, 2015","Gary Hackney (M50)
5:44:32 305 175 / 20 M50-54
5:08:35
 "
306,MIDD=2749151101,Bass Pro Shops Marathon,"Springfield, MO USA","November 1, 2015","Chris Revoir (M62)
5:46:55 306 176 / 6 Mpacer
4:37:21
 "
307,MIDD=2749151101,Bass Pro Shops Marathon,"Springfield, MO USA","November 1, 2015","Jenifer King (F36)
5:48:52 307 131 / 16 F35-39
5:42:10
 "
308,MIDD=2749151101,Bass Pro Shops Marathon,"Springfield, MO USA","November 1, 2015","Henry Bittle (M63)
5:49:17 308 177 / 12 M60-64
4:36:27
 "
309,MIDD=2749151101,Bass Pro Shops Marathon,"Springfield, MO USA","November 1, 2015","Jessica Pittman (F42)
5:50:09 309 132 / 20 F40-44
5:26:56
 "
310,MIDD=2749151101,Bass Pro Shops Marathon,"Springfield, MO USA","November 1, 2015","Pamela Okazaki (F50)
5:51:16 310 133 / 18 F50-54
4:57:29
 "
311,MIDD=2749151101,Bass Pro Shops Marathon,"Springfield, MO USA","November 1, 2015","Jaime Wright (F35)
5:51:33 311 134 / 17 F35-39
5:46:35
 "
312,MIDD=2749151101,Bass Pro Shops Marathon,"Springfield, MO USA","November 1, 2015","Vannessa Voelkl (F40)
5:51:52 312 135 / 21 F40-44
5:35:11
 "
313,MIDD=2749151101,Bass Pro Shops Marathon,"Springfield, MO USA","November 1, 2015","Alan Fay (M26)
5:52:09 313 178 / 12 M25-29
5:52:09
 "
314,MIDD=2749151101,Bass Pro Shops Marathon,"Springfield, MO USA","November 1, 2015","Christopher Dial (M45)
5:54:35 314 179 / 26 M45-49
5:31:49
 "
315,MIDD=2749151101,Bass Pro Shops Marathon,"Springfield, MO USA","November 1, 2015","Kristie Doles (F41)
5:54:35 315 136 / 22 F40-44
5:34:32
 "
316,MIDD=2749151101,Bass Pro Shops Marathon,"Springfield, MO USA","November 1, 2015","Deborah Abel (F66)
5:55:32 316 137 / 1 F65-69
3:57:10
 "
317,MIDD=2749151101,Bass Pro Shops Marathon,"Springfield, MO USA","November 1, 2015","Gina Sanders (F46)
5:59:19 317 138 / 22 F45-49
5:19:58
 "
318,MIDD=2749151101,Bass Pro Shops Marathon,"Springfield, MO USA","November 1, 2015","Christa King (F49)
5:59:25 318 139 / 3 Fpacer
5:08:18
 "
319,MIDD=2749151101,Bass Pro Shops Marathon,"Springfield, MO USA","November 1, 2015","Lacey Maness (F35)
5:59:27 319 140 / 4 Fpacer
5:54:22
 "
320,MIDD=2749151101,Bass Pro Shops Marathon,"Springfield, MO USA","November 1, 2015","Patricia Didia (F61)
6:00:44 320 141 / 3 F60-64
4:22:04
 "
321,MIDD=2749151101,Bass Pro Shops Marathon,"Springfield, MO USA","November 1, 2015","Philip Jackson (M52)
6:05:55 321 180 / 21 M50-54
5:21:53
 "
322,MIDD=2749151101,Bass Pro Shops Marathon,"Springfield, MO USA","November 1, 2015","Angie Collins (F48)
6:05:55 322 142 / 23 F45-49
5:17:52
 "
323,MIDD=2749151101,Bass Pro Shops Marathon,"Springfield, MO USA","November 1, 2015","George Barrett (M48)
6:08:43 323 181 / 27 M45-49
5:36:11
 "
324,MIDD=2749151101,Bass Pro Shops Marathon,"Springfield, MO USA","November 1, 2015","Kesta Smith (F39)
6:10:21 324 143 / 18 F35-39
5:55:49
 "
325,MIDD=2749151101,Bass Pro Shops Marathon,"Springfield, MO USA","November 1, 2015","Mandy Simmons (F32)
6:11:22 325 144 / 20 F30-34
6:10:04
 "
326,MIDD=2749151101,Bass Pro Shops Marathon,"Springfield, MO USA","November 1, 2015","Melanie Donnell (F40)
6:12:16 326 145 / 23 F40-44
5:54:37
 "
327,MIDD=2749151101,Bass Pro Shops Marathon,"Springfield, MO USA","November 1, 2015","Michael Larkin (M45)
6:12:40 327 182 / 28 M45-49
5:48:44
 "
328,MIDD=2749151101,Bass Pro Shops Marathon,"Springfield, MO USA","November 1, 2015","Jennifer Larkin (F42)
6:12:40 328 146 / 24 F40-44
5:47:57
 "
329,MIDD=2749151101,Bass Pro Shops Marathon,"Springfield, MO USA","November 1, 2015","Julie Williams (F36)
6:13:40 329 147 / 19 F35-39
6:06:29
 "
330,MIDD=2749151101,Bass Pro Shops Marathon,"Springfield, MO USA","November 1, 2015","Rachel Brethauer (F34)
6:14:36 330 148 / 21 F30-34
6:10:55
 "
331,MIDD=2749151101,Bass Pro Shops Marathon,"Springfield, MO USA","November 1, 2015","Elise Nentrup (F45)
6:14:56 331 149 / 24 F45-49
5:37:57
 "
332,MIDD=2749151101,Bass Pro Shops Marathon,"Springfield, MO USA","November 1, 2015","Thomas Korn (M69)
6:16:12 332 183 / 5 M65-69
4:39:40
 "
333,MIDD=2749151101,Bass Pro Shops Marathon,"Springfield, MO USA","November 1, 2015","Michael Buttacy (M32)
6:18:51 333 184 / 21 M30-34
6:18:51
 "
334,MIDD=2749151101,Bass Pro Shops Marathon,"Springfield, MO USA","November 1, 2015","Mark McKenzie (M54)
6:20:10 334 185 / 22 M50-54
5:28:20
 "
335,MIDD=2749151101,Bass Pro Shops Marathon,"Springfield, MO USA","November 1, 2015","Cindy Ward (F51)
6:20:29 335 150 / 19 F50-54
5:18:05
 "
336,MIDD=2749151101,Bass Pro Shops Marathon,"Springfield, MO USA","November 1, 2015","Rebecca Majors (F35)
6:25:45 336 151 / 20 F35-39
6:20:18
 "
337,MIDD=2749151101,Bass Pro Shops Marathon,"Springfield, MO USA","November 1, 2015","Jessica Vanmatre (F39)
6:28:15 337 152 / 21 F35-39
6:13:01
 "
338,MIDD=2749151101,Bass Pro Shops Marathon,"Springfield, MO USA","November 1, 2015","Treva Isaacson (F43)
6:28:15 338 153 / 25 F40-44
5:58:25
 "
339,MIDD=2749151101,Bass Pro Shops Marathon,"Springfield, MO USA","November 1, 2015","Craig Rhodes (M52)
6:30:31 339 186 / 23 M50-54
5:43:32
 "
340,MIDD=2749151101,Bass Pro Shops Marathon,"Springfield, MO USA","November 1, 2015","Carl Ray (M57)
6:34:05 340 187 / 9 M55-59
5:30:52
 "
341,MIDD=2749151101,Bass Pro Shops Marathon,"Springfield, MO USA","November 1, 2015","Sarah Walters (F29)
6:37:21 341 154 / 14 F25-29
6:37:21
 "
342,MIDD=2749151101,Bass Pro Shops Marathon,"Springfield, MO USA","November 1, 2015","Kevin King (M39)
6:37:22 342 188 / 26 M35-39
6:31:00
 "
343,MIDD=2749151101,Bass Pro Shops Marathon,"Springfield, MO USA","November 1, 2015","Elsi Flores Walkabout (F57)
6:38:52 343 155 / 9 F55-59
5:07:21
 "
344,MIDD=2749151101,Bass Pro Shops Marathon,"Springfield, MO USA","November 1, 2015","Florence Burk (F40)
6:38:52 344 156 / 26 F40-44
6:19:57
 "
345,MIDD=2749151101,Bass Pro Shops Marathon,"Springfield, MO USA","November 1, 2015","Brad Southard (M29)
6:48:17 345 189 / 13 M25-29
6:48:17
 "
346,MIDD=2749151101,Bass Pro Shops Marathon,"Springfield, MO USA","November 1, 2015","Deborah Bedell (F59)
6:58:04 346 157 / 10 F55-59
5:13:02
 "
347,MIDD=2749151101,Bass Pro Shops Marathon,"Springfield, MO USA","November 1, 2015","Robert Catlin (M58)
7:00:17 347 190 / 10 M55-59
5:49:30
 "
348,MIDD=2749151101,Bass Pro Shops Marathon,"Springfield, MO USA","November 1, 2015","Heike Hackney (F49)
7:17:12 348 158 / 25 F45-49
6:15:01
 "
349,MIDD=2749151101,Bass Pro Shops Marathon,"Springfield, MO USA","November 1, 2015","Kent Moore (M49)
7:19:53 349 191 / 29 M45-49
6:37:33
 "
350,MIDD=2749151101,Bass Pro Shops Marathon,"Springfield, MO USA","November 1, 2015","Angie Tidwell (F52)
7:36:13 350 159 / 20 F50-54
6:16:25
 "
351,MIDD=2749151101,Bass Pro Shops Marathon,"Springfield, MO USA","November 1, 2015","Shirley Kyles (F63)
7:39:54 351 160 / 4 F60-64
5:23:29
 "
352,MIDD=2749151101,Bass Pro Shops Marathon,"Springfield, MO USA","November 1, 2015","Alesha Lambert (F41)
7:41:11 352 161 / 27 F40-44
7:15:07
 "
353,MIDD=2749151101,Bass Pro Shops Marathon,"Springfield, MO USA","November 1, 2015","Rebecca Pivonka (F35)
7:41:11 353 162 / 22 F35-39
7:34:40
 "
354,MIDD=2749151101,Bass Pro Shops Marathon,"Springfield, MO USA","November 1, 2015","Tammy Webster (F52)
8:02:55 354 163 / 21 F50-54
6:38:27
 "
355,MIDD=2749151101,Bass Pro Shops Marathon,"Springfield, MO USA","November 1, 2015","Tressie Duncan (F34)
9:07:50 355 164 / 22 F30-34
9:02:27
 "
