,race_id,race,location,date,runners
0,MIDD=2121151206,Palm Beaches Marathon Festival,"West Palm Beach, FL USA","December 6, 2015","Henry Rumbea (M)
4:24:07 101 59 / 9 M30-34 Boca Raton, FL, USA
 "
1,MIDD=2121151206,Palm Beaches Marathon Festival,"West Palm Beach, FL USA","December 6, 2015","Michelle Lunderby (F)
4:25:18 102 43 / 7 F45-49 Oakland Park, FL, USA
 "
2,MIDD=2121151206,Palm Beaches Marathon Festival,"West Palm Beach, FL USA","December 6, 2015","Leah Shaffer (F)
4:25:33 103 44 / 8 F30-34 Lithia, FL, USA
 "
3,MIDD=2121151206,Palm Beaches Marathon Festival,"West Palm Beach, FL USA","December 6, 2015","Kimberly Wah (F)
4:25:51 104 45 / 9 F30-34 Boynton Beach, FL, USA
 "
4,MIDD=2121151206,Palm Beaches Marathon Festival,"West Palm Beach, FL USA","December 6, 2015","Steven Williams (M)
4:26:19 105 60 / 10 M30-34 West Palm Beach, FL, USA
 "
5,MIDD=2121151206,Palm Beaches Marathon Festival,"West Palm Beach, FL USA","December 6, 2015","Jean-Luc Caous (M)
4:27:23 106 61 / 14 M45-49 West Palm Beach, FL, USA
 "
6,MIDD=2121151206,Palm Beaches Marathon Festival,"West Palm Beach, FL USA","December 6, 2015","David Loyless (M)
4:27:39 107 62 / 7 M40-44 West Palm Beach, FL, USA
 "
7,MIDD=2121151206,Palm Beaches Marathon Festival,"West Palm Beach, FL USA","December 6, 2015","Aj Winer (M)
4:27:57 108 63 / 2 M0-19 West Palm Beach, FL, USA
 "
8,MIDD=2121151206,Palm Beaches Marathon Festival,"West Palm Beach, FL USA","December 6, 2015","Margaret Gibbs (F)
4:28:15 109 46 / 12 F25-29 Mount Pleasant, SC, USA
 "
9,MIDD=2121151206,Palm Beaches Marathon Festival,"West Palm Beach, FL USA","December 6, 2015","Rebecca Leonard (F)
4:28:18 110 47 / 13 F25-29 Sparta, NJ, USA
 "
10,MIDD=2121151206,Palm Beaches Marathon Festival,"West Palm Beach, FL USA","December 6, 2015","Brian Shaffer (M)
4:28:30 111 64 / 11 M30-34 Lithia, FL, USA
 "
11,MIDD=2121151206,Palm Beaches Marathon Festival,"West Palm Beach, FL USA","December 6, 2015","David Kapfer (M)
4:29:31 112 65 / 15 M45-49 Naples, FL, USA
 "
12,MIDD=2121151206,Palm Beaches Marathon Festival,"West Palm Beach, FL USA","December 6, 2015","Alan Bloom (M)
4:29:39 113 66 / 4 M60-64 Hollywood, FL, USA
 "
13,MIDD=2121151206,Palm Beaches Marathon Festival,"West Palm Beach, FL USA","December 6, 2015","Allison Courtin (F)
4:29:46 114 48 / 14 F25-29 Washington, DC, USA
 "
14,MIDD=2121151206,Palm Beaches Marathon Festival,"West Palm Beach, FL USA","December 6, 2015","Cathryn L. Courtin (F)
4:29:47 115 49 / 4 F20-24 Washington, DC, DC, USA
 "
15,MIDD=2121151206,Palm Beaches Marathon Festival,"West Palm Beach, FL USA","December 6, 2015","Mike Culp (M)
4:29:48 116 67 / 5 M55-59 West Palm Beach, FL, USA
 "
16,MIDD=2121151206,Palm Beaches Marathon Festival,"West Palm Beach, FL USA","December 6, 2015","Steve Jacobson (M)
4:29:52 117 68 / 10 M50-54 Boca Raton, FL, USA
 "
17,MIDD=2121151206,Palm Beaches Marathon Festival,"West Palm Beach, FL USA","December 6, 2015","Zelie Morrison (F)
4:30:45 118 50 / 15 F25-29 Jackson, WY, USA
 "
18,MIDD=2121151206,Palm Beaches Marathon Festival,"West Palm Beach, FL USA","December 6, 2015","Christian Marti (M)
4:31:38 119 69 / 5 M60-64 Zurich, Switzerland
 "
19,MIDD=2121151206,Palm Beaches Marathon Festival,"West Palm Beach, FL USA","December 6, 2015","Tim Crowley (M)
4:31:59 120 70 / 12 M30-34 Miami, FL, USA
 "
20,MIDD=2121151206,Palm Beaches Marathon Festival,"West Palm Beach, FL USA","December 6, 2015","Chris Hogg (F)
4:32:01 121 51 / 9 F40-44 Wellington, FL, USA
 "
21,MIDD=2121151206,Palm Beaches Marathon Festival,"West Palm Beach, FL USA","December 6, 2015","Andres Pozo (M)
4:32:11 122 71 / 4 M25-29 Hollywood, FL, USA
 "
22,MIDD=2121151206,Palm Beaches Marathon Festival,"West Palm Beach, FL USA","December 6, 2015","Justyn Bradley (M)
4:32:21 123 72 / 9 M35-39 Jupiter, FL, USA
 "
23,MIDD=2121151206,Palm Beaches Marathon Festival,"West Palm Beach, FL USA","December 6, 2015","Megha Aggarwal (F)
4:32:27 124 52 / 10 F30-34 Jersey City, NJ, USA
 "
24,MIDD=2121151206,Palm Beaches Marathon Festival,"West Palm Beach, FL USA","December 6, 2015","Peter Lemp (M)
4:33:13 125 73 / 6 M55-59 West Palm Beach, FL, USA
 "
25,MIDD=2121151206,Palm Beaches Marathon Festival,"West Palm Beach, FL USA","December 6, 2015","Dennis Reidy (M)
4:33:35 126 74 / 11 M50-54 Palm Beach, FL, USA
 "
26,MIDD=2121151206,Palm Beaches Marathon Festival,"West Palm Beach, FL USA","December 6, 2015","Alex Zatuchny (M)
4:33:40 127 75 / 12 M50-54 Miami Beach, FL, USA
 "
27,MIDD=2121151206,Palm Beaches Marathon Festival,"West Palm Beach, FL USA","December 6, 2015","John Flynn (M)
4:34:22 128 76 / 6 M60-64 West Palm Beach, FL, USA
 "
28,MIDD=2121151206,Palm Beaches Marathon Festival,"West Palm Beach, FL USA","December 6, 2015","Marsha White (F)
4:34:42 129 53 / 11 F30-34 Chicago, IL, USA
 "
29,MIDD=2121151206,Palm Beaches Marathon Festival,"West Palm Beach, FL USA","December 6, 2015","Jeff Liu (M)
4:34:53 130 77 / 8 M40-44 Irvine, CA, USA
 "
30,MIDD=2121151206,Palm Beaches Marathon Festival,"West Palm Beach, FL USA","December 6, 2015","RON ROGOWSKI (M)
4:35:01 131 78 / 7 M60-64 Royal Oak, MI, USA
 "
31,MIDD=2121151206,Palm Beaches Marathon Festival,"West Palm Beach, FL USA","December 6, 2015","Jorge Munoz (M)
4:35:26 132 79 / 10 M35-39 Miami, FL, USA
 "
32,MIDD=2121151206,Palm Beaches Marathon Festival,"West Palm Beach, FL USA","December 6, 2015","Luis Lopez (M)
4:36:13 133 80 / 11 M35-39 Boca Raton, FL, USA
 "
33,MIDD=2121151206,Palm Beaches Marathon Festival,"West Palm Beach, FL USA","December 6, 2015","Tyler Adams (M)
4:36:24 134 81 / 12 M35-39 Boynton Beach, FL, USA
 "
34,MIDD=2121151206,Palm Beaches Marathon Festival,"West Palm Beach, FL USA","December 6, 2015","Scott V. Smith (M)
4:36:37 135 82 / 16 M45-49 Fort Lauderdale, FL, USA
 "
35,MIDD=2121151206,Palm Beaches Marathon Festival,"West Palm Beach, FL USA","December 6, 2015","Jane Wilson (F)
4:37:01 136 54 / 10 F40-44 Toronto, Canada
 "
36,MIDD=2121151206,Palm Beaches Marathon Festival,"West Palm Beach, FL USA","December 6, 2015","Cynthia Radi-Peters (F)
4:37:38 137 55 / 11 F40-44 Estero, FL, USA
 "
37,MIDD=2121151206,Palm Beaches Marathon Festival,"West Palm Beach, FL USA","December 6, 2015","Margo Gregory (F)
4:37:42 138 56 / 2 F50-54 Kennesaw, GA, USA
 "
38,MIDD=2121151206,Palm Beaches Marathon Festival,"West Palm Beach, FL USA","December 6, 2015","Tyler Steinhauer (M)
4:38:06 139 83 / 5 M25-29 Palm City, FL, USA
 "
39,MIDD=2121151206,Palm Beaches Marathon Festival,"West Palm Beach, FL USA","December 6, 2015","Carolyn Kaplan (F)
4:38:35 140 57 / 8 F45-49 Niantic, CT, USA
 "
40,MIDD=2121151206,Palm Beaches Marathon Festival,"West Palm Beach, FL USA","December 6, 2015","Ryan Kosarek (M)
4:38:36 141 84 / 13 M30-34 West Palm Beach, FL, USA
 "
41,MIDD=2121151206,Palm Beaches Marathon Festival,"West Palm Beach, FL USA","December 6, 2015","Mike Jensen (M)
4:39:03 142 85 / 17 M45-49 Fort Lauderdale, FL, USA
 "
42,MIDD=2121151206,Palm Beaches Marathon Festival,"West Palm Beach, FL USA","December 6, 2015","William Preston (M)
4:39:14 143 86 / 13 M50-54 Marietta, GA, USA
 "
43,MIDD=2121151206,Palm Beaches Marathon Festival,"West Palm Beach, FL USA","December 6, 2015","Cristina Varela (F)
4:40:09 144 58 / 12 F30-34 Boca Raton, FL, USA
 "
44,MIDD=2121151206,Palm Beaches Marathon Festival,"West Palm Beach, FL USA","December 6, 2015","Jermaine Bullard (M)
4:40:10 145 87 / 14 M30-34 Fort Lauderdale, FL, USA
 "
45,MIDD=2121151206,Palm Beaches Marathon Festival,"West Palm Beach, FL USA","December 6, 2015","Margaret Patrick (F)
4:40:23 146 59 / 16 F25-29 Hinesburg, VT, USA
 "
46,MIDD=2121151206,Palm Beaches Marathon Festival,"West Palm Beach, FL USA","December 6, 2015","Gabriel Williams-Freeman (M)
4:40:23 147 88 / 15 M30-34 Miami, FL, USA
 "
47,MIDD=2121151206,Palm Beaches Marathon Festival,"West Palm Beach, FL USA","December 6, 2015","Tim Nast (M)
4:40:25 148 89 / 14 M50-54 Fort Lauderdale, FL, USA
 "
48,MIDD=2121151206,Palm Beaches Marathon Festival,"West Palm Beach, FL USA","December 6, 2015","Barbara Prejean-Margulis (F)
4:42:23 149 60 / 2 F55-59 Port Washington, NY, USA
 "
49,MIDD=2121151206,Palm Beaches Marathon Festival,"West Palm Beach, FL USA","December 6, 2015","Angela Rinaldi (F)
4:43:59 150 61 / 9 F45-49 Estero, FL, USA
 "
50,MIDD=2121151206,Palm Beaches Marathon Festival,"West Palm Beach, FL USA","December 6, 2015","John Rinaldi (M)
4:43:59 151 90 / 18 M45-49 Estero, FL, USA
 "
51,MIDD=2121151206,Palm Beaches Marathon Festival,"West Palm Beach, FL USA","December 6, 2015","Bryce Faraguna (M)
4:44:30 152 91 / 16 M30-34 Valrico, FL, USA
 "
52,MIDD=2121151206,Palm Beaches Marathon Festival,"West Palm Beach, FL USA","December 6, 2015","Norma Smith-Stanford (F)
4:45:25 153 62 / 1 F60-64 Lexington, KY, USA
 "
53,MIDD=2121151206,Palm Beaches Marathon Festival,"West Palm Beach, FL USA","December 6, 2015","Lauren Morse (F)
4:46:15 154 63 / 17 F25-29 Miami, FL, USA
 "
54,MIDD=2121151206,Palm Beaches Marathon Festival,"West Palm Beach, FL USA","December 6, 2015","Francisco Fernandez (M)
4:46:25 155 92 / 13 M35-39 Miami, FL, USA
 "
55,MIDD=2121151206,Palm Beaches Marathon Festival,"West Palm Beach, FL USA","December 6, 2015","Daniel Munger (M)
4:46:32 156 93 / 17 M30-34 Boynton Beach, FL, USA
 "
56,MIDD=2121151206,Palm Beaches Marathon Festival,"West Palm Beach, FL USA","December 6, 2015","Lauren Pacho (F)
4:46:41 157 64 / 5 F20-24 Gainesville, FL, USA
 "
57,MIDD=2121151206,Palm Beaches Marathon Festival,"West Palm Beach, FL USA","December 6, 2015","Lamai Devald (M)
4:47:31 158 94 / 19 M45-49 Sarasota, FL, USA
 "
58,MIDD=2121151206,Palm Beaches Marathon Festival,"West Palm Beach, FL USA","December 6, 2015","Heather Schry (F)
4:48:01 159 65 / 13 F30-34 Miami, FL, USA
 "
59,MIDD=2121151206,Palm Beaches Marathon Festival,"West Palm Beach, FL USA","December 6, 2015","Erica Lundblad (F)
4:48:03 160 66 / 18 F25-29 Miami, FL, USA
 "
60,MIDD=2121151206,Palm Beaches Marathon Festival,"West Palm Beach, FL USA","December 6, 2015","Roxane Fallon (F)
4:48:44 161 67 / 19 F25-29 Deerfield Beach, FL, USA
 "
61,MIDD=2121151206,Palm Beaches Marathon Festival,"West Palm Beach, FL USA","December 6, 2015","Ivins Steinhauer (M)
4:49:00 162 95 / 2 M65-69 Stuart, FL, USA
 "
62,MIDD=2121151206,Palm Beaches Marathon Festival,"West Palm Beach, FL USA","December 6, 2015","Tom Andrews (M)
4:49:02 163 96 / 9 M40-44 Delray Beach, FL, USA
 "
63,MIDD=2121151206,Palm Beaches Marathon Festival,"West Palm Beach, FL USA","December 6, 2015","Julia Noll (F)
4:49:43 164 68 / 6 F35-39 Boynton Beach, FL, USA
 "
64,MIDD=2121151206,Palm Beaches Marathon Festival,"West Palm Beach, FL USA","December 6, 2015","Guillermina Hernandez (F)
4:49:47 165 69 / 12 F40-44 Wellington, FL, USA
 "
65,MIDD=2121151206,Palm Beaches Marathon Festival,"West Palm Beach, FL USA","December 6, 2015","Alberto Cortinas (M)
4:50:31 166 97 / 18 M30-34 Miami, FL, USA
 "
66,MIDD=2121151206,Palm Beaches Marathon Festival,"West Palm Beach, FL USA","December 6, 2015","Tom Kelleher (M)
4:52:17 167 98 / 10 M40-44 Newberry, FL, USA
 "
67,MIDD=2121151206,Palm Beaches Marathon Festival,"West Palm Beach, FL USA","December 6, 2015","Jaime Bruno (M)
4:52:36 168 99 / 15 M50-54 Lake Worth, FL, USA
 "
68,MIDD=2121151206,Palm Beaches Marathon Festival,"West Palm Beach, FL USA","December 6, 2015","Velaphi Ntuli (M)
4:52:51 169 100 / 11 M40-44 Atlanta, GA, USA
 "
69,MIDD=2121151206,Palm Beaches Marathon Festival,"West Palm Beach, FL USA","December 6, 2015","Johann Hardcastle (M)
4:53:06 170 101 / 7 M55-59 Lauderdale Lakes, FL, USA
 "
70,MIDD=2121151206,Palm Beaches Marathon Festival,"West Palm Beach, FL USA","December 6, 2015","David Joecks (M)
4:53:32 171 102 / 19 M30-34 Stralsund, Germany
 "
71,MIDD=2121151206,Palm Beaches Marathon Festival,"West Palm Beach, FL USA","December 6, 2015","Amy Johnson (F)
4:53:37 172 70 / 20 F25-29 Pompano Beach, FL, USA
 "
72,MIDD=2121151206,Palm Beaches Marathon Festival,"West Palm Beach, FL USA","December 6, 2015","Julie Mondello (F)
4:54:59 173 71 / 13 F40-44 Boynton Beach, FL, USA
 "
73,MIDD=2121151206,Palm Beaches Marathon Festival,"West Palm Beach, FL USA","December 6, 2015","Stacy Scott (F)
4:55:05 174 72 / 14 F40-44 Jupiter, FL, USA
 "
74,MIDD=2121151206,Palm Beaches Marathon Festival,"West Palm Beach, FL USA","December 6, 2015","Carmen Herzog (F)
4:55:34 175 73 / 15 F40-44 Fort Pierce, FL, USA
 "
75,MIDD=2121151206,Palm Beaches Marathon Festival,"West Palm Beach, FL USA","December 6, 2015","Ydette Estrada (F)
4:55:36 176 74 / 16 F40-44 Miami, FL, USA
 "
76,MIDD=2121151206,Palm Beaches Marathon Festival,"West Palm Beach, FL USA","December 6, 2015","Ruediger Kutz (M)
4:55:59 177 103 / 16 M50-54 Forchheim, Germany
 "
77,MIDD=2121151206,Palm Beaches Marathon Festival,"West Palm Beach, FL USA","December 6, 2015","Samuel Rogers (M)
4:56:36 178 104 / 3 M20-24 Gibson Island, MD, USA
 "
78,MIDD=2121151206,Palm Beaches Marathon Festival,"West Palm Beach, FL USA","December 6, 2015","Martha Garcia-Gardinali (F)
4:56:57 179 75 / 3 F50-54 Miami, FL, USA
 "
79,MIDD=2121151206,Palm Beaches Marathon Festival,"West Palm Beach, FL USA","December 6, 2015","George Brown (M)
4:57:35 180 105 / 17 M50-54 Boca Raton, FL, USA
 "
80,MIDD=2121151206,Palm Beaches Marathon Festival,"West Palm Beach, FL USA","December 6, 2015","Frank Krajick (M)
4:57:53 181 106 / 3 M65-69 Dumont, NJ, USA
 "
81,MIDD=2121151206,Palm Beaches Marathon Festival,"West Palm Beach, FL USA","December 6, 2015","Jim Hutchison (M)
4:58:37 182 107 / 20 M45-49 Groveport, OH, USA
 "
82,MIDD=2121151206,Palm Beaches Marathon Festival,"West Palm Beach, FL USA","December 6, 2015","Jarnine Johnson (F)
4:58:38 183 76 / 17 F40-44 Estero, FL, USA
 "
83,MIDD=2121151206,Palm Beaches Marathon Festival,"West Palm Beach, FL USA","December 6, 2015","Tim Schaum (M)
4:58:42 184 108 / 14 M35-39 Wellington, FL, USA
 "
84,MIDD=2121151206,Palm Beaches Marathon Festival,"West Palm Beach, FL USA","December 6, 2015","Stephanie Buckler (F)
4:59:06 185 77 / 14 F30-34 Bedford, MA, USA
 "
85,MIDD=2121151206,Palm Beaches Marathon Festival,"West Palm Beach, FL USA","December 6, 2015","Caroline Cunningham (F)
4:59:23 186 78 / 18 F40-44 Fort Lauderdale, FL, USA
 "
86,MIDD=2121151206,Palm Beaches Marathon Festival,"West Palm Beach, FL USA","December 6, 2015","Mark Lavallee (M)
4:59:25 187 109 / 21 M45-49 Hollywood, FL, USA
 "
87,MIDD=2121151206,Palm Beaches Marathon Festival,"West Palm Beach, FL USA","December 6, 2015","Andy O'Neill (M)
5:00:16 188 110 / 6 M25-29 Delray Beach, FL, USA
 "
88,MIDD=2121151206,Palm Beaches Marathon Festival,"West Palm Beach, FL USA","December 6, 2015","Amy Nguyen (F)
5:00:38 189 79 / 19 F40-44 Alexandria, VA, USA
 "
89,MIDD=2121151206,Palm Beaches Marathon Festival,"West Palm Beach, FL USA","December 6, 2015","Robert Isham (M)
5:00:38 190 111 / 7 M25-29 Lake Worth, FL, USA
 "
90,MIDD=2121151206,Palm Beaches Marathon Festival,"West Palm Beach, FL USA","December 6, 2015","Kristen Kelly (F)
5:00:51 191 80 / 21 F25-29 Delray Beach, FL, USA
 "
91,MIDD=2121151206,Palm Beaches Marathon Festival,"West Palm Beach, FL USA","December 6, 2015","Jeff Gad (M)
5:01:29 192 112 / 22 M45-49 Fort Lauderdale, FL, USA
 "
92,MIDD=2121151206,Palm Beaches Marathon Festival,"West Palm Beach, FL USA","December 6, 2015","Melissa Salzberg (F)
5:03:28 193 81 / 10 F45-49 Pompano Beach, FL, USA
 "
93,MIDD=2121151206,Palm Beaches Marathon Festival,"West Palm Beach, FL USA","December 6, 2015","Karelynne Ayayo (F)
5:04:29 194 82 / 20 F40-44 Massillon, OH, USA
 "
94,MIDD=2121151206,Palm Beaches Marathon Festival,"West Palm Beach, FL USA","December 6, 2015","Walid Newaz (M)
5:04:38 195 113 / 20 M30-34 Deerfield Beach, FL, USA
 "
95,MIDD=2121151206,Palm Beaches Marathon Festival,"West Palm Beach, FL USA","December 6, 2015","Marlin Weekley (M)
5:07:43 196 114 / 8 M60-64 Metamora, IL, USA
 "
96,MIDD=2121151206,Palm Beaches Marathon Festival,"West Palm Beach, FL USA","December 6, 2015","Carlos Smith (M)
5:07:49 197 115 / 18 M50-54 Hialeah, FL, USA
 "
97,MIDD=2121151206,Palm Beaches Marathon Festival,"West Palm Beach, FL USA","December 6, 2015","Ruth Wiegand (F)
5:08:09 198 83 / 4 F50-54 Boca Raton, FL, USA
 "
98,MIDD=2121151206,Palm Beaches Marathon Festival,"West Palm Beach, FL USA","December 6, 2015","Rachael Carlson (F)
5:08:16 199 84 / 22 F25-29 Denver, CO, USA
 "
99,MIDD=2121151206,Palm Beaches Marathon Festival,"West Palm Beach, FL USA","December 6, 2015","Jamie Hanner (F)
5:08:31 200 85 / 23 F25-29 Broomfield, CO, USA
 "
100,MIDD=2121151206,Palm Beaches Marathon Festival,"West Palm Beach, FL USA","December 6, 2015","Dianne Watts Pye (F)
5:08:59 201 86 / 3 F55-59 Charlottetown, Canada
 "
101,MIDD=2121151206,Palm Beaches Marathon Festival,"West Palm Beach, FL USA","December 6, 2015","Elaine Burkholder (F)
5:08:59 202 87 / 4 F55-59 Charlottetown, Canada
 "
102,MIDD=2121151206,Palm Beaches Marathon Festival,"West Palm Beach, FL USA","December 6, 2015","Sergio Graciotti (M)
5:09:00 203 116 / 19 M50-54 Boca Raton, FL, USA
 "
103,MIDD=2121151206,Palm Beaches Marathon Festival,"West Palm Beach, FL USA","December 6, 2015","Nancy Harris (F)
5:09:31 204 88 / 11 F45-49 Jersey City, NJ, USA
 "
104,MIDD=2121151206,Palm Beaches Marathon Festival,"West Palm Beach, FL USA","December 6, 2015","Christina Thick (F)
5:09:39 205 89 / 7 F35-39 Lake Worth, FL, USA
 "
105,MIDD=2121151206,Palm Beaches Marathon Festival,"West Palm Beach, FL USA","December 6, 2015","Laura Ciklik Phillips (F)
5:10:38 206 90 / 12 F45-49 Boca Raton, FL, USA
 "
106,MIDD=2121151206,Palm Beaches Marathon Festival,"West Palm Beach, FL USA","December 6, 2015","Kurt F Matthew Jr (M)
5:13:30 207 117 / 20 M50-54 Palm Beach, FL, USA
 "
107,MIDD=2121151206,Palm Beaches Marathon Festival,"West Palm Beach, FL USA","December 6, 2015","Katie Murphy (F)
5:14:30 208 91 / 6 F20-24 Augusta, GA, USA
 "
108,MIDD=2121151206,Palm Beaches Marathon Festival,"West Palm Beach, FL USA","December 6, 2015","Christopher Foy (M)
5:16:48 209 118 / 8 M25-29 West Palm Beach, FL, USA
 "
109,MIDD=2121151206,Palm Beaches Marathon Festival,"West Palm Beach, FL USA","December 6, 2015","Ld Vaught (F)
5:17:01 210 92 / 13 F45-49 Lexington, KY, USA
 "
110,MIDD=2121151206,Palm Beaches Marathon Festival,"West Palm Beach, FL USA","December 6, 2015","Adam Wolfberg (M)
5:17:25 211 119 / 23 M45-49 Boston, MA, USA
 "
111,MIDD=2121151206,Palm Beaches Marathon Festival,"West Palm Beach, FL USA","December 6, 2015","Hannah Wolfberg (F)
5:17:25 212 93 / 1 F0-19 Boston, MA, USA
 "
112,MIDD=2121151206,Palm Beaches Marathon Festival,"West Palm Beach, FL USA","December 6, 2015","Jeff Vail (M)
5:17:30 213 120 / 12 M40-44 West Palm Beach, FL, USA
 "
113,MIDD=2121151206,Palm Beaches Marathon Festival,"West Palm Beach, FL USA","December 6, 2015","Jocelyn Wiese (F)
5:18:01 214 94 / 24 F25-29 Manchester, NH, USA
 "
114,MIDD=2121151206,Palm Beaches Marathon Festival,"West Palm Beach, FL USA","December 6, 2015","Jason Beiswenger (M)
5:18:01 215 121 / 9 M25-29 Manchester, NH, USA
 "
115,MIDD=2121151206,Palm Beaches Marathon Festival,"West Palm Beach, FL USA","December 6, 2015","Dana Greenhoe (M)
5:18:38 216 122 / 4 M65-69 Valrico, FL, USA
 "
116,MIDD=2121151206,Palm Beaches Marathon Festival,"West Palm Beach, FL USA","December 6, 2015","Robert Conklin (M)
5:18:51 217 123 / 21 M50-54 Lantana, FL, USA
 "
117,MIDD=2121151206,Palm Beaches Marathon Festival,"West Palm Beach, FL USA","December 6, 2015","Jill Forman (F)
5:19:13 218 95 / 21 F40-44 Jupiter, FL, USA
 "
118,MIDD=2121151206,Palm Beaches Marathon Festival,"West Palm Beach, FL USA","December 6, 2015","Krys Wasielewski (M)
5:19:28 219 124 / 9 M60-64 Dover Plains, NY, USA
 "
119,MIDD=2121151206,Palm Beaches Marathon Festival,"West Palm Beach, FL USA","December 6, 2015","Maria Bretas (F)
5:19:59 220 96 / 14 F45-49 Boca Raton, FL, USA
 "
120,MIDD=2121151206,Palm Beaches Marathon Festival,"West Palm Beach, FL USA","December 6, 2015","Cody Neeley (M)
5:20:13 221 125 / 21 M30-34 Fort Myers, FL, USA
 "
121,MIDD=2121151206,Palm Beaches Marathon Festival,"West Palm Beach, FL USA","December 6, 2015","Andromack Stphar (M)
5:20:20 222 126 / 15 M35-39 Miami, FL, USA
 "
122,MIDD=2121151206,Palm Beaches Marathon Festival,"West Palm Beach, FL USA","December 6, 2015","Michelle Stevens (F)
5:20:49 223 97 / 15 F45-49 Naples, FL, USA
 "
123,MIDD=2121151206,Palm Beaches Marathon Festival,"West Palm Beach, FL USA","December 6, 2015","Mark Prezzemolo (M)
5:20:50 224 127 / 10 M25-29 Fort Lauderdale, FL, USA
 "
124,MIDD=2121151206,Palm Beaches Marathon Festival,"West Palm Beach, FL USA","December 6, 2015","Timothy Kennedy (M)
5:21:09 225 128 / 22 M50-54 Highland, IN, USA
 "
125,MIDD=2121151206,Palm Beaches Marathon Festival,"West Palm Beach, FL USA","December 6, 2015","Alejandro Alamo (M)
5:21:16 226 129 / 10 M60-64 Miami, FL, USA
 "
126,MIDD=2121151206,Palm Beaches Marathon Festival,"West Palm Beach, FL USA","December 6, 2015","Gordon Tredgold (M)
5:21:16 227 130 / 8 M55-59 Delray Beach, FL, USA
 "
127,MIDD=2121151206,Palm Beaches Marathon Festival,"West Palm Beach, FL USA","December 6, 2015","Evan Koslof (M)
5:21:28 228 131 / 4 M20-24 Boston, MA, USA
 "
128,MIDD=2121151206,Palm Beaches Marathon Festival,"West Palm Beach, FL USA","December 6, 2015","Nathaniel Koslof (M)
5:21:29 229 132 / 11 M25-29 Boston, MA, USA
 "
129,MIDD=2121151206,Palm Beaches Marathon Festival,"West Palm Beach, FL USA","December 6, 2015","Robert Turner (M)
5:22:22 230 133 / 12 M25-29 Jupiter, FL, USA
 "
130,MIDD=2121151206,Palm Beaches Marathon Festival,"West Palm Beach, FL USA","December 6, 2015","Fernando Valle (M)
5:23:27 231 134 / 16 M35-39 Opa Locka, FL, USA
 "
131,MIDD=2121151206,Palm Beaches Marathon Festival,"West Palm Beach, FL USA","December 6, 2015","Melissa Macrina (F)
5:23:50 232 98 / 8 F35-39 Fort Lauderdale, FL, USA
 "
132,MIDD=2121151206,Palm Beaches Marathon Festival,"West Palm Beach, FL USA","December 6, 2015","Rebecca Melton (F)
5:23:58 233 99 / 9 F35-39 Deerfield Beach, FL, USA
 "
133,MIDD=2121151206,Palm Beaches Marathon Festival,"West Palm Beach, FL USA","December 6, 2015","Brenda Saenz (F)
5:24:20 234 100 / 10 F35-39 Boca Raton, FL, USA
 "
134,MIDD=2121151206,Palm Beaches Marathon Festival,"West Palm Beach, FL USA","December 6, 2015","Marisol Castro (F)
5:24:20 235 101 / 22 F40-44 Boca Raton, FL, USA
 "
135,MIDD=2121151206,Palm Beaches Marathon Festival,"West Palm Beach, FL USA","December 6, 2015","Rick Martinez (M)
5:24:20 236 135 / 13 M40-44 Port Saint Lucie, FL, USA
 "
136,MIDD=2121151206,Palm Beaches Marathon Festival,"West Palm Beach, FL USA","December 6, 2015","Helton Ferreira (M)
5:27:06 237 136 / 24 M45-49 Brasília, Brazil
 "
137,MIDD=2121151206,Palm Beaches Marathon Festival,"West Palm Beach, FL USA","December 6, 2015","Vance Boyd (M)
5:27:17 238 137 / 25 M45-49 Palm Bay, FL, USA
 "
138,MIDD=2121151206,Palm Beaches Marathon Festival,"West Palm Beach, FL USA","December 6, 2015","Robert Valdes (M)
5:27:36 239 138 / 14 M40-44 Miami Beach, FL, USA
 "
139,MIDD=2121151206,Palm Beaches Marathon Festival,"West Palm Beach, FL USA","December 6, 2015","Veronica Ghoghos (F)
5:29:04 240 102 / 23 F40-44 Fort Lauderdale, FL, USA
 "
140,MIDD=2121151206,Palm Beaches Marathon Festival,"West Palm Beach, FL USA","December 6, 2015","Jose Seda (M)
5:29:05 241 139 / 26 M45-49 Sunrise, FL, USA
 "
141,MIDD=2121151206,Palm Beaches Marathon Festival,"West Palm Beach, FL USA","December 6, 2015","Mary Mckeon (F)
5:30:24 242 103 / 25 F25-29 Fort Myers, FL, USA
 "
142,MIDD=2121151206,Palm Beaches Marathon Festival,"West Palm Beach, FL USA","December 6, 2015","Henri Lebrun (M)
5:30:27 243 140 / 15 M40-44 Miami, FL, USA
 "
143,MIDD=2121151206,Palm Beaches Marathon Festival,"West Palm Beach, FL USA","December 6, 2015","Scott Rames (M)
5:30:47 244 141 / 27 M45-49 Harrisburg, PA, USA
 "
144,MIDD=2121151206,Palm Beaches Marathon Festival,"West Palm Beach, FL USA","December 6, 2015","Nadia Plante (F)
5:31:07 245 104 / 26 F25-29 Naples, FL, USA
 "
145,MIDD=2121151206,Palm Beaches Marathon Festival,"West Palm Beach, FL USA","December 6, 2015","Cassandra Griffith (F)
5:31:18 246 105 / 24 F40-44 Hobe Sound, FL, USA
 "
146,MIDD=2121151206,Palm Beaches Marathon Festival,"West Palm Beach, FL USA","December 6, 2015","Charles Manis (M)
5:33:49 247 142 / 9 M55-59 SUNRISE, FL, USA
 "
147,MIDD=2121151206,Palm Beaches Marathon Festival,"West Palm Beach, FL USA","December 6, 2015","Heidy Booeshaghi (F)
5:33:55 248 106 / 16 F45-49 Wellington, FL, USA
 "
148,MIDD=2121151206,Palm Beaches Marathon Festival,"West Palm Beach, FL USA","December 6, 2015","Steve Landin (M)
5:34:46 249 143 / 28 M45-49 Loxahatchee, FL, USA
 "
149,MIDD=2121151206,Palm Beaches Marathon Festival,"West Palm Beach, FL USA","December 6, 2015","Marsha Joseph (F)
5:34:48 250 107 / 11 F35-39 Orlando, FL, USA
 "
150,MIDD=2121151206,Palm Beaches Marathon Festival,"West Palm Beach, FL USA","December 6, 2015","Michael Adams (M)
5:34:53 251 144 / 29 M45-49 Jupiter, FL, USA
 "
151,MIDD=2121151206,Palm Beaches Marathon Festival,"West Palm Beach, FL USA","December 6, 2015","Suzanne Snyder-Carroll (F)
5:35:07 252 108 / 1 F65-69 Boynton Beach, FL, USA
 "
152,MIDD=2121151206,Palm Beaches Marathon Festival,"West Palm Beach, FL USA","December 6, 2015","Cordia Perez (F)
5:35:38 253 109 / 27 F25-29 Chicago, IL, USA
 "
153,MIDD=2121151206,Palm Beaches Marathon Festival,"West Palm Beach, FL USA","December 6, 2015","Matthew Tynan (M)
5:35:59 254 145 / 22 M30-34 Lantana, FL, USA
 "
154,MIDD=2121151206,Palm Beaches Marathon Festival,"West Palm Beach, FL USA","December 6, 2015","Luke Wenger (M)
5:36:12 255 146 / 13 M25-29 Miami, FL, USA
 "
155,MIDD=2121151206,Palm Beaches Marathon Festival,"West Palm Beach, FL USA","December 6, 2015","Ryan Pumford (M)
5:36:47 256 147 / 17 M35-39 North Palm Beach, FL, USA
 "
156,MIDD=2121151206,Palm Beaches Marathon Festival,"West Palm Beach, FL USA","December 6, 2015","Charlene Stengel (F)
5:37:10 257 110 / 17 F45-49 West Palm Beach, FL, USA
 "
157,MIDD=2121151206,Palm Beaches Marathon Festival,"West Palm Beach, FL USA","December 6, 2015","Tracey Derival (F)
5:37:39 258 111 / 18 F45-49 Riverview, FL, USA
 "
158,MIDD=2121151206,Palm Beaches Marathon Festival,"West Palm Beach, FL USA","December 6, 2015","Othman Doubiany (M)
5:39:41 259 148 / 23 M50-54 Aurora, CO, USA
 "
159,MIDD=2121151206,Palm Beaches Marathon Festival,"West Palm Beach, FL USA","December 6, 2015","Erica Franco (F)
5:39:42 260 112 / 12 F35-39 Orlando, FL, USA
 "
160,MIDD=2121151206,Palm Beaches Marathon Festival,"West Palm Beach, FL USA","December 6, 2015","Yanhui Singer (F)
5:41:56 261 113 / 5 F55-59 Fort Lauderdale, FL, USA
 "
161,MIDD=2121151206,Palm Beaches Marathon Festival,"West Palm Beach, FL USA","December 6, 2015","Bing Guan (M)
5:42:50 262 149 / 30 M45-49 Fort Lauderdale, FL, USA
 "
162,MIDD=2121151206,Palm Beaches Marathon Festival,"West Palm Beach, FL USA","December 6, 2015","Dan Mclaughlin (M)
5:43:15 263 150 / 16 M40-44 Miami, FL, USA
 "
163,MIDD=2121151206,Palm Beaches Marathon Festival,"West Palm Beach, FL USA","December 6, 2015","Donald Shannon (M)
5:46:14 264 151 / 31 M45-49 Miami, FL, USA
 "
164,MIDD=2121151206,Palm Beaches Marathon Festival,"West Palm Beach, FL USA","December 6, 2015","Haiber Alarcon Baez (M)
5:47:28 265 152 / 14 M25-29 Hollywood, FL, USA
 "
165,MIDD=2121151206,Palm Beaches Marathon Festival,"West Palm Beach, FL USA","December 6, 2015","Amy Scarboro (F)
5:50:53 266 114 / 6 F55-59 Lexington, KY, USA
 "
166,MIDD=2121151206,Palm Beaches Marathon Festival,"West Palm Beach, FL USA","December 6, 2015","Donna Mccuiston (F)
5:53:37 267 115 / 19 F45-49 Dallas, TX, USA
 "
167,MIDD=2121151206,Palm Beaches Marathon Festival,"West Palm Beach, FL USA","December 6, 2015","Sheryl Macdonald (F)
5:54:29 268 116 / 20 F45-49 West Palm Beach, FL, USA
 "
168,MIDD=2121151206,Palm Beaches Marathon Festival,"West Palm Beach, FL USA","December 6, 2015","Edward Broadnax (M)
5:54:35 269 153 / 32 M45-49 El Paso, TX, USA
 "
169,MIDD=2121151206,Palm Beaches Marathon Festival,"West Palm Beach, FL USA","December 6, 2015","Harold Rosen (M)
5:54:40 270 154 / 1 M70-74 Miami, FL, USA
 "
170,MIDD=2121151206,Palm Beaches Marathon Festival,"West Palm Beach, FL USA","December 6, 2015","David Darr (M)
5:54:54 271 155 / 24 M50-54 Sandusky, OH, USA
 "
171,MIDD=2121151206,Palm Beaches Marathon Festival,"West Palm Beach, FL USA","December 6, 2015","Tara Cain (F)
5:55:05 272 117 / 15 F30-34 Jupiter, FL, USA
 "
172,MIDD=2121151206,Palm Beaches Marathon Festival,"West Palm Beach, FL USA","December 6, 2015","JOSE DAVID RODRIGUEZ (M)
5:55:34 273 156 / 15 M25-29 Brimfield, MA, USA
 "
173,MIDD=2121151206,Palm Beaches Marathon Festival,"West Palm Beach, FL USA","December 6, 2015","Carrie Hoffman (F)
5:55:37 274 118 / 7 F20-24 Gainesville, FL, USA
 "
174,MIDD=2121151206,Palm Beaches Marathon Festival,"West Palm Beach, FL USA","December 6, 2015","Jillian Sullivan (F)
5:55:38 275 119 / 8 F20-24 Stuart, FL, USA
 "
175,MIDD=2121151206,Palm Beaches Marathon Festival,"West Palm Beach, FL USA","December 6, 2015","Chuck Van Duzee (M)
5:58:12 276 157 / 1 M75-99 Bradenton, FL, USA
 "
176,MIDD=2121151206,Palm Beaches Marathon Festival,"West Palm Beach, FL USA","December 6, 2015","Cleveland Allen (M)
5:58:34 277 158 / 10 M55-59 Fort Lauderdale, FL, USA
 "
177,MIDD=2121151206,Palm Beaches Marathon Festival,"West Palm Beach, FL USA","December 6, 2015","Robert Elkins (M)
5:58:50 278 159 / 11 M60-64 West Palm Beach, FL, USA
 "
178,MIDD=2121151206,Palm Beaches Marathon Festival,"West Palm Beach, FL USA","December 6, 2015","Kristine Liepina (F)
5:58:56 279 120 / 9 F20-24 Staatsburg, NY, USA
 "
179,MIDD=2121151206,Palm Beaches Marathon Festival,"West Palm Beach, FL USA","December 6, 2015","Marcela Todd (F)
5:58:56 280 121 / 25 F40-44 Fort Lauderdale, FL, USA
 "
180,MIDD=2121151206,Palm Beaches Marathon Festival,"West Palm Beach, FL USA","December 6, 2015","John Cuervo (M)
5:59:39 281 160 / 18 M35-39 West Palm Beach, FL, USA
 "
181,MIDD=2121151206,Palm Beaches Marathon Festival,"West Palm Beach, FL USA","December 6, 2015","John Petty (M)
5:59:46 282 161 / 19 M35-39 Apex, NC, USA
 "
182,MIDD=2121151206,Palm Beaches Marathon Festival,"West Palm Beach, FL USA","December 6, 2015","Jodi Landi (F)
6:02:37 283 122 / 16 F30-34 Windermere, FL, USA
 "
183,MIDD=2121151206,Palm Beaches Marathon Festival,"West Palm Beach, FL USA","December 6, 2015","Monika Sundstrom (F)
6:03:21 284 123 / 13 F35-39 Stuart, FL, USA
 "
184,MIDD=2121151206,Palm Beaches Marathon Festival,"West Palm Beach, FL USA","December 6, 2015","Aaron Ripin (M)
6:03:39 285 162 / 17 M40-44 Lake Worth, FL, USA
 "
185,MIDD=2121151206,Palm Beaches Marathon Festival,"West Palm Beach, FL USA","December 6, 2015","Marc Goodwin (M)
6:03:44 286 163 / 33 M45-49 Jupiter, FL, USA
 "
186,MIDD=2121151206,Palm Beaches Marathon Festival,"West Palm Beach, FL USA","December 6, 2015","Oswaldo Gago (M)
6:05:00 287 164 / 18 M40-44 Pompano Beach, FL, USA
 "
187,MIDD=2121151206,Palm Beaches Marathon Festival,"West Palm Beach, FL USA","December 6, 2015","Benjamin Martin (M)
6:07:08 288 165 / 25 M50-54 West Palm Beach, FL, USA
 "
188,MIDD=2121151206,Palm Beaches Marathon Festival,"West Palm Beach, FL USA","December 6, 2015","Vera Harris (F)
6:07:11 289 124 / 2 F65-69 Kissimmee, FL, USA
 "
189,MIDD=2121151206,Palm Beaches Marathon Festival,"West Palm Beach, FL USA","December 6, 2015","Herman Mercado (M)
6:07:29 290 166 / 26 M50-54 Boynton Beach, FL, USA
 "
190,MIDD=2121151206,Palm Beaches Marathon Festival,"West Palm Beach, FL USA","December 6, 2015","Robert Rios (M)
6:07:43 291 167 / 20 M35-39 Miramar, FL, USA
 "
191,MIDD=2121151206,Palm Beaches Marathon Festival,"West Palm Beach, FL USA","December 6, 2015","Eraine Ambo (F)
6:08:35 292 125 / 17 F30-34 Miami, FL, USA
 "
192,MIDD=2121151206,Palm Beaches Marathon Festival,"West Palm Beach, FL USA","December 6, 2015","Elizabeth Gmerek (F)
6:08:40 293 126 / 5 F50-54 Merritt Island, FL, USA
 "
193,MIDD=2121151206,Palm Beaches Marathon Festival,"West Palm Beach, FL USA","December 6, 2015","Abhinanda Puttanna (M)
6:09:16 294 168 / 19 M40-44 Fort Lauderdale, FL, USA
 "
194,MIDD=2121151206,Palm Beaches Marathon Festival,"West Palm Beach, FL USA","December 6, 2015","Vyjayanthi Narendra (F)
6:09:18 295 127 / 14 F35-39 Fort Lauderdale, FL, USA
 "
195,MIDD=2121151206,Palm Beaches Marathon Festival,"West Palm Beach, FL USA","December 6, 2015","Denise Sivyer (F)
6:11:24 296 128 / 3 F65-69 Mississauga, Canada
 "
196,MIDD=2121151206,Palm Beaches Marathon Festival,"West Palm Beach, FL USA","December 6, 2015","Michelle Brundage (F)
6:12:00 297 129 / 6 F50-54 Whitesboro, NY, USA
 "
197,MIDD=2121151206,Palm Beaches Marathon Festival,"West Palm Beach, FL USA","December 6, 2015","Patricia Blankenship (F)
6:12:15 298 130 / 26 F40-44 Lexington, KY, USA
 "
198,MIDD=2121151206,Palm Beaches Marathon Festival,"West Palm Beach, FL USA","December 6, 2015","Colleen Sullivan (F)
6:13:08 299 131 / 28 F25-29 Stuart, FL, USA
 "
199,MIDD=2121151206,Palm Beaches Marathon Festival,"West Palm Beach, FL USA","December 6, 2015","Becca Meister (F)
6:13:08 300 132 / 29 F25-29 Palm City, FL, USA
 "
200,MIDD=2121151206,Palm Beaches Marathon Festival,"West Palm Beach, FL USA","December 6, 2015","Marcel Crawford (M)
6:18:24 301 169 / 20 M40-44 Gainesville, VA, USA
 "
201,MIDD=2121151206,Palm Beaches Marathon Festival,"West Palm Beach, FL USA","December 6, 2015","Tyla Crawford (F)
6:18:27 302 133 / 7 F50-54 Gainesville, VA, USA
 "
202,MIDD=2121151206,Palm Beaches Marathon Festival,"West Palm Beach, FL USA","December 6, 2015","Anita Allen (F)
6:19:42 303 134 / 2 F60-64 Coral Springs, FL, USA
 "
203,MIDD=2121151206,Palm Beaches Marathon Festival,"West Palm Beach, FL USA","December 6, 2015","Jason Panos (M)
6:23:01 304 170 / 21 M40-44 Pompano Beach, FL, USA
 "
204,MIDD=2121151206,Palm Beaches Marathon Festival,"West Palm Beach, FL USA","December 6, 2015","Frank Bartocci (M)
6:23:24 305 171 / 5 M65-69 Rochester, MN, USA
 "
205,MIDD=2121151206,Palm Beaches Marathon Festival,"West Palm Beach, FL USA","December 6, 2015","Andrew Wenzel (M)
6:28:26 306 172 / 34 M45-49 Miami Lakes, FL, USA
 "
206,MIDD=2121151206,Palm Beaches Marathon Festival,"West Palm Beach, FL USA","December 6, 2015","Anthony Andrews (M)
6:33:38 307 173 / 27 M50-54 Lake Worth, FL, USA
 "
207,MIDD=2121151206,Palm Beaches Marathon Festival,"West Palm Beach, FL USA","December 6, 2015","Penny Minges (F)
6:36:16 308 135 / 7 F55-59 Pound Ridge, NY, USA
 "
208,MIDD=2121151206,Palm Beaches Marathon Festival,"West Palm Beach, FL USA","December 6, 2015","Karen Mitchell (F)
6:36:21 309 136 / 4 F65-69 York, PA, USA
 "
209,MIDD=2121151206,Palm Beaches Marathon Festival,"West Palm Beach, FL USA","December 6, 2015","Clay Shaw (M)
6:36:22 310 174 / 12 M60-64 York, PA, USA
 "
210,MIDD=2121151206,Palm Beaches Marathon Festival,"West Palm Beach, FL USA","December 6, 2015","Harry L Hoffman Jr (M)
6:40:19 311 175 / 2 M75-99 Stuart, FL, USA
 "
211,MIDD=2121151206,Palm Beaches Marathon Festival,"West Palm Beach, FL USA","December 6, 2015","Giles Williams (M)
6:40:28 312 176 / 2 M70-74 Oviedo, FL, USA
 "
212,MIDD=2121151206,Palm Beaches Marathon Festival,"West Palm Beach, FL USA","December 6, 2015","Jonas Nicolas (M)
6:41:28 313 177 / 21 M35-39 Port Saint Lucie, FL, USA
 "
213,MIDD=2121151206,Palm Beaches Marathon Festival,"West Palm Beach, FL USA","December 6, 2015","Marylynn Mura (F)
6:43:11 314 137 / 27 F40-44 Orlando, FL, USA
 "
214,MIDD=2121151206,Palm Beaches Marathon Festival,"West Palm Beach, FL USA","December 6, 2015","Perwaiz Rahim M.D. (M)
6:44:23 315 178 / 28 M50-54 Lakeland, FL, USA
 "
215,MIDD=2121151206,Palm Beaches Marathon Festival,"West Palm Beach, FL USA","December 6, 2015","Heather Campeau (F)
6:45:07 316 138 / 8 F50-54 Wellington, FL, USA
 "
216,MIDD=2121151206,Palm Beaches Marathon Festival,"West Palm Beach, FL USA","December 6, 2015","Cathy Goodwin (F)
6:45:08 317 139 / 9 F50-54 Jupiter, FL, USA
 "
217,MIDD=2121151206,Palm Beaches Marathon Festival,"West Palm Beach, FL USA","December 6, 2015","Gabriela Koteff (F)
6:45:35 318 140 / 10 F50-54 Boca Raton, FL, USA
 "
218,MIDD=2121151206,Palm Beaches Marathon Festival,"West Palm Beach, FL USA","December 6, 2015","Rosena Darin (F)
6:53:21 319 141 / 5 F65-69 Boynton Beach, FL, USA
 "
219,MIDD=2121151206,Palm Beaches Marathon Festival,"West Palm Beach, FL USA","December 6, 2015","Audrey Campbell (F)
6:56:33 320 142 / 8 F55-59 Fort Lauderdale, FL, USA
 "
220,MIDD=2121151206,Palm Beaches Marathon Festival,"West Palm Beach, FL USA","December 6, 2015","Debbie Epstein (F)
6:57:57 321 143 / 9 F55-59 Boca Raton, FL, USA
 "
221,MIDD=2121151206,Palm Beaches Marathon Festival,"West Palm Beach, FL USA","December 6, 2015","Megan Steinebach (F)
6:57:58 322 144 / 15 F35-39 Delray Beach, FL, USA
 "
222,MIDD=2121151206,Palm Beaches Marathon Festival,"West Palm Beach, FL USA","December 6, 2015","Artney Walker (F)
7:07:55 323 145 / 16 F35-39 Birmingham, AL, USA
 "
