,race_id,race,location,date,runners
0,MIDD=5016151025,Magog Marathon,"Magog, QC Canada","October 25, 2015","

Have you run this race?Then tell us about it.

Last Name, First Name(Sex/Age)
Time OverAllPlace
Sex Place/Div Place
DIV BQ*"
1,MIDD=5016151025,Magog Marathon,"Magog, QC Canada","October 25, 2015","samuel trudel (M)
2:53:14 1 1 / 1 M18-29
BQ"
2,MIDD=5016151025,Magog Marathon,"Magog, QC Canada","October 25, 2015","Jordan Lemaire (M)
2:58:47 2 2 / 2 M18-29
BQ"
3,MIDD=5016151025,Magog Marathon,"Magog, QC Canada","October 25, 2015","Olivier Paradis (M)
3:04:15 3 3 / 3 M18-29
BQ"
4,MIDD=5016151025,Magog Marathon,"Magog, QC Canada","October 25, 2015","Jean-François Masson (M)
3:13:33 4 4 / 2 M30-39
 "
5,MIDD=5016151025,Magog Marathon,"Magog, QC Canada","October 25, 2015","Abel Vanderschuren (M)
3:15:52 5 5 / 3 M30-39
 "
6,MIDD=5016151025,Magog Marathon,"Magog, QC Canada","October 25, 2015","Mathieu Lendick (M)
3:21:46 6 6 / 4 M30-39
 "
7,MIDD=5016151025,Magog Marathon,"Magog, QC Canada","October 25, 2015","Ghislain Foy (M)
3:23:39 7 7 / 1 M50-59
BQ"
8,MIDD=5016151025,Magog Marathon,"Magog, QC Canada","October 25, 2015","EMMANUEL KAKOOZA (M)
3:28:05 8 8 / 1 M40-49
 "
9,MIDD=5016151025,Magog Marathon,"Magog, QC Canada","October 25, 2015","Dominic Carrier (M)
3:31:00 9 9 / 2 M50-59
 "
10,MIDD=5016151025,Magog Marathon,"Magog, QC Canada","October 25, 2015","Éric Lavallée (M)
3:32:06 10 10 / 5 M30-39
 "
11,MIDD=5016151025,Magog Marathon,"Magog, QC Canada","October 25, 2015","Pierre Cote (M)
3:34:15 11 11 / 1 M60-69
BQ"
12,MIDD=5016151025,Magog Marathon,"Magog, QC Canada","October 25, 2015","Genevieve grondin (F)
3:37:35 12 1 / 1 F30-39
 "
13,MIDD=5016151025,Magog Marathon,"Magog, QC Canada","October 25, 2015","Frédéric Roy (M)
3:38:20 13 12 / 4 M18-29
 "
14,MIDD=5016151025,Magog Marathon,"Magog, QC Canada","October 25, 2015","Sara Carazo Perez (F)
3:38:21 14 2 / 2 F30-39
 "
15,MIDD=5016151025,Magog Marathon,"Magog, QC Canada","October 25, 2015","Jimmy Caux (M)
3:38:41 15 13 / 6 M30-39
 "
16,MIDD=5016151025,Magog Marathon,"Magog, QC Canada","October 25, 2015","Francis Roulier (M)
3:40:14 16 14 / 2 M40-49
 "
17,MIDD=5016151025,Magog Marathon,"Magog, QC Canada","October 25, 2015","Francois Belisle (M)
3:40:16 17 15 / 7 M30-39
 "
18,MIDD=5016151025,Magog Marathon,"Magog, QC Canada","October 25, 2015","Jean-Bernard Denault (M)
3:46:07 18 16 / 3 M40-49
 "
19,MIDD=5016151025,Magog Marathon,"Magog, QC Canada","October 25, 2015","Jacques Papillon (M)
3:48:46 19 17 / 3 M50-59
 "
20,MIDD=5016151025,Magog Marathon,"Magog, QC Canada","October 25, 2015","Karine Turcotte (F)
3:48:56 20 3 / 3 F30-39
 "
21,MIDD=5016151025,Magog Marathon,"Magog, QC Canada","October 25, 2015","frederic perreault (M)
3:49:12 21 18 / 8 M30-39
 "
22,MIDD=5016151025,Magog Marathon,"Magog, QC Canada","October 25, 2015","vincent vandamme (M)
3:49:52 22 19 / 4 M40-49
 "
23,MIDD=5016151025,Magog Marathon,"Magog, QC Canada","October 25, 2015","Jean Grenier (M)
3:50:24 23 20 / 5 M40-49
 "
24,MIDD=5016151025,Magog Marathon,"Magog, QC Canada","October 25, 2015","Eric Lemieux (M)
3:52:01 24 21 / 9 M30-39
 "
25,MIDD=5016151025,Magog Marathon,"Magog, QC Canada","October 25, 2015","Francois Perreault (M)
3:55:44 25 22 / 10 M30-39
 "
26,MIDD=5016151025,Magog Marathon,"Magog, QC Canada","October 25, 2015","André Rouleau (M)
3:56:30 26 23 / 4 M50-59
 "
27,MIDD=5016151025,Magog Marathon,"Magog, QC Canada","October 25, 2015","Martin Dugre (M)
3:56:34 27 24 / 6 M40-49
 "
28,MIDD=5016151025,Magog Marathon,"Magog, QC Canada","October 25, 2015","Regis Goulet (M)
3:57:13 28 25 / 5 M50-59
 "
29,MIDD=5016151025,Magog Marathon,"Magog, QC Canada","October 25, 2015","Sylvie Couture (F)
3:57:49 29 4 / 1 F50-59
BQ"
30,MIDD=5016151025,Magog Marathon,"Magog, QC Canada","October 25, 2015","Christian Dubé (M)
3:58:38 30 26 / 7 M40-49
 "
31,MIDD=5016151025,Magog Marathon,"Magog, QC Canada","October 25, 2015","Driss Jef Jef (M)
4:00:53 31 27 / 8 M40-49
 "
32,MIDD=5016151025,Magog Marathon,"Magog, QC Canada","October 25, 2015","DENIS MORIN (M)
4:03:36 32 28 / 2 M60-69
 "
33,MIDD=5016151025,Magog Marathon,"Magog, QC Canada","October 25, 2015","Stéphane Cadoret (M)
4:04:58 33 29 / 9 M40-49
 "
34,MIDD=5016151025,Magog Marathon,"Magog, QC Canada","October 25, 2015","patrice belanger (M)
4:05:32 34 30 / 11 M30-39
 "
35,MIDD=5016151025,Magog Marathon,"Magog, QC Canada","October 25, 2015","Luc Vallerand (M)
4:06:46 35 31 / 10 M40-49
 "
36,MIDD=5016151025,Magog Marathon,"Magog, QC Canada","October 25, 2015","laurent landry (M)
4:07:42 36 32 / 6 M50-59
 "
37,MIDD=5016151025,Magog Marathon,"Magog, QC Canada","October 25, 2015","André Lamothe (M)
4:07:45 37 33 / 7 M50-59
 "
38,MIDD=5016151025,Magog Marathon,"Magog, QC Canada","October 25, 2015","diane lachapelle (F)
4:09:10 38 5 / 1 F40-49
 "
39,MIDD=5016151025,Magog Marathon,"Magog, QC Canada","October 25, 2015","Marie-Line Poirier (F)
4:09:15 39 6 / 4 F30-39
 "
40,MIDD=5016151025,Magog Marathon,"Magog, QC Canada","October 25, 2015","Noémie Robidoux (F)
4:10:46 40 7 / 1 F0-17
 "
41,MIDD=5016151025,Magog Marathon,"Magog, QC Canada","October 25, 2015","Félix Bélisle-Laliberté (M)
4:11:17 41 34 / 5 M18-29
 "
42,MIDD=5016151025,Magog Marathon,"Magog, QC Canada","October 25, 2015","Patrice Noël (M)
4:11:30 42 35 / 6 M18-29
 "
43,MIDD=5016151025,Magog Marathon,"Magog, QC Canada","October 25, 2015","Kleo Efthymiou (M)
4:13:48 43 36 / 11 M40-49
 "
44,MIDD=5016151025,Magog Marathon,"Magog, QC Canada","October 25, 2015","François Blais (M)
4:14:10 44 37 / 8 M50-59
 "
45,MIDD=5016151025,Magog Marathon,"Magog, QC Canada","October 25, 2015","Loïc Prigent (M)
4:14:26 45 38 / 7 M18-29
 "
46,MIDD=5016151025,Magog Marathon,"Magog, QC Canada","October 25, 2015","Guy Labbé (M)
4:14:27 46 39 / 8 M18-29
 "
47,MIDD=5016151025,Magog Marathon,"Magog, QC Canada","October 25, 2015","Julie-Anne Keyser Leblond (F)
4:16:48 47 8 / 1 F18-29
 "
48,MIDD=5016151025,Magog Marathon,"Magog, QC Canada","October 25, 2015","Guy Lafond (M)
4:17:17 48 40 / 12 M40-49
 "
49,MIDD=5016151025,Magog Marathon,"Magog, QC Canada","October 25, 2015","Carl Simard (M)
4:18:21 49 41 / 12 M30-39
 "
50,MIDD=5016151025,Magog Marathon,"Magog, QC Canada","October 25, 2015","Lou-Jenna Parizet (F)
4:18:46 50 9 / 5 F30-39
 "
51,MIDD=5016151025,Magog Marathon,"Magog, QC Canada","October 25, 2015","Charles Roy (M)
4:19:27 51 42 / 9 M18-29
 "
52,MIDD=5016151025,Magog Marathon,"Magog, QC Canada","October 25, 2015","Luc Arbour (M)
4:20:13 52 43 / 9 M50-59
 "
53,MIDD=5016151025,Magog Marathon,"Magog, QC Canada","October 25, 2015","Solange Bédard (F)
4:22:45 53 10 / 2 F50-59
 "
54,MIDD=5016151025,Magog Marathon,"Magog, QC Canada","October 25, 2015","Eric Gurd (M)
4:22:50 54 44 / 13 M30-39
 "
55,MIDD=5016151025,Magog Marathon,"Magog, QC Canada","October 25, 2015","Yannick Cloutier (M)
4:26:39 55 45 / 14 M30-39
 "
56,MIDD=5016151025,Magog Marathon,"Magog, QC Canada","October 25, 2015","Norman Larose (M)
4:27:30 56 46 / 10 M50-59
 "
57,MIDD=5016151025,Magog Marathon,"Magog, QC Canada","October 25, 2015","Daniel Lequin (M)
4:27:47 57 47 / 3 M60-69
 "
58,MIDD=5016151025,Magog Marathon,"Magog, QC Canada","October 25, 2015","sandrine jette (F)
4:27:52 58 11 / 2 F18-29
 "
59,MIDD=5016151025,Magog Marathon,"Magog, QC Canada","October 25, 2015","enrico colella (M)
4:28:22 59 48 / 11 M50-59
 "
60,MIDD=5016151025,Magog Marathon,"Magog, QC Canada","October 25, 2015","Jimmy-Raymond Lacroix (M)
4:30:12 60 49 / 13 M40-49
 "
61,MIDD=5016151025,Magog Marathon,"Magog, QC Canada","October 25, 2015","Chrep Lok (F)
4:31:01 61 12 / 6 F30-39
 "
62,MIDD=5016151025,Magog Marathon,"Magog, QC Canada","October 25, 2015","Jean-Benoit Perron (M)
4:31:08 62 50 / 15 M30-39
 "
63,MIDD=5016151025,Magog Marathon,"Magog, QC Canada","October 25, 2015","Stephane Tremblay (M)
4:32:30 63 51 / 14 M40-49
 "
64,MIDD=5016151025,Magog Marathon,"Magog, QC Canada","October 25, 2015","Michel Gouin (M)
4:33:47 64 52 / 12 M50-59
 "
65,MIDD=5016151025,Magog Marathon,"Magog, QC Canada","October 25, 2015","Alma Meech (F)
4:34:45 65 13 / 3 F50-59
 "
66,MIDD=5016151025,Magog Marathon,"Magog, QC Canada","October 25, 2015","Vincent Jean-Lévesque (M)
4:39:26 66 53 / 1 M0-17
 "
67,MIDD=5016151025,Magog Marathon,"Magog, QC Canada","October 25, 2015","Dmitri Rabutki (M)
4:42:54 67 54 / 4 M60-69
 "
68,MIDD=5016151025,Magog Marathon,"Magog, QC Canada","October 25, 2015","Mario Gélinas (M)
4:44:24 68 55 / 13 M50-59
 "
69,MIDD=5016151025,Magog Marathon,"Magog, QC Canada","October 25, 2015","Michel Rivard (M)
4:55:04 69 56 / 15 M40-49
 "
70,MIDD=5016151025,Magog Marathon,"Magog, QC Canada","October 25, 2015","Olivier Jean-Lévesque (M)
4:55:11 70 57 / 10 M18-29
 "
71,MIDD=5016151025,Magog Marathon,"Magog, QC Canada","October 25, 2015","Martin Labine (M)
4:55:26 71 58 / 16 M30-39
 "
72,MIDD=5016151025,Magog Marathon,"Magog, QC Canada","October 25, 2015","Olivier Jardret (M)
4:58:04 72 59 / 16 M40-49
 "
73,MIDD=5016151025,Magog Marathon,"Magog, QC Canada","October 25, 2015","Hugo Dominguez (M)
5:02:01 73 60 / 17 M30-39
 "
74,MIDD=5016151025,Magog Marathon,"Magog, QC Canada","October 25, 2015","Marc André Guertin (M)
5:02:56 74 61 / 17 M40-49
 "
75,MIDD=5016151025,Magog Marathon,"Magog, QC Canada","October 25, 2015","Sorin Ionescu (M)
5:11:19 75 62 / 18 M30-39
 "
76,MIDD=5016151025,Magog Marathon,"Magog, QC Canada","October 25, 2015","Réal Cloutier (M)
5:22:38 76 63 / 14 M50-59
 "
77,MIDD=5016151025,Magog Marathon,"Magog, QC Canada","October 25, 2015","gabriel gingras (M)
5:29:44 77 64 / 11 M18-29
 "
78,MIDD=5016151025,Magog Marathon,"Magog, QC Canada","October 25, 2015","Sylvie Desrochers (F)
5:35:43 78 14 / 2 F40-49
 "
79,MIDD=5016151025,Magog Marathon,"Magog, QC Canada","October 25, 2015","Eric Martel (M)
5:49:37 79 65 / 19 M30-39
 "
80,MIDD=5016151025,Magog Marathon,"Magog, QC Canada","October 25, 2015","Charles Lacroix (M)
5:50:54 80 66 / 5 M60-69
 "
