,race_id,race,location,date,runners
0,MIDD=2158151121,White River Marathon for Kenya (prev Mountain Home Marathon for Kenya),"Cotter, AR USA","November 21, 2015","

Have you run this race?Then tell us about it.

Last Name, First Name(Sex/Age)
Time OverAllPlace
Sex Place/Div Place
DIV 
City, State, Country AG Time* BQ*"
1,MIDD=2158151121,White River Marathon for Kenya (prev Mountain Home Marathon for Kenya),"Cotter, AR USA","November 21, 2015","James M Glidewell (M21)
3:00:38 1 1 / 1 Mopen Fort Smith, AR, USA
2:59:49
BQ"
2,MIDD=2158151121,White River Marathon for Kenya (prev Mountain Home Marathon for Kenya),"Cotter, AR USA","November 21, 2015","Dustin Mitchell (M20)
3:01:13 2 2 / 2 Mopen Florence, KY, USA
2:58:57
BQ"
3,MIDD=2158151121,White River Marathon for Kenya (prev Mountain Home Marathon for Kenya),"Cotter, AR USA","November 21, 2015","Mark D Bochantin (M53)
3:05:31 3 3 / 3 Mopen Troy, MO, USA
2:41:43
BQ"
4,MIDD=2158151121,White River Marathon for Kenya (prev Mountain Home Marathon for Kenya),"Cotter, AR USA","November 21, 2015","Richard B White (M51)
3:05:51 4 4 / 1 Mmasters Branson, MO, USA
2:44:59
BQ"
5,MIDD=2158151121,White River Marathon for Kenya (prev Mountain Home Marathon for Kenya),"Cotter, AR USA","November 21, 2015","Bj Johnson (M35)
3:06:11 5 5 / 1 M35-39 Poteau, OK, USA
3:06:11
BQ"
6,MIDD=2158151121,White River Marathon for Kenya (prev Mountain Home Marathon for Kenya),"Cotter, AR USA","November 21, 2015","Joshua E Snyder (M33)
3:07:33 6 6 / 1 M30-34 Poteau, OK, USA
3:07:33
 "
7,MIDD=2158151121,White River Marathon for Kenya (prev Mountain Home Marathon for Kenya),"Cotter, AR USA","November 21, 2015","Brian D Todd (M41)
3:08:26 7 7 / 2 Mmasters Springfield, MO, USA
3:02:23
BQ"
8,MIDD=2158151121,White River Marathon for Kenya (prev Mountain Home Marathon for Kenya),"Cotter, AR USA","November 21, 2015","Joe Iovanisci (M43)
3:12:13 8 8 / 3 Mmasters Williamstown, NJ, USA
3:02:58
BQ"
9,MIDD=2158151121,White River Marathon for Kenya (prev Mountain Home Marathon for Kenya),"Cotter, AR USA","November 21, 2015","Jeffrey L Foes (M50)
3:13:43 9 9 / 1 M50-54 Alton, MO, USA
2:53:31
BQ"
10,MIDD=2158151121,White River Marathon for Kenya (prev Mountain Home Marathon for Kenya),"Cotter, AR USA","November 21, 2015","Andre J Gies (M48)
3:14:44 10 10 / 1 M45-49 Fayetteville, AR, USA
2:57:33
BQ"
11,MIDD=2158151121,White River Marathon for Kenya (prev Mountain Home Marathon for Kenya),"Cotter, AR USA","November 21, 2015","David D Langford (M38)
3:15:00 11 11 / 2 M35-39 Charleston, AR, USA
3:13:15
 "
12,MIDD=2158151121,White River Marathon for Kenya (prev Mountain Home Marathon for Kenya),"Cotter, AR USA","November 21, 2015","Abrena H Rine (F33)
3:15:26 12 1 / 1 Fopen Springdale, AR, USA
3:14:12
BQ"
13,MIDD=2158151121,White River Marathon for Kenya (prev Mountain Home Marathon for Kenya),"Cotter, AR USA","November 21, 2015","Jerry D Ragsdale (M47)
3:16:00 13 12 / 2 M45-49 Monett, MO, USA
3:00:17
BQ"
14,MIDD=2158151121,White River Marathon for Kenya (prev Mountain Home Marathon for Kenya),"Cotter, AR USA","November 21, 2015","Blake Hazelwood (M30)
3:16:19 14 13 / 2 M30-34 Bentonville, AR, USA
3:16:19
 "
15,MIDD=2158151121,White River Marathon for Kenya (prev Mountain Home Marathon for Kenya),"Cotter, AR USA","November 21, 2015","Billy L Plante (M47)
3:16:47 15 14 / 3 M45-49 Bryant, AR, USA
3:01:00
BQ"
16,MIDD=2158151121,White River Marathon for Kenya (prev Mountain Home Marathon for Kenya),"Cotter, AR USA","November 21, 2015","Samuel H Young (M24)
3:17:29 16 15 / 1 M20-24 Poteau, OK, USA
3:17:29
 "
17,MIDD=2158151121,White River Marathon for Kenya (prev Mountain Home Marathon for Kenya),"Cotter, AR USA","November 21, 2015","Kevin Warneke (M46)
3:17:45 17 16 / 4 M45-49 Plano, TX, USA
3:03:29
BQ"
18,MIDD=2158151121,White River Marathon for Kenya (prev Mountain Home Marathon for Kenya),"Cotter, AR USA","November 21, 2015","Eric Skaug (M35)
3:18:12 18 17 / 3 M35-39 Jonesboro, AR, USA
3:18:12
 "
19,MIDD=2158151121,White River Marathon for Kenya (prev Mountain Home Marathon for Kenya),"Cotter, AR USA","November 21, 2015","Victor Birch (M55)
3:19:35 19 18 / 1 M55-59 Mon Louis Isl., AL, USA
2:50:45
BQ"
20,MIDD=2158151121,White River Marathon for Kenya (prev Mountain Home Marathon for Kenya),"Cotter, AR USA","November 21, 2015","Frederick Dolan (M43)
3:20:02 20 19 / 1 M40-44 Coral Gables, FL, USA
3:10:25
 "
21,MIDD=2158151121,White River Marathon for Kenya (prev Mountain Home Marathon for Kenya),"Cotter, AR USA","November 21, 2015","Ty Wamsley (M46)
3:25:23 21 20 / 5 M45-49 Vicksburg, MS, USA
3:10:33
 "
22,MIDD=2158151121,White River Marathon for Kenya (prev Mountain Home Marathon for Kenya),"Cotter, AR USA","November 21, 2015","Blake E Ritchey (M27)
3:26:39 22 21 / 1 M25-29 Fort Leonard Wood, MO, USA
3:26:39
 "
23,MIDD=2158151121,White River Marathon for Kenya (prev Mountain Home Marathon for Kenya),"Cotter, AR USA","November 21, 2015","Kristi D Sheridan (F42)
3:26:40 23 2 / 2 Fopen West Plains, MO, USA
3:12:58
BQ"
24,MIDD=2158151121,White River Marathon for Kenya (prev Mountain Home Marathon for Kenya),"Cotter, AR USA","November 21, 2015","David T Gregory (M42)
3:27:28 24 22 / 2 M40-44 Walters, OK, USA
3:19:09
 "
25,MIDD=2158151121,White River Marathon for Kenya (prev Mountain Home Marathon for Kenya),"Cotter, AR USA","November 21, 2015","Roy L White (M52)
3:27:57 25 23 / 2 M50-54 Omaha, NE, USA
3:02:56
BQ"
26,MIDD=2158151121,White River Marathon for Kenya (prev Mountain Home Marathon for Kenya),"Cotter, AR USA","November 21, 2015","Rachel L Peck (F39)
3:27:58 26 3 / 3 Fopen Topeka, KS, USA
3:19:49
BQ"
27,MIDD=2158151121,White River Marathon for Kenya (prev Mountain Home Marathon for Kenya),"Cotter, AR USA","November 21, 2015","Jenny L Chitwood (F37)
3:28:39 27 4 / 1 F35-39 Wister, OK, USA
3:23:25
BQ"
28,MIDD=2158151121,White River Marathon for Kenya (prev Mountain Home Marathon for Kenya),"Cotter, AR USA","November 21, 2015","Lezlee D Jones (F45)
3:28:48 28 5 / 1 Fmasters Topeka, KS, USA
3:08:12
BQ"
29,MIDD=2158151121,White River Marathon for Kenya (prev Mountain Home Marathon for Kenya),"Cotter, AR USA","November 21, 2015","Peter Perkins (M45)
3:30:27 29 24 / 6 M45-49 St. Louis, MO, USA
3:16:56
 "
30,MIDD=2158151121,White River Marathon for Kenya (prev Mountain Home Marathon for Kenya),"Cotter, AR USA","November 21, 2015","Kristi Hall (F37)
3:30:40 30 6 / 2 F35-39 Vicksburg, MS, USA
3:25:22
BQ"
31,MIDD=2158151121,White River Marathon for Kenya (prev Mountain Home Marathon for Kenya),"Cotter, AR USA","November 21, 2015","Brian L Harrifeld (M57)
3:31:06 31 25 / 2 M55-59 Lincoln, NE, USA
2:57:15
BQ"
32,MIDD=2158151121,White River Marathon for Kenya (prev Mountain Home Marathon for Kenya),"Cotter, AR USA","November 21, 2015","Vincent D Reynolds (M57)
3:34:06 32 26 / 3 M55-59 Eureka Springs, AR, USA
2:59:45
BQ"
33,MIDD=2158151121,White River Marathon for Kenya (prev Mountain Home Marathon for Kenya),"Cotter, AR USA","November 21, 2015","Michael B Graham (M48)
3:35:59 33 27 / 7 M45-49 Bella Vista, AR, USA
3:16:56
 "
34,MIDD=2158151121,White River Marathon for Kenya (prev Mountain Home Marathon for Kenya),"Cotter, AR USA","November 21, 2015","Richard Orvis (M40)
3:36:15 34 28 / 3 M40-44 Broken Arrow, OK, USA
3:31:02
 "
35,MIDD=2158151121,White River Marathon for Kenya (prev Mountain Home Marathon for Kenya),"Cotter, AR USA","November 21, 2015","Kristin J Snyder (F31)
3:36:39 35 7 / 1 F30-34 Poteau, OK, USA
3:36:18
 "
36,MIDD=2158151121,White River Marathon for Kenya (prev Mountain Home Marathon for Kenya),"Cotter, AR USA","November 21, 2015","Chris K Clark (M40)
3:37:11 36 29 / 4 M40-44 West Plains, MO, USA
3:31:57
 "
37,MIDD=2158151121,White River Marathon for Kenya (prev Mountain Home Marathon for Kenya),"Cotter, AR USA","November 21, 2015","David W Giles (M60)
3:39:12 37 30 / 1 M60-64 Aurora, MO, USA
2:58:46
BQ"
38,MIDD=2158151121,White River Marathon for Kenya (prev Mountain Home Marathon for Kenya),"Cotter, AR USA","November 21, 2015","John D Tollenaar (M27)
3:39:22 38 31 / 2 M25-29 West Plains, MO, USA
3:39:22
 "
39,MIDD=2158151121,White River Marathon for Kenya (prev Mountain Home Marathon for Kenya),"Cotter, AR USA","November 21, 2015","Randall J Thompson (M57)
3:39:31 39 32 / 4 M55-59 Fayetteville, AR, USA
3:04:18
BQ"
40,MIDD=2158151121,White River Marathon for Kenya (prev Mountain Home Marathon for Kenya),"Cotter, AR USA","November 21, 2015","Larry G Havens (M46)
3:40:13 40 33 / 8 M45-49 Pine Bluff, AR, USA
3:24:19
 "
41,MIDD=2158151121,White River Marathon for Kenya (prev Mountain Home Marathon for Kenya),"Cotter, AR USA","November 21, 2015","Isaac B Stacy (M18)
3:40:14 41 34 / 1 M0-19 Poteau, OK, USA
3:31:46
 "
42,MIDD=2158151121,White River Marathon for Kenya (prev Mountain Home Marathon for Kenya),"Cotter, AR USA","November 21, 2015","Jon Norcross (M55)
3:40:43 42 35 / 5 M55-59 Little Rock, AR, USA
3:08:51
 "
43,MIDD=2158151121,White River Marathon for Kenya (prev Mountain Home Marathon for Kenya),"Cotter, AR USA","November 21, 2015","George E Haney (M46)
3:42:02 43 36 / 9 M45-49 Poteau, OK, USA
3:26:01
 "
44,MIDD=2158151121,White River Marathon for Kenya (prev Mountain Home Marathon for Kenya),"Cotter, AR USA","November 21, 2015","Zac Wilson (M37)
3:43:55 44 37 / 4 M35-39 Rome, GA, USA
3:43:01
 "
45,MIDD=2158151121,White River Marathon for Kenya (prev Mountain Home Marathon for Kenya),"Cotter, AR USA","November 21, 2015","Jeremy D Huckabee (M38)
3:44:26 45 38 / 5 M35-39 Alton, MO, USA
3:42:25
 "
46,MIDD=2158151121,White River Marathon for Kenya (prev Mountain Home Marathon for Kenya),"Cotter, AR USA","November 21, 2015","Clayton Shive (M28)
3:45:17 46 39 / 3 M25-29 Fort Leonard Wood, MO, USA
3:45:17
 "
47,MIDD=2158151121,White River Marathon for Kenya (prev Mountain Home Marathon for Kenya),"Cotter, AR USA","November 21, 2015","Patrick Mahoney (M25)
3:45:36 47 40 / 4 M25-29 Nixa, MO, USA
3:45:36
 "
48,MIDD=2158151121,White River Marathon for Kenya (prev Mountain Home Marathon for Kenya),"Cotter, AR USA","November 21, 2015","Bradley D Hayes (M49)
3:45:57 48 41 / 10 M45-49 Rudy, AR, USA
3:24:13
 "
49,MIDD=2158151121,White River Marathon for Kenya (prev Mountain Home Marathon for Kenya),"Cotter, AR USA","November 21, 2015","Bryan A Register (M47)
3:47:28 49 42 / 11 M45-49 Vicksburg, MS, USA
3:29:14
 "
50,MIDD=2158151121,White River Marathon for Kenya (prev Mountain Home Marathon for Kenya),"Cotter, AR USA","November 21, 2015","Mary Krapac (F51)
3:48:08 50 8 / 2 Fmasters Vicksburg, MS, USA
3:10:43
BQ"
51,MIDD=2158151121,White River Marathon for Kenya (prev Mountain Home Marathon for Kenya),"Cotter, AR USA","November 21, 2015","Lucinda Bishop (F34)
3:48:51 51 9 / 2 F30-34 Salem, AR, USA
3:46:37
 "
52,MIDD=2158151121,White River Marathon for Kenya (prev Mountain Home Marathon for Kenya),"Cotter, AR USA","November 21, 2015","Nick B Zink (M23)
3:49:37 52 43 / 2 M20-24 Iberia, MO, USA
3:49:37
 "
53,MIDD=2158151121,White River Marathon for Kenya (prev Mountain Home Marathon for Kenya),"Cotter, AR USA","November 21, 2015","Jessica L Cummings (F28)
3:50:24 53 10 / 1 F25-29 Fort Smith, AR, USA
3:50:24
 "
54,MIDD=2158151121,White River Marathon for Kenya (prev Mountain Home Marathon for Kenya),"Cotter, AR USA","November 21, 2015","Kevin M Pilarski (M50)
3:50:55 54 44 / 3 M50-54 Oakdale, MN, USA
3:26:50
 "
55,MIDD=2158151121,White River Marathon for Kenya (prev Mountain Home Marathon for Kenya),"Cotter, AR USA","November 21, 2015","Brian D Smith (M52)
3:51:18 55 45 / 4 M50-54 Galena, KS, USA
3:23:28
 "
56,MIDD=2158151121,White River Marathon for Kenya (prev Mountain Home Marathon for Kenya),"Cotter, AR USA","November 21, 2015","Jeff Bollman (M47)
3:51:25 56 46 / 12 M45-49 Billings, MT, USA
3:32:52
 "
57,MIDD=2158151121,White River Marathon for Kenya (prev Mountain Home Marathon for Kenya),"Cotter, AR USA","November 21, 2015","Bill Rogers (M64)
3:52:12 57 47 / 2 M60-64 Minneapolis, MN, USA
3:01:55
BQ"
58,MIDD=2158151121,White River Marathon for Kenya (prev Mountain Home Marathon for Kenya),"Cotter, AR USA","November 21, 2015","Melissa Polivka (F38)
3:52:48 58 11 / 3 F35-39 Evanston, IL, USA
3:45:24
 "
59,MIDD=2158151121,White River Marathon for Kenya (prev Mountain Home Marathon for Kenya),"Cotter, AR USA","November 21, 2015","Jami N Hackler (F32)
3:52:53 59 12 / 3 F30-34 Poteau, OK, USA
3:52:04
 "
60,MIDD=2158151121,White River Marathon for Kenya (prev Mountain Home Marathon for Kenya),"Cotter, AR USA","November 21, 2015","Michael S Brown (M48)
3:53:30 60 48 / 13 M45-49 Parkville, MO, USA
3:32:54
 "
61,MIDD=2158151121,White River Marathon for Kenya (prev Mountain Home Marathon for Kenya),"Cotter, AR USA","November 21, 2015","Lia Mayfield (F41)
3:55:23 61 13 / 3 Fmasters Fort Smith, AR, USA
3:42:05
 "
62,MIDD=2158151121,White River Marathon for Kenya (prev Mountain Home Marathon for Kenya),"Cotter, AR USA","November 21, 2015","Roger G Smothers (M65)
3:55:23 62 49 / 1 M65-69 Kankakee, IL, USA
3:02:31
BQ"
63,MIDD=2158151121,White River Marathon for Kenya (prev Mountain Home Marathon for Kenya),"Cotter, AR USA","November 21, 2015","Lali Tucker (F34)
3:55:25 63 14 / 4 F30-34 Springfield, MO, USA
3:53:06
 "
64,MIDD=2158151121,White River Marathon for Kenya (prev Mountain Home Marathon for Kenya),"Cotter, AR USA","November 21, 2015","Lisa Strobel (F42)
3:55:29 64 15 / 1 F40-44 Dallas, TX, USA
3:39:52
 "
65,MIDD=2158151121,White River Marathon for Kenya (prev Mountain Home Marathon for Kenya),"Cotter, AR USA","November 21, 2015","Tammy A Accola-Newell (F48)
3:57:23 65 16 / 1 F45-49 Belleville, IL, USA
3:26:13
 "
66,MIDD=2158151121,White River Marathon for Kenya (prev Mountain Home Marathon for Kenya),"Cotter, AR USA","November 21, 2015","Michael D Straley (M37)
3:57:53 66 50 / 6 M35-39 Shell Knob, MO, USA
3:56:55
 "
67,MIDD=2158151121,White River Marathon for Kenya (prev Mountain Home Marathon for Kenya),"Cotter, AR USA","November 21, 2015","Michael B Allen (M33)
3:58:07 67 51 / 3 M30-34 Little Rock, AR, USA
3:58:07
 "
68,MIDD=2158151121,White River Marathon for Kenya (prev Mountain Home Marathon for Kenya),"Cotter, AR USA","November 21, 2015","Jerry Prince (M50)
3:58:25 68 52 / 5 M50-54 North Little Rock, AR, USA
3:33:33
 "
69,MIDD=2158151121,White River Marathon for Kenya (prev Mountain Home Marathon for Kenya),"Cotter, AR USA","November 21, 2015","Rita A Short (F40)
3:58:30 69 17 / 2 F40-44 Festus, MO, USA
3:47:12
 "
70,MIDD=2158151121,White River Marathon for Kenya (prev Mountain Home Marathon for Kenya),"Cotter, AR USA","November 21, 2015","Jeff W Harper (M52)
3:58:36 70 53 / 6 M50-54 Des Moines, IA, USA
3:29:54
 "
71,MIDD=2158151121,White River Marathon for Kenya (prev Mountain Home Marathon for Kenya),"Cotter, AR USA","November 21, 2015","Robert C Pickering (M56)
3:58:45 71 54 / 6 M55-59 Denton, TX, USA
3:22:22
 "
72,MIDD=2158151121,White River Marathon for Kenya (prev Mountain Home Marathon for Kenya),"Cotter, AR USA","November 21, 2015","Edward W Broadnax (M49)
3:59:20 72 55 / 14 M45-49 El Paso, TX, USA
3:36:18
 "
73,MIDD=2158151121,White River Marathon for Kenya (prev Mountain Home Marathon for Kenya),"Cotter, AR USA","November 21, 2015","Denise H Piefke (F55)
3:59:36 73 18 / 1 F55-59 Franklin, TN, USA
3:09:51
BQ"
74,MIDD=2158151121,White River Marathon for Kenya (prev Mountain Home Marathon for Kenya),"Cotter, AR USA","November 21, 2015","Tammy Abide (F52)
3:59:38 74 19 / 1 F50-54 Richardson, TX, USA
3:17:43
BQ"
75,MIDD=2158151121,White River Marathon for Kenya (prev Mountain Home Marathon for Kenya),"Cotter, AR USA","November 21, 2015","Chris Mccauley (M41)
4:00:41 75 56 / 5 M40-44 Dallas, TX, USA
3:52:57
 "
76,MIDD=2158151121,White River Marathon for Kenya (prev Mountain Home Marathon for Kenya),"Cotter, AR USA","November 21, 2015","Mark A Goodson (M45)
4:01:27 76 57 / 15 M45-49 Magnolia, AR, USA
3:45:57
 "
77,MIDD=2158151121,White River Marathon for Kenya (prev Mountain Home Marathon for Kenya),"Cotter, AR USA","November 21, 2015","Cassie Todd (F34)
4:01:58 77 20 / 5 F30-34 Thayer, MO, USA
3:59:35
 "
78,MIDD=2158151121,White River Marathon for Kenya (prev Mountain Home Marathon for Kenya),"Cotter, AR USA","November 21, 2015","Garry Finke (M37)
4:02:00 78 58 / 7 M35-39 West Plains, MO, USA
4:01:02
 "
79,MIDD=2158151121,White River Marathon for Kenya (prev Mountain Home Marathon for Kenya),"Cotter, AR USA","November 21, 2015","Rusty W Harvey (M30)
4:04:25 79 59 / 4 M30-34 Gassville, AR, USA
4:04:25
 "
80,MIDD=2158151121,White River Marathon for Kenya (prev Mountain Home Marathon for Kenya),"Cotter, AR USA","November 21, 2015","Casey K Kelley (F23)
4:04:42 80 21 / 1 F20-24 Conway, AR, USA
4:04:42
 "
81,MIDD=2158151121,White River Marathon for Kenya (prev Mountain Home Marathon for Kenya),"Cotter, AR USA","November 21, 2015","Paul Murray (M54)
4:06:00 81 60 / 7 M50-54 West Plains, MO, USA
3:32:28
 "
82,MIDD=2158151121,White River Marathon for Kenya (prev Mountain Home Marathon for Kenya),"Cotter, AR USA","November 21, 2015","Lisa M Cropper (F39)
4:06:34 82 22 / 4 F35-39 West Plains, MO, USA
3:56:54
 "
83,MIDD=2158151121,White River Marathon for Kenya (prev Mountain Home Marathon for Kenya),"Cotter, AR USA","November 21, 2015","Quanna L Hafer (F38)
4:08:57 83 23 / 5 F35-39 West Plains, MO, USA
4:01:02
 "
84,MIDD=2158151121,White River Marathon for Kenya (prev Mountain Home Marathon for Kenya),"Cotter, AR USA","November 21, 2015","Chick Capasso (M64)
4:09:07 84 61 / 3 M60-64 Neenah, WI, USA
3:15:11
 "
85,MIDD=2158151121,White River Marathon for Kenya (prev Mountain Home Marathon for Kenya),"Cotter, AR USA","November 21, 2015","Brook B Wiersig (F32)
4:09:59 85 24 / 6 F30-34 Poteau, OK, USA
4:09:07
 "
86,MIDD=2158151121,White River Marathon for Kenya (prev Mountain Home Marathon for Kenya),"Cotter, AR USA","November 21, 2015","Trish M Coleman (F36)
4:10:42 86 25 / 6 F35-39 Desoto, MO, USA
4:05:53
 "
87,MIDD=2158151121,White River Marathon for Kenya (prev Mountain Home Marathon for Kenya),"Cotter, AR USA","November 21, 2015","Carrie Russell (F41)
4:10:42 87 26 / 3 F40-44 Saint Louis, MO, USA
3:56:32
 "
88,MIDD=2158151121,White River Marathon for Kenya (prev Mountain Home Marathon for Kenya),"Cotter, AR USA","November 21, 2015","Chris Thornton (M45)
4:13:10 88 62 / 16 M45-49 Springdale, AR, USA
3:56:55
 "
89,MIDD=2158151121,White River Marathon for Kenya (prev Mountain Home Marathon for Kenya),"Cotter, AR USA","November 21, 2015","Brandy S Parrish-Wade (F41)
4:14:03 89 27 / 4 F40-44 Memphis, TN, USA
3:59:42
 "
90,MIDD=2158151121,White River Marathon for Kenya (prev Mountain Home Marathon for Kenya),"Cotter, AR USA","November 21, 2015","Beth Walters (F49)
4:14:57 90 28 / 2 F45-49 Fort Smith, AR, USA
3:38:42
 "
91,MIDD=2158151121,White River Marathon for Kenya (prev Mountain Home Marathon for Kenya),"Cotter, AR USA","November 21, 2015","Michael C Howland (M40)
4:15:32 91 63 / 6 M40-44 Des Moines, IA, USA
4:09:22
 "
92,MIDD=2158151121,White River Marathon for Kenya (prev Mountain Home Marathon for Kenya),"Cotter, AR USA","November 21, 2015","Dale A White (M54)
4:15:42 92 64 / 8 M50-54 Mountain Home, AR, USA
3:40:51
 "
93,MIDD=2158151121,White River Marathon for Kenya (prev Mountain Home Marathon for Kenya),"Cotter, AR USA","November 21, 2015","Andrew Hazer (M66)
4:16:56 93 65 / 2 M65-69 Columbia, IA, USA
3:17:10
 "
94,MIDD=2158151121,White River Marathon for Kenya (prev Mountain Home Marathon for Kenya),"Cotter, AR USA","November 21, 2015","Jim B Grove (M54)
4:17:34 94 66 / 9 M50-54 Commerce, TX, USA
3:42:28
 "
95,MIDD=2158151121,White River Marathon for Kenya (prev Mountain Home Marathon for Kenya),"Cotter, AR USA","November 21, 2015","Lindy Emmert (F47)
4:18:16 95 29 / 3 F45-49 Joplin, MO, USA
3:47:10
 "
96,MIDD=2158151121,White River Marathon for Kenya (prev Mountain Home Marathon for Kenya),"Cotter, AR USA","November 21, 2015","Bobby D Thomas (M35)
4:18:54 96 67 / 8 M35-39 Joplin, MO, USA
4:18:54
 "
97,MIDD=2158151121,White River Marathon for Kenya (prev Mountain Home Marathon for Kenya),"Cotter, AR USA","November 21, 2015","Anthony B Turner (M36)
4:19:10 97 68 / 9 M35-39 Van Burner, AR, USA
4:18:55
 "
98,MIDD=2158151121,White River Marathon for Kenya (prev Mountain Home Marathon for Kenya),"Cotter, AR USA","November 21, 2015","Ken Caporaso (M59)
4:19:27 98 69 / 7 M55-59 Matawan, NJ, USA
3:33:41
 "
99,MIDD=2158151121,White River Marathon for Kenya (prev Mountain Home Marathon for Kenya),"Cotter, AR USA","November 21, 2015","Kaitlin Anderson (F27)
4:20:47 99 30 / 2 F25-29 Eureka Springs, AR, USA
4:20:47
 "
100,MIDD=2158151121,White River Marathon for Kenya (prev Mountain Home Marathon for Kenya),"Cotter, AR USA","November 21, 2015","Lynn R Jamieson (F67)
4:21:58 100 31 / 1 F65-69 Potomac Falls, VA, USA
2:51:28
BQ"
101,MIDD=2158151121,White River Marathon for Kenya (prev Mountain Home Marathon for Kenya),"Cotter, AR USA","November 21, 2015","Sue A Hudson (F37)
4:22:17 101 32 / 7 F35-39 West Plains, MO, USA
4:15:42
 "
102,MIDD=2158151121,White River Marathon for Kenya (prev Mountain Home Marathon for Kenya),"Cotter, AR USA","November 21, 2015","Anthony D Schwartz (M43)
4:22:28 102 70 / 7 M40-44 St. Paul, MN, USA
4:09:50
 "
103,MIDD=2158151121,White River Marathon for Kenya (prev Mountain Home Marathon for Kenya),"Cotter, AR USA","November 21, 2015","Mary Ruth Casey (F60)
4:23:09 103 33 / 1 F60-64 Herculaneum, MO, USA
3:14:07
BQ"
104,MIDD=2158151121,White River Marathon for Kenya (prev Mountain Home Marathon for Kenya),"Cotter, AR USA","November 21, 2015","Richard C Green (M58)
4:23:56 104 71 / 8 M55-59 Wake Forest, NC, USA
3:39:29
 "
105,MIDD=2158151121,White River Marathon for Kenya (prev Mountain Home Marathon for Kenya),"Cotter, AR USA","November 21, 2015","Lauren A Peal (F32)
4:24:34 105 34 / 7 F30-34 Rome, GA, USA
4:23:38
 "
106,MIDD=2158151121,White River Marathon for Kenya (prev Mountain Home Marathon for Kenya),"Cotter, AR USA","November 21, 2015","Shannon M Blaes (F46)
4:24:38 106 35 / 4 F45-49 Belleville, IL, USA
3:55:39
 "
107,MIDD=2158151121,White River Marathon for Kenya (prev Mountain Home Marathon for Kenya),"Cotter, AR USA","November 21, 2015","Cathleen N Manlove (F21)
4:25:18 107 36 / 2 F20-24 Poteau, OK, USA
4:25:18
 "
108,MIDD=2158151121,White River Marathon for Kenya (prev Mountain Home Marathon for Kenya),"Cotter, AR USA","November 21, 2015","Stefan T Eady (M41)
4:25:26 108 72 / 8 M40-44 Rome, GA, USA
4:16:55
 "
109,MIDD=2158151121,White River Marathon for Kenya (prev Mountain Home Marathon for Kenya),"Cotter, AR USA","November 21, 2015","Mary D Shepherd (F59)
4:26:39 109 37 / 2 F55-59 Reidsville, NC, USA
3:19:40
 "
110,MIDD=2158151121,White River Marathon for Kenya (prev Mountain Home Marathon for Kenya),"Cotter, AR USA","November 21, 2015","Robert G Bowker (M74)
4:27:13 110 73 / 1 M70-99 Norfork, AR, USA
3:06:47
 "
111,MIDD=2158151121,White River Marathon for Kenya (prev Mountain Home Marathon for Kenya),"Cotter, AR USA","November 21, 2015","Vincent Ma (M46)
4:27:17 111 74 / 17 M45-49 San Jose, CA, USA
4:07:59
 "
112,MIDD=2158151121,White River Marathon for Kenya (prev Mountain Home Marathon for Kenya),"Cotter, AR USA","November 21, 2015","Glenn Liu (M53)
4:27:21 112 75 / 10 M50-54 Rowland Heights, CA, USA
3:53:02
 "
113,MIDD=2158151121,White River Marathon for Kenya (prev Mountain Home Marathon for Kenya),"Cotter, AR USA","November 21, 2015","Tek Ung (F33)
4:27:21 113 38 / 8 F30-34 Cranston, RI, USA
4:25:40
 "
114,MIDD=2158151121,White River Marathon for Kenya (prev Mountain Home Marathon for Kenya),"Cotter, AR USA","November 21, 2015","Andrea K Mcbryde (F25)
4:28:30 115 39 / 3 F25-29 Tulsa, OK, USA
4:28:30
 "
115,MIDD=2158151121,White River Marathon for Kenya (prev Mountain Home Marathon for Kenya),"Cotter, AR USA","November 21, 2015","Erin Degostin (F35)
4:28:40 116 40 / 8 F35-39 Little Rock, AR, USA
4:24:53
 "
116,MIDD=2158151121,White River Marathon for Kenya (prev Mountain Home Marathon for Kenya),"Cotter, AR USA","November 21, 2015","Catherine Buckley (F25)
4:29:23 117 41 / 4 F25-29 Norman, OK, USA
4:29:23
 "
117,MIDD=2158151121,White River Marathon for Kenya (prev Mountain Home Marathon for Kenya),"Cotter, AR USA","November 21, 2015","Jack R Burke (M56)
4:33:08 118 76 / 9 M55-59 Saint Joe, AR, USA
3:51:31
 "
118,MIDD=2158151121,White River Marathon for Kenya (prev Mountain Home Marathon for Kenya),"Cotter, AR USA","November 21, 2015","Lynette Terrell (F57)
4:33:26 119 42 / 3 F55-59 Fayetteville, AR, USA
3:30:42
 "
119,MIDD=2158151121,White River Marathon for Kenya (prev Mountain Home Marathon for Kenya),"Cotter, AR USA","November 21, 2015","Mandy J Broadstreet (F47)
4:33:33 120 43 / 5 F45-49 Fayettville, AR, USA
4:00:37
 "
120,MIDD=2158151121,White River Marathon for Kenya (prev Mountain Home Marathon for Kenya),"Cotter, AR USA","November 21, 2015","Hector E Reyes (M33)
4:36:59 121 77 / 5 M30-34 Denver, CO, USA
4:36:59
 "
121,MIDD=2158151121,White River Marathon for Kenya (prev Mountain Home Marathon for Kenya),"Cotter, AR USA","November 21, 2015","Othman Doubiany (M50)
4:37:40 122 78 / 11 M50-54 Aurora, CO, USA
4:08:43
 "
122,MIDD=2158151121,White River Marathon for Kenya (prev Mountain Home Marathon for Kenya),"Cotter, AR USA","November 21, 2015","Leanne Epling (F35)
4:37:45 123 44 / 9 F35-39 Columbus, OH, USA
4:33:50
 "
123,MIDD=2158151121,White River Marathon for Kenya (prev Mountain Home Marathon for Kenya),"Cotter, AR USA","November 21, 2015","Ed Childress (M53)
4:38:05 124 79 / 12 M50-54 Austin, TX, USA
4:02:24
 "
124,MIDD=2158151121,White River Marathon for Kenya (prev Mountain Home Marathon for Kenya),"Cotter, AR USA","November 21, 2015","Mary Mitchell (F48)
4:38:44 125 45 / 6 F45-49 Florence, KY, USA
4:02:08
 "
125,MIDD=2158151121,White River Marathon for Kenya (prev Mountain Home Marathon for Kenya),"Cotter, AR USA","November 21, 2015","Katie O'brien (F41)
4:38:50 126 46 / 5 F40-44 Little Rock, AR, USA
4:23:05
 "
126,MIDD=2158151121,White River Marathon for Kenya (prev Mountain Home Marathon for Kenya),"Cotter, AR USA","November 21, 2015","Angie M Wallick (F31)
4:40:16 127 47 / 9 F30-34 Memphis, TN, USA
4:39:49
 "
127,MIDD=2158151121,White River Marathon for Kenya (prev Mountain Home Marathon for Kenya),"Cotter, AR USA","November 21, 2015","David A Glenn (M43)
4:41:01 128 80 / 9 M40-44 Lynn, AR, USA
4:27:30
 "
128,MIDD=2158151121,White River Marathon for Kenya (prev Mountain Home Marathon for Kenya),"Cotter, AR USA","November 21, 2015","George Southgate (M69)
4:44:14 129 81 / 3 M65-69 Calhoun, GA, USA
3:31:18
 "
129,MIDD=2158151121,White River Marathon for Kenya (prev Mountain Home Marathon for Kenya),"Cotter, AR USA","November 21, 2015","Robert E Plunkett (M71)
4:46:00 130 82 / 2 M70-99 Fort Smith, AR, USA
3:27:59
 "
130,MIDD=2158151121,White River Marathon for Kenya (prev Mountain Home Marathon for Kenya),"Cotter, AR USA","November 21, 2015","Melissa D Hudson (F32)
4:47:47 131 48 / 10 F30-34 Rome, GA, USA
4:46:46
 "
131,MIDD=2158151121,White River Marathon for Kenya (prev Mountain Home Marathon for Kenya),"Cotter, AR USA","November 21, 2015","Brian J Wilson (M48)
4:47:53 132 83 / 18 M45-49 Flowery Branch, GA, USA
4:22:30
 "
132,MIDD=2158151121,White River Marathon for Kenya (prev Mountain Home Marathon for Kenya),"Cotter, AR USA","November 21, 2015","Micah Mckedy (M48)
4:50:38 133 84 / 19 M45-49 Cabot, AR, USA
4:25:00
 "
133,MIDD=2158151121,White River Marathon for Kenya (prev Mountain Home Marathon for Kenya),"Cotter, AR USA","November 21, 2015","Janna Mckedy (F47)
4:50:47 134 49 / 7 F45-49 Cabot, AR, USA
4:15:46
 "
134,MIDD=2158151121,White River Marathon for Kenya (prev Mountain Home Marathon for Kenya),"Cotter, AR USA","November 21, 2015","Julie A Severns (F57)
4:50:51 135 50 / 4 F55-59 Cabot, AR, USA
3:44:08
 "
135,MIDD=2158151121,White River Marathon for Kenya (prev Mountain Home Marathon for Kenya),"Cotter, AR USA","November 21, 2015","Kevin R Robbins (M38)
4:51:07 136 85 / 10 M35-39 Mountainburg, AR, USA
4:48:30
 "
136,MIDD=2158151121,White River Marathon for Kenya (prev Mountain Home Marathon for Kenya),"Cotter, AR USA","November 21, 2015","Larry B Glenn (M45)
4:51:38 137 86 / 20 M45-49 Lynn, AR, USA
4:32:55
 "
137,MIDD=2158151121,White River Marathon for Kenya (prev Mountain Home Marathon for Kenya),"Cotter, AR USA","November 21, 2015","Francene L Johnson (F45)
4:53:51 138 51 / 8 F45-49 Joplin, MO, USA
4:24:53
 "
138,MIDD=2158151121,White River Marathon for Kenya (prev Mountain Home Marathon for Kenya),"Cotter, AR USA","November 21, 2015","Holly R Bohannan (F38)
4:54:17 139 52 / 10 F35-39 Bentonville, AR, USA
4:44:55
 "
139,MIDD=2158151121,White River Marathon for Kenya (prev Mountain Home Marathon for Kenya),"Cotter, AR USA","November 21, 2015","David Swenson (M60)
4:54:46 140 87 / 4 M60-64 Ames, IA, USA
4:00:23
 "
140,MIDD=2158151121,White River Marathon for Kenya (prev Mountain Home Marathon for Kenya),"Cotter, AR USA","November 21, 2015","Matthew N Tucker (M34)
4:55:12 141 88 / 6 M30-34 Van Buren, AR, USA
4:55:12
 "
141,MIDD=2158151121,White River Marathon for Kenya (prev Mountain Home Marathon for Kenya),"Cotter, AR USA","November 21, 2015","Tom Detore (M67)
4:55:20 142 89 / 4 M65-69 Columbia, MO, USA
3:44:16
 "
142,MIDD=2158151121,White River Marathon for Kenya (prev Mountain Home Marathon for Kenya),"Cotter, AR USA","November 21, 2015","Chance Villines (M38)
4:55:34 143 90 / 11 M35-39 Benton, AR, USA
4:52:54
 "
143,MIDD=2158151121,White River Marathon for Kenya (prev Mountain Home Marathon for Kenya),"Cotter, AR USA","November 21, 2015","Peggy Delaney (F58)
4:55:36 144 53 / 5 F55-59 New Hyde Park, NY, USA
3:44:34
 "
144,MIDD=2158151121,White River Marathon for Kenya (prev Mountain Home Marathon for Kenya),"Cotter, AR USA","November 21, 2015","Thomas F Brewer (M61)
4:55:36 145 91 / 5 M60-64 Mineola, NY, USA
3:58:42
 "
145,MIDD=2158151121,White River Marathon for Kenya (prev Mountain Home Marathon for Kenya),"Cotter, AR USA","November 21, 2015","Cindy L Trampe (F57)
4:55:45 146 54 / 6 F55-59 Mountain Home, AR, USA
3:47:54
 "
146,MIDD=2158151121,White River Marathon for Kenya (prev Mountain Home Marathon for Kenya),"Cotter, AR USA","November 21, 2015","Thomas M Mayfield (M76)
4:56:10 147 92 / 3 M70-99 St. Joe, AR, USA
3:20:23
 "
147,MIDD=2158151121,White River Marathon for Kenya (prev Mountain Home Marathon for Kenya),"Cotter, AR USA","November 21, 2015","Kimberlee A Cady (F40)
4:56:25 148 55 / 6 F40-44 Edmond, OK, USA
4:42:22
 "
148,MIDD=2158151121,White River Marathon for Kenya (prev Mountain Home Marathon for Kenya),"Cotter, AR USA","November 21, 2015","Pete Sullivan (M42)
4:57:01 149 93 / 10 M40-44 Memphis, TN, USA
4:45:06
 "
149,MIDD=2158151121,White River Marathon for Kenya (prev Mountain Home Marathon for Kenya),"Cotter, AR USA","November 21, 2015","Mrs. J Given (F50)
4:57:19 150 56 / 2 F50-54 Chicago, IL, USA
4:11:47
 "
150,MIDD=2158151121,White River Marathon for Kenya (prev Mountain Home Marathon for Kenya),"Cotter, AR USA","November 21, 2015","Jodie Harden (M61)
4:58:16 151 94 / 6 M60-64 Germantown, TN, USA
4:00:51
 "
151,MIDD=2158151121,White River Marathon for Kenya (prev Mountain Home Marathon for Kenya),"Cotter, AR USA","November 21, 2015","Ryan Westin (M36)
4:58:19 152 95 / 12 M35-39 Maumelle, AR, USA
4:58:01
 "
152,MIDD=2158151121,White River Marathon for Kenya (prev Mountain Home Marathon for Kenya),"Cotter, AR USA","November 21, 2015","Stephanie Talkington (F31)
4:59:10 153 57 / 11 F30-34 Okc, OK, USA
4:58:41
 "
153,MIDD=2158151121,White River Marathon for Kenya (prev Mountain Home Marathon for Kenya),"Cotter, AR USA","November 21, 2015","Alejandra Alvarado (F39)
5:00:38 154 58 / 11 F35-39 Charleston, IL, USA
4:48:51
 "
154,MIDD=2158151121,White River Marathon for Kenya (prev Mountain Home Marathon for Kenya),"Cotter, AR USA","November 21, 2015","Steve J Kuster (M52)
5:02:04 155 96 / 13 M50-54 Saint Louis, MO, USA
4:25:44
 "
155,MIDD=2158151121,White River Marathon for Kenya (prev Mountain Home Marathon for Kenya),"Cotter, AR USA","November 21, 2015","Christelle Douillet (F47)
5:02:25 156 59 / 9 F45-49 Chapel Hill, NC, USA
4:26:00
 "
156,MIDD=2158151121,White River Marathon for Kenya (prev Mountain Home Marathon for Kenya),"Cotter, AR USA","November 21, 2015","Bob Reagan (M57)
5:03:45 157 97 / 10 M55-59 Lake Sherwood, MO, USA
4:15:02
 "
157,MIDD=2158151121,White River Marathon for Kenya (prev Mountain Home Marathon for Kenya),"Cotter, AR USA","November 21, 2015","Nicole Liette (F39)
5:06:43 158 60 / 12 F35-39 South Miami, FL, USA
4:54:42
 "
158,MIDD=2158151121,White River Marathon for Kenya (prev Mountain Home Marathon for Kenya),"Cotter, AR USA","November 21, 2015","Stephanie M Adams (F30)
5:08:19 159 61 / 12 F30-34 Cameron, OK, USA
5:08:12
 "
159,MIDD=2158151121,White River Marathon for Kenya (prev Mountain Home Marathon for Kenya),"Cotter, AR USA","November 21, 2015","Grace Jensen (F14)
5:08:50 160 62 / 1 F0-19 View, AR, USA
4:39:10
 "
160,MIDD=2158151121,White River Marathon for Kenya (prev Mountain Home Marathon for Kenya),"Cotter, AR USA","November 21, 2015","Jimmie J Kichler (M36)
5:09:04 161 98 / 13 M35-39 Carl Junction, MO, USA
5:08:46
 "
161,MIDD=2158151121,White River Marathon for Kenya (prev Mountain Home Marathon for Kenya),"Cotter, AR USA","November 21, 2015","Estelle Winsett (F43)
5:09:14 162 63 / 7 F40-44 Memphis, TN, USA
4:45:29
 "
162,MIDD=2158151121,White River Marathon for Kenya (prev Mountain Home Marathon for Kenya),"Cotter, AR USA","November 21, 2015","Lindi S Barnett (F33)
5:10:20 163 64 / 13 F30-34 Doniphan, MO, USA
5:08:23
 "
163,MIDD=2158151121,White River Marathon for Kenya (prev Mountain Home Marathon for Kenya),"Cotter, AR USA","November 21, 2015","Lori A Mcgonigal (F43)
5:10:21 164 65 / 8 F40-44 Doniphan, MO, USA
4:46:31
 "
164,MIDD=2158151121,White River Marathon for Kenya (prev Mountain Home Marathon for Kenya),"Cotter, AR USA","November 21, 2015","James M Hebert (M37)
5:10:28 165 99 / 14 M35-39 Van Buren, AR, USA
5:09:13
 "
165,MIDD=2158151121,White River Marathon for Kenya (prev Mountain Home Marathon for Kenya),"Cotter, AR USA","November 21, 2015","Phillip R Guerrero (M40)
5:10:51 166 100 / 11 M40-44 Pearland, TX, USA
5:03:21
 "
166,MIDD=2158151121,White River Marathon for Kenya (prev Mountain Home Marathon for Kenya),"Cotter, AR USA","November 21, 2015","George Mcdonald (M62)
5:11:06 167 101 / 7 M60-64 North Little Rock, AR, USA
4:08:44
 "
167,MIDD=2158151121,White River Marathon for Kenya (prev Mountain Home Marathon for Kenya),"Cotter, AR USA","November 21, 2015","Jill E Garvin (F45)
5:11:08 168 66 / 10 F45-49 Edmond, OK, USA
4:40:27
 "
168,MIDD=2158151121,White River Marathon for Kenya (prev Mountain Home Marathon for Kenya),"Cotter, AR USA","November 21, 2015","Chetan Ghai (M43)
5:12:24 169 102 / 12 M40-44 Chicago, IL, USA
4:57:23
 "
169,MIDD=2158151121,White River Marathon for Kenya (prev Mountain Home Marathon for Kenya),"Cotter, AR USA","November 21, 2015","Linda Barber (F50)
5:14:55 170 67 / 3 F50-54 Rosie, AR, USA
4:26:42
 "
170,MIDD=2158151121,White River Marathon for Kenya (prev Mountain Home Marathon for Kenya),"Cotter, AR USA","November 21, 2015","Michelle L Clark (F43)
5:19:40 171 68 / 9 F40-44 Iowa City, IA, USA
4:55:07
 "
171,MIDD=2158151121,White River Marathon for Kenya (prev Mountain Home Marathon for Kenya),"Cotter, AR USA","November 21, 2015","Cynthia Glidewell (F59)
5:21:57 172 69 / 7 F55-59 Fort Smith, AR, USA
4:01:04
 "
172,MIDD=2158151121,White River Marathon for Kenya (prev Mountain Home Marathon for Kenya),"Cotter, AR USA","November 21, 2015","Michele S Schlegel (F45)
5:22:20 173 70 / 11 F45-49 Festus, MO, USA
4:50:33
 "
173,MIDD=2158151121,White River Marathon for Kenya (prev Mountain Home Marathon for Kenya),"Cotter, AR USA","November 21, 2015","Jena Walla (F35)
5:23:35 174 71 / 13 F35-39 Edmond, OK, USA
5:19:01
 "
174,MIDD=2158151121,White River Marathon for Kenya (prev Mountain Home Marathon for Kenya),"Cotter, AR USA","November 21, 2015","James Reimann (M58)
5:24:16 175 103 / 11 M55-59 Eagan, MN, USA
4:29:40
 "
175,MIDD=2158151121,White River Marathon for Kenya (prev Mountain Home Marathon for Kenya),"Cotter, AR USA","November 21, 2015","Samantha R Rodgers (F26)
5:24:16 176 72 / 5 F25-29 Doniphan, MO, USA
5:24:16
 "
176,MIDD=2158151121,White River Marathon for Kenya (prev Mountain Home Marathon for Kenya),"Cotter, AR USA","November 21, 2015","Luvenia Goodrich (F52)
5:27:07 177 73 / 4 F50-54 Edmond, OK, USA
4:29:54
 "
177,MIDD=2158151121,White River Marathon for Kenya (prev Mountain Home Marathon for Kenya),"Cotter, AR USA","November 21, 2015","Robert J Novak (M46)
5:30:52 178 104 / 21 M45-49 Lees Summit, MO, USA
5:06:59
 "
178,MIDD=2158151121,White River Marathon for Kenya (prev Mountain Home Marathon for Kenya),"Cotter, AR USA","November 21, 2015","Cheryl D Stover (F45)
5:32:21 179 74 / 12 F45-49 Bentonville, AR, USA
4:59:34
 "
179,MIDD=2158151121,White River Marathon for Kenya (prev Mountain Home Marathon for Kenya),"Cotter, AR USA","November 21, 2015","Jenny M Pratt (F38)
5:32:37 180 75 / 14 F35-39 Bentonville, AR, USA
5:22:02
 "
180,MIDD=2158151121,White River Marathon for Kenya (prev Mountain Home Marathon for Kenya),"Cotter, AR USA","November 21, 2015","Cindy R Gove (F52)
5:33:16 181 76 / 5 F50-54 St. Joseph, MO, USA
4:34:58
 "
181,MIDD=2158151121,White River Marathon for Kenya (prev Mountain Home Marathon for Kenya),"Cotter, AR USA","November 21, 2015","Kyla Mahoney (F22)
5:34:22 182 77 / 3 F20-24 Nixa, MO, USA
5:34:22
 "
182,MIDD=2158151121,White River Marathon for Kenya (prev Mountain Home Marathon for Kenya),"Cotter, AR USA","November 21, 2015","Valerie A Shipman (F53)
5:36:05 183 78 / 6 F50-54 Yellville, AR, USA
4:33:38
 "
183,MIDD=2158151121,White River Marathon for Kenya (prev Mountain Home Marathon for Kenya),"Cotter, AR USA","November 21, 2015","Tori Duphorne (F37)
5:41:59 184 79 / 15 F35-39 Moore, OK, USA
5:33:24
 "
184,MIDD=2158151121,White River Marathon for Kenya (prev Mountain Home Marathon for Kenya),"Cotter, AR USA","November 21, 2015","Danielle E Pittman (F40)
5:42:22 185 80 / 10 F40-44 Jonesboro, AR, USA
5:26:08
 "
185,MIDD=2158151121,White River Marathon for Kenya (prev Mountain Home Marathon for Kenya),"Cotter, AR USA","November 21, 2015","Matthew S Nelson (M37)
5:42:52 186 105 / 15 M35-39 Edmond, OK, USA
5:41:30
 "
186,MIDD=2158151121,White River Marathon for Kenya (prev Mountain Home Marathon for Kenya),"Cotter, AR USA","November 21, 2015","Astrid M Hayes (F48)
5:43:21 187 81 / 13 F45-49 Rudy, AR, USA
4:58:16
 "
187,MIDD=2158151121,White River Marathon for Kenya (prev Mountain Home Marathon for Kenya),"Cotter, AR USA","November 21, 2015","Karen E Kramer (F56)
5:43:50 188 82 / 8 F55-59 West Chester, OH, USA
4:28:43
 "
188,MIDD=2158151121,White River Marathon for Kenya (prev Mountain Home Marathon for Kenya),"Cotter, AR USA","November 21, 2015","Kelly Mills (F36)
5:45:08 189 83 / 16 F35-39 West Plains, MO, USA
5:38:30
 "
189,MIDD=2158151121,White River Marathon for Kenya (prev Mountain Home Marathon for Kenya),"Cotter, AR USA","November 21, 2015","Shaunna M Jeffus (F37)
5:45:48 190 84 / 17 F35-39 Bentonville, AR, USA
5:37:08
 "
190,MIDD=2158151121,White River Marathon for Kenya (prev Mountain Home Marathon for Kenya),"Cotter, AR USA","November 21, 2015","Sarah P Edmiston (F58)
5:46:49 191 85 / 9 F55-59 Horn Lake, MS, USA
4:23:29
 "
191,MIDD=2158151121,White River Marathon for Kenya (prev Mountain Home Marathon for Kenya),"Cotter, AR USA","November 21, 2015","Christy Vickers (F40)
5:51:55 192 86 / 11 F40-44 Mountain View, AR, USA
5:35:14
 "
192,MIDD=2158151121,White River Marathon for Kenya (prev Mountain Home Marathon for Kenya),"Cotter, AR USA","November 21, 2015","Tennille L Johns (F26)
5:52:00 193 87 / 6 F25-29 Mountain View, AR, USA
5:52:00
 "
193,MIDD=2158151121,White River Marathon for Kenya (prev Mountain Home Marathon for Kenya),"Cotter, AR USA","November 21, 2015","Jerry J Gamelin (M62)
5:54:01 194 106 / 8 M60-64 Mountain Home, AR, USA
4:43:02
 "
194,MIDD=2158151121,White River Marathon for Kenya (prev Mountain Home Marathon for Kenya),"Cotter, AR USA","November 21, 2015","Kelly Hatton (F34)
5:54:25 195 88 / 14 F30-34 Memphis, TN, USA
5:50:56
 "
195,MIDD=2158151121,White River Marathon for Kenya (prev Mountain Home Marathon for Kenya),"Cotter, AR USA","November 21, 2015","Bryan Richardson (M30)
5:56:48 196 107 / 7 M30-34 Rison, AR, USA
5:56:48
 "
196,MIDD=2158151121,White River Marathon for Kenya (prev Mountain Home Marathon for Kenya),"Cotter, AR USA","November 21, 2015","Rebecca Richardson (F31)
5:56:51 197 89 / 15 F30-34 Rison, AR, USA
5:56:17
 "
197,MIDD=2158151121,White River Marathon for Kenya (prev Mountain Home Marathon for Kenya),"Cotter, AR USA","November 21, 2015","Amy R Watson (F38)
5:57:23 198 90 / 18 F35-39 Amity, AR, USA
5:46:01
 "
198,MIDD=2158151121,White River Marathon for Kenya (prev Mountain Home Marathon for Kenya),"Cotter, AR USA","November 21, 2015","Shannon D Porter (F41)
5:57:23 199 91 / 12 F40-44 Amity, AR, USA
5:37:12
 "
199,MIDD=2158151121,White River Marathon for Kenya (prev Mountain Home Marathon for Kenya),"Cotter, AR USA","November 21, 2015","Butch Casey (M59)
6:05:41 200 108 / 12 M55-59 Hereford, TX, USA
5:01:11
 "
