,race_id,race,location,date,runners
0,MIDD=4624151103,Day of the Dead Marathon Series Day 4,"Las Cruces, NM USA","November 3, 2015","

Have you run this race?Then tell us about it.

Last Name, First Name(Sex/Age)
Time OverAllPlace
Sex Place

City, State, Country AG Time*"
1,MIDD=4624151103,Day of the Dead Marathon Series Day 4,"Las Cruces, NM USA","November 3, 2015","Adam Monaghan (M32)
3:38:21 1 1 Wichita, KS, USA
3:38:21"
2,MIDD=4624151103,Day of the Dead Marathon Series Day 4,"Las Cruces, NM USA","November 3, 2015","Beth Davenport (F55)
5:01:38 2 1 Santa Fe, NM, USA
3:59:00"
3,MIDD=4624151103,Day of the Dead Marathon Series Day 4,"Las Cruces, NM USA","November 3, 2015","Kathleen McElhannon (F41)
5:47:05 3 2 Ridgeville, SC, USA
5:27:28"
4,MIDD=4624151103,Day of the Dead Marathon Series Day 4,"Las Cruces, NM USA","November 3, 2015","David Holmen (M53)
5:55:06 4 2 Eagan, MN, USA
5:09:32"
5,MIDD=4624151103,Day of the Dead Marathon Series Day 4,"Las Cruces, NM USA","November 3, 2015","Liz Gmerek (F54)
5:56:38 5 3 Merritt Island, FL, USA
4:46:29"
6,MIDD=4624151103,Day of the Dead Marathon Series Day 4,"Las Cruces, NM USA","November 3, 2015","Laura Raeder (F41)
6:07:58 6 4 Sioux Falls, SD, USA
5:47:10"
7,MIDD=4624151103,Day of the Dead Marathon Series Day 4,"Las Cruces, NM USA","November 3, 2015","Parvaneh Moayedi (F51)
6:51:45 7 5 San Antonio, TX, USA
5:44:13"
8,MIDD=4624151103,Day of the Dead Marathon Series Day 4,"Las Cruces, NM USA","November 3, 2015","Jeff Burleson (M66)
6:56:30 8 3 Wrenshall, MN, USA
5:19:37"
9,MIDD=4624151103,Day of the Dead Marathon Series Day 4,"Las Cruces, NM USA","November 3, 2015","Maureen Bowen (F51)
7:09:26 9 6 Raleigh, NC, USA
5:59:00"
10,MIDD=4624151103,Day of the Dead Marathon Series Day 4,"Las Cruces, NM USA","November 3, 2015","Maureen Bowen (F51)
7:09:26 10 7 Raleigh, NC, USA
5:59:00"
11,MIDD=4624151103,Day of the Dead Marathon Series Day 4,"Las Cruces, NM USA","November 3, 2015","Pam Penfield (F68)
7:18:50 11 8 Highlands Ranch, CO, USA
4:41:35"
12,MIDD=4624151103,Day of the Dead Marathon Series Day 4,"Las Cruces, NM USA","November 3, 2015","George Rose (M42)
7:21:45 12 4 Woodlawn, VA, USA
7:04:02"
13,MIDD=4624151103,Day of the Dead Marathon Series Day 4,"Las Cruces, NM USA","November 3, 2015","Clint Burleson (M61)
7:26:30 13 5 Organ, NM, USA
6:00:32"
14,MIDD=4624151103,Day of the Dead Marathon Series Day 4,"Las Cruces, NM USA","November 3, 2015","Jim Simpson (M73)
8:38:08 14 6 Huntington Beach, CA, USA
6:07:24"
