,race_id,race,location,date,runners
0,MIDD=5846151128,Las Vegas Deja Vu Marathon,"Las Vegas, NV USA","November 28, 2015","

Have you run this race?Then tell us about it.

Last Name, First Name(Sex/Age)
Time OverAllPlace
Sex Place
AG Time*"
1,MIDD=5846151128,Las Vegas Deja Vu Marathon,"Las Vegas, NV USA","November 28, 2015","Stephen Hibbs (M44)
3:18:26 1 1
3:07:18"
2,MIDD=5846151128,Las Vegas Deja Vu Marathon,"Las Vegas, NV USA","November 28, 2015","Mike Lynch (M52)
3:38:12 2 2
3:11:57"
3,MIDD=5846151128,Las Vegas Deja Vu Marathon,"Las Vegas, NV USA","November 28, 2015","Dolly Contreras (F37)
3:42:32 3 1
3:36:57"
4,MIDD=5846151128,Las Vegas Deja Vu Marathon,"Las Vegas, NV USA","November 28, 2015","Evan Randall (M44)
3:49:54 4 3
3:37:00"
5,MIDD=5846151128,Las Vegas Deja Vu Marathon,"Las Vegas, NV USA","November 28, 2015","Suzanne Kairy (F50)
4:12:31 5 2
3:33:51"
6,MIDD=5846151128,Las Vegas Deja Vu Marathon,"Las Vegas, NV USA","November 28, 2015","Sandy Wood (F51)
4:19:14 6 3
3:36:43"
7,MIDD=5846151128,Las Vegas Deja Vu Marathon,"Las Vegas, NV USA","November 28, 2015","Sina Foley (F41)
4:27:54 7 4
4:12:46"
8,MIDD=5846151128,Las Vegas Deja Vu Marathon,"Las Vegas, NV USA","November 28, 2015","Robert Nordman (M68)
5:22:43 8 4
4:02:29"
9,MIDD=5846151128,Las Vegas Deja Vu Marathon,"Las Vegas, NV USA","November 28, 2015","Scotti Wood (F52)
6:06:45 9 5
5:02:37"
10,MIDD=5846151128,Las Vegas Deja Vu Marathon,"Las Vegas, NV USA","November 28, 2015","Deborah Lazerson (F51)
6:13:40 10 6
5:12:23"
11,MIDD=5846151128,Las Vegas Deja Vu Marathon,"Las Vegas, NV USA","November 28, 2015","Karen Vollan (F46)
6:13:41 11 7
5:32:45"
12,MIDD=5846151128,Las Vegas Deja Vu Marathon,"Las Vegas, NV USA","November 28, 2015","Rosa Nelly Garza (F64)
6:29:08 12 8
4:29:05"
13,MIDD=5846151128,Las Vegas Deja Vu Marathon,"Las Vegas, NV USA","November 28, 2015","Misty Kadow (F43)
6:56:21 13 9
6:24:22"
14,MIDD=5846151128,Las Vegas Deja Vu Marathon,"Las Vegas, NV USA","November 28, 2015","Jason Kadow (M45)
6:56:21 14 5
6:29:38"
15,MIDD=5846151128,Las Vegas Deja Vu Marathon,"Las Vegas, NV USA","November 28, 2015","Mike Rusch (M78)
6:56:50 15 6
4:31:34"
16,MIDD=5846151128,Las Vegas Deja Vu Marathon,"Las Vegas, NV USA","November 28, 2015","Daria Kelley (F67)
7:16:35 16 10
4:45:45"
17,MIDD=5846151128,Las Vegas Deja Vu Marathon,"Las Vegas, NV USA","November 28, 2015","Stephanie Floyd (F46)
7:37:13 17 11
6:47:09"
18,MIDD=5846151128,Las Vegas Deja Vu Marathon,"Las Vegas, NV USA","November 28, 2015","Rene Cadavona (M27)
7:50:55 18 7
7:50:55"
