,race_id,race,location,date,runners
0,MIDD=914151025,Niagara Falls International Marathon,"Niagara Falls, ON Canada","October 25, 2015","

Have you run this race?Then tell us about it.

Last Name, First Name(Sex/Age)
Time OverAllPlace
Sex Place/Div Place
DIV Net Time 
City BQ*"
1,MIDD=914151025,Niagara Falls International Marathon,"Niagara Falls, ON Canada","October 25, 2015","Taylor Kraayenbrink (M)
2:30:55 1 1 / 1 M20-29
2:30:55
Sarnia
BQ"
2,MIDD=914151025,Niagara Falls International Marathon,"Niagara Falls, ON Canada","October 25, 2015","Marco Dozzi (M)
2:32:19 2 2 / 1 M30-39
2:32:19
Montreal
BQ"
3,MIDD=914151025,Niagara Falls International Marathon,"Niagara Falls, ON Canada","October 25, 2015","Lucas Mcaneney (M)
2:32:50 3 3 / 2 M20-29
2:32:50
Etobicoke
BQ"
4,MIDD=914151025,Niagara Falls International Marathon,"Niagara Falls, ON Canada","October 25, 2015","Jon Sharkey (M)
2:39:17 4 4 / 2 M30-39
2:39:16
Corfe Mullen
BQ"
5,MIDD=914151025,Niagara Falls International Marathon,"Niagara Falls, ON Canada","October 25, 2015","John Daniel Ferguson (M)
2:50:50 5 5 / 3 M30-39
2:50:47
New York
BQ"
6,MIDD=914151025,Niagara Falls International Marathon,"Niagara Falls, ON Canada","October 25, 2015","Martin St-Pierre (M)
2:52:06 6 6 / 1 M40-49
2:52:05
Sorel-Tracy
BQ"
7,MIDD=914151025,Niagara Falls International Marathon,"Niagara Falls, ON Canada","October 25, 2015","Paulina Golec (F)
2:53:11 7 1 / 1 F30-39
2:53:11
Krakow
BQ"
8,MIDD=914151025,Niagara Falls International Marathon,"Niagara Falls, ON Canada","October 25, 2015","Richard Russell (M)
2:57:21 8 7 / 3 M20-29
2:57:20
Weehawken
BQ"
9,MIDD=914151025,Niagara Falls International Marathon,"Niagara Falls, ON Canada","October 25, 2015","Douglas Pilawa (M)
2:57:28 9 8 / 4 M20-29
2:57:27
Chardon
BQ"
10,MIDD=914151025,Niagara Falls International Marathon,"Niagara Falls, ON Canada","October 25, 2015","Andrew Pfeiffer (M)
2:58:45 10 9 / 5 M20-29
2:58:45
Blasdell
BQ"
11,MIDD=914151025,Niagara Falls International Marathon,"Niagara Falls, ON Canada","October 25, 2015","Chris Jiuliante (M)
3:01:16 11 10 / 6 M20-29
3:01:13
Erie
BQ"
12,MIDD=914151025,Niagara Falls International Marathon,"Niagara Falls, ON Canada","October 25, 2015","Hiromasa Aono (M)
3:03:08 12 11 / 4 M30-39
3:03:07
Arlington
BQ"
13,MIDD=914151025,Niagara Falls International Marathon,"Niagara Falls, ON Canada","October 25, 2015","John Kennedy (M)
3:05:13 13 12 / 2 M40-49
3:05:13
Niagara Falls
BQ"
14,MIDD=914151025,Niagara Falls International Marathon,"Niagara Falls, ON Canada","October 25, 2015","Les Walc (M)
3:07:18 14 13 / 3 M40-49
3:07:12
Tiny
BQ"
15,MIDD=914151025,Niagara Falls International Marathon,"Niagara Falls, ON Canada","October 25, 2015","Sylvain Bergeron (M)
3:07:24 15 14 / 4 M40-49
3:07:23
Ste-Julie
BQ"
16,MIDD=914151025,Niagara Falls International Marathon,"Niagara Falls, ON Canada","October 25, 2015","Marc-Andre Charette (M)
3:07:33 16 15 / 5 M40-49
3:07:32
Gatineau
BQ"
17,MIDD=914151025,Niagara Falls International Marathon,"Niagara Falls, ON Canada","October 25, 2015","Jon Podeszek (M)
3:07:38 17 16 / 7 M20-29
3:07:36
Hamburg
 "
18,MIDD=914151025,Niagara Falls International Marathon,"Niagara Falls, ON Canada","October 25, 2015","Guadalupe Merlos (F)
3:08:17 18 2 / 2 F30-39
3:08:17
Miami
BQ"
19,MIDD=914151025,Niagara Falls International Marathon,"Niagara Falls, ON Canada","October 25, 2015","Allan Wiggins (M)
3:08:31 19 17 / 6 M40-49
3:08:29
Oakville
BQ"
20,MIDD=914151025,Niagara Falls International Marathon,"Niagara Falls, ON Canada","October 25, 2015","David Cilley (M)
3:09:25 20 18 / 5 M30-39
3:09:21
Erie
 "
21,MIDD=914151025,Niagara Falls International Marathon,"Niagara Falls, ON Canada","October 25, 2015","Ken Longo (M)
3:09:34 21 19 / 7 M40-49
3:09:31
Fonthill
BQ"
22,MIDD=914151025,Niagara Falls International Marathon,"Niagara Falls, ON Canada","October 25, 2015","Marc Pelosse (M)
3:09:42 22 20 / 8 M40-49
3:09:40
Ottawa
BQ"
23,MIDD=914151025,Niagara Falls International Marathon,"Niagara Falls, ON Canada","October 25, 2015","Marc Julian (M)
3:10:17 23 21 / 9 M40-49
3:10:15
Ottawa
BQ"
24,MIDD=914151025,Niagara Falls International Marathon,"Niagara Falls, ON Canada","October 25, 2015","Michael Lively (M)
3:10:33 24 22 / 8 M20-29
3:10:33
Stow
 "
25,MIDD=914151025,Niagara Falls International Marathon,"Niagara Falls, ON Canada","October 25, 2015","Chris Henricks (M)
3:11:23 25 23 / 10 M40-49
3:11:19
London
BQ"
26,MIDD=914151025,Niagara Falls International Marathon,"Niagara Falls, ON Canada","October 25, 2015","Claude-Andre Guillotte (M)
3:11:43 26 24 / 11 M40-49
3:11:42
Sainte-Julie
BQ"
27,MIDD=914151025,Niagara Falls International Marathon,"Niagara Falls, ON Canada","October 25, 2015","Vincent Pichard (M)
3:11:52 27 25 / 6 M30-39
3:11:47
CARAQUET
 "
28,MIDD=914151025,Niagara Falls International Marathon,"Niagara Falls, ON Canada","October 25, 2015","Anne Marie Landry (F)
3:11:54 28 3 / 3 F30-39
3:11:50
Calgary
BQ"
29,MIDD=914151025,Niagara Falls International Marathon,"Niagara Falls, ON Canada","October 25, 2015","Janusz Sarnicki (M)
3:13:31 29 26 / 12 M40-49
3:13:30
Hoffma Estates
BQ"
30,MIDD=914151025,Niagara Falls International Marathon,"Niagara Falls, ON Canada","October 25, 2015","Melinda Schwartz (F)
3:13:53 30 4 / 4 F30-39
3:13:50
Buffalo
BQ"
31,MIDD=914151025,Niagara Falls International Marathon,"Niagara Falls, ON Canada","October 25, 2015","Kate Mayhook (F)
3:15:45 31 5 / 5 F30-39
3:15:42
Buffalo
BQ"
32,MIDD=914151025,Niagara Falls International Marathon,"Niagara Falls, ON Canada","October 25, 2015","Jonathan Lane (M)
3:16:25 32 27 / 13 M40-49
3:16:22
Amherst
 "
33,MIDD=914151025,Niagara Falls International Marathon,"Niagara Falls, ON Canada","October 25, 2015","Sean Sharp (M)
3:16:53 33 28 / 7 M30-39
3:16:52
Barrie
 "
34,MIDD=914151025,Niagara Falls International Marathon,"Niagara Falls, ON Canada","October 25, 2015","Barry Morton (M)
3:18:51 34 29 / 1 M50-59
3:18:46
Toronto
BQ"
35,MIDD=914151025,Niagara Falls International Marathon,"Niagara Falls, ON Canada","October 25, 2015","Louise Voghel (F)
3:19:36 35 6 / 1 F60-69
3:19:34
St-Armand
BQ"
36,MIDD=914151025,Niagara Falls International Marathon,"Niagara Falls, ON Canada","October 25, 2015","Michael Tejada (M)
3:19:57 36 30 / 14 M40-49
3:19:53
Clovis
 "
37,MIDD=914151025,Niagara Falls International Marathon,"Niagara Falls, ON Canada","October 25, 2015","Mike Franklin (M)
3:20:18 37 31 / 2 M50-59
3:20:15
Georgetown
BQ"
38,MIDD=914151025,Niagara Falls International Marathon,"Niagara Falls, ON Canada","October 25, 2015","Alain Deschamps (M)
3:21:23 38 32 / 15 M40-49
3:21:19
Welland
 "
39,MIDD=914151025,Niagara Falls International Marathon,"Niagara Falls, ON Canada","October 25, 2015","Benoit Carrier (M)
3:21:35 39 33 / 3 M50-59
3:21:30
Chicoutimi
BQ"
40,MIDD=914151025,Niagara Falls International Marathon,"Niagara Falls, ON Canada","October 25, 2015","Ken Kickel (M)
3:21:42 40 34 / 9 M20-29
3:21:38
Broadview Heigh
 "
41,MIDD=914151025,Niagara Falls International Marathon,"Niagara Falls, ON Canada","October 25, 2015","Jerome Mcdonnell (M)
3:21:44 41 35 / 16 M40-49
3:21:39
Bronx
 "
42,MIDD=914151025,Niagara Falls International Marathon,"Niagara Falls, ON Canada","October 25, 2015","Shawn Kimmel (M)
3:21:59 42 36 / 17 M40-49
3:21:56
Cambridge
 "
43,MIDD=914151025,Niagara Falls International Marathon,"Niagara Falls, ON Canada","October 25, 2015","Zoltan Maliga (M)
3:22:23 43 37 / 18 M40-49
3:22:12
Cambridge
 "
44,MIDD=914151025,Niagara Falls International Marathon,"Niagara Falls, ON Canada","October 25, 2015","Kevin Garvey (M)
3:22:32 44 38 / 8 M30-39
3:22:28
Syracuse
 "
45,MIDD=914151025,Niagara Falls International Marathon,"Niagara Falls, ON Canada","October 25, 2015","Benjamin Butty (M)
3:22:57 45 39 / 10 M20-29
3:22:54
Hamilton
 "
46,MIDD=914151025,Niagara Falls International Marathon,"Niagara Falls, ON Canada","October 25, 2015","Dominic Plamondon (M)
3:23:36 46 40 / 9 M30-39
3:23:32
Calgary
 "
47,MIDD=914151025,Niagara Falls International Marathon,"Niagara Falls, ON Canada","October 25, 2015","Simon Guthrie (M)
3:23:50 47 41 / 19 M40-49
3:23:33
Kitchener
 "
48,MIDD=914151025,Niagara Falls International Marathon,"Niagara Falls, ON Canada","October 25, 2015","Fuminobu Kurosawa (M)
3:23:56 48 42 / 20 M40-49
3:23:50
Redondo Beach
 "
49,MIDD=914151025,Niagara Falls International Marathon,"Niagara Falls, ON Canada","October 25, 2015","Satoshi Takagi (M)
3:24:28 49 43 / 10 M30-39
3:24:26
Brookline
 "
50,MIDD=914151025,Niagara Falls International Marathon,"Niagara Falls, ON Canada","October 25, 2015","Lisa Nieradka (F)
3:24:39 50 7 / 1 F50-59
3:24:32
Clifton Park
BQ"
51,MIDD=914151025,Niagara Falls International Marathon,"Niagara Falls, ON Canada","October 25, 2015","Troy Rowe (M)
3:25:10 51 44 / 11 M30-39
3:25:06
Markham
 "
52,MIDD=914151025,Niagara Falls International Marathon,"Niagara Falls, ON Canada","October 25, 2015","Juan Manuel Pedron (M)
3:25:30 52 45 / 12 M30-39
3:25:24
MEXICO
 "
53,MIDD=914151025,Niagara Falls International Marathon,"Niagara Falls, ON Canada","October 25, 2015","Mauricio Orozco (M)
3:25:47 53 46 / 21 M40-49
3:25:40
Mexico
 "
54,MIDD=914151025,Niagara Falls International Marathon,"Niagara Falls, ON Canada","October 25, 2015","Shane Day (M)
3:25:49 54 47 / 22 M40-49
3:25:44
Edmonton
 "
55,MIDD=914151025,Niagara Falls International Marathon,"Niagara Falls, ON Canada","October 25, 2015","Patrick Culligan (M)
3:25:58 55 48 / 4 M50-59
3:25:51
Round Lake
BQ"
56,MIDD=914151025,Niagara Falls International Marathon,"Niagara Falls, ON Canada","October 25, 2015","Reh-Lin Chen (M)
3:26:09 56 49 / 5 M50-59
3:26:05
Williamsville
BQ"
57,MIDD=914151025,Niagara Falls International Marathon,"Niagara Falls, ON Canada","October 25, 2015","Dominique St-Onge (M)
3:26:43 57 50 / 23 M40-49
3:26:38
Ste-Julie
 "
58,MIDD=914151025,Niagara Falls International Marathon,"Niagara Falls, ON Canada","October 25, 2015","Liz Vega (F)
3:26:51 58 8 / 1 F40-49
3:26:47
Lakewood
BQ"
59,MIDD=914151025,Niagara Falls International Marathon,"Niagara Falls, ON Canada","October 25, 2015","Marc Tremblay (M)
3:27:03 59 51 / 24 M40-49
3:26:58
Gatineau
 "
60,MIDD=914151025,Niagara Falls International Marathon,"Niagara Falls, ON Canada","October 25, 2015","Samantha Jaramillo (F)
3:27:12 60 9 / 1 F20-29
3:27:09
Fresno
BQ"
61,MIDD=914151025,Niagara Falls International Marathon,"Niagara Falls, ON Canada","October 25, 2015","Farshad Oreizi (M)
3:27:12 61 52 / 6 M50-59
3:27:09
Clovis
BQ"
62,MIDD=914151025,Niagara Falls International Marathon,"Niagara Falls, ON Canada","October 25, 2015","Krista Cranston (F)
3:27:32 62 10 / 6 F30-39
3:27:21
Chatham
BQ"
63,MIDD=914151025,Niagara Falls International Marathon,"Niagara Falls, ON Canada","October 25, 2015","Jerrod Kane (M)
3:27:38 63 53 / 13 M30-39
3:27:30
NIAGARA FALLS
 "
64,MIDD=914151025,Niagara Falls International Marathon,"Niagara Falls, ON Canada","October 25, 2015","Jp Miller (M)
3:27:38 64 54 / 14 M30-39
3:27:31
Waterville
 "
65,MIDD=914151025,Niagara Falls International Marathon,"Niagara Falls, ON Canada","October 25, 2015","Brendan Smith (M)
3:27:59 65 55 / 11 M20-29
3:27:41
Toronto
 "
66,MIDD=914151025,Niagara Falls International Marathon,"Niagara Falls, ON Canada","October 25, 2015","Chris Chivers (M)
3:28:27 66 56 / 25 M40-49
3:28:23
Milton
 "
67,MIDD=914151025,Niagara Falls International Marathon,"Niagara Falls, ON Canada","October 25, 2015","Makoto Hayashibara (M)
3:28:32 67 57 / 26 M40-49
3:28:28
hashimotocho ab
 "
68,MIDD=914151025,Niagara Falls International Marathon,"Niagara Falls, ON Canada","October 25, 2015","Pierre Alain Carrier (M)
3:28:34 68 58 / 15 M30-39
3:28:27
Mercier
 "
69,MIDD=914151025,Niagara Falls International Marathon,"Niagara Falls, ON Canada","October 25, 2015","Kevin Bosiacki (M)
3:28:47 69 59 / 27 M40-49
3:28:40
Hamburg
 "
70,MIDD=914151025,Niagara Falls International Marathon,"Niagara Falls, ON Canada","October 25, 2015","Mohamed Benmouffok (M)
3:29:12 70 60 / 16 M30-39
3:29:03
Ottawa
 "
71,MIDD=914151025,Niagara Falls International Marathon,"Niagara Falls, ON Canada","October 25, 2015","Enrique Torres (M)
3:29:12 71 61 / 17 M30-39
3:29:10
Santa Ana
 "
72,MIDD=914151025,Niagara Falls International Marathon,"Niagara Falls, ON Canada","October 25, 2015","Rico Qifeng Weng (M)
3:29:14 72 62 / 18 M30-39
3:28:59
TORONTO
 "
73,MIDD=914151025,Niagara Falls International Marathon,"Niagara Falls, ON Canada","October 25, 2015","Henricus Van Oorschot (M)
3:29:26 73 63 / 7 M50-59
3:29:20
Loosbroek
BQ"
74,MIDD=914151025,Niagara Falls International Marathon,"Niagara Falls, ON Canada","October 25, 2015","Rene Harrod (F)
3:29:35 74 11 / 2 F40-49
3:29:26
Weston
BQ"
75,MIDD=914151025,Niagara Falls International Marathon,"Niagara Falls, ON Canada","October 25, 2015","Jerome Bohatier (M)
3:29:35 75 64 / 28 M40-49
3:29:27
Cournon
 "
76,MIDD=914151025,Niagara Falls International Marathon,"Niagara Falls, ON Canada","October 25, 2015","Kayla Clark (F)
3:29:41 76 12 / 2 F20-29
3:29:35
Oshawa
BQ"
77,MIDD=914151025,Niagara Falls International Marathon,"Niagara Falls, ON Canada","October 25, 2015","Bill Darling (M)
3:29:46 77 65 / 8 M50-59
3:29:34
Stratford
BQ"
78,MIDD=914151025,Niagara Falls International Marathon,"Niagara Falls, ON Canada","October 25, 2015","Katie Sin (F)
3:30:04 78 13 / 3 F20-29
3:29:56
Toronto
BQ"
79,MIDD=914151025,Niagara Falls International Marathon,"Niagara Falls, ON Canada","October 25, 2015","Martin Pauze (M)
3:30:43 79 66 / 12 M20-29
3:30:38
Laval
 "
80,MIDD=914151025,Niagara Falls International Marathon,"Niagara Falls, ON Canada","October 25, 2015","Dave Froese (F)
3:31:26 80 14 / 3 F40-49
3:31:08
Cambridge
BQ"
81,MIDD=914151025,Niagara Falls International Marathon,"Niagara Falls, ON Canada","October 25, 2015","Mike Simpson (M)
3:31:48 81 67 / 9 M50-59
3:31:25
Ottawa
 "
82,MIDD=914151025,Niagara Falls International Marathon,"Niagara Falls, ON Canada","October 25, 2015","Chuck Kiser (M)
3:32:02 82 68 / 10 M50-59
3:31:55
Rocky river
 "
83,MIDD=914151025,Niagara Falls International Marathon,"Niagara Falls, ON Canada","October 25, 2015","Margarida Shail (F)
3:32:52 83 15 / 7 F30-39
3:32:44
North Bay
BQ"
84,MIDD=914151025,Niagara Falls International Marathon,"Niagara Falls, ON Canada","October 25, 2015","Kyna Squarey (F)
3:32:58 84 16 / 4 F40-49
3:32:53
Paradise
BQ"
85,MIDD=914151025,Niagara Falls International Marathon,"Niagara Falls, ON Canada","October 25, 2015","Dianne Nimon (F)
3:32:59 85 17 / 2 F50-59
3:32:54
Amherst
BQ"
86,MIDD=914151025,Niagara Falls International Marathon,"Niagara Falls, ON Canada","October 25, 2015","Andre Sauriol (M)
3:33:08 86 69 / 29 M40-49
3:33:03
Blainville
 "
87,MIDD=914151025,Niagara Falls International Marathon,"Niagara Falls, ON Canada","October 25, 2015","David Hooper (M)
3:33:19 87 70 / 19 M30-39
3:33:15
Buffalo
 "
88,MIDD=914151025,Niagara Falls International Marathon,"Niagara Falls, ON Canada","October 25, 2015","Richard Hec (M)
3:34:04 88 71 / 11 M50-59
3:33:58
Toronto
 "
89,MIDD=914151025,Niagara Falls International Marathon,"Niagara Falls, ON Canada","October 25, 2015","Attila Kovacs (M)
3:34:18 89 72 / 30 M40-49
3:34:16
Kecskemet
 "
90,MIDD=914151025,Niagara Falls International Marathon,"Niagara Falls, ON Canada","October 25, 2015","Eoin Gregg (M)
3:34:36 90 73 / 20 M30-39
3:34:33
Amherst
 "
91,MIDD=914151025,Niagara Falls International Marathon,"Niagara Falls, ON Canada","October 25, 2015","Nathalie Auger (F)
3:34:41 91 18 / 5 F40-49
3:34:31
Toronto
BQ"
92,MIDD=914151025,Niagara Falls International Marathon,"Niagara Falls, ON Canada","October 25, 2015","Gregory Thompson (M)
3:34:58 92 74 / 21 M30-39
3:34:49
Orchard Park
 "
93,MIDD=914151025,Niagara Falls International Marathon,"Niagara Falls, ON Canada","October 25, 2015","Razvan Lazareanu (M)
3:35:23 93 75 / 31 M40-49
3:35:17
Toronto
 "
94,MIDD=914151025,Niagara Falls International Marathon,"Niagara Falls, ON Canada","October 25, 2015","Markus Kiehne (M)
3:35:47 94 76 / 32 M40-49
3:35:45
Berlin
 "
95,MIDD=914151025,Niagara Falls International Marathon,"Niagara Falls, ON Canada","October 25, 2015","Jason Shaw (M)
3:35:59 95 77 / 22 M30-39
3:35:51
Newmarket
 "
96,MIDD=914151025,Niagara Falls International Marathon,"Niagara Falls, ON Canada","October 25, 2015","Keith Hogan (M)
3:35:59 96 78 / 12 M50-59
3:35:55
Torbay
 "
97,MIDD=914151025,Niagara Falls International Marathon,"Niagara Falls, ON Canada","October 25, 2015","Sandra Whitford (F)
3:36:07 97 19 / 6 F40-49
3:35:54
Ingersoll
BQ"
98,MIDD=914151025,Niagara Falls International Marathon,"Niagara Falls, ON Canada","October 25, 2015","Masato Inoue (M)
3:36:30 98 79 / 33 M40-49
3:36:22
Takamatsu-City
 "
99,MIDD=914151025,Niagara Falls International Marathon,"Niagara Falls, ON Canada","October 25, 2015","Charles Gervais (M)
3:36:35 99 80 / 34 M40-49
3:36:27
St. Catharines
 "
100,MIDD=914151025,Niagara Falls International Marathon,"Niagara Falls, ON Canada","October 25, 2015","Antoine Fournier (M)
3:36:54 100 81 / 13 M50-59
3:36:40
Val-d'Or
 "
101,MIDD=914151025,Niagara Falls International Marathon,"Niagara Falls, ON Canada","October 25, 2015","David Shaw (M)
3:36:59 101 82 / 14 M50-59
3:36:51
VICTORIA HARBOU
 "
102,MIDD=914151025,Niagara Falls International Marathon,"Niagara Falls, ON Canada","October 25, 2015","Andrew Janes (M)
3:37:14 102 83 / 35 M40-49
3:37:07
Bowling Green
 "
103,MIDD=914151025,Niagara Falls International Marathon,"Niagara Falls, ON Canada","October 25, 2015","Xiaolu Shi (F)
3:37:24 103 20 / 7 F40-49
3:37:16
Troy
BQ"
104,MIDD=914151025,Niagara Falls International Marathon,"Niagara Falls, ON Canada","October 25, 2015","Brent Beaudoin (M)
3:37:47 104 84 / 23 M30-39
3:37:42
St.Catharines
 "
105,MIDD=914151025,Niagara Falls International Marathon,"Niagara Falls, ON Canada","October 25, 2015","Kevin Mcpherson (M)
3:37:55 105 85 / 15 M50-59
3:37:49
Pittsford
 "
106,MIDD=914151025,Niagara Falls International Marathon,"Niagara Falls, ON Canada","October 25, 2015","Andrew Jones (M)
3:38:07 106 86 / 24 M30-39
3:38:01
Kitchener
 "
107,MIDD=914151025,Niagara Falls International Marathon,"Niagara Falls, ON Canada","October 25, 2015","Arthur Thovmasian (M)
3:38:14 107 87 / 13 M20-29
3:37:59
Cranston
 "
108,MIDD=914151025,Niagara Falls International Marathon,"Niagara Falls, ON Canada","October 25, 2015","Melanie Kerho (F)
3:38:15 108 21 / 8 F40-49
3:37:59
Welland
BQ"
109,MIDD=914151025,Niagara Falls International Marathon,"Niagara Falls, ON Canada","October 25, 2015","Nicole Marini (F)
3:38:26 109 22 / 4 F20-29
3:38:20
Bradford
 "
110,MIDD=914151025,Niagara Falls International Marathon,"Niagara Falls, ON Canada","October 25, 2015","Michel Robichaud (M)
3:38:48 110 88 / 36 M40-49
3:38:33
Shippagan
 "
111,MIDD=914151025,Niagara Falls International Marathon,"Niagara Falls, ON Canada","October 25, 2015","Daniel Cadieux (M)
3:38:56 111 89 / 16 M50-59
3:38:41
st-constant
 "
112,MIDD=914151025,Niagara Falls International Marathon,"Niagara Falls, ON Canada","October 25, 2015","Tom Howes (M)
3:38:59 112 90 / 17 M50-59
3:38:48
London
 "
113,MIDD=914151025,Niagara Falls International Marathon,"Niagara Falls, ON Canada","October 25, 2015","Gerry Thuss (M)
3:39:01 113 91 / 18 M50-59
3:38:49
Stratford
 "
114,MIDD=914151025,Niagara Falls International Marathon,"Niagara Falls, ON Canada","October 25, 2015","Luc Senecal (M)
3:39:10 114 92 / 25 M30-39
3:38:57
Rouyn-Noranda
 "
115,MIDD=914151025,Niagara Falls International Marathon,"Niagara Falls, ON Canada","October 25, 2015","Benoit Guenette (M)
3:39:10 115 93 / 26 M30-39
3:38:57
Rouyn-Noranda
 "
116,MIDD=914151025,Niagara Falls International Marathon,"Niagara Falls, ON Canada","October 25, 2015","Brian Groot (M)
3:39:14 116 94 / 27 M30-39
3:38:59
Strathroy
 "
117,MIDD=914151025,Niagara Falls International Marathon,"Niagara Falls, ON Canada","October 25, 2015","David Gallant (M)
3:39:14 117 95 / 19 M50-59
3:39:11
Eden
 "
118,MIDD=914151025,Niagara Falls International Marathon,"Niagara Falls, ON Canada","October 25, 2015","Kelly Legallais (F)
3:39:17 118 23 / 9 F40-49
3:38:58
Ottawa
BQ"
119,MIDD=914151025,Niagara Falls International Marathon,"Niagara Falls, ON Canada","October 25, 2015","Natalie German (F)
3:39:39 119 24 / 5 F20-29
3:39:25
Brookline
 "
120,MIDD=914151025,Niagara Falls International Marathon,"Niagara Falls, ON Canada","October 25, 2015","Maurice Fraser (M)
3:39:41 120 96 / 37 M40-49
3:39:39
Shetland Isles
 "
121,MIDD=914151025,Niagara Falls International Marathon,"Niagara Falls, ON Canada","October 25, 2015","Karen Fraser (F)
3:39:42 121 25 / 10 F40-49
3:39:39
Shetland Isles
BQ"
122,MIDD=914151025,Niagara Falls International Marathon,"Niagara Falls, ON Canada","October 25, 2015","Matthew Pawlowski (M)
3:40:05 122 97 / 20 M50-59
3:40:02
Getzville
 "
123,MIDD=914151025,Niagara Falls International Marathon,"Niagara Falls, ON Canada","October 25, 2015","Dave Carver (M)
3:40:24 123 98 / 21 M50-59
3:40:19
London
 "
124,MIDD=914151025,Niagara Falls International Marathon,"Niagara Falls, ON Canada","October 25, 2015","Tareq Khatib (M)
3:40:40 124 99 / 38 M40-49
3:40:36
Toronto
 "
125,MIDD=914151025,Niagara Falls International Marathon,"Niagara Falls, ON Canada","October 25, 2015","Holly Morganelli (F)
3:40:41 125 26 / 8 F30-39
3:40:41
Coral Gables
 "
126,MIDD=914151025,Niagara Falls International Marathon,"Niagara Falls, ON Canada","October 25, 2015","William Mcdiarmid (M)
3:40:45 126 100 / 14 M20-29
3:40:30
Kingston
 "
127,MIDD=914151025,Niagara Falls International Marathon,"Niagara Falls, ON Canada","October 25, 2015","Anne Russell (F)
3:41:51 127 27 / 6 F20-29
3:41:33
Philadelphia
 "
128,MIDD=914151025,Niagara Falls International Marathon,"Niagara Falls, ON Canada","October 25, 2015","Josh Skarzenski (M)
3:42:38 128 101 / 39 M40-49
3:42:26
Erie
 "
129,MIDD=914151025,Niagara Falls International Marathon,"Niagara Falls, ON Canada","October 25, 2015","Klaus Bielefeldt (M)
3:42:53 129 102 / 22 M50-59
3:42:46
Pittsburgh
 "
130,MIDD=914151025,Niagara Falls International Marathon,"Niagara Falls, ON Canada","October 25, 2015","Erin Pasma (F)
3:42:55 130 28 / 9 F30-39
3:42:49
Fonthill
 "
131,MIDD=914151025,Niagara Falls International Marathon,"Niagara Falls, ON Canada","October 25, 2015","Tsubasa Mikie (M)
3:43:23 131 103 / 15 M20-29
3:43:21
Cambridge
 "
132,MIDD=914151025,Niagara Falls International Marathon,"Niagara Falls, ON Canada","October 25, 2015","Eric Timmer (M)
3:43:28 132 104 / 40 M40-49
3:43:23
Vaassen
 "
133,MIDD=914151025,Niagara Falls International Marathon,"Niagara Falls, ON Canada","October 25, 2015","Karen Rothfels (F)
3:43:43 133 29 / 11 F40-49
3:43:30
Toronto
BQ"
134,MIDD=914151025,Niagara Falls International Marathon,"Niagara Falls, ON Canada","October 25, 2015","Jeannie Pardy (F)
3:43:48 134 30 / 12 F40-49
3:43:30
Appleton
BQ"
135,MIDD=914151025,Niagara Falls International Marathon,"Niagara Falls, ON Canada","October 25, 2015","Peter Spiess (M)
3:44:00 135 105 / 16 M20-29
3:43:57
Ottawa
 "
136,MIDD=914151025,Niagara Falls International Marathon,"Niagara Falls, ON Canada","October 25, 2015","Danny Grenier (M)
3:44:13 136 106 / 28 M30-39
3:43:59
Quebec City
 "
137,MIDD=914151025,Niagara Falls International Marathon,"Niagara Falls, ON Canada","October 25, 2015","Dustin Nelissen (M)
3:44:13 137 107 / 29 M30-39
3:44:01
St Catharines
 "
138,MIDD=914151025,Niagara Falls International Marathon,"Niagara Falls, ON Canada","October 25, 2015","Hiyoku Nakata (M)
3:44:17 138 108 / 30 M30-39
3:44:03
BROOKLINE
 "
139,MIDD=914151025,Niagara Falls International Marathon,"Niagara Falls, ON Canada","October 25, 2015","Katsuhiro Togami (M)
3:44:17 139 109 / 31 M30-39
3:44:16
Brookline
 "
140,MIDD=914151025,Niagara Falls International Marathon,"Niagara Falls, ON Canada","October 25, 2015","Nick Stoehr (M)
3:44:27 140 110 / 32 M30-39
3:44:23
Grimsby
 "
141,MIDD=914151025,Niagara Falls International Marathon,"Niagara Falls, ON Canada","October 25, 2015","Melvin Pangan (M)
3:44:38 141 111 / 41 M40-49
3:44:08
Toronto
 "
142,MIDD=914151025,Niagara Falls International Marathon,"Niagara Falls, ON Canada","October 25, 2015","Hing Lun Chiu (M)
3:44:58 142 112 / 42 M40-49
3:44:37
Ottawa
 "
143,MIDD=914151025,Niagara Falls International Marathon,"Niagara Falls, ON Canada","October 25, 2015","Yang Zhao (M)
3:45:01 143 113 / 43 M40-49
3:44:56
Markham
 "
144,MIDD=914151025,Niagara Falls International Marathon,"Niagara Falls, ON Canada","October 25, 2015","Marie-Josee Lacroix (F)
3:45:01 144 31 / 10 F30-39
3:44:41
Saint-Apollinai
 "
145,MIDD=914151025,Niagara Falls International Marathon,"Niagara Falls, ON Canada","October 25, 2015","Charlotte Rivers (F)
3:45:02 145 32 / 7 F20-29
3:44:39
Tonawanda
 "
146,MIDD=914151025,Niagara Falls International Marathon,"Niagara Falls, ON Canada","October 25, 2015","Adam Barker (M)
3:45:03 146 114 / 33 M30-39
3:44:48
Cambridge
 "
147,MIDD=914151025,Niagara Falls International Marathon,"Niagara Falls, ON Canada","October 25, 2015","Ryan Fortuna (M)
3:45:24 147 115 / 1 M0-19
3:45:03
Hamburg
 "
148,MIDD=914151025,Niagara Falls International Marathon,"Niagara Falls, ON Canada","October 25, 2015","Markus Firus (M)
3:45:37 148 116 / 17 M20-29
3:45:29
Elmira
 "
149,MIDD=914151025,Niagara Falls International Marathon,"Niagara Falls, ON Canada","October 25, 2015","Mollie Hutton (F)
3:45:53 149 33 / 11 F30-39
3:45:41
Lockport
 "
150,MIDD=914151025,Niagara Falls International Marathon,"Niagara Falls, ON Canada","October 25, 2015","Jacob Metzger (M)
3:45:55 150 117 / 34 M30-39
3:45:38
Eden
 "
151,MIDD=914151025,Niagara Falls International Marathon,"Niagara Falls, ON Canada","October 25, 2015","James Salge (M)
3:46:04 151 118 / 35 M30-39
3:45:53
Lancaster
 "
152,MIDD=914151025,Niagara Falls International Marathon,"Niagara Falls, ON Canada","October 25, 2015","Yan Cormier (M)
3:46:17 152 119 / 36 M30-39
3:46:00
Brampton
 "
153,MIDD=914151025,Niagara Falls International Marathon,"Niagara Falls, ON Canada","October 25, 2015","Ethan Sasiela (M)
3:46:37 153 120 / 37 M30-39
3:46:27
Buffalo
 "
154,MIDD=914151025,Niagara Falls International Marathon,"Niagara Falls, ON Canada","October 25, 2015","Dennis Wirtz (M)
3:47:00 154 121 / 23 M50-59
3:46:51
Hamilton
 "
155,MIDD=914151025,Niagara Falls International Marathon,"Niagara Falls, ON Canada","October 25, 2015","Michael Harding (M)
3:47:29 155 122 / 24 M50-59
3:47:23
Logy Bay
 "
156,MIDD=914151025,Niagara Falls International Marathon,"Niagara Falls, ON Canada","October 25, 2015","Elisa Kurylowicz (F)
3:47:49 156 34 / 12 F30-39
3:47:33
Manotick
 "
157,MIDD=914151025,Niagara Falls International Marathon,"Niagara Falls, ON Canada","October 25, 2015","Daniel Burke (M)
3:48:00 157 123 / 18 M20-29
3:48:00
Port Colborne
 "
158,MIDD=914151025,Niagara Falls International Marathon,"Niagara Falls, ON Canada","October 25, 2015","Mark Kern (M)
3:48:14 158 124 / 19 M20-29
3:47:56
Gasport
 "
159,MIDD=914151025,Niagara Falls International Marathon,"Niagara Falls, ON Canada","October 25, 2015","Serge Desbiens (M)
3:48:16 159 125 / 25 M50-59
3:48:07
Canton de Hatle
 "
160,MIDD=914151025,Niagara Falls International Marathon,"Niagara Falls, ON Canada","October 25, 2015","Sarah Burnell (F)
3:48:18 160 35 / 8 F20-29
3:47:55
Grinnell
 "
161,MIDD=914151025,Niagara Falls International Marathon,"Niagara Falls, ON Canada","October 25, 2015","Carmen Nelsen (F)
3:48:18 161 36 / 9 F20-29
3:47:55
Washington DC
 "
162,MIDD=914151025,Niagara Falls International Marathon,"Niagara Falls, ON Canada","October 25, 2015","Cassidy White (F)
3:48:18 162 37 / 10 F20-29
3:47:56
Washington DC
 "
163,MIDD=914151025,Niagara Falls International Marathon,"Niagara Falls, ON Canada","October 25, 2015","Benedicte-Aimee Monett (F)
3:48:19 163 38 / 13 F40-49
3:47:54
Guelph
 "
164,MIDD=914151025,Niagara Falls International Marathon,"Niagara Falls, ON Canada","October 25, 2015","Guillaume Hanriot (M)
3:48:29 164 126 / 38 M30-39
3:48:13
kansas city
 "
165,MIDD=914151025,Niagara Falls International Marathon,"Niagara Falls, ON Canada","October 25, 2015","Jansen Hein (M)
3:48:45 165 127 / 20 M20-29
3:48:20
Chicago
 "
166,MIDD=914151025,Niagara Falls International Marathon,"Niagara Falls, ON Canada","October 25, 2015","Jp Hein (M)
3:48:45 166 128 / 26 M50-59
3:48:20
Greenville
 "
167,MIDD=914151025,Niagara Falls International Marathon,"Niagara Falls, ON Canada","October 25, 2015","Stephanie Mason (F)
3:48:53 167 39 / 13 F30-39
3:48:38
Carrollton
 "
168,MIDD=914151025,Niagara Falls International Marathon,"Niagara Falls, ON Canada","October 25, 2015","Karyn Seeger (F)
3:48:57 168 40 / 3 F50-59
3:48:33
Cleveland
BQ"
169,MIDD=914151025,Niagara Falls International Marathon,"Niagara Falls, ON Canada","October 25, 2015","Costas Farassoglou (M)
3:49:06 169 129 / 39 M30-39
3:49:01
Ottawa
 "
170,MIDD=914151025,Niagara Falls International Marathon,"Niagara Falls, ON Canada","October 25, 2015","George Moore (M)
3:49:08 170 130 / 44 M40-49
3:48:56
Niagara Falls
 "
171,MIDD=914151025,Niagara Falls International Marathon,"Niagara Falls, ON Canada","October 25, 2015","Stephen Struger (M)
3:49:31 171 131 / 1 M60-69
3:49:10
St. Catharines
BQ"
172,MIDD=914151025,Niagara Falls International Marathon,"Niagara Falls, ON Canada","October 25, 2015","Derek Ocean (M)
3:49:34 172 132 / 21 M20-29
3:49:26
Corvallis
 "
173,MIDD=914151025,Niagara Falls International Marathon,"Niagara Falls, ON Canada","October 25, 2015","Jon Belcher (M)
3:49:39 173 133 / 45 M40-49
3:49:19
Toronto
 "
174,MIDD=914151025,Niagara Falls International Marathon,"Niagara Falls, ON Canada","October 25, 2015","Jennifer Corner Gardin (F)
3:49:48 174 41 / 14 F30-39
3:49:42
Ottawa
 "
175,MIDD=914151025,Niagara Falls International Marathon,"Niagara Falls, ON Canada","October 25, 2015","Michael Hall (M)
3:49:52 175 134 / 40 M30-39
3:49:36
Ottawa
 "
176,MIDD=914151025,Niagara Falls International Marathon,"Niagara Falls, ON Canada","October 25, 2015","Barry Kemp (M)
3:50:16 176 135 / 27 M50-59
3:49:58
Nepean
 "
177,MIDD=914151025,Niagara Falls International Marathon,"Niagara Falls, ON Canada","October 25, 2015","Kemper Harris (M)
3:50:23 177 136 / 41 M30-39
3:50:04
Southfield
 "
178,MIDD=914151025,Niagara Falls International Marathon,"Niagara Falls, ON Canada","October 25, 2015","Laurent Bouchard (M)
3:50:39 178 137 / 2 M60-69
3:50:16
Levis
BQ"
179,MIDD=914151025,Niagara Falls International Marathon,"Niagara Falls, ON Canada","October 25, 2015","Matt Stanley (M)
3:50:43 179 138 / 46 M40-49
3:50:34
Toronto
 "
180,MIDD=914151025,Niagara Falls International Marathon,"Niagara Falls, ON Canada","October 25, 2015","Kevin Bahena (M)
3:51:12 180 139 / 22 M20-29
3:51:03
Goshen
 "
181,MIDD=914151025,Niagara Falls International Marathon,"Niagara Falls, ON Canada","October 25, 2015","Josh Troyer (M)
3:51:13 181 140 / 23 M20-29
3:51:04
Goshen
 "
182,MIDD=914151025,Niagara Falls International Marathon,"Niagara Falls, ON Canada","October 25, 2015","Marie-France Huot (F)
3:51:17 182 42 / 15 F30-39
3:51:03
Verdun
 "
183,MIDD=914151025,Niagara Falls International Marathon,"Niagara Falls, ON Canada","October 25, 2015","Mathieu Legault (M)
3:51:20 183 141 / 47 M40-49
3:51:09
Saint-Georges-d
 "
184,MIDD=914151025,Niagara Falls International Marathon,"Niagara Falls, ON Canada","October 25, 2015","Mark Nikirk (M)
3:51:30 184 142 / 48 M40-49
3:51:03
Kenmore
 "
185,MIDD=914151025,Niagara Falls International Marathon,"Niagara Falls, ON Canada","October 25, 2015","Karen Rashleigh (F)
3:51:42 185 43 / 16 F30-39
3:51:19
Corner Brook
 "
186,MIDD=914151025,Niagara Falls International Marathon,"Niagara Falls, ON Canada","October 25, 2015","Susan Wozniak (F)
3:51:55 186 44 / 4 F50-59
3:51:35
Halifax
BQ"
187,MIDD=914151025,Niagara Falls International Marathon,"Niagara Falls, ON Canada","October 25, 2015","Lisa Verdi (F)
3:51:58 187 45 / 17 F30-39
3:51:52
blawnox
 "
188,MIDD=914151025,Niagara Falls International Marathon,"Niagara Falls, ON Canada","October 25, 2015","Virginia Nesmith (F)
3:52:09 188 46 / 11 F20-29
3:51:55
Birmingham
 "
189,MIDD=914151025,Niagara Falls International Marathon,"Niagara Falls, ON Canada","October 25, 2015","John Devries (M)
3:52:28 189 143 / 1 M70-99
3:52:18
London
BQ"
190,MIDD=914151025,Niagara Falls International Marathon,"Niagara Falls, ON Canada","October 25, 2015","Joanne Penson-Boucher (F)
3:52:32 190 47 / 5 F50-59
3:52:18
Grovedale
BQ"
191,MIDD=914151025,Niagara Falls International Marathon,"Niagara Falls, ON Canada","October 25, 2015","Mark Guichelaar (M)
3:53:00 191 144 / 42 M30-39
3:52:52
Toronto
 "
192,MIDD=914151025,Niagara Falls International Marathon,"Niagara Falls, ON Canada","October 25, 2015","Michael Vallis (M)
3:53:12 192 145 / 3 M60-69
3:52:57
Halifax
BQ"
193,MIDD=914151025,Niagara Falls International Marathon,"Niagara Falls, ON Canada","October 25, 2015","David Harris (M)
3:53:28 193 146 / 4 M60-69
3:53:07
Adrian
BQ"
194,MIDD=914151025,Niagara Falls International Marathon,"Niagara Falls, ON Canada","October 25, 2015","Ryan Rowley (M)
3:53:31 194 147 / 49 M40-49
3:53:13
Lancaster
 "
195,MIDD=914151025,Niagara Falls International Marathon,"Niagara Falls, ON Canada","October 25, 2015","Matthew Bruni (M)
3:53:33 195 148 / 24 M20-29
3:53:24
St. Catharines
 "
196,MIDD=914151025,Niagara Falls International Marathon,"Niagara Falls, ON Canada","October 25, 2015","Paul-Andre Paquin (M)
3:53:40 196 149 / 43 M30-39
3:52:44
Saint-Jean-sur
 "
197,MIDD=914151025,Niagara Falls International Marathon,"Niagara Falls, ON Canada","October 25, 2015","Jenna Wilson (F)
3:53:55 197 48 / 12 F20-29
3:53:29
Manotick
 "
198,MIDD=914151025,Niagara Falls International Marathon,"Niagara Falls, ON Canada","October 25, 2015","Chrissy Kingma (F)
3:53:57 198 49 / 13 F20-29
3:53:29
Toronto
 "
199,MIDD=914151025,Niagara Falls International Marathon,"Niagara Falls, ON Canada","October 25, 2015","Thomas John Murphy (M)
3:54:06 199 150 / 28 M50-59
3:53:59
St Catharines
 "
200,MIDD=914151025,Niagara Falls International Marathon,"Niagara Falls, ON Canada","October 25, 2015","Kimberly Cox (F)
3:54:53 200 50 / 14 F20-29
3:54:51
St. Catharines
 "
201,MIDD=914151025,Niagara Falls International Marathon,"Niagara Falls, ON Canada","October 25, 2015","Emilie Fournier (F)
3:55:14 201 51 / 14 F40-49
3:55:04
Rouyn-Noranda
 "
202,MIDD=914151025,Niagara Falls International Marathon,"Niagara Falls, ON Canada","October 25, 2015","Craig Small (M)
3:55:24 202 151 / 50 M40-49
3:55:11
WILLIAMSVILLE
 "
203,MIDD=914151025,Niagara Falls International Marathon,"Niagara Falls, ON Canada","October 25, 2015","Bruce Levine (M)
3:55:24 203 152 / 51 M40-49
3:55:11
Amherst
 "
204,MIDD=914151025,Niagara Falls International Marathon,"Niagara Falls, ON Canada","October 25, 2015","Francois Miller (M)
3:55:47 204 153 / 52 M40-49
3:55:33
Montreal
 "
205,MIDD=914151025,Niagara Falls International Marathon,"Niagara Falls, ON Canada","October 25, 2015","Cheuk Yu (M)
3:56:44 205 154 / 29 M50-59
3:56:38
Richmond Hill
 "
206,MIDD=914151025,Niagara Falls International Marathon,"Niagara Falls, ON Canada","October 25, 2015","Zachary Rosch (M)
3:57:00 206 155 / 25 M20-29
3:56:28
Averill Park
 "
207,MIDD=914151025,Niagara Falls International Marathon,"Niagara Falls, ON Canada","October 25, 2015","Melissa Panzarella (F)
3:57:19 207 52 / 15 F40-49
3:57:05
Getzville
 "
208,MIDD=914151025,Niagara Falls International Marathon,"Niagara Falls, ON Canada","October 25, 2015","Andy Binfield (M)
3:57:19 208 156 / 53 M40-49
3:57:04
Williamsville
 "
209,MIDD=914151025,Niagara Falls International Marathon,"Niagara Falls, ON Canada","October 25, 2015","Tim Masterson (M)
3:57:25 209 157 / 44 M30-39
3:57:08
Oshawa
 "
210,MIDD=914151025,Niagara Falls International Marathon,"Niagara Falls, ON Canada","October 25, 2015","Emmanuelle Leblanc (F)
3:57:28 210 53 / 1 F0-19
3:57:17
Ottawa
 "
211,MIDD=914151025,Niagara Falls International Marathon,"Niagara Falls, ON Canada","October 25, 2015","Karyn Miller-Medzon (F)
3:57:28 211 54 / 6 F50-59
3:57:05
Belmont
BQ"
212,MIDD=914151025,Niagara Falls International Marathon,"Niagara Falls, ON Canada","October 25, 2015","Ari Rowland (M)
3:57:31 212 158 / 45 M30-39
3:57:22
Toronto
 "
213,MIDD=914151025,Niagara Falls International Marathon,"Niagara Falls, ON Canada","October 25, 2015","Mike Parkes (M)
3:57:40 213 159 / 54 M40-49
3:57:24
Toronto
 "
214,MIDD=914151025,Niagara Falls International Marathon,"Niagara Falls, ON Canada","October 25, 2015","Melchor Cantorias (M)
3:57:52 214 160 / 55 M40-49
3:57:35
New York
 "
215,MIDD=914151025,Niagara Falls International Marathon,"Niagara Falls, ON Canada","October 25, 2015","Ralf Ziese (M)
3:58:00 215 161 / 30 M50-59
3:57:50
Bonn
 "
216,MIDD=914151025,Niagara Falls International Marathon,"Niagara Falls, ON Canada","October 25, 2015","Steven Derks (M)
3:58:14 216 162 / 31 M50-59
3:58:12
Henrietta
 "
217,MIDD=914151025,Niagara Falls International Marathon,"Niagara Falls, ON Canada","October 25, 2015","Nicole Mehlman (F)
3:58:17 217 55 / 15 F20-29
3:58:04
Amherst
 "
218,MIDD=914151025,Niagara Falls International Marathon,"Niagara Falls, ON Canada","October 25, 2015","Scott Schumacher (M)
3:58:18 218 163 / 56 M40-49
3:58:11
Buffalo
 "
219,MIDD=914151025,Niagara Falls International Marathon,"Niagara Falls, ON Canada","October 25, 2015","Jeff Hazel (M)
3:58:40 219 164 / 26 M20-29
3:58:12
Bend
 "
220,MIDD=914151025,Niagara Falls International Marathon,"Niagara Falls, ON Canada","October 25, 2015","Jeffery Holliday (M)
3:58:42 220 165 / 46 M30-39
3:58:37
Mississauga
 "
221,MIDD=914151025,Niagara Falls International Marathon,"Niagara Falls, ON Canada","October 25, 2015","Jeff Macdonald (M)
3:58:42 221 166 / 47 M30-39
3:58:41
ST JOHNS
 "
222,MIDD=914151025,Niagara Falls International Marathon,"Niagara Falls, ON Canada","October 25, 2015","Damian Espinase Nandor (M)
3:58:51 222 167 / 27 M20-29
3:58:26
Thorold
 "
223,MIDD=914151025,Niagara Falls International Marathon,"Niagara Falls, ON Canada","October 25, 2015","Mauro Oss Pegorar (M)
3:58:58 223 168 / 48 M30-39
3:58:42
Pergine Valsuga
 "
224,MIDD=914151025,Niagara Falls International Marathon,"Niagara Falls, ON Canada","October 25, 2015","Helen Mcmillan (F)
3:59:04 224 56 / 7 F50-59
3:58:33
Prince George
BQ"
225,MIDD=914151025,Niagara Falls International Marathon,"Niagara Falls, ON Canada","October 25, 2015","Robin Rickard (F)
3:59:17 225 57 / 8 F50-59
3:58:46
Newcastle
BQ"
226,MIDD=914151025,Niagara Falls International Marathon,"Niagara Falls, ON Canada","October 25, 2015","Kevin Mueller (M)
3:59:18 226 169 / 57 M40-49
3:59:08
Whitby
 "
227,MIDD=914151025,Niagara Falls International Marathon,"Niagara Falls, ON Canada","October 25, 2015","Sheila Pieczonka (F)
3:59:20 227 58 / 16 F40-49
3:59:05
Orchard Park
 "
228,MIDD=914151025,Niagara Falls International Marathon,"Niagara Falls, ON Canada","October 25, 2015","Jacek Rozek (M)
3:59:29 228 170 / 49 M30-39
3:59:17
Rybnik
 "
229,MIDD=914151025,Niagara Falls International Marathon,"Niagara Falls, ON Canada","October 25, 2015","Jeffrey Wybranowski (M)
3:59:38 229 171 / 58 M40-49
3:59:26
Canonsburg
 "
230,MIDD=914151025,Niagara Falls International Marathon,"Niagara Falls, ON Canada","October 25, 2015","Misha Demidovich (F)
3:59:38 230 59 / 17 F40-49
3:59:21
Sault Ste. Mari
 "
231,MIDD=914151025,Niagara Falls International Marathon,"Niagara Falls, ON Canada","October 25, 2015","David Wise (M)
3:59:38 231 172 / 59 M40-49
3:59:08
Toronto
 "
232,MIDD=914151025,Niagara Falls International Marathon,"Niagara Falls, ON Canada","October 25, 2015","Trevor Murphy (M)
3:59:39 232 173 / 32 M50-59
3:59:08
Toronto
 "
233,MIDD=914151025,Niagara Falls International Marathon,"Niagara Falls, ON Canada","October 25, 2015","Jack Lee (M)
3:59:40 233 174 / 50 M30-39
3:59:28
Scarborough
 "
234,MIDD=914151025,Niagara Falls International Marathon,"Niagara Falls, ON Canada","October 25, 2015","Justin Smith (M)
3:59:41 234 175 / 51 M30-39
3:59:23
Kitchener
 "
235,MIDD=914151025,Niagara Falls International Marathon,"Niagara Falls, ON Canada","October 25, 2015","Lifeng Ding (M)
3:59:47 235 176 / 52 M30-39
3:59:27
Shenzhen
 "
236,MIDD=914151025,Niagara Falls International Marathon,"Niagara Falls, ON Canada","October 25, 2015","Lee Nunnenmacher (M)
3:59:49 236 177 / 53 M30-39
3:59:16
Gravenhurst
 "
237,MIDD=914151025,Niagara Falls International Marathon,"Niagara Falls, ON Canada","October 25, 2015","Fan Yang (M)
3:59:54 237 178 / 60 M40-49
3:59:44
Toronto
 "
238,MIDD=914151025,Niagara Falls International Marathon,"Niagara Falls, ON Canada","October 25, 2015","Damon Jacobs (M)
3:59:58 238 179 / 54 M30-39
3:59:35
Pickering
 "
239,MIDD=914151025,Niagara Falls International Marathon,"Niagara Falls, ON Canada","October 25, 2015","Lyndon Swing (M)
4:00:00 239 180 / 55 M30-39
3:59:38
Oakville
 "
240,MIDD=914151025,Niagara Falls International Marathon,"Niagara Falls, ON Canada","October 25, 2015","Pat Birnie (F)
4:00:06 240 60 / 2 F60-69
3:59:39
Burlington
BQ"
241,MIDD=914151025,Niagara Falls International Marathon,"Niagara Falls, ON Canada","October 25, 2015","David Michaud (M)
4:00:08 241 181 / 61 M40-49
3:59:50
Hamburg
 "
242,MIDD=914151025,Niagara Falls International Marathon,"Niagara Falls, ON Canada","October 25, 2015","Erin Boulanger (F)
4:00:08 242 61 / 18 F30-39
4:00:03
Lake View
 "
243,MIDD=914151025,Niagara Falls International Marathon,"Niagara Falls, ON Canada","October 25, 2015","Terry Sancartier (M)
4:00:09 243 182 / 62 M40-49
4:00:03
Gatineau
 "
244,MIDD=914151025,Niagara Falls International Marathon,"Niagara Falls, ON Canada","October 25, 2015","Tim Heath (M)
4:00:18 244 183 / 56 M30-39
4:00:01
Corunna
 "
245,MIDD=914151025,Niagara Falls International Marathon,"Niagara Falls, ON Canada","October 25, 2015","Patrick Ma (M)
4:00:46 245 184 / 57 M30-39
4:00:25
Forest Hills
 "
246,MIDD=914151025,Niagara Falls International Marathon,"Niagara Falls, ON Canada","October 25, 2015","Laura Wilson (F)
4:00:53 246 62 / 16 F20-29
4:00:27
Manotick
 "
247,MIDD=914151025,Niagara Falls International Marathon,"Niagara Falls, ON Canada","October 25, 2015","John Hilbing (M)
4:00:54 247 185 / 63 M40-49
4:00:38
Welland
 "
248,MIDD=914151025,Niagara Falls International Marathon,"Niagara Falls, ON Canada","October 25, 2015","Ben Mcdermott (M)
4:00:55 248 186 / 58 M30-39
4:00:53
Fort Erie
 "
249,MIDD=914151025,Niagara Falls International Marathon,"Niagara Falls, ON Canada","October 25, 2015","Pamela Bottos (F)
4:01:06 249 63 / 18 F40-49
4:00:42
Waterdown
 "
250,MIDD=914151025,Niagara Falls International Marathon,"Niagara Falls, ON Canada","October 25, 2015","Michele Roy (F)
4:01:35 250 64 / 9 F50-59
4:01:17
Boucherville
 "
251,MIDD=914151025,Niagara Falls International Marathon,"Niagara Falls, ON Canada","October 25, 2015","Johnson Darcelin (M)
4:01:59 251 187 / 64 M40-49
4:01:53
Quebec
 "
252,MIDD=914151025,Niagara Falls International Marathon,"Niagara Falls, ON Canada","October 25, 2015","Shirley Shea (F)
4:02:01 252 65 / 19 F40-49
4:01:44
Glenwood
 "
253,MIDD=914151025,Niagara Falls International Marathon,"Niagara Falls, ON Canada","October 25, 2015","Anne Thompson (F)
4:02:09 253 66 / 19 F30-39
4:01:40
Toronto
 "
254,MIDD=914151025,Niagara Falls International Marathon,"Niagara Falls, ON Canada","October 25, 2015","Cassidy Deleplanque (F)
4:02:50 254 67 / 17 F20-29
4:02:32
Kitchener
 "
255,MIDD=914151025,Niagara Falls International Marathon,"Niagara Falls, ON Canada","October 25, 2015","Michael Monroe (M)
4:03:05 255 188 / 65 M40-49
4:02:40
Fresno
 "
256,MIDD=914151025,Niagara Falls International Marathon,"Niagara Falls, ON Canada","October 25, 2015","Ita Mccluskey (F)
4:03:23 256 68 / 10 F50-59
4:02:37
Ottawa
 "
257,MIDD=914151025,Niagara Falls International Marathon,"Niagara Falls, ON Canada","October 25, 2015","Fran Blackler (F)
4:03:27 257 69 / 11 F50-59
4:03:15
Stratford
 "
258,MIDD=914151025,Niagara Falls International Marathon,"Niagara Falls, ON Canada","October 25, 2015","Anna Lowe (F)
4:03:46 258 70 / 18 F20-29
4:03:22
Santa Cruz
 "
259,MIDD=914151025,Niagara Falls International Marathon,"Niagara Falls, ON Canada","October 25, 2015","Jamie-Lynn Hauss (F)
4:03:47 259 71 / 20 F30-39
4:03:35
Tavistock
 "
260,MIDD=914151025,Niagara Falls International Marathon,"Niagara Falls, ON Canada","October 25, 2015","Paul Bastel (M)
4:04:06 260 189 / 66 M40-49
4:03:46
Hamilton
 "
261,MIDD=914151025,Niagara Falls International Marathon,"Niagara Falls, ON Canada","October 25, 2015","Rob Stutman (M)
4:04:39 261 190 / 67 M40-49
4:04:17
Ellicott City
 "
262,MIDD=914151025,Niagara Falls International Marathon,"Niagara Falls, ON Canada","October 25, 2015","Jason Szczypien (M)
4:04:42 262 191 / 68 M40-49
4:04:14
Brookfield
 "
263,MIDD=914151025,Niagara Falls International Marathon,"Niagara Falls, ON Canada","October 25, 2015","Belinda Stoll (F)
4:05:05 263 72 / 12 F50-59
4:04:47
Lockport
 "
264,MIDD=914151025,Niagara Falls International Marathon,"Niagara Falls, ON Canada","October 25, 2015","Madeline Simon (F)
4:05:22 264 73 / 19 F20-29
4:04:56
Ottawa
 "
265,MIDD=914151025,Niagara Falls International Marathon,"Niagara Falls, ON Canada","October 25, 2015","Steven Gibbs (M)
4:05:26 265 192 / 33 M50-59
4:05:09
Farmington
 "
266,MIDD=914151025,Niagara Falls International Marathon,"Niagara Falls, ON Canada","October 25, 2015","Katie Dawe (F)
4:06:01 266 74 / 20 F20-29
4:05:37
Marlborough
 "
267,MIDD=914151025,Niagara Falls International Marathon,"Niagara Falls, ON Canada","October 25, 2015","Donna Gorman (F)
4:06:04 267 75 / 21 F20-29
4:05:24
Buffalo
 "
268,MIDD=914151025,Niagara Falls International Marathon,"Niagara Falls, ON Canada","October 25, 2015","Savvas Farassoglou (M)
4:06:05 268 193 / 59 M30-39
4:06:01
Ottawa
 "
269,MIDD=914151025,Niagara Falls International Marathon,"Niagara Falls, ON Canada","October 25, 2015","Kristy Elinesky (F)
4:06:10 269 76 / 21 F30-39
4:05:50
Kitchener
 "
270,MIDD=914151025,Niagara Falls International Marathon,"Niagara Falls, ON Canada","October 25, 2015","Doug Nelson (M)
4:06:24 270 194 / 69 M40-49
4:06:14
Alden
 "
271,MIDD=914151025,Niagara Falls International Marathon,"Niagara Falls, ON Canada","October 25, 2015","Michael Bedard (M)
4:06:41 271 195 / 60 M30-39
4:06:10
Buffalo
 "
272,MIDD=914151025,Niagara Falls International Marathon,"Niagara Falls, ON Canada","October 25, 2015","Sophie Gervais (F)
4:06:44 272 77 / 20 F40-49
4:06:09
St-Romuald
 "
273,MIDD=914151025,Niagara Falls International Marathon,"Niagara Falls, ON Canada","October 25, 2015","Nathalie Mathieu (F)
4:06:44 273 78 / 22 F30-39
4:06:10
St-lambert-de-l
 "
274,MIDD=914151025,Niagara Falls International Marathon,"Niagara Falls, ON Canada","October 25, 2015","Elise Roberts (F)
4:06:46 274 79 / 22 F20-29
4:06:40
Buffalo
 "
275,MIDD=914151025,Niagara Falls International Marathon,"Niagara Falls, ON Canada","October 25, 2015","Michael Lueck (M)
4:07:08 275 196 / 61 M30-39
4:07:02
Petawawa
 "
276,MIDD=914151025,Niagara Falls International Marathon,"Niagara Falls, ON Canada","October 25, 2015","Mark Breidenbaugh (M)
4:07:11 276 197 / 70 M40-49
4:06:45
Fowler
 "
277,MIDD=914151025,Niagara Falls International Marathon,"Niagara Falls, ON Canada","October 25, 2015","Joseph Watters (M)
4:07:41 277 198 / 62 M30-39
4:07:23
Stittsville
 "
278,MIDD=914151025,Niagara Falls International Marathon,"Niagara Falls, ON Canada","October 25, 2015","Stella Pasion (F)
4:07:44 278 80 / 21 F40-49
4:07:18
Guelph
 "
279,MIDD=914151025,Niagara Falls International Marathon,"Niagara Falls, ON Canada","October 25, 2015","Holly Hutt (F)
4:07:45 279 81 / 23 F20-29
4:07:33
Thamesford
 "
280,MIDD=914151025,Niagara Falls International Marathon,"Niagara Falls, ON Canada","October 25, 2015","Steve Zaporzan (M)
4:07:52 280 199 / 71 M40-49
4:07:48
St. Catharines
 "
281,MIDD=914151025,Niagara Falls International Marathon,"Niagara Falls, ON Canada","October 25, 2015","Michael Brunelle (M)
4:08:01 281 200 / 72 M40-49
4:07:40
Aylmer
 "
282,MIDD=914151025,Niagara Falls International Marathon,"Niagara Falls, ON Canada","October 25, 2015","Brittany Brossard (F)
4:08:11 282 82 / 24 F20-29
4:08:07
Waterloo
 "
283,MIDD=914151025,Niagara Falls International Marathon,"Niagara Falls, ON Canada","October 25, 2015","Seiji Takahashi (M)
4:08:16 283 201 / 5 M60-69
4:07:57
Saitama
 "
284,MIDD=914151025,Niagara Falls International Marathon,"Niagara Falls, ON Canada","October 25, 2015","Jeff Chong (M)
4:08:27 284 202 / 73 M40-49
4:08:19
Toronto
 "
285,MIDD=914151025,Niagara Falls International Marathon,"Niagara Falls, ON Canada","October 25, 2015","Zuoxin You (M)
4:08:34 285 203 / 74 M40-49
4:08:20
Toronto
 "
286,MIDD=914151025,Niagara Falls International Marathon,"Niagara Falls, ON Canada","October 25, 2015","Luretta Spearing (F)
4:08:56 286 83 / 23 F30-39
4:08:27
Corfe Mullen
 "
287,MIDD=914151025,Niagara Falls International Marathon,"Niagara Falls, ON Canada","October 25, 2015","Igor Fedorenko (M)
4:09:04 287 204 / 75 M40-49
4:08:38
Toronto
 "
288,MIDD=914151025,Niagara Falls International Marathon,"Niagara Falls, ON Canada","October 25, 2015","Madeleine Bonsma (F)
4:09:08 288 84 / 25 F20-29
4:08:46
Toronto
 "
289,MIDD=914151025,Niagara Falls International Marathon,"Niagara Falls, ON Canada","October 25, 2015","Ben Bonsma (M)
4:09:08 289 205 / 2 M0-19
4:08:46
Wellandport
 "
290,MIDD=914151025,Niagara Falls International Marathon,"Niagara Falls, ON Canada","October 25, 2015","Haley Lowe (F)
4:09:09 290 85 / 26 F20-29
4:08:45
Littleton
 "
291,MIDD=914151025,Niagara Falls International Marathon,"Niagara Falls, ON Canada","October 25, 2015","Patricia Schmidt (F)
4:09:12 291 86 / 13 F50-59
4:08:54
Renfrew
 "
292,MIDD=914151025,Niagara Falls International Marathon,"Niagara Falls, ON Canada","October 25, 2015","Craig Mcdiarmid (M)
4:09:12 292 206 / 34 M50-59
4:08:48
Chatham
 "
293,MIDD=914151025,Niagara Falls International Marathon,"Niagara Falls, ON Canada","October 25, 2015","Timothy End (M)
4:09:13 293 207 / 35 M50-59
4:08:54
Wexford
 "
294,MIDD=914151025,Niagara Falls International Marathon,"Niagara Falls, ON Canada","October 25, 2015","Michael Poulin (M)
4:09:18 294 208 / 63 M30-39
4:08:59
Williamsville
 "
295,MIDD=914151025,Niagara Falls International Marathon,"Niagara Falls, ON Canada","October 25, 2015","Beth Skorka-Zola (F)
4:09:18 295 87 / 14 F50-59
4:09:06
East Amherst
 "
296,MIDD=914151025,Niagara Falls International Marathon,"Niagara Falls, ON Canada","October 25, 2015","Randy Wiggins (M)
4:09:21 296 209 / 28 M20-29
4:09:03
Cheektowaga
 "
297,MIDD=914151025,Niagara Falls International Marathon,"Niagara Falls, ON Canada","October 25, 2015","Maurice Nakoochee (M)
4:09:26 297 210 / 36 M50-59
4:09:04
chapleau
 "
298,MIDD=914151025,Niagara Falls International Marathon,"Niagara Falls, ON Canada","October 25, 2015","Mark Hamersly (M)
4:09:30 298 211 / 64 M30-39
4:09:06
Mount Laurel
 "
299,MIDD=914151025,Niagara Falls International Marathon,"Niagara Falls, ON Canada","October 25, 2015","John Wayda (M)
4:09:49 299 212 / 76 M40-49
4:09:26
Niagara Falls
 "
300,MIDD=914151025,Niagara Falls International Marathon,"Niagara Falls, ON Canada","October 25, 2015","Matthew Hertz (M)
4:09:58 300 213 / 77 M40-49
4:09:39
Buffalo
 "
301,MIDD=914151025,Niagara Falls International Marathon,"Niagara Falls, ON Canada","October 25, 2015","Alexander May (M)
4:10:04 301 214 / 29 M20-29
4:09:12
London
 "
302,MIDD=914151025,Niagara Falls International Marathon,"Niagara Falls, ON Canada","October 25, 2015","Marliss Wolfe Lafrenie (F)
4:10:09 302 88 / 24 F30-39
4:09:58
EDMONTON
 "
303,MIDD=914151025,Niagara Falls International Marathon,"Niagara Falls, ON Canada","October 25, 2015","Lyle Burling (M)
4:10:24 303 215 / 37 M50-59
4:10:10
Dunmore
 "
304,MIDD=914151025,Niagara Falls International Marathon,"Niagara Falls, ON Canada","October 25, 2015","Samantha Curtis (F)
4:10:27 304 89 / 2 F0-19
4:10:04
Hamburg
 "
305,MIDD=914151025,Niagara Falls International Marathon,"Niagara Falls, ON Canada","October 25, 2015","Mark Vincent (M)
4:10:31 305 216 / 78 M40-49
4:10:10
Mississauga
 "
306,MIDD=914151025,Niagara Falls International Marathon,"Niagara Falls, ON Canada","October 25, 2015","Lloyd Hayden (M)
4:10:52 306 217 / 6 M60-69
4:10:38
Meadville
 "
307,MIDD=914151025,Niagara Falls International Marathon,"Niagara Falls, ON Canada","October 25, 2015","Alex Houghtaling (M)
4:10:54 307 218 / 65 M30-39
4:10:35
Buffalo
 "
308,MIDD=914151025,Niagara Falls International Marathon,"Niagara Falls, ON Canada","October 25, 2015","Andrew Eckert (M)
4:10:54 308 219 / 66 M30-39
4:10:35
Buffalo
 "
309,MIDD=914151025,Niagara Falls International Marathon,"Niagara Falls, ON Canada","October 25, 2015","Bret Babington (M)
4:11:05 309 220 / 38 M50-59
4:10:42
London
 "
310,MIDD=914151025,Niagara Falls International Marathon,"Niagara Falls, ON Canada","October 25, 2015","Carmen Vierula (F)
4:11:27 310 90 / 15 F50-59
4:11:17
Ottawa
 "
311,MIDD=914151025,Niagara Falls International Marathon,"Niagara Falls, ON Canada","October 25, 2015","David Falkner (M)
4:11:30 311 221 / 79 M40-49
4:11:23
Orchard Park
 "
312,MIDD=914151025,Niagara Falls International Marathon,"Niagara Falls, ON Canada","October 25, 2015","Amy Ivers (F)
4:11:39 312 91 / 22 F40-49
4:11:07
Geneseo
 "
313,MIDD=914151025,Niagara Falls International Marathon,"Niagara Falls, ON Canada","October 25, 2015","David Leeder (M)
4:12:00 313 222 / 80 M40-49
4:11:38
Ottawa
 "
314,MIDD=914151025,Niagara Falls International Marathon,"Niagara Falls, ON Canada","October 25, 2015","Joanne Ritchie (F)
4:12:00 314 92 / 16 F50-59
4:11:38
Ottawa
 "
315,MIDD=914151025,Niagara Falls International Marathon,"Niagara Falls, ON Canada","October 25, 2015","Danielle Podeszek (F)
4:12:11 315 93 / 27 F20-29
4:11:57
Hamburg
 "
316,MIDD=914151025,Niagara Falls International Marathon,"Niagara Falls, ON Canada","October 25, 2015","Brittany Pine (F)
4:12:13 316 94 / 28 F20-29
4:12:06
Hoosick Falls
 "
317,MIDD=914151025,Niagara Falls International Marathon,"Niagara Falls, ON Canada","October 25, 2015","Jessi Richards (F)
4:12:18 317 95 / 25 F30-39
4:12:11
St. Catharines
 "
318,MIDD=914151025,Niagara Falls International Marathon,"Niagara Falls, ON Canada","October 25, 2015","Hiroyuki Matsuda (M)
4:12:31 318 223 / 67 M30-39
4:12:22
New York
 "
319,MIDD=914151025,Niagara Falls International Marathon,"Niagara Falls, ON Canada","October 25, 2015","Marc Lortie (M)
4:12:34 319 224 / 39 M50-59
4:12:28
Blainvile
 "
320,MIDD=914151025,Niagara Falls International Marathon,"Niagara Falls, ON Canada","October 25, 2015","Jeffrey Rong (M)
4:12:51 320 225 / 40 M50-59
4:12:50
New York
 "
321,MIDD=914151025,Niagara Falls International Marathon,"Niagara Falls, ON Canada","October 25, 2015","Graeme Hastings (M)
4:13:11 321 226 / 81 M40-49
4:12:52
Basingstoke
 "
322,MIDD=914151025,Niagara Falls International Marathon,"Niagara Falls, ON Canada","October 25, 2015","Patty Neufeld (F)
4:13:19 322 96 / 17 F50-59
4:13:04
Kingsville
 "
323,MIDD=914151025,Niagara Falls International Marathon,"Niagara Falls, ON Canada","October 25, 2015","Mary Beth Sopic (F)
4:13:22 323 97 / 26 F30-39
4:12:56
Buffalo
 "
324,MIDD=914151025,Niagara Falls International Marathon,"Niagara Falls, ON Canada","October 25, 2015","Alan Blond (M)
4:13:35 324 227 / 41 M50-59
4:13:03
East Greenbush
 "
325,MIDD=914151025,Niagara Falls International Marathon,"Niagara Falls, ON Canada","October 25, 2015","Julie St-Andre (F)
4:13:53 325 98 / 23 F40-49
4:13:39
Verdun
 "
326,MIDD=914151025,Niagara Falls International Marathon,"Niagara Falls, ON Canada","October 25, 2015","Lida Vay (F)
4:13:55 326 99 / 27 F30-39
4:13:43
Mernda
 "
327,MIDD=914151025,Niagara Falls International Marathon,"Niagara Falls, ON Canada","October 25, 2015","Daryl Catlin (M)
4:14:01 327 228 / 82 M40-49
4:13:55
Hook
 "
328,MIDD=914151025,Niagara Falls International Marathon,"Niagara Falls, ON Canada","October 25, 2015","Frederick Oliver (M)
4:14:05 328 229 / 83 M40-49
4:13:56
Harrow
 "
329,MIDD=914151025,Niagara Falls International Marathon,"Niagara Falls, ON Canada","October 25, 2015","Malcolm Richmon (M)
4:14:10 329 230 / 84 M40-49
4:13:42
Thornhill
 "
330,MIDD=914151025,Niagara Falls International Marathon,"Niagara Falls, ON Canada","October 25, 2015","Jared Smith (M)
4:14:27 330 231 / 85 M40-49
4:14:20
Orchard Park
 "
331,MIDD=914151025,Niagara Falls International Marathon,"Niagara Falls, ON Canada","October 25, 2015","Joanne Van Bibber-Widr (F)
4:14:30 331 100 / 18 F50-59
4:14:13
Whitehorse
 "
332,MIDD=914151025,Niagara Falls International Marathon,"Niagara Falls, ON Canada","October 25, 2015","Jackie Martin (F)
4:14:33 332 101 / 28 F30-39
4:14:10
Buffalo
 "
333,MIDD=914151025,Niagara Falls International Marathon,"Niagara Falls, ON Canada","October 25, 2015","Michael Drennan (M)
4:14:50 333 232 / 30 M20-29
4:14:31
Youngstown
 "
334,MIDD=914151025,Niagara Falls International Marathon,"Niagara Falls, ON Canada","October 25, 2015","Jeff Solomon (M)
4:14:55 334 233 / 86 M40-49
4:14:20
Kitcherner
 "
335,MIDD=914151025,Niagara Falls International Marathon,"Niagara Falls, ON Canada","October 25, 2015","Paul Murray (M)
4:15:23 335 234 / 7 M60-69
4:14:47
sutton
 "
336,MIDD=914151025,Niagara Falls International Marathon,"Niagara Falls, ON Canada","October 25, 2015","John Gurtz (M)
4:15:28 336 235 / 31 M20-29
4:14:59
Roseville
 "
337,MIDD=914151025,Niagara Falls International Marathon,"Niagara Falls, ON Canada","October 25, 2015","Mary Pat Davis (F)
4:15:37 337 102 / 24 F40-49
4:15:17
Mississauga
 "
338,MIDD=914151025,Niagara Falls International Marathon,"Niagara Falls, ON Canada","October 25, 2015","Ariellia Rodrigues (F)
4:15:42 338 103 / 29 F20-29
4:15:20
Brampton
 "
339,MIDD=914151025,Niagara Falls International Marathon,"Niagara Falls, ON Canada","October 25, 2015","Marianne Lachance (F)
4:15:46 339 104 / 29 F30-39
4:15:26
St-Georges
 "
340,MIDD=914151025,Niagara Falls International Marathon,"Niagara Falls, ON Canada","October 25, 2015","Robert Campbell (M)
4:16:16 340 236 / 42 M50-59
4:15:45
Mount Brydges
 "
341,MIDD=914151025,Niagara Falls International Marathon,"Niagara Falls, ON Canada","October 25, 2015","Mark Pinch (M)
4:16:16 341 237 / 68 M30-39
4:15:53
Whitby
 "
342,MIDD=914151025,Niagara Falls International Marathon,"Niagara Falls, ON Canada","October 25, 2015","Greg Dunn (M)
4:16:17 342 238 / 87 M40-49
4:15:28
Saint Petersbur
 "
343,MIDD=914151025,Niagara Falls International Marathon,"Niagara Falls, ON Canada","October 25, 2015","Celine Leclerc (F)
4:16:27 343 105 / 19 F50-59
4:16:04
Ottawa
 "
344,MIDD=914151025,Niagara Falls International Marathon,"Niagara Falls, ON Canada","October 25, 2015","David Gawel (M)
4:16:58 344 239 / 43 M50-59
4:16:34
Lake View
 "
345,MIDD=914151025,Niagara Falls International Marathon,"Niagara Falls, ON Canada","October 25, 2015","Richard Bennett (M)
4:17:20 345 240 / 8 M60-69
4:17:14
Dieppe
 "
346,MIDD=914151025,Niagara Falls International Marathon,"Niagara Falls, ON Canada","October 25, 2015","Russell Lenigan (M)
4:17:24 346 241 / 69 M30-39
4:16:48
Amherst
 "
347,MIDD=914151025,Niagara Falls International Marathon,"Niagara Falls, ON Canada","October 25, 2015","Myriah Graves (F)
4:17:38 347 106 / 25 F40-49
4:17:27
Oakville
 "
348,MIDD=914151025,Niagara Falls International Marathon,"Niagara Falls, ON Canada","October 25, 2015","Nancy Hedges (F)
4:17:38 348 107 / 26 F40-49
4:17:23
Getzville
 "
349,MIDD=914151025,Niagara Falls International Marathon,"Niagara Falls, ON Canada","October 25, 2015","Daniel Gagnon (M)
4:17:41 349 242 / 70 M30-39
4:17:19
Chambly
 "
350,MIDD=914151025,Niagara Falls International Marathon,"Niagara Falls, ON Canada","October 25, 2015","Cathie Gariepy (F)
4:17:47 350 108 / 20 F50-59
4:17:12
Scarborough
 "
351,MIDD=914151025,Niagara Falls International Marathon,"Niagara Falls, ON Canada","October 25, 2015","Andrew Peacock (M)
4:18:10 351 243 / 9 M60-69
4:17:54
Carbonear
 "
352,MIDD=914151025,Niagara Falls International Marathon,"Niagara Falls, ON Canada","October 25, 2015","Jesse Bown (M)
4:18:10 352 244 / 44 M50-59
4:17:55
Carbonear
 "
353,MIDD=914151025,Niagara Falls International Marathon,"Niagara Falls, ON Canada","October 25, 2015","Johnathan Miles (M)
4:18:28 353 245 / 71 M30-39
4:18:18
Dundas
 "
354,MIDD=914151025,Niagara Falls International Marathon,"Niagara Falls, ON Canada","October 25, 2015","Gary Michael (M)
4:18:32 354 246 / 88 M40-49
4:17:55
Niagara Falls
 "
355,MIDD=914151025,Niagara Falls International Marathon,"Niagara Falls, ON Canada","October 25, 2015","Jeffrey Brzuszkiewicz (M)
4:18:51 355 247 / 72 M30-39
4:18:38
Amherst
 "
356,MIDD=914151025,Niagara Falls International Marathon,"Niagara Falls, ON Canada","October 25, 2015","Nelson Perel (M)
4:19:01 356 248 / 45 M50-59
4:18:30
Lancaster
 "
357,MIDD=914151025,Niagara Falls International Marathon,"Niagara Falls, ON Canada","October 25, 2015","Lee Nessling (M)
4:19:09 357 249 / 89 M40-49
4:18:44
Clovis
 "
358,MIDD=914151025,Niagara Falls International Marathon,"Niagara Falls, ON Canada","October 25, 2015","Stan Baldwin (M)
4:19:37 358 250 / 10 M60-69
4:18:47
Orleans
 "
359,MIDD=914151025,Niagara Falls International Marathon,"Niagara Falls, ON Canada","October 25, 2015","Lyle Sowden (M)
4:19:42 359 251 / 11 M60-69
4:19:29
Grimsby
 "
360,MIDD=914151025,Niagara Falls International Marathon,"Niagara Falls, ON Canada","October 25, 2015","Sean Pynaert (M)
4:19:43 360 252 / 90 M40-49
4:19:22
Brights Grove
 "
361,MIDD=914151025,Niagara Falls International Marathon,"Niagara Falls, ON Canada","October 25, 2015","Wendy Murray (F)
4:19:49 361 109 / 27 F40-49
4:19:00
Southern Shores
 "
362,MIDD=914151025,Niagara Falls International Marathon,"Niagara Falls, ON Canada","October 25, 2015","James Craig (M)
4:19:53 362 253 / 12 M60-69
4:19:37
Glenside
 "
363,MIDD=914151025,Niagara Falls International Marathon,"Niagara Falls, ON Canada","October 25, 2015","Lynn Chadwick (F)
4:19:55 363 110 / 21 F50-59
4:19:21
Oakville
 "
364,MIDD=914151025,Niagara Falls International Marathon,"Niagara Falls, ON Canada","October 25, 2015","Kathy Squire (F)
4:19:58 364 111 / 28 F40-49
4:19:23
Kingsville
 "
365,MIDD=914151025,Niagara Falls International Marathon,"Niagara Falls, ON Canada","October 25, 2015","Roland Karl Kurz (M)
4:20:46 365 254 / 13 M60-69
4:20:20
Hirrlingen
 "
366,MIDD=914151025,Niagara Falls International Marathon,"Niagara Falls, ON Canada","October 25, 2015","Gary Rosseel (M)
4:20:50 366 255 / 46 M50-59
4:20:36
Brantford
 "
367,MIDD=914151025,Niagara Falls International Marathon,"Niagara Falls, ON Canada","October 25, 2015","Sue Faludi (F)
4:21:15 367 112 / 22 F50-59
4:20:37
Richmond Hill
 "
368,MIDD=914151025,Niagara Falls International Marathon,"Niagara Falls, ON Canada","October 25, 2015","Alison Foster (F)
4:21:28 368 113 / 30 F30-39
4:21:18
Stoney Creek
 "
369,MIDD=914151025,Niagara Falls International Marathon,"Niagara Falls, ON Canada","October 25, 2015","Kentaro Fujii (M)
4:21:31 369 256 / 73 M30-39
4:21:17
Boston
 "
370,MIDD=914151025,Niagara Falls International Marathon,"Niagara Falls, ON Canada","October 25, 2015","Heather Moesch (F)
4:21:38 370 114 / 31 F30-39
4:21:03
Winfield
 "
371,MIDD=914151025,Niagara Falls International Marathon,"Niagara Falls, ON Canada","October 25, 2015","Patrick Broadwater (M)
4:21:45 371 257 / 91 M40-49
4:21:09
West Seneca
 "
372,MIDD=914151025,Niagara Falls International Marathon,"Niagara Falls, ON Canada","October 25, 2015","Anna Kusche (F)
4:21:52 372 115 / 32 F30-39
4:21:22
Buffalo
 "
373,MIDD=914151025,Niagara Falls International Marathon,"Niagara Falls, ON Canada","October 25, 2015","Melissa Leach Trudeau (F)
4:21:55 373 116 / 33 F30-39
4:21:34
Guelph
 "
374,MIDD=914151025,Niagara Falls International Marathon,"Niagara Falls, ON Canada","October 25, 2015","Chad Conaway (M)
4:22:30 374 258 / 74 M30-39
4:22:20
Hanover
 "
375,MIDD=914151025,Niagara Falls International Marathon,"Niagara Falls, ON Canada","October 25, 2015","J Thomas Forbes (M)
4:22:31 375 259 / 92 M40-49
4:22:07
Bloomington
 "
376,MIDD=914151025,Niagara Falls International Marathon,"Niagara Falls, ON Canada","October 25, 2015","Martha Shedd (F)
4:22:31 376 117 / 23 F50-59
4:22:07
Bloomington
 "
377,MIDD=914151025,Niagara Falls International Marathon,"Niagara Falls, ON Canada","October 25, 2015","Julie Brigitte Roy (F)
4:22:38 377 118 / 29 F40-49
4:22:32
Ste-Julie
 "
378,MIDD=914151025,Niagara Falls International Marathon,"Niagara Falls, ON Canada","October 25, 2015","Christopher Dziwulski (M)
4:22:49 378 260 / 32 M20-29
4:22:40
Buffalo
 "
379,MIDD=914151025,Niagara Falls International Marathon,"Niagara Falls, ON Canada","October 25, 2015","Wendy Kennedy (F)
4:22:56 379 119 / 3 F60-69
4:22:18
Lisle
BQ"
380,MIDD=914151025,Niagara Falls International Marathon,"Niagara Falls, ON Canada","October 25, 2015","Leanne Zito (F)
4:23:09 380 120 / 30 F20-29
4:22:30
East Rochester
 "
381,MIDD=914151025,Niagara Falls International Marathon,"Niagara Falls, ON Canada","October 25, 2015","Ronnie Garcia (M)
4:23:29 381 261 / 75 M30-39
4:23:06
Markham
 "
382,MIDD=914151025,Niagara Falls International Marathon,"Niagara Falls, ON Canada","October 25, 2015","Dan Kane (M)
4:23:39 382 262 / 93 M40-49
4:23:27
Stratford
 "
383,MIDD=914151025,Niagara Falls International Marathon,"Niagara Falls, ON Canada","October 25, 2015","Anne-Marie Sicard Cout (F)
4:23:55 383 121 / 34 F30-39
4:23:42
Rouyn-Noranda
 "
384,MIDD=914151025,Niagara Falls International Marathon,"Niagara Falls, ON Canada","October 25, 2015","Jacinthe Sicard-Coutu (F)
4:23:55 384 122 / 31 F20-29
4:23:42
Rouyn-Noranda
 "
385,MIDD=914151025,Niagara Falls International Marathon,"Niagara Falls, ON Canada","October 25, 2015","Jennifer Glen (F)
4:23:57 385 123 / 30 F40-49
4:23:36
Fairport
 "
386,MIDD=914151025,Niagara Falls International Marathon,"Niagara Falls, ON Canada","October 25, 2015","Tania Giorgis (F)
4:24:06 386 124 / 35 F30-39
4:23:34
Avon
 "
387,MIDD=914151025,Niagara Falls International Marathon,"Niagara Falls, ON Canada","October 25, 2015","Derrick Mason (M)
4:24:18 387 263 / 76 M30-39
4:24:03
Carrollton
 "
388,MIDD=914151025,Niagara Falls International Marathon,"Niagara Falls, ON Canada","October 25, 2015","Renee Zimmerman (F)
4:24:32 388 125 / 36 F30-39
4:23:43
Lancaster
 "
389,MIDD=914151025,Niagara Falls International Marathon,"Niagara Falls, ON Canada","October 25, 2015","Roger Griffiths (M)
4:24:33 389 264 / 77 M30-39
4:24:17
Buffalo
 "
390,MIDD=914151025,Niagara Falls International Marathon,"Niagara Falls, ON Canada","October 25, 2015","Heather Patton (F)
4:24:53 390 126 / 37 F30-39
4:24:42
Conneautville
 "
391,MIDD=914151025,Niagara Falls International Marathon,"Niagara Falls, ON Canada","October 25, 2015","Kyle Ellsworth (M)
4:25:27 391 265 / 33 M20-29
4:25:12
St. Catharines
 "
392,MIDD=914151025,Niagara Falls International Marathon,"Niagara Falls, ON Canada","October 25, 2015","Daren Koch (M)
4:25:53 392 266 / 94 M40-49
4:25:46
Russell
 "
393,MIDD=914151025,Niagara Falls International Marathon,"Niagara Falls, ON Canada","October 25, 2015","Gabriel Iuli (M)
4:25:56 393 267 / 47 M50-59
4:25:51
Bronx
 "
394,MIDD=914151025,Niagara Falls International Marathon,"Niagara Falls, ON Canada","October 25, 2015","Henri Ragetlie (M)
4:26:07 394 268 / 48 M50-59
4:25:50
St.Catharines
 "
395,MIDD=914151025,Niagara Falls International Marathon,"Niagara Falls, ON Canada","October 25, 2015","Nicole De Francesco (F)
4:26:13 395 127 / 31 F40-49
4:25:35
Peterborough
 "
396,MIDD=914151025,Niagara Falls International Marathon,"Niagara Falls, ON Canada","October 25, 2015","Gregory Nigh (M)
4:26:22 396 269 / 49 M50-59
4:26:06
Calgary
 "
397,MIDD=914151025,Niagara Falls International Marathon,"Niagara Falls, ON Canada","October 25, 2015","Darrell Furgoch (M)
4:26:30 397 270 / 14 M60-69
4:26:22
Pembroke
 "
398,MIDD=914151025,Niagara Falls International Marathon,"Niagara Falls, ON Canada","October 25, 2015","Bill Beebe (M)
4:26:40 398 271 / 95 M40-49
4:25:47
Wadsworth
 "
399,MIDD=914151025,Niagara Falls International Marathon,"Niagara Falls, ON Canada","October 25, 2015","Monique Lachance (F)
4:26:41 399 128 / 24 F50-59
4:26:05
Blainville
 "
400,MIDD=914151025,Niagara Falls International Marathon,"Niagara Falls, ON Canada","October 25, 2015","Adam Pryslak (M)
4:26:43 400 272 / 78 M30-39
4:26:18
London
 "
401,MIDD=914151025,Niagara Falls International Marathon,"Niagara Falls, ON Canada","October 25, 2015","Martin Smid (M)
4:27:17 401 273 / 79 M30-39
4:26:47
Prague
 "
402,MIDD=914151025,Niagara Falls International Marathon,"Niagara Falls, ON Canada","October 25, 2015","Gino D'Aloisio (M)
4:27:29 402 274 / 96 M40-49
4:27:27
Niagara Falls
 "
403,MIDD=914151025,Niagara Falls International Marathon,"Niagara Falls, ON Canada","October 25, 2015","Lammert Dijkstra (M)
4:27:30 403 275 / 15 M60-69
4:27:18
Hengelo
 "
404,MIDD=914151025,Niagara Falls International Marathon,"Niagara Falls, ON Canada","October 25, 2015","Stephanie Penner (F)
4:27:32 404 129 / 25 F50-59
4:26:58
Niagara Falls
 "
405,MIDD=914151025,Niagara Falls International Marathon,"Niagara Falls, ON Canada","October 25, 2015","Sharon Lindores (F)
4:27:36 405 130 / 32 F40-49
4:27:21
Toronto
 "
406,MIDD=914151025,Niagara Falls International Marathon,"Niagara Falls, ON Canada","October 25, 2015","Eric Marchand (M)
4:27:37 406 276 / 97 M40-49
4:27:17
Sherbrooke
 "
407,MIDD=914151025,Niagara Falls International Marathon,"Niagara Falls, ON Canada","October 25, 2015","Lesley Woodward (F)
4:27:39 407 131 / 4 F60-69
4:26:55
Leek
 "
408,MIDD=914151025,Niagara Falls International Marathon,"Niagara Falls, ON Canada","October 25, 2015","Bruno Warkentin (M)
4:27:43 408 277 / 50 M50-59
4:26:52
St Catharines
 "
409,MIDD=914151025,Niagara Falls International Marathon,"Niagara Falls, ON Canada","October 25, 2015","Jacy Oborny (F)
4:27:48 409 132 / 32 F20-29
4:27:11
Lincoln
 "
410,MIDD=914151025,Niagara Falls International Marathon,"Niagara Falls, ON Canada","October 25, 2015","Breanna Felker (F)
4:27:48 410 133 / 33 F20-29
4:27:11
Lincoln
 "
411,MIDD=914151025,Niagara Falls International Marathon,"Niagara Falls, ON Canada","October 25, 2015","Henri-Alexandre Lauer (M)
4:27:59 411 278 / 98 M40-49
4:27:27
Cranberry Twp
 "
412,MIDD=914151025,Niagara Falls International Marathon,"Niagara Falls, ON Canada","October 25, 2015","Clay Dolatowski (M)
4:28:12 412 279 / 80 M30-39
4:27:26
Lancaster
 "
413,MIDD=914151025,Niagara Falls International Marathon,"Niagara Falls, ON Canada","October 25, 2015","Joseph Sferra (M)
4:28:13 413 280 / 34 M20-29
4:27:28
Tonawanda
 "
414,MIDD=914151025,Niagara Falls International Marathon,"Niagara Falls, ON Canada","October 25, 2015","Candice Browning (F)
4:28:25 414 134 / 34 F20-29
4:28:15
Buffalo
 "
415,MIDD=914151025,Niagara Falls International Marathon,"Niagara Falls, ON Canada","October 25, 2015","Justin Cooper (M)
4:28:33 415 281 / 81 M30-39
4:27:43
Upper Marlboro
 "
416,MIDD=914151025,Niagara Falls International Marathon,"Niagara Falls, ON Canada","October 25, 2015","Tim Paquette (M)
4:28:43 416 282 / 99 M40-49
4:28:13
Toronto
 "
417,MIDD=914151025,Niagara Falls International Marathon,"Niagara Falls, ON Canada","October 25, 2015","Kylie Smith (F)
4:28:47 417 135 / 35 F20-29
4:28:19
Aurora
 "
418,MIDD=914151025,Niagara Falls International Marathon,"Niagara Falls, ON Canada","October 25, 2015","Laura Wildman (F)
4:28:47 418 136 / 33 F40-49
4:28:15
Phoenixville
 "
419,MIDD=914151025,Niagara Falls International Marathon,"Niagara Falls, ON Canada","October 25, 2015","Betty Ann (F)
4:29:03 419 137 / 34 F40-49
4:28:25
Jersey City
 "
420,MIDD=914151025,Niagara Falls International Marathon,"Niagara Falls, ON Canada","October 25, 2015","Craig Skrynyk (M)
4:29:09 420 283 / 100 M40-49
4:28:28
Chestermere
 "
421,MIDD=914151025,Niagara Falls International Marathon,"Niagara Falls, ON Canada","October 25, 2015","Bill Sherman (M)
4:29:13 421 284 / 51 M50-59
4:28:55
Springfield
 "
422,MIDD=914151025,Niagara Falls International Marathon,"Niagara Falls, ON Canada","October 25, 2015","Rich Ibbotson (M)
4:29:13 422 285 / 52 M50-59
4:28:39
Fairport
 "
423,MIDD=914151025,Niagara Falls International Marathon,"Niagara Falls, ON Canada","October 25, 2015","Lee Buckman (M)
4:29:14 423 286 / 53 M50-59
4:28:59
Thornhill
 "
424,MIDD=914151025,Niagara Falls International Marathon,"Niagara Falls, ON Canada","October 25, 2015","Cheryl Leisten (F)
4:29:19 424 138 / 35 F40-49
4:28:34
Costa Mesa
 "
425,MIDD=914151025,Niagara Falls International Marathon,"Niagara Falls, ON Canada","October 25, 2015","Erin Lyttle (F)
4:29:37 425 139 / 38 F30-39
4:29:16
FONTHILL
 "
426,MIDD=914151025,Niagara Falls International Marathon,"Niagara Falls, ON Canada","October 25, 2015","Rainer Tuettelmann (M)
4:30:01 426 287 / 16 M60-69
4:29:46
Iserlohn
 "
427,MIDD=914151025,Niagara Falls International Marathon,"Niagara Falls, ON Canada","October 25, 2015","Donald Hutt (M)
4:30:03 427 288 / 54 M50-59
4:29:50
St. Catharines
 "
428,MIDD=914151025,Niagara Falls International Marathon,"Niagara Falls, ON Canada","October 25, 2015","Neil Mahnke (M)
4:30:21 428 289 / 101 M40-49
4:30:12
Cambridge
 "
429,MIDD=914151025,Niagara Falls International Marathon,"Niagara Falls, ON Canada","October 25, 2015","Eileen Albanese (F)
4:30:38 429 140 / 26 F50-59
4:30:03
Ajax
 "
430,MIDD=914151025,Niagara Falls International Marathon,"Niagara Falls, ON Canada","October 25, 2015","Joshua Mclaughlin (M)
4:30:39 430 290 / 102 M40-49
4:30:09
Lakewood
 "
431,MIDD=914151025,Niagara Falls International Marathon,"Niagara Falls, ON Canada","October 25, 2015","Beth Stormer (F)
4:30:43 431 141 / 27 F50-59
4:30:25
Hamburg
 "
432,MIDD=914151025,Niagara Falls International Marathon,"Niagara Falls, ON Canada","October 25, 2015","Tony Machado (M)
4:30:52 432 291 / 82 M30-39
4:30:13
Ottawa
 "
433,MIDD=914151025,Niagara Falls International Marathon,"Niagara Falls, ON Canada","October 25, 2015","Russell Thacker (M)
4:31:06 433 292 / 103 M40-49
4:30:55
Burlington
 "
434,MIDD=914151025,Niagara Falls International Marathon,"Niagara Falls, ON Canada","October 25, 2015","Mill Lockwood (M)
4:31:22 434 293 / 104 M40-49
4:30:44
Orchard Park
 "
435,MIDD=914151025,Niagara Falls International Marathon,"Niagara Falls, ON Canada","October 25, 2015","Kwok Keung Lai (M)
4:31:43 435 294 / 17 M60-69
4:31:38
Amoy Gardens
 "
436,MIDD=914151025,Niagara Falls International Marathon,"Niagara Falls, ON Canada","October 25, 2015","Hon Hung Wu (M)
4:31:50 436 295 / 18 M60-69
4:31:33
Amoy Gardens
 "
437,MIDD=914151025,Niagara Falls International Marathon,"Niagara Falls, ON Canada","October 25, 2015","Clyde Ferguson (M)
4:31:51 437 296 / 19 M60-69
4:31:18
Lockport
 "
438,MIDD=914151025,Niagara Falls International Marathon,"Niagara Falls, ON Canada","October 25, 2015","Varoon Jain (M)
4:31:59 438 297 / 83 M30-39
4:31:31
Glastonbury
 "
439,MIDD=914151025,Niagara Falls International Marathon,"Niagara Falls, ON Canada","October 25, 2015","Emalee Butler (F)
4:32:22 439 142 / 36 F20-29
4:32:05
Hoover
 "
440,MIDD=914151025,Niagara Falls International Marathon,"Niagara Falls, ON Canada","October 25, 2015","Mahmoud Ahmed (M)
4:32:31 440 298 / 84 M30-39
4:31:34
Verdun
 "
441,MIDD=914151025,Niagara Falls International Marathon,"Niagara Falls, ON Canada","October 25, 2015","Jonathan Demetillo (M)
4:32:40 441 299 / 105 M40-49
4:32:05
Cambridge
 "
442,MIDD=914151025,Niagara Falls International Marathon,"Niagara Falls, ON Canada","October 25, 2015","Raymond Wrubel (M)
4:33:44 442 300 / 106 M40-49
4:33:12
Wellesley
 "
443,MIDD=914151025,Niagara Falls International Marathon,"Niagara Falls, ON Canada","October 25, 2015","Peter Johnson (M)
4:34:00 443 301 / 55 M50-59
4:33:23
Point of Rocks
 "
444,MIDD=914151025,Niagara Falls International Marathon,"Niagara Falls, ON Canada","October 25, 2015","Ted Heath (M)
4:34:01 444 302 / 85 M30-39
4:33:44
Chatham
 "
445,MIDD=914151025,Niagara Falls International Marathon,"Niagara Falls, ON Canada","October 25, 2015","Chris Kent (M)
4:34:49 445 303 / 56 M50-59
4:34:03
indpls.
 "
446,MIDD=914151025,Niagara Falls International Marathon,"Niagara Falls, ON Canada","October 25, 2015","Fredrick Dombrowski (M)
4:35:00 446 304 / 86 M30-39
4:34:42
Milford
 "
447,MIDD=914151025,Niagara Falls International Marathon,"Niagara Falls, ON Canada","October 25, 2015","Ricardo Perocho (M)
4:35:23 447 305 / 57 M50-59
4:34:48
mississauga
 "
448,MIDD=914151025,Niagara Falls International Marathon,"Niagara Falls, ON Canada","October 25, 2015","Robert Bachellor (M)
4:35:56 448 306 / 58 M50-59
4:35:56
North Tonawanda
 "
449,MIDD=914151025,Niagara Falls International Marathon,"Niagara Falls, ON Canada","October 25, 2015","Agniel Christel (F)
4:36:06 449 143 / 36 F40-49
4:35:31
Gaujac
 "
450,MIDD=914151025,Niagara Falls International Marathon,"Niagara Falls, ON Canada","October 25, 2015","Suzie Roy (F)
4:36:24 450 144 / 39 F30-39
4:36:07
Niagara Falls
 "
451,MIDD=914151025,Niagara Falls International Marathon,"Niagara Falls, ON Canada","October 25, 2015","Stephen Spicer (M)
4:36:24 451 307 / 107 M40-49
4:36:08
Niagara Falls
 "
452,MIDD=914151025,Niagara Falls International Marathon,"Niagara Falls, ON Canada","October 25, 2015","Linda Peoples (F)
4:36:31 452 145 / 37 F40-49
4:35:58
Lafayette
 "
453,MIDD=914151025,Niagara Falls International Marathon,"Niagara Falls, ON Canada","October 25, 2015","Nancy Caldwell (F)
4:36:42 453 146 / 28 F50-59
4:36:12
Gibraltar
 "
454,MIDD=914151025,Niagara Falls International Marathon,"Niagara Falls, ON Canada","October 25, 2015","Melissa Beasley (F)
4:36:48 454 147 / 38 F40-49
4:36:09
Andrews AFB
 "
455,MIDD=914151025,Niagara Falls International Marathon,"Niagara Falls, ON Canada","October 25, 2015","Caley Doran (F)
4:37:07 455 148 / 40 F30-39
4:36:36
Evergreen Park
 "
456,MIDD=914151025,Niagara Falls International Marathon,"Niagara Falls, ON Canada","October 25, 2015","Michelle Pasko (F)
4:37:09 456 149 / 39 F40-49
4:36:43
New Freedom
 "
457,MIDD=914151025,Niagara Falls International Marathon,"Niagara Falls, ON Canada","October 25, 2015","Walter Burritt (M)
4:37:10 457 308 / 87 M30-39
4:36:46
Niagara Falls
 "
458,MIDD=914151025,Niagara Falls International Marathon,"Niagara Falls, ON Canada","October 25, 2015","Alexandra Ashfield (F)
4:37:11 458 150 / 40 F40-49
4:36:28
Alcester
 "
459,MIDD=914151025,Niagara Falls International Marathon,"Niagara Falls, ON Canada","October 25, 2015","Sharon Hall (F)
4:37:11 459 151 / 41 F40-49
4:36:28
Tiddington
 "
460,MIDD=914151025,Niagara Falls International Marathon,"Niagara Falls, ON Canada","October 25, 2015","Rudy Kurniawan (M)
4:37:31 460 309 / 108 M40-49
4:36:52
ELMIRA
 "
461,MIDD=914151025,Niagara Falls International Marathon,"Niagara Falls, ON Canada","October 25, 2015","Scot Hutchinson (M)
4:37:34 461 310 / 109 M40-49
4:37:24
Courtice
 "
462,MIDD=914151025,Niagara Falls International Marathon,"Niagara Falls, ON Canada","October 25, 2015","Helen Bowen (F)
4:37:40 462 152 / 42 F40-49
4:36:57
Evesham
 "
463,MIDD=914151025,Niagara Falls International Marathon,"Niagara Falls, ON Canada","October 25, 2015","Carol Dunsdon (F)
4:37:40 463 153 / 43 F40-49
4:36:57
Murphys
 "
464,MIDD=914151025,Niagara Falls International Marathon,"Niagara Falls, ON Canada","October 25, 2015","Naoki Toguchi (M)
4:37:42 464 311 / 88 M30-39
4:37:36
Orchard Park
 "
465,MIDD=914151025,Niagara Falls International Marathon,"Niagara Falls, ON Canada","October 25, 2015","Ryosuke Osawa (M)
4:37:47 465 312 / 89 M30-39
4:37:20
Williamsville
 "
466,MIDD=914151025,Niagara Falls International Marathon,"Niagara Falls, ON Canada","October 25, 2015","David Swaciak (M)
4:38:09 466 313 / 59 M50-59
4:37:29
Franklinville
 "
467,MIDD=914151025,Niagara Falls International Marathon,"Niagara Falls, ON Canada","October 25, 2015","Daniel Steffler (M)
4:38:24 467 314 / 90 M30-39
4:38:14
Cambridge
 "
468,MIDD=914151025,Niagara Falls International Marathon,"Niagara Falls, ON Canada","October 25, 2015","Marta Pacur (F)
4:38:43 468 154 / 41 F30-39
4:38:24
Stow
 "
469,MIDD=914151025,Niagara Falls International Marathon,"Niagara Falls, ON Canada","October 25, 2015","Paul Robinson (M)
4:38:50 469 315 / 110 M40-49
4:38:33
Ottawa
 "
470,MIDD=914151025,Niagara Falls International Marathon,"Niagara Falls, ON Canada","October 25, 2015","Patty Sheahan (F)
4:38:58 470 155 / 5 F60-69
4:38:32
Orleans
 "
