,race_id,race,location,date,runners
0,MIDD=5046151024,Dog Lake Marathon,"Naches, WA USA",,"

Have you run this race?Then tell us about it.

Last Name, First Name(Sex/Age)
Time OverAllPlace
Sex Place

City, State, Country AG Time* BQ*"
1,MIDD=5046151024,Dog Lake Marathon,"Naches, WA USA",,"Tyler Dudley (M26)
2:52:26 1 1 West Linn, OR, USA
2:52:26
BQ"
2,MIDD=5046151024,Dog Lake Marathon,"Naches, WA USA",,"Barry Petzold (M39)
3:04:33 2 2 Seattle, WA, USA
3:01:35
BQ"
3,MIDD=5046151024,Dog Lake Marathon,"Naches, WA USA",,"Adam Roggia (M30)
3:05:11 3 3 Pasco, WA, USA
3:05:11
 "
4,MIDD=5046151024,Dog Lake Marathon,"Naches, WA USA",,"Linda Huyck (F43)
3:08:22 4 1 Olympia, WA, USA
2:53:54
BQ"
5,MIDD=5046151024,Dog Lake Marathon,"Naches, WA USA",,"Brian Anderson (M38)
3:13:16 5 4 Kennewick, WA, USA
3:11:31
 "
6,MIDD=5046151024,Dog Lake Marathon,"Naches, WA USA",,"Brad Vaux (M52)
3:36:15 6 5 Yakima, WA, USA
3:10:14
 "
7,MIDD=5046151024,Dog Lake Marathon,"Naches, WA USA",,"Miranda Bachman (F46)
3:38:56 7 2 Pasco, WA, USA
3:14:57
BQ"
8,MIDD=5046151024,Dog Lake Marathon,"Naches, WA USA",,"Blake Ferrell (M34)
3:54:36 8 6 Everett, WA, USA
3:54:36
 "
9,MIDD=5046151024,Dog Lake Marathon,"Naches, WA USA",,"Helen Booth (F45)
3:57:04 9 3 Federal Way, WA, USA
3:33:41
 "
10,MIDD=5046151024,Dog Lake Marathon,"Naches, WA USA",,"Hector Reyes (M33)
3:59:48 10 7 Denver, CO, USA
3:59:48
 "
11,MIDD=5046151024,Dog Lake Marathon,"Naches, WA USA",,"Jemma Williamson (F46)
4:03:22 11 4 Lacey, WA, USA
3:36:43
 "
12,MIDD=5046151024,Dog Lake Marathon,"Naches, WA USA",,"Clay Reid (M40)
4:03:52 12 8 Kennewick, WA, USA
3:57:59
 "
13,MIDD=5046151024,Dog Lake Marathon,"Naches, WA USA",,"Shalise Reid (F37)
4:03:52 13 5 Kennewick, WA, USA
3:57:44
 "
14,MIDD=5046151024,Dog Lake Marathon,"Naches, WA USA",,"Audrey English (F39)
4:05:20 14 6 Port Orchard, WA, USA
3:55:42
 "
15,MIDD=5046151024,Dog Lake Marathon,"Naches, WA USA",,"Amy Edmunds (F35)
4:05:20 15 7 Tacoma, WA, USA
4:01:52
 "
16,MIDD=5046151024,Dog Lake Marathon,"Naches, WA USA",,"Van DeWald (M45)
4:10:21 16 9 Elkhorn, NE, USA
3:54:16
 "
17,MIDD=5046151024,Dog Lake Marathon,"Naches, WA USA",,"Amy Johnston (F25)
4:12:39 17 8 Moscow, ID, USA
4:12:39
 "
18,MIDD=5046151024,Dog Lake Marathon,"Naches, WA USA",,"Andy Fritz (M49)
4:13:09 18 10 Olympia, WA, USA
3:48:47
 "
19,MIDD=5046151024,Dog Lake Marathon,"Naches, WA USA",,"Elizabeth Shea (F43)
4:13:27 19 9 Seattle, WA, USA
3:53:59
 "
20,MIDD=5046151024,Dog Lake Marathon,"Naches, WA USA",,"Rob Holt (M34)
4:13:36 20 11 St. Louis, MO, USA
4:13:36
 "
21,MIDD=5046151024,Dog Lake Marathon,"Naches, WA USA",,"April Lantz (F35)
4:15:54 21 10 Gig Harbor, WA, USA
4:12:17
 "
22,MIDD=5046151024,Dog Lake Marathon,"Naches, WA USA",,"Heather Sturdivant (F35)
4:18:21 22 11 Littleton, CO, USA
4:14:42
 "
23,MIDD=5046151024,Dog Lake Marathon,"Naches, WA USA",,"Jerald Yoneji (M62)
4:18:21 23 12 Great Falls, MT, USA
3:26:33
 "
24,MIDD=5046151024,Dog Lake Marathon,"Naches, WA USA",,"Kevin Witwer (M47)
4:19:35 24 13 St. Louis, MO, USA
3:58:45
 "
25,MIDD=5046151024,Dog Lake Marathon,"Naches, WA USA",,"Crystal Towne (F46)
4:20:28 25 12 Yakima, WA, USA
3:51:56
 "
26,MIDD=5046151024,Dog Lake Marathon,"Naches, WA USA",,"Seth Avey (M35)
4:25:52 26 14 Phoenix, AZ, USA
4:25:52
 "
27,MIDD=5046151024,Dog Lake Marathon,"Naches, WA USA",,"Curtis Trembley (M30)
4:29:15 27 15 Walla Walla, WA, USA
4:29:15
 "
28,MIDD=5046151024,Dog Lake Marathon,"Naches, WA USA",,"Ariel Cole (F28)
4:40:09 28 13 Prosser, WA, USA
4:40:09
 "
29,MIDD=5046151024,Dog Lake Marathon,"Naches, WA USA",,"Julie Simm (F39)
4:40:43 29 14 Richland, WA, USA
4:29:42
 "
30,MIDD=5046151024,Dog Lake Marathon,"Naches, WA USA",,"Janet Sandoval (F49)
4:41:44 30 15 Richland, WA, USA
4:01:40
 "
31,MIDD=5046151024,Dog Lake Marathon,"Naches, WA USA",,"Jill Taylor (F40)
4:42:49 31 16 St. Louis, MO, USA
4:29:24
 "
32,MIDD=5046151024,Dog Lake Marathon,"Naches, WA USA",,"Amy Miller (F37)
4:44:30 32 17 Pullman, WA, USA
4:37:21
 "
33,MIDD=5046151024,Dog Lake Marathon,"Naches, WA USA",,"Julianna Rowe (F49)
4:46:54 33 18 Portland, OR, USA
4:06:06
 "
34,MIDD=5046151024,Dog Lake Marathon,"Naches, WA USA",,"Thomas Duchemin (M61)
4:49:09 34 16 Poulsbo, WA, USA
3:53:29
 "
35,MIDD=5046151024,Dog Lake Marathon,"Naches, WA USA",,"Laura Winder (F31)
4:54:02 35 19 Pullman, WA, USA
4:53:33
 "
36,MIDD=5046151024,Dog Lake Marathon,"Naches, WA USA",,"Angela Cooper (F44)
4:55:31 36 20 Selah, WA, USA
4:29:35
 "
37,MIDD=5046151024,Dog Lake Marathon,"Naches, WA USA",,"Jocelyn Gray (F26)
5:04:39 37 21 Bellevue, WA, USA
5:04:39
 "
38,MIDD=5046151024,Dog Lake Marathon,"Naches, WA USA",,"Greg Miller (M26)
5:05:35 38 17 Seattle, WA, USA
5:05:35
 "
39,MIDD=5046151024,Dog Lake Marathon,"Naches, WA USA",,"Rebecca Lopdrup (F24)
5:05:35 39 22 Seattle, WA, USA
5:05:35
 "
40,MIDD=5046151024,Dog Lake Marathon,"Naches, WA USA",,"Amanda Mead (F32)
5:08:45 40 23 Spokane, WA, USA
5:07:40
 "
41,MIDD=5046151024,Dog Lake Marathon,"Naches, WA USA",,"Thomas Kimball (M59)
5:16:46 41 18 Cincinnati, OH, USA
4:20:53
 "
42,MIDD=5046151024,Dog Lake Marathon,"Naches, WA USA",,"Jack Riggin (M60)
5:19:47 42 19 Yakima, WA, USA
4:20:46
 "
43,MIDD=5046151024,Dog Lake Marathon,"Naches, WA USA",,"Jason Uria (M33)
5:23:02 43 20 Olympia, WA, USA
5:23:02
 "
44,MIDD=5046151024,Dog Lake Marathon,"Naches, WA USA",,"Stacia McKee (F39)
5:31:20 44 24 Pullman, WA, USA
5:18:20
 "
45,MIDD=5046151024,Dog Lake Marathon,"Naches, WA USA",,"Eli Grant (M24)
5:35:47 45 21 Seattle, WA, USA
5:35:47
 "
46,MIDD=5046151024,Dog Lake Marathon,"Naches, WA USA",,"William Reinecke (M48)
5:57:18 46 22 Chesterfield, MO, USA
5:25:47
 "
47,MIDD=5046151024,Dog Lake Marathon,"Naches, WA USA",,"Gordon Bayes (M70)
6:04:20 47 23 East Wenatchee, WA, USA
4:27:53
 "
48,MIDD=5046151024,Dog Lake Marathon,"Naches, WA USA",,"Roger Kingsley (M58)
6:21:49 48 24 West Point, NE, USA
5:17:31
 "
