,race_id,race,location,date,runners
0,MIDD=550151108,Santa Clarita Marathon,"Santa Clarita, CA USA","November 8, 2015","

Have you run this race?Then tell us about it.

Last Name, First Name(Sex/Age)
Time OverAllPlace
Sex Place/Div Place
DIV Net Time 
City, State, Country AG Time* BQ*"
1,MIDD=550151108,Santa Clarita Marathon,"Santa Clarita, CA USA","November 8, 2015","Brandon Jauregui (M24)
2:35:18 1 1 / 1 M0-24
2:35:18
Saugus, CA, USA
2:35:18
BQ"
2,MIDD=550151108,Santa Clarita Marathon,"Santa Clarita, CA USA","November 8, 2015","Naoki Kato (M43)
2:48:50 2 2 / 1 M40-44
2:48:49
Torrance, CA, USA
2:40:41
BQ"
3,MIDD=550151108,Santa Clarita Marathon,"Santa Clarita, CA USA","November 8, 2015","Lucas Miranda (M29)
2:58:35 3 3 / 1 M25-29
2:58:32
Valencia, CA, USA
2:58:32
BQ"
4,MIDD=550151108,Santa Clarita Marathon,"Santa Clarita, CA USA","November 8, 2015","Alejandro Estrada (M46)
3:04:49 4 4 / 1 M45-49
3:04:45
Van Nuys, CA, USA
2:51:24
BQ"
5,MIDD=550151108,Santa Clarita Marathon,"Santa Clarita, CA USA","November 8, 2015","Frank Meza (M66)
3:07:10 5 5 / 1 M65-69
3:04:48
South Pasadena, CA, USA
2:21:48
BQ"
6,MIDD=550151108,Santa Clarita Marathon,"Santa Clarita, CA USA","November 8, 2015","Erik Ohler (M33)
3:06:28 6 6 / 1 M30-34
3:06:19
Harbor City, CA, USA
3:06:19
 "
7,MIDD=550151108,Santa Clarita Marathon,"Santa Clarita, CA USA","November 8, 2015","Joshua Sharp (M34)
3:08:20 7 7 / 2 M30-34
3:08:07
Gilbertsville, KY, USA
3:08:07
 "
8,MIDD=550151108,Santa Clarita Marathon,"Santa Clarita, CA USA","November 8, 2015","Erick Tzic (M23)
3:10:44 8 8 / 2 M0-24
3:10:42
Sun Valley, CA, USA
3:10:42
 "
9,MIDD=550151108,Santa Clarita Marathon,"Santa Clarita, CA USA","November 8, 2015","Jorge Martinez (M42)
3:11:36 9 9 / 2 M40-44
3:11:16
Los Angeles, CA, USA
3:03:35
BQ"
10,MIDD=550151108,Santa Clarita Marathon,"Santa Clarita, CA USA","November 8, 2015","Kevin McSweeney (M48)
3:11:29 10 10 / 2 M45-49
3:11:20
Newhall, CA, USA
2:54:27
BQ"
11,MIDD=550151108,Santa Clarita Marathon,"Santa Clarita, CA USA","November 8, 2015","Marianojr Corona (M36)
3:11:26 11 11 / 1 M35-39
3:11:20
Woodland Hls, CA, USA
3:11:08
 "
12,MIDD=550151108,Santa Clarita Marathon,"Santa Clarita, CA USA","November 8, 2015","Dennis Olsen (M53)
3:15:45 12 12 / 1 M50-54
3:15:35
Valencia, CA, USA
2:50:29
BQ"
13,MIDD=550151108,Santa Clarita Marathon,"Santa Clarita, CA USA","November 8, 2015","Raymond Puentes (M34)
3:17:43 13 13 / 3 M30-34
3:16:44
Pacoima, CA, USA
3:16:44
 "
14,MIDD=550151108,Santa Clarita Marathon,"Santa Clarita, CA USA","November 8, 2015","Christopher Lynch (M33)
3:17:48 14 14 / 4 M30-34
3:17:34
Canyon Country, CA, USA
3:17:34
 "
15,MIDD=550151108,Santa Clarita Marathon,"Santa Clarita, CA USA","November 8, 2015","Konstantin Dobroliubov (M29)
3:18:47 15 15 / 2 M25-29
3:18:37
 
3:18:37
 "
16,MIDD=550151108,Santa Clarita Marathon,"Santa Clarita, CA USA","November 8, 2015","Bill Gearhart (M59)
3:20:53 16 16 / 1 M55-59
3:20:47
Simi Valley, CA, USA
2:45:21
BQ"
17,MIDD=550151108,Santa Clarita Marathon,"Santa Clarita, CA USA","November 8, 2015","Carri Arrieta (F49)
3:22:08 17 1 / 1 F45-49
3:22:08
Moreno Valley, CA, USA
2:53:23
BQ"
18,MIDD=550151108,Santa Clarita Marathon,"Santa Clarita, CA USA","November 8, 2015","Phil Ruder (M37)
3:23:45 18 17 / 2 M35-39
3:23:24
Santa Clarita, CA, USA
3:22:35
 "
19,MIDD=550151108,Santa Clarita Marathon,"Santa Clarita, CA USA","November 8, 2015","Angel Martinez (M52)
3:24:00 19 18 / 2 M50-54
3:24:00
Pacoima, CA, USA
2:59:27
BQ"
20,MIDD=550151108,Santa Clarita Marathon,"Santa Clarita, CA USA","November 8, 2015","Jon Miller (M52)
3:24:21 20 19 / 3 M50-54
3:24:15
Loma Linda, CA, USA
2:59:40
BQ"
21,MIDD=550151108,Santa Clarita Marathon,"Santa Clarita, CA USA","November 8, 2015","Bruce Chorpita (M48)
3:24:19 21 20 / 3 M45-49
3:24:15
Los Angeles, CA, USA
3:06:14
BQ"
22,MIDD=550151108,Santa Clarita Marathon,"Santa Clarita, CA USA","November 8, 2015","James Weagley (M55)
3:24:52 22 21 / 2 M55-59
3:24:42
Porter Ranch, CA, USA
2:55:08
BQ"
23,MIDD=550151108,Santa Clarita Marathon,"Santa Clarita, CA USA","November 8, 2015","Octavio David Gutierrez (M40)
3:25:50 23 22 / 3 M40-44
3:25:39
Ontario, CA, USA
3:20:41
 "
24,MIDD=550151108,Santa Clarita Marathon,"Santa Clarita, CA USA","November 8, 2015","Angela Reynolds (F35)
3:26:39 24 2 / 1 F35-39
3:26:38
Valencia, CA, USA
3:23:43
BQ"
25,MIDD=550151108,Santa Clarita Marathon,"Santa Clarita, CA USA","November 8, 2015","Blake Visin (M29)
3:28:10 25 23 / 3 M25-29
3:27:50
Valencia, CA, USA
3:27:50
 "
26,MIDD=550151108,Santa Clarita Marathon,"Santa Clarita, CA USA","November 8, 2015","Gregory Beech (M36)
3:28:23 26 24 / 3 M35-39
3:28:13
Studio City, CA, USA
3:28:00
 "
27,MIDD=550151108,Santa Clarita Marathon,"Santa Clarita, CA USA","November 8, 2015","Barry Spital (M44)
3:28:50 27 25 / 4 M40-44
3:28:44
San Diego, CA, USA
3:17:01
 "
28,MIDD=550151108,Santa Clarita Marathon,"Santa Clarita, CA USA","November 8, 2015","Allan Fetters (M54)
3:28:57 28 26 / 4 M50-54
3:28:49
Bakersfield, CA, USA
3:00:21
BQ"
29,MIDD=550151108,Santa Clarita Marathon,"Santa Clarita, CA USA","November 8, 2015","Sara Hanna (F33)
3:30:10 29 3 / 1 F30-34
3:29:54
Valencia, CA, USA
3:28:34
BQ"
30,MIDD=550151108,Santa Clarita Marathon,"Santa Clarita, CA USA","November 8, 2015","Dany Uytterschaut (M42)
3:32:07 30 27 / 5 M40-44
3:31:39
 
3:23:09
 "
31,MIDD=550151108,Santa Clarita Marathon,"Santa Clarita, CA USA","November 8, 2015","Oksana Obolkina (F32)
3:33:04 31 4 / 2 F30-34
3:32:50
Valencia, CA, USA
3:32:05
BQ"
32,MIDD=550151108,Santa Clarita Marathon,"Santa Clarita, CA USA","November 8, 2015","Mike Stephens (M57)
3:33:01 32 28 / 3 M55-59
3:32:53
Simi Valley, CA, USA
2:58:44
BQ"
33,MIDD=550151108,Santa Clarita Marathon,"Santa Clarita, CA USA","November 8, 2015","Janne Van Hove (F32)
3:33:54 33 5 / 3 F30-34
3:33:26
 
3:32:41
BQ"
34,MIDD=550151108,Santa Clarita Marathon,"Santa Clarita, CA USA","November 8, 2015","Kurt Orzeck (M37)
3:34:28 34 29 / 4 M35-39
3:33:39
Santa Monica, CA, USA
3:32:47
 "
35,MIDD=550151108,Santa Clarita Marathon,"Santa Clarita, CA USA","November 8, 2015","Noli Brazil (M34)
3:35:20 35 30 / 5 M30-34
3:34:35
Pasadena, CA, USA
3:34:35
 "
36,MIDD=550151108,Santa Clarita Marathon,"Santa Clarita, CA USA","November 8, 2015","Brian Frank (M56)
3:34:58 36 31 / 4 M55-59
3:34:47
Valencia, CA, USA
3:02:03
BQ"
37,MIDD=550151108,Santa Clarita Marathon,"Santa Clarita, CA USA","November 8, 2015","Binhtri Huynh (M40)
3:35:07 37 32 / 6 M40-44
3:34:53
Glendale, CA, USA
3:29:42
 "
38,MIDD=550151108,Santa Clarita Marathon,"Santa Clarita, CA USA","November 8, 2015","Troy Morice (M21)
3:35:23 38 33 / 3 M0-24
3:35:03
Canyon Country, CA, USA
3:34:04
 "
39,MIDD=550151108,Santa Clarita Marathon,"Santa Clarita, CA USA","November 8, 2015","Jason Griffith (M44)
3:36:23 39 34 / 7 M40-44
3:35:58
Thousand Oaks, CA, USA
3:23:51
 "
40,MIDD=550151108,Santa Clarita Marathon,"Santa Clarita, CA USA","November 8, 2015","Chase Campen (M43)
3:36:20 40 35 / 8 M40-44
3:36:06
Los Angeles, CA, USA
3:25:42
 "
41,MIDD=550151108,Santa Clarita Marathon,"Santa Clarita, CA USA","November 8, 2015","John Hong (M34)
3:36:17 41 36 / 6 M30-34
3:36:13
Canyon Country, CA, USA
3:36:13
 "
42,MIDD=550151108,Santa Clarita Marathon,"Santa Clarita, CA USA","November 8, 2015","Shigeo Ogino (M53)
3:37:53 42 37 / 5 M50-54
3:37:44
Monterey Park, CA, USA
3:09:47
 "
43,MIDD=550151108,Santa Clarita Marathon,"Santa Clarita, CA USA","November 8, 2015","Hihwan Chung (M45)
3:38:47 43 38 / 4 M45-49
3:38:34
Irvine, CA, USA
3:24:32
 "
44,MIDD=550151108,Santa Clarita Marathon,"Santa Clarita, CA USA","November 8, 2015","Javier Bautista (M28)
3:39:24 44 39 / 4 M25-29
3:39:09
Santa Clarita, CA, USA
3:39:09
 "
45,MIDD=550151108,Santa Clarita Marathon,"Santa Clarita, CA USA","November 8, 2015","Nathaniel Donahue (M34)
3:39:32 45 40 / 7 M30-34
3:39:13
Santa Monica, CA, USA
3:39:13
 "
46,MIDD=550151108,Santa Clarita Marathon,"Santa Clarita, CA USA","November 8, 2015","Ward Sullivan (M61)
3:40:01 46 41 / 1 M60-64
3:39:17
Long Beach, CA, USA
2:57:04
BQ"
47,MIDD=550151108,Santa Clarita Marathon,"Santa Clarita, CA USA","November 8, 2015","Gina Klingelhoets (F28)
3:41:18 47 6 / 1 F25-29
3:39:25
Mesa, AZ, USA
3:39:25
 "
48,MIDD=550151108,Santa Clarita Marathon,"Santa Clarita, CA USA","November 8, 2015","Matt Heacock (M38)
3:40:47 48 42 / 5 M35-39
3:39:35
Scottsdale, AZ, USA
3:37:36
 "
49,MIDD=550151108,Santa Clarita Marathon,"Santa Clarita, CA USA","November 8, 2015","Erin Campbell (F22)
3:40:00 49 7 / 1 F0-24
3:39:43
Santa Barbara, CA, USA
3:39:43
 "
50,MIDD=550151108,Santa Clarita Marathon,"Santa Clarita, CA USA","November 8, 2015","Tony Cota (M45)
3:40:15 50 43 / 5 M45-49
3:39:53
Valencia, CA, USA
3:25:46
 "
51,MIDD=550151108,Santa Clarita Marathon,"Santa Clarita, CA USA","November 8, 2015","Valentina Korchagina (F36)
3:40:07 51 8 / 2 F35-39
3:39:54
Valencia, CA, USA
3:35:40
BQ"
52,MIDD=550151108,Santa Clarita Marathon,"Santa Clarita, CA USA","November 8, 2015","Luis Montes (M50)
3:40:45 52 44 / 6 M50-54
3:40:16
Poway, CA, USA
3:17:17
 "
53,MIDD=550151108,Santa Clarita Marathon,"Santa Clarita, CA USA","November 8, 2015","Armando Murillo (M45)
3:41:08 53 45 / 6 M45-49
3:41:08
Long Beach, CA, USA
3:26:56
 "
54,MIDD=550151108,Santa Clarita Marathon,"Santa Clarita, CA USA","November 8, 2015","Ed Cass (M46)
3:42:06 54 46 / 7 M45-49
3:41:29
Valencia, CA, USA
3:25:29
 "
55,MIDD=550151108,Santa Clarita Marathon,"Santa Clarita, CA USA","November 8, 2015","David Bunck (M28)
3:43:29 55 47 / 5 M25-29
3:43:22
Pasadena, CA, USA
3:43:22
 "
56,MIDD=550151108,Santa Clarita Marathon,"Santa Clarita, CA USA","November 8, 2015","Jorge Luis Lemus Lopez (M35)
3:43:56 56 48 / 6 M35-39
3:43:29
Canyon Country, CA, USA
3:43:29
 "
57,MIDD=550151108,Santa Clarita Marathon,"Santa Clarita, CA USA","November 8, 2015","Christopher Doyle (M37)
3:45:00 57 49 / 7 M35-39
3:44:48
Rosamond, CA, USA
3:43:54
 "
58,MIDD=550151108,Santa Clarita Marathon,"Santa Clarita, CA USA","November 8, 2015","Curtis Bennett (M52)
3:46:40 58 50 / 7 M50-54
3:46:03
Culver City, CA, USA
3:18:51
 "
59,MIDD=550151108,Santa Clarita Marathon,"Santa Clarita, CA USA","November 8, 2015","Thomas Tapparo (M52)
3:46:18 59 51 / 8 M50-54
3:46:15
Signal Hill, CA, USA
3:19:01
 "
60,MIDD=550151108,Santa Clarita Marathon,"Santa Clarita, CA USA","November 8, 2015","Marina Jones (F63)
3:46:42 60 9 / 1 F60-64
3:46:26
Palm Desert, CA, USA
2:39:16
BQ"
61,MIDD=550151108,Santa Clarita Marathon,"Santa Clarita, CA USA","November 8, 2015","Rosalia Martinez (F32)
3:46:41 61 10 / 4 F30-34
3:46:30
Santa Clarita, CA, USA
3:45:42
 "
62,MIDD=550151108,Santa Clarita Marathon,"Santa Clarita, CA USA","November 8, 2015","Kyle Norman Vexler (M23)
3:46:43 62 52 / 4 M0-24
3:46:32
Valley Center, CA, USA
3:46:32
 "
63,MIDD=550151108,Santa Clarita Marathon,"Santa Clarita, CA USA","November 8, 2015","Michael Johnson (M54)
3:47:23 63 53 / 9 M50-54
3:46:53
Valencia, CA, USA
3:15:57
 "
64,MIDD=550151108,Santa Clarita Marathon,"Santa Clarita, CA USA","November 8, 2015","Tom Nguyen (M51)
3:47:49 64 54 / 10 M50-54
3:47:49
Castaic, CA, USA
3:22:13
 "
65,MIDD=550151108,Santa Clarita Marathon,"Santa Clarita, CA USA","November 8, 2015","Danielle Marsh (F30)
3:48:40 65 11 / 5 F30-34
3:47:49
Stevenson Ranch, CA, USA
3:47:43
 "
66,MIDD=550151108,Santa Clarita Marathon,"Santa Clarita, CA USA","November 8, 2015","Michael Round (M32)
3:48:03 66 55 / 8 M30-34
3:48:01
Newhall, CA, USA
3:48:01
 "
67,MIDD=550151108,Santa Clarita Marathon,"Santa Clarita, CA USA","November 8, 2015","Wayne Lee (M47)
3:49:40 67 56 / 8 M45-49
3:48:50
Stevenson Ranch, CA, USA
3:30:28
 "
68,MIDD=550151108,Santa Clarita Marathon,"Santa Clarita, CA USA","November 8, 2015","Lori Toombs (F51)
3:49:06 68 12 / 1 F50-54
3:48:55
 
3:11:22
BQ"
69,MIDD=550151108,Santa Clarita Marathon,"Santa Clarita, CA USA","November 8, 2015","Lynette Willis (F36)
3:50:44 69 13 / 3 F35-39
3:50:25
Valencia, CA, USA
3:45:59
 "
70,MIDD=550151108,Santa Clarita Marathon,"Santa Clarita, CA USA","November 8, 2015","John Titus (M49)
3:50:50 70 57 / 9 M45-49
3:50:26
Pittsburgh, PA, USA
3:28:15
 "
71,MIDD=550151108,Santa Clarita Marathon,"Santa Clarita, CA USA","November 8, 2015","David Brennan (M47)
3:51:08 71 58 / 10 M45-49
3:50:47
Simi Valley, CA, USA
3:32:16
 "
72,MIDD=550151108,Santa Clarita Marathon,"Santa Clarita, CA USA","November 8, 2015","Chad Vogtman (M35)
3:52:44 72 59 / 8 M35-39
3:51:08
San Clemente, CA, USA
3:51:08
 "
73,MIDD=550151108,Santa Clarita Marathon,"Santa Clarita, CA USA","November 8, 2015","Juan Camacho (M53)
3:51:48 73 60 / 11 M50-54
3:51:38
Pacoima, CA, USA
3:21:54
 "
74,MIDD=550151108,Santa Clarita Marathon,"Santa Clarita, CA USA","November 8, 2015","Kentaro Shimada (M36)
3:52:11 74 61 / 9 M35-39
3:51:47
Valencia, CA, USA
3:51:33
 "
75,MIDD=550151108,Santa Clarita Marathon,"Santa Clarita, CA USA","November 8, 2015","Anton Lotter (M42)
3:53:20 75 62 / 9 M40-44
3:51:59
Bakersfield, CA, USA
3:42:40
 "
76,MIDD=550151108,Santa Clarita Marathon,"Santa Clarita, CA USA","November 8, 2015","Wellington Dos Santos (M55)
3:52:25 76 63 / 5 M55-59
3:52:19
Canyon Cntry, CA, USA
3:18:46
 "
77,MIDD=550151108,Santa Clarita Marathon,"Santa Clarita, CA USA","November 8, 2015","Benedict Garrett (M50)
3:52:23 77 64 / 12 M50-54
3:52:23
Pacific Plsd, CA, USA
3:28:08
 "
78,MIDD=550151108,Santa Clarita Marathon,"Santa Clarita, CA USA","November 8, 2015","Mark Bernstein (M37)
3:52:49 78 65 / 10 M35-39
3:52:38
San Diego, CA, USA
3:51:42
 "
79,MIDD=550151108,Santa Clarita Marathon,"Santa Clarita, CA USA","November 8, 2015","Manuel Calzadavillagomez (M48)
3:53:02 79 66 / 11 M45-49
3:53:00
Sun Valley, CA, USA
3:32:26
 "
80,MIDD=550151108,Santa Clarita Marathon,"Santa Clarita, CA USA","November 8, 2015","Stephen Kennedy (M54)
3:54:11 80 67 / 13 M50-54
3:53:52
Riverside, CA, USA
3:21:59
 "
81,MIDD=550151108,Santa Clarita Marathon,"Santa Clarita, CA USA","November 8, 2015","Daron Giles (M41)
3:54:46 81 68 / 10 M40-44
3:54:25
San Diego, CA, USA
3:46:53
 "
82,MIDD=550151108,Santa Clarita Marathon,"Santa Clarita, CA USA","November 8, 2015","Julius Bisarra (M44)
3:54:51 82 69 / 11 M40-44
3:54:26
Canyon Cntry, CA, USA
3:41:16
 "
83,MIDD=550151108,Santa Clarita Marathon,"Santa Clarita, CA USA","November 8, 2015","Daniel Walker (M56)
3:55:38 83 70 / 6 M55-59
3:55:11
Simi Valley, CA, USA
3:19:20
 "
84,MIDD=550151108,Santa Clarita Marathon,"Santa Clarita, CA USA","November 8, 2015","Jason Sung (M37)
3:55:40 84 71 / 11 M35-39
3:55:12
Rosemead, CA, USA
3:54:15
 "
85,MIDD=550151108,Santa Clarita Marathon,"Santa Clarita, CA USA","November 8, 2015","Deo Jaravata (M50)
3:56:27 85 72 / 14 M50-54
3:55:16
Granada Hills, CA, USA
3:30:43
 "
86,MIDD=550151108,Santa Clarita Marathon,"Santa Clarita, CA USA","November 8, 2015","Hector Salinas (M41)
3:57:01 86 73 / 12 M40-44
3:55:22
Saugus, CA, USA
3:47:48
 "
87,MIDD=550151108,Santa Clarita Marathon,"Santa Clarita, CA USA","November 8, 2015","Restie Dayrit (M42)
3:55:49 87 74 / 13 M40-44
3:55:42
Valencia, CA, USA
3:46:14
 "
88,MIDD=550151108,Santa Clarita Marathon,"Santa Clarita, CA USA","November 8, 2015","Vanessa Jones (F53)
3:57:55 88 14 / 2 F50-54
3:57:34
Apple Valley, CA, USA
3:13:25
BQ"
89,MIDD=550151108,Santa Clarita Marathon,"Santa Clarita, CA USA","November 8, 2015","Kevin Hanna (M38)
3:57:42 89 75 / 12 M35-39
3:57:42
Orlando, FL, USA
3:55:33
 "
90,MIDD=550151108,Santa Clarita Marathon,"Santa Clarita, CA USA","November 8, 2015","Kenneth Sheppard (M39)
3:58:48 90 76 / 13 M35-39
3:57:55
San Francisco, CA, USA
3:54:06
 "
91,MIDD=550151108,Santa Clarita Marathon,"Santa Clarita, CA USA","November 8, 2015","Paul Ronney (M58)
3:59:02 91 77 / 7 M55-59
3:58:11
Monrovia, CA, USA
3:18:04
 "
92,MIDD=550151108,Santa Clarita Marathon,"Santa Clarita, CA USA","November 8, 2015","Lindsey Gaudioso (F23)
3:58:57 92 15 / 2 F0-24
3:58:39
Valencia, CA, USA
3:58:39
 "
93,MIDD=550151108,Santa Clarita Marathon,"Santa Clarita, CA USA","November 8, 2015","Kyle Kramer (M34)
3:59:47 93 78 / 9 M30-34
3:58:39
Covina, CA, USA
3:58:39
 "
94,MIDD=550151108,Santa Clarita Marathon,"Santa Clarita, CA USA","November 8, 2015","Jonathan Nez (M38)
3:59:32 94 79 / 14 M35-39
3:58:45
Santa Clarita, CA, USA
3:56:36
 "
95,MIDD=550151108,Santa Clarita Marathon,"Santa Clarita, CA USA","November 8, 2015","Nancy Morin (F56)
3:59:51 95 16 / 1 F55-59
3:59:16
Vacaville, CA, USA
3:06:59
BQ"
96,MIDD=550151108,Santa Clarita Marathon,"Santa Clarita, CA USA","November 8, 2015","Nigel Toates (M55)
3:59:49 96 80 / 8 M55-59
3:59:25
Saugus, CA, USA
3:24:50
 "
97,MIDD=550151108,Santa Clarita Marathon,"Santa Clarita, CA USA","November 8, 2015","Robert Sklenar (M45)
3:59:49 97 81 / 12 M45-49
3:59:26
Valencia, CA, USA
3:44:03
 "
98,MIDD=550151108,Santa Clarita Marathon,"Santa Clarita, CA USA","November 8, 2015","Marilee Foley (F50)
3:59:48 98 17 / 3 F50-54
3:59:33
Chula Vista, CA, USA
3:22:52
BQ"
99,MIDD=550151108,Santa Clarita Marathon,"Santa Clarita, CA USA","November 8, 2015","Tom Taylor (M38)
4:00:49 99 82 / 15 M35-39
3:59:49
Santa Clarita, CA, USA
3:57:39
 "
100,MIDD=550151108,Santa Clarita Marathon,"Santa Clarita, CA USA","November 8, 2015","Mitchell Chan (M39)
4:01:10 100 83 / 16 M35-39
3:59:55
Costa Mesa, CA, USA
3:56:04
 "
101,MIDD=550151108,Santa Clarita Marathon,"Santa Clarita, CA USA","November 8, 2015","Vickie Adams (F55)
4:00:30 101 18 / 2 F55-59
4:00:23
Pinon Hills, CA, USA
3:10:28
BQ"
102,MIDD=550151108,Santa Clarita Marathon,"Santa Clarita, CA USA","November 8, 2015","Jasmine Kimbrell (F21)
4:01:01 102 19 / 3 F0-24
4:00:54
Huntington Beach, CA, USA
4:00:54
 "
103,MIDD=550151108,Santa Clarita Marathon,"Santa Clarita, CA USA","November 8, 2015","Jonathan Davison (M31)
4:04:02 103 84 / 10 M30-34
4:01:14
Riverside, CA, USA
4:01:14
 "
104,MIDD=550151108,Santa Clarita Marathon,"Santa Clarita, CA USA","November 8, 2015","Cristian Cevallos (M40)
4:02:05 104 85 / 14 M40-44
4:01:21
Burbank, CA, USA
3:55:32
 "
105,MIDD=550151108,Santa Clarita Marathon,"Santa Clarita, CA USA","November 8, 2015","Desirae Noonan (F37)
4:04:09 105 20 / 4 F35-39
4:02:16
Gilbert, AZ, USA
3:56:11
 "
106,MIDD=550151108,Santa Clarita Marathon,"Santa Clarita, CA USA","November 8, 2015","Allen Smith (M57)
4:04:25 106 86 / 9 M55-59
4:04:14
Anaheim, CA, USA
3:25:03
 "
107,MIDD=550151108,Santa Clarita Marathon,"Santa Clarita, CA USA","November 8, 2015","Juan Flores (M43)
4:04:43 107 87 / 15 M40-44
4:04:17
Castaic, CA, USA
3:52:31
 "
108,MIDD=550151108,Santa Clarita Marathon,"Santa Clarita, CA USA","November 8, 2015","Jonathan Sandoval (M33)
4:05:06 108 88 / 11 M30-34
4:04:40
Canyon Country, CA, USA
4:04:40
 "
109,MIDD=550151108,Santa Clarita Marathon,"Santa Clarita, CA USA","November 8, 2015","Dan Adams (M67)
4:05:42 109 89 / 2 M65-69
4:05:35
Pinon Hills, CA, USA
3:06:29
BQ"
110,MIDD=550151108,Santa Clarita Marathon,"Santa Clarita, CA USA","November 8, 2015","Griselda Hernandez (F39)
4:10:47 110 21 / 5 F35-39
4:05:49
Palmdale, CA, USA
3:56:10
 "
111,MIDD=550151108,Santa Clarita Marathon,"Santa Clarita, CA USA","November 8, 2015","Blair Hansen (F49)
4:08:17 111 22 / 2 F45-49
4:07:02
Pasadena, CA, USA
3:31:54
 "
112,MIDD=550151108,Santa Clarita Marathon,"Santa Clarita, CA USA","November 8, 2015","Maggie Beach (F44)
4:08:16 112 23 / 1 F40-44
4:07:04
Pasadena, CA, USA
3:45:23
 "
113,MIDD=550151108,Santa Clarita Marathon,"Santa Clarita, CA USA","November 8, 2015","Paul Arevalo (M54)
4:08:03 113 90 / 15 M50-54
4:07:04
Pasadena, CA, USA
3:33:23
 "
114,MIDD=550151108,Santa Clarita Marathon,"Santa Clarita, CA USA","November 8, 2015","Ingrid Cassady (F53)
4:09:05 114 24 / 4 F50-54
4:08:04
Simi Valley, CA, USA
3:21:58
 "
115,MIDD=550151108,Santa Clarita Marathon,"Santa Clarita, CA USA","November 8, 2015","Jin Lee (M54)
4:09:40 115 91 / 16 M50-54
4:08:19
Glendale, CA, USA
3:34:28
 "
116,MIDD=550151108,Santa Clarita Marathon,"Santa Clarita, CA USA","November 8, 2015","William Zivich (M29)
4:10:19 116 92 / 6 M25-29
4:09:11
Santa Clarita, CA, USA
4:09:11
 "
117,MIDD=550151108,Santa Clarita Marathon,"Santa Clarita, CA USA","November 8, 2015","Greg Parks (M45)
4:09:31 117 93 / 13 M45-49
4:09:23
Rancho Palos Verdes, CA, USA
3:53:22
 "
118,MIDD=550151108,Santa Clarita Marathon,"Santa Clarita, CA USA","November 8, 2015","Jenny Cevallos (F36)
4:10:19 118 25 / 6 F35-39
4:09:40
Burbank, CA, USA
4:04:52
 "
119,MIDD=550151108,Santa Clarita Marathon,"Santa Clarita, CA USA","November 8, 2015","Jennifer Magallon (F28)
4:11:19 119 26 / 2 F25-29
4:10:33
San Fernando, CA, USA
4:10:33
 "
120,MIDD=550151108,Santa Clarita Marathon,"Santa Clarita, CA USA","November 8, 2015","Jayme Jones (F26)
4:11:10 120 27 / 3 F25-29
4:10:51
San Luis Obispo, CA, USA
4:10:51
 "
121,MIDD=550151108,Santa Clarita Marathon,"Santa Clarita, CA USA","November 8, 2015","Curt Beech (M44)
4:11:29 121 94 / 16 M40-44
4:11:18
Brooklyn, NY, USA
3:57:12
 "
122,MIDD=550151108,Santa Clarita Marathon,"Santa Clarita, CA USA","November 8, 2015","Nicole Roberts (F40)
4:12:40 122 28 / 2 F40-44
4:12:16
Saugus, CA, USA
4:00:18
 "
123,MIDD=550151108,Santa Clarita Marathon,"Santa Clarita, CA USA","November 8, 2015","Kristin Pelsis (F28)
4:13:19 123 29 / 4 F25-29
4:12:27
San Francisco, CA, USA
4:12:27
 "
124,MIDD=550151108,Santa Clarita Marathon,"Santa Clarita, CA USA","November 8, 2015","Clare Lintereur (F49)
4:13:35 124 30 / 3 F45-49
4:13:24
Stevensn Rnc, CA, USA
3:37:21
 "
125,MIDD=550151108,Santa Clarita Marathon,"Santa Clarita, CA USA","November 8, 2015","Sug Jeong (M54)
4:18:01 125 95 / 17 M50-54
4:14:31
Woodland Hls, CA, USA
3:39:49
 "
126,MIDD=550151108,Santa Clarita Marathon,"Santa Clarita, CA USA","November 8, 2015","Julie Garcia (F38)
4:15:57 126 31 / 7 F35-39
4:14:50
Santa Clarita, CA, USA
4:06:43
 "
127,MIDD=550151108,Santa Clarita Marathon,"Santa Clarita, CA USA","November 8, 2015","McKenzie Hill (F28)
4:17:00 127 32 / 5 F25-29
4:15:07
Santa Clarita, CA, USA
4:15:07
 "
128,MIDD=550151108,Santa Clarita Marathon,"Santa Clarita, CA USA","November 8, 2015","Juergen Heit (M34)
4:16:24 128 96 / 12 M30-34
4:15:50
Mountain View, CA, USA
4:15:50
 "
129,MIDD=550151108,Santa Clarita Marathon,"Santa Clarita, CA USA","November 8, 2015","Silvia Durruthy Durruthy (F27)
4:16:25 129 33 / 6 F25-29
4:15:51
Palo Alto, CA, USA
4:15:51
 "
130,MIDD=550151108,Santa Clarita Marathon,"Santa Clarita, CA USA","November 8, 2015","Steven Butensky (M49)
4:16:39 130 97 / 14 M45-49
4:15:59
Los Angeles, CA, USA
3:51:21
 "
131,MIDD=550151108,Santa Clarita Marathon,"Santa Clarita, CA USA","November 8, 2015","Veronica Valencia (F32)
4:21:18 131 34 / 6 F30-34
4:16:20
Palmdale, CA, USA
4:15:26
 "
132,MIDD=550151108,Santa Clarita Marathon,"Santa Clarita, CA USA","November 8, 2015","Ryan Cox (M35)
4:31:52 132 98 / 17 M35-39
4:16:34
Pasadena, CA, USA
4:16:34
 "
133,MIDD=550151108,Santa Clarita Marathon,"Santa Clarita, CA USA","November 8, 2015","Ben Fiandaca (M38)
4:17:32 133 99 / 18 M35-39
4:16:59
Valencia, CA, USA
4:14:40
 "
134,MIDD=550151108,Santa Clarita Marathon,"Santa Clarita, CA USA","November 8, 2015","Mayumi Kimura (F44)
4:18:04 134 35 / 3 F40-44
4:17:22
Los Angeles, CA, USA
3:54:47
 "
135,MIDD=550151108,Santa Clarita Marathon,"Santa Clarita, CA USA","November 8, 2015","Ezequiel Cuitino (M40)
4:17:25 135 100 / 17 M40-44
4:17:25
Los Angeles, CA, USA
4:11:12
 "
136,MIDD=550151108,Santa Clarita Marathon,"Santa Clarita, CA USA","November 8, 2015","Wing Lo (M54)
4:19:47 136 101 / 18 M50-54
4:17:45
West Covina, CA, USA
3:42:37
 "
137,MIDD=550151108,Santa Clarita Marathon,"Santa Clarita, CA USA","November 8, 2015","Iegor Bielienkov (M27)
4:19:02 137 102 / 7 M25-29
4:17:52
Valencia, CA, USA
4:17:52
 "
138,MIDD=550151108,Santa Clarita Marathon,"Santa Clarita, CA USA","November 8, 2015","Jay Dobrowalski (M36)
4:18:10 138 103 / 19 M35-39
4:18:03
Moorpark, CA, USA
4:17:47
 "
139,MIDD=550151108,Santa Clarita Marathon,"Santa Clarita, CA USA","November 8, 2015","Cesar Ornelas (M28)
4:19:21 139 104 / 8 M25-29
4:18:28
Santa Ana, CA, USA
4:18:28
 "
140,MIDD=550151108,Santa Clarita Marathon,"Santa Clarita, CA USA","November 8, 2015","Susan Picardi (F53)
4:20:38 140 36 / 5 F50-54
4:18:29
South Pasadena, CA, USA
3:30:27
 "
141,MIDD=550151108,Santa Clarita Marathon,"Santa Clarita, CA USA","November 8, 2015","Kasey Cass (F23)
4:19:17 141 37 / 4 F0-24
4:18:54
Valencia, CA, USA
4:18:54
 "
142,MIDD=550151108,Santa Clarita Marathon,"Santa Clarita, CA USA","November 8, 2015","Ely Yaron (M45)
4:19:43 142 105 / 15 M45-49
4:19:19
Studio City, CA, USA
4:02:40
 "
143,MIDD=550151108,Santa Clarita Marathon,"Santa Clarita, CA USA","November 8, 2015","Vanessa Kline (F34)
4:20:17 143 38 / 7 F30-34
4:19:24
Hesperia, CA, USA
4:16:51
 "
144,MIDD=550151108,Santa Clarita Marathon,"Santa Clarita, CA USA","November 8, 2015","Michael Barber (M42)
4:21:33 144 106 / 18 M40-44
4:20:33
Valencia, CA, USA
4:10:06
 "
145,MIDD=550151108,Santa Clarita Marathon,"Santa Clarita, CA USA","November 8, 2015","Jennifer Jimenez (F41)
4:21:45 145 39 / 4 F40-44
4:20:59
Walnut Creek, CA, USA
4:06:14
 "
146,MIDD=550151108,Santa Clarita Marathon,"Santa Clarita, CA USA","November 8, 2015","Alberto Cabrera (M30)
4:21:42 146 107 / 13 M30-34
4:21:03
Tustin, CA, USA
4:21:03
 "
147,MIDD=550151108,Santa Clarita Marathon,"Santa Clarita, CA USA","November 8, 2015","Matt Meza (M32)
4:22:54 147 108 / 14 M30-34
4:21:43
Canyon Country, CA, USA
4:21:43
 "
148,MIDD=550151108,Santa Clarita Marathon,"Santa Clarita, CA USA","November 8, 2015","Jesus Castellanos (M48)
4:22:30 148 109 / 16 M45-49
4:22:30
Arleta, CA, USA
3:59:20
 "
149,MIDD=550151108,Santa Clarita Marathon,"Santa Clarita, CA USA","November 8, 2015","Jose Arteaga (M56)
4:24:10 149 110 / 10 M55-59
4:23:10
Los Angeles, CA, USA
3:43:03
 "
150,MIDD=550151108,Santa Clarita Marathon,"Santa Clarita, CA USA","November 8, 2015","Jeffrey Scheinost (M35)
4:25:59 150 111 / 20 M35-39
4:24:51
Lancaster, CA, USA
4:24:51
 "
151,MIDD=550151108,Santa Clarita Marathon,"Santa Clarita, CA USA","November 8, 2015","Keizo Amakawa (M56)
4:26:03 151 112 / 11 M55-59
4:25:01
Encinitas, CA, USA
3:44:37
 "
152,MIDD=550151108,Santa Clarita Marathon,"Santa Clarita, CA USA","November 8, 2015","Leocadia Melchor (F36)
4:25:08 152 40 / 8 F35-39
4:25:08
Santa Clarita, CA, USA
4:20:02
 "
153,MIDD=550151108,Santa Clarita Marathon,"Santa Clarita, CA USA","November 8, 2015","David Souleles (M50)
4:26:42 153 113 / 19 M50-54
4:25:42
Santa Ana, CA, USA
3:57:59
 "
154,MIDD=550151108,Santa Clarita Marathon,"Santa Clarita, CA USA","November 8, 2015","Jose Luis Lemus Montoya (M27)
4:26:20 154 114 / 9 M25-29
4:25:52
Canyon Country, CA, USA
4:25:52
 "
155,MIDD=550151108,Santa Clarita Marathon,"Santa Clarita, CA USA","November 8, 2015","Samantha Heinritz (F30)
4:27:12 155 41 / 8 F30-34
4:26:03
Pasadena, CA, USA
4:25:56
 "
156,MIDD=550151108,Santa Clarita Marathon,"Santa Clarita, CA USA","November 8, 2015","Sandra Sandoval (F49)
4:26:48 156 42 / 4 F45-49
4:26:32
Chula Vista, CA, USA
3:48:37
 "
157,MIDD=550151108,Santa Clarita Marathon,"Santa Clarita, CA USA","November 8, 2015","Michael Dinicola (M36)
4:28:06 157 115 / 21 M35-39
4:26:53
Valencia, CA, USA
4:26:36
 "
158,MIDD=550151108,Santa Clarita Marathon,"Santa Clarita, CA USA","November 8, 2015","Samuel Winkler (M29)
4:27:05 158 116 / 10 M25-29
4:26:53
Los Angeles, CA, USA
4:26:53
 "
159,MIDD=550151108,Santa Clarita Marathon,"Santa Clarita, CA USA","November 8, 2015","Susan Zahn (F44)
4:29:18 159 43 / 5 F40-44
4:27:13
Huntington, IN, USA
4:03:46
 "
160,MIDD=550151108,Santa Clarita Marathon,"Santa Clarita, CA USA","November 8, 2015","Stephanie Tatar (F40)
4:28:24 160 44 / 6 F40-44
4:27:22
Valencia, CA, USA
4:14:41
 "
161,MIDD=550151108,Santa Clarita Marathon,"Santa Clarita, CA USA","November 8, 2015","Jerry Caudillo (M35)
4:29:08 161 117 / 22 M35-39
4:28:13
Burbank, CA, USA
4:28:13
 "
162,MIDD=550151108,Santa Clarita Marathon,"Santa Clarita, CA USA","November 8, 2015","Kellie Frazer (F28)
4:30:13 162 45 / 7 F25-29
4:28:20
El Cajon, CA, USA
4:28:20
 "
163,MIDD=550151108,Santa Clarita Marathon,"Santa Clarita, CA USA","November 8, 2015","Jason Wagner (M46)
4:29:31 163 118 / 17 M45-49
4:28:23
Saugus, CA, USA
4:09:00
 "
164,MIDD=550151108,Santa Clarita Marathon,"Santa Clarita, CA USA","November 8, 2015","Brandie Mohror (F39)
4:29:36 164 46 / 9 F35-39
4:28:27
Ventura, CA, USA
4:17:55
 "
165,MIDD=550151108,Santa Clarita Marathon,"Santa Clarita, CA USA","November 8, 2015","Chad Cancelosi (M46)
4:28:55 165 119 / 18 M45-49
4:28:37
Valencia, CA, USA
4:09:13
 "
166,MIDD=550151108,Santa Clarita Marathon,"Santa Clarita, CA USA","November 8, 2015","Mary Beech (F43)
4:28:53 166 47 / 7 F40-44
4:28:43
Brooklyn, NY, USA
4:08:04
 "
167,MIDD=550151108,Santa Clarita Marathon,"Santa Clarita, CA USA","November 8, 2015","Jen Francis (F41)
4:30:06 167 48 / 8 F40-44
4:29:03
Victorville, CA, USA
4:13:50
 "
168,MIDD=550151108,Santa Clarita Marathon,"Santa Clarita, CA USA","November 8, 2015","Nic Montebon (M43)
4:31:31 168 120 / 19 M40-44
4:29:04
Stevenson Ranch, CA, USA
4:16:07
 "
169,MIDD=550151108,Santa Clarita Marathon,"Santa Clarita, CA USA","November 8, 2015","Evelyn Torres (F39)
4:33:51 169 49 / 10 F35-39
4:33:05
Canyon Cntry, CA, USA
4:22:22
 "
170,MIDD=550151108,Santa Clarita Marathon,"Santa Clarita, CA USA","November 8, 2015","Cody See (M31)
4:34:31 170 121 / 15 M30-34
4:33:56
Ontario, CA, USA
4:33:56
 "
171,MIDD=550151108,Santa Clarita Marathon,"Santa Clarita, CA USA","November 8, 2015","Roberto Ramirez (M53)
4:35:26 171 122 / 20 M50-54
4:34:01
Los Angeles, CA, USA
3:58:51
 "
172,MIDD=550151108,Santa Clarita Marathon,"Santa Clarita, CA USA","November 8, 2015","Angela Hawk (F33)
4:35:24 172 50 / 9 F30-34
4:34:29
Long Beach, CA, USA
4:32:45
 "
173,MIDD=550151108,Santa Clarita Marathon,"Santa Clarita, CA USA","November 8, 2015","Victor Trippetti (M67)
4:35:18 173 123 / 3 M65-69
4:34:30
Los Angeles, CA, USA
3:28:27
 "
174,MIDD=550151108,Santa Clarita Marathon,"Santa Clarita, CA USA","November 8, 2015","Amanda Prout (F40)
4:36:40 174 51 / 9 F40-44
4:35:22
Santa Monica, CA, USA
4:22:18
 "
175,MIDD=550151108,Santa Clarita Marathon,"Santa Clarita, CA USA","November 8, 2015","Melissa Territo (F29)
4:36:13 175 52 / 8 F25-29
4:35:37
Austin, TX, USA
4:35:37
 "
176,MIDD=550151108,Santa Clarita Marathon,"Santa Clarita, CA USA","November 8, 2015","Shannon Malcolm (M38)
4:36:10 176 124 / 23 M35-39
4:35:37
Scotts Valley, CA, USA
4:33:08
 "
177,MIDD=550151108,Santa Clarita Marathon,"Santa Clarita, CA USA","November 8, 2015","Esperanza Jacob-Amores (F37)
4:37:38 177 53 / 11 F35-39
4:36:14
Glendale, CA, USA
4:29:17
 "
178,MIDD=550151108,Santa Clarita Marathon,"Santa Clarita, CA USA","November 8, 2015","Caillie Binnie (F17)
4:37:17 178 54 / 5 F0-24
4:36:19
Newhall, CA, USA
4:26:38
 "
179,MIDD=550151108,Santa Clarita Marathon,"Santa Clarita, CA USA","November 8, 2015","Sarah Massatt (F27)
4:37:59 179 55 / 9 F25-29
4:36:52
Fountain Valley, CA, USA
4:36:52
 "
180,MIDD=550151108,Santa Clarita Marathon,"Santa Clarita, CA USA","November 8, 2015","Gregory Conley (M61)
4:49:58 180 125 / 2 M60-64
4:37:11
Palmdale, CA, USA
3:43:49
 "
181,MIDD=550151108,Santa Clarita Marathon,"Santa Clarita, CA USA","November 8, 2015","Rachel Yonda (F29)
4:39:38 181 56 / 10 F25-29
4:37:33
Culver City, CA, USA
4:37:33
 "
182,MIDD=550151108,Santa Clarita Marathon,"Santa Clarita, CA USA","November 8, 2015","Julio Mendizabal (M57)
4:38:33 182 126 / 12 M55-59
4:38:01
Sherman Oaks, CA, USA
3:53:25
 "
183,MIDD=550151108,Santa Clarita Marathon,"Santa Clarita, CA USA","November 8, 2015","Jonathan Stewart (M26)
4:39:30 183 127 / 11 M25-29
4:38:33
Toluca Lake, CA, USA
4:38:33
 "
184,MIDD=550151108,Santa Clarita Marathon,"Santa Clarita, CA USA","November 8, 2015","Jennifer Stewart (F26)
4:39:30 184 57 / 11 F25-29
4:38:33
Toluca Lake, CA, USA
4:38:33
 "
185,MIDD=550151108,Santa Clarita Marathon,"Santa Clarita, CA USA","November 8, 2015","Mark Dannerth (M46)
4:40:10 185 128 / 19 M45-49
4:38:41
Santa Clarita, CA, USA
4:18:33
 "
186,MIDD=550151108,Santa Clarita Marathon,"Santa Clarita, CA USA","November 8, 2015","Erica Lopez (F37)
4:41:30 186 58 / 12 F35-39
4:40:15
Delano, CA, USA
4:33:12
 "
187,MIDD=550151108,Santa Clarita Marathon,"Santa Clarita, CA USA","November 8, 2015","Maria Skillingstad (F43)
4:41:17 187 59 / 10 F40-44
4:40:23
Temecula, CA, USA
4:18:50
 "
188,MIDD=550151108,Santa Clarita Marathon,"Santa Clarita, CA USA","November 8, 2015","Norman Suguitan (M50)
4:41:05 188 129 / 21 M50-54
4:40:54
San Diego, CA, USA
4:11:36
 "
189,MIDD=550151108,Santa Clarita Marathon,"Santa Clarita, CA USA","November 8, 2015","Yeni Estrada (F36)
4:41:32 189 60 / 13 F35-39
4:41:31
Valencia, CA, USA
4:36:06
 "
190,MIDD=550151108,Santa Clarita Marathon,"Santa Clarita, CA USA","November 8, 2015","David Rosenbaum (M55)
4:42:28 190 130 / 13 M55-59
4:41:41
Plantation, FL, USA
4:01:00
 "
191,MIDD=550151108,Santa Clarita Marathon,"Santa Clarita, CA USA","November 8, 2015","Brent Parrino (M30)
4:41:56 191 131 / 16 M30-34
4:41:53
Newhall, CA, USA
4:41:53
 "
192,MIDD=550151108,Santa Clarita Marathon,"Santa Clarita, CA USA","November 8, 2015","William Povletich (M43)
4:43:25 192 132 / 20 M40-44
4:41:58
Stevenson Ranch, CA, USA
4:28:24
 "
193,MIDD=550151108,Santa Clarita Marathon,"Santa Clarita, CA USA","November 8, 2015","Cristian Puiu (M48)
4:43:31 193 133 / 20 M45-49
4:42:36
Santa Clarita, CA, USA
4:17:40
 "
194,MIDD=550151108,Santa Clarita Marathon,"Santa Clarita, CA USA","November 8, 2015","Mike Harms (M45)
4:43:18 194 134 / 21 M45-49
4:42:39
Santa Monica, CA, USA
4:24:30
 "
195,MIDD=550151108,Santa Clarita Marathon,"Santa Clarita, CA USA","November 8, 2015","Elizabeth Cribbs (F26)
4:43:50 195 61 / 12 F25-29
4:42:45
San Diego, CA, USA
4:42:45
 "
196,MIDD=550151108,Santa Clarita Marathon,"Santa Clarita, CA USA","November 8, 2015","Craig Hasan (M52)
4:44:45 196 135 / 22 M50-54
4:43:00
Glendale, CA, USA
4:08:57
 "
197,MIDD=550151108,Santa Clarita Marathon,"Santa Clarita, CA USA","November 8, 2015","Martin Gonzalez (M51)
4:43:15 197 136 / 23 M50-54
4:43:02
Canyon Country, CA, USA
4:11:14
 "
198,MIDD=550151108,Santa Clarita Marathon,"Santa Clarita, CA USA","November 8, 2015","Joel Stanton (M36)
4:44:08 198 137 / 24 M35-39
4:43:39
Sylmar, CA, USA
4:43:21
 "
199,MIDD=550151108,Santa Clarita Marathon,"Santa Clarita, CA USA","November 8, 2015","Albert Rodriguez (M33)
4:44:15 199 138 / 17 M30-34
4:43:55
Palmdale, CA, USA
4:43:55
 "
200,MIDD=550151108,Santa Clarita Marathon,"Santa Clarita, CA USA","November 8, 2015","Christopher Boyle (M58)
4:46:01 200 139 / 14 M55-59
4:44:30
Glendale, AZ, USA
3:56:35
 "
201,MIDD=550151108,Santa Clarita Marathon,"Santa Clarita, CA USA","November 8, 2015","John Ferdinand Tan (M36)
4:45:09 201 140 / 25 M35-39
4:44:42
Canyon Country, CA, USA
4:44:24
 "
202,MIDD=550151108,Santa Clarita Marathon,"Santa Clarita, CA USA","November 8, 2015","Jose Pablo Morales (M51)
4:44:49 202 141 / 24 M50-54
4:44:49
Pacoima, CA, USA
4:12:49
 "
203,MIDD=550151108,Santa Clarita Marathon,"Santa Clarita, CA USA","November 8, 2015","Jimmy Cardenas (M20)
4:45:26 203 142 / 5 M0-24
4:44:56
Canyon Country, CA, USA
4:41:22
 "
204,MIDD=550151108,Santa Clarita Marathon,"Santa Clarita, CA USA","November 8, 2015","Brien Dodd (M59)
4:47:13 204 143 / 15 M55-59
4:45:52
Orange, CA, USA
3:55:26
 "
205,MIDD=550151108,Santa Clarita Marathon,"Santa Clarita, CA USA","November 8, 2015","Tony Lee (M45)
4:48:27 205 144 / 22 M45-49
4:46:31
Valencia, CA, USA
4:28:07
 "
206,MIDD=550151108,Santa Clarita Marathon,"Santa Clarita, CA USA","November 8, 2015","Carlos Da Silva (M60)
4:47:26 206 145 / 3 M60-64
4:46:44
Loma Linda, CA, USA
3:53:49
 "
207,MIDD=550151108,Santa Clarita Marathon,"Santa Clarita, CA USA","November 8, 2015","Shumin Guo (M33)
4:47:24 207 146 / 18 M30-34
4:47:06
San Diego, CA, USA
4:47:06
 "
208,MIDD=550151108,Santa Clarita Marathon,"Santa Clarita, CA USA","November 8, 2015","Chris Fowler (M29)
4:49:09 208 147 / 12 M25-29
4:47:29
Vista, CA, USA
4:47:29
 "
209,MIDD=550151108,Santa Clarita Marathon,"Santa Clarita, CA USA","November 8, 2015","Gabi Houston (F46)
4:49:12 209 62 / 5 F45-49
4:47:35
Henderson, NV, USA
4:16:05
 "
210,MIDD=550151108,Santa Clarita Marathon,"Santa Clarita, CA USA","November 8, 2015","Ilda Chavez (F36)
4:51:17 210 63 / 14 F35-39
4:50:01
Tehachapi, CA, USA
4:44:26
 "
211,MIDD=550151108,Santa Clarita Marathon,"Santa Clarita, CA USA","November 8, 2015","Stevie Martinez (F33)
4:51:17 211 64 / 10 F30-34
4:50:01
Tehachapi, CA, USA
4:48:11
 "
212,MIDD=550151108,Santa Clarita Marathon,"Santa Clarita, CA USA","November 8, 2015","Al Solorzano (M40)
4:50:53 212 148 / 21 M40-44
4:50:08
Santa Clarita, CA, USA
4:43:08
 "
213,MIDD=550151108,Santa Clarita Marathon,"Santa Clarita, CA USA","November 8, 2015","Nadirah Nayo (F48)
4:53:13 213 65 / 6 F45-49
4:51:24
Pasadena, CA, USA
4:13:08
 "
214,MIDD=550151108,Santa Clarita Marathon,"Santa Clarita, CA USA","November 8, 2015","Norman Baculinao (M53)
4:51:32 214 149 / 25 M50-54
4:51:28
Santa Clarita, CA, USA
4:14:04
 "
215,MIDD=550151108,Santa Clarita Marathon,"Santa Clarita, CA USA","November 8, 2015","Kevin Malone (M64)
4:52:11 215 150 / 4 M60-64
4:51:30
Chula Vista, CA, USA
3:48:23
 "
216,MIDD=550151108,Santa Clarita Marathon,"Santa Clarita, CA USA","November 8, 2015","Christie Albaugh (F30)
4:52:40 216 66 / 11 F30-34
4:51:32
Corona, CA, USA
4:51:25
 "
217,MIDD=550151108,Santa Clarita Marathon,"Santa Clarita, CA USA","November 8, 2015","Suzanne Snell (F33)
4:53:17 217 67 / 12 F30-34
4:51:47
Palmdale, CA, USA
4:49:56
 "
218,MIDD=550151108,Santa Clarita Marathon,"Santa Clarita, CA USA","November 8, 2015","John Snell (M37)
4:53:18 218 151 / 26 M35-39
4:51:48
Palmdale, CA, USA
4:50:37
 "
219,MIDD=550151108,Santa Clarita Marathon,"Santa Clarita, CA USA","November 8, 2015","Erick Chalmers (M50)
4:52:13 219 152 / 26 M50-54
4:51:54
Canyon Country, CA, USA
4:21:27
 "
220,MIDD=550151108,Santa Clarita Marathon,"Santa Clarita, CA USA","November 8, 2015","Isidro Mora (M28)
4:53:00 220 153 / 13 M25-29
4:52:03
Palmdale, CA, USA
4:52:03
 "
221,MIDD=550151108,Santa Clarita Marathon,"Santa Clarita, CA USA","November 8, 2015","Juan Mendez (M54)
4:52:36 221 154 / 27 M50-54
4:52:06
Vista, CA, USA
4:12:17
 "
222,MIDD=550151108,Santa Clarita Marathon,"Santa Clarita, CA USA","November 8, 2015","Socorro Reyes (F40)
4:53:21 222 68 / 11 F40-44
4:52:17
Lancaster, CA, USA
4:38:25
 "
223,MIDD=550151108,Santa Clarita Marathon,"Santa Clarita, CA USA","November 8, 2015","Julie Brennan (F46)
4:52:43 223 69 / 7 F45-49
4:52:20
Simi Valley, CA, USA
4:20:19
 "
224,MIDD=550151108,Santa Clarita Marathon,"Santa Clarita, CA USA","November 8, 2015","Mireya Zamano (F38)
4:53:41 224 70 / 15 F35-39
4:52:34
San Marino, CA, USA
4:43:15
 "
225,MIDD=550151108,Santa Clarita Marathon,"Santa Clarita, CA USA","November 8, 2015","Hector Hernandez (M56)
4:53:28 225 155 / 16 M55-59
4:52:57
Canyon Country, CA, USA
4:08:18
 "
226,MIDD=550151108,Santa Clarita Marathon,"Santa Clarita, CA USA","November 8, 2015","Suzanne Kairy (F50)
4:53:19 226 71 / 6 F50-54
4:53:12
Las Vegas, NV, USA
4:08:18
 "
227,MIDD=550151108,Santa Clarita Marathon,"Santa Clarita, CA USA","November 8, 2015","Elizabeth Bonin-Guzman (F47)
4:54:37 227 72 / 8 F45-49
4:53:22
Canyon Country, CA, USA
4:18:02
 "
228,MIDD=550151108,Santa Clarita Marathon,"Santa Clarita, CA USA","November 8, 2015","Jason Marriott (M39)
4:54:19 228 156 / 27 M35-39
4:53:25
Bakersfield, CA, USA
4:48:43
 "
229,MIDD=550151108,Santa Clarita Marathon,"Santa Clarita, CA USA","November 8, 2015","Jimmy Estrella (M44)
4:55:20 229 157 / 22 M40-44
4:53:49
Burbank, CA, USA
4:37:20
 "
230,MIDD=550151108,Santa Clarita Marathon,"Santa Clarita, CA USA","November 8, 2015","Bahman Janka (M59)
4:54:49 230 158 / 17 M55-59
4:53:53
Santa Clarita, CA, USA
4:02:02
 "
231,MIDD=550151108,Santa Clarita Marathon,"Santa Clarita, CA USA","November 8, 2015","Tracy Wilson (F45)
4:55:36 231 73 / 9 F45-49
4:54:55
Stevenson Ranch, CA, USA
4:25:50
 "
232,MIDD=550151108,Santa Clarita Marathon,"Santa Clarita, CA USA","November 8, 2015","Ray Evans (M65)
4:56:47 232 159 / 4 M65-69
4:55:55
Santa Barbara, CA, USA
3:49:27
 "
233,MIDD=550151108,Santa Clarita Marathon,"Santa Clarita, CA USA","November 8, 2015","Akifumi Yamamoto (M55)
4:57:25 233 160 / 18 M55-59
4:56:08
Orange, CA, USA
4:13:22
 "
234,MIDD=550151108,Santa Clarita Marathon,"Santa Clarita, CA USA","November 8, 2015","Tessa Lucero (F52)
4:57:26 234 74 / 7 F50-54
4:56:14
Canyon Country, CA, USA
4:04:25
 "
235,MIDD=550151108,Santa Clarita Marathon,"Santa Clarita, CA USA","November 8, 2015","Emily Vlasic (F32)
4:58:36 235 75 / 13 F30-34
4:56:31
Los Angeles, CA, USA
4:55:28
 "
236,MIDD=550151108,Santa Clarita Marathon,"Santa Clarita, CA USA","November 8, 2015","Kimberlin Tompkins (F43)
4:57:38 236 76 / 12 F40-44
4:56:40
Valencia, CA, USA
4:33:52
 "
237,MIDD=550151108,Santa Clarita Marathon,"Santa Clarita, CA USA","November 8, 2015","Jose Perez (M48)
4:58:23 237 161 / 23 M45-49
4:57:17
San Marino, CA, USA
4:31:03
 "
238,MIDD=550151108,Santa Clarita Marathon,"Santa Clarita, CA USA","November 8, 2015","Dylan Price (M24)
4:58:28 238 162 / 6 M0-24
4:57:21
Los Angeles, CA, USA
4:57:21
 "
239,MIDD=550151108,Santa Clarita Marathon,"Santa Clarita, CA USA","November 8, 2015","Viktor Moser (M38)
4:59:40 239 163 / 28 M35-39
4:57:29
Burbank, CA, USA
4:54:48
 "
240,MIDD=550151108,Santa Clarita Marathon,"Santa Clarita, CA USA","November 8, 2015","Amy Liou (F39)
4:59:40 240 77 / 16 F35-39
4:57:31
Burbank, CA, USA
4:45:51
 "
241,MIDD=550151108,Santa Clarita Marathon,"Santa Clarita, CA USA","November 8, 2015","Dan Stefanson (M48)
4:59:22 241 164 / 24 M45-49
4:57:47
 
4:31:31
 "
242,MIDD=550151108,Santa Clarita Marathon,"Santa Clarita, CA USA","November 8, 2015","Haira Esther Kang (F24)
4:58:28 242 78 / 6 F0-24
4:58:14
Canoga Park, CA, USA
4:58:14
 "
243,MIDD=550151108,Santa Clarita Marathon,"Santa Clarita, CA USA","November 8, 2015","Steffen Schneider (M58)
4:59:29 243 165 / 19 M55-59
4:58:35
Las Vegas, NV, USA
4:08:18
 "
244,MIDD=550151108,Santa Clarita Marathon,"Santa Clarita, CA USA","November 8, 2015","Jesus Salvador (M47)
4:59:20 244 166 / 25 M45-49
4:59:20
Los Angeles, CA, USA
4:35:19
 "
245,MIDD=550151108,Santa Clarita Marathon,"Santa Clarita, CA USA","November 8, 2015","Joe Ogata (M66)
5:00:42 245 167 / 5 M65-69
5:00:37
Pacoima, CA, USA
3:50:41
 "
246,MIDD=550151108,Santa Clarita Marathon,"Santa Clarita, CA USA","November 8, 2015","Mike Merheb (M55)
5:02:05 246 168 / 20 M55-59
5:01:37
Santa Clarita, CA, USA
4:18:03
 "
247,MIDD=550151108,Santa Clarita Marathon,"Santa Clarita, CA USA","November 8, 2015","Steve Lee (M41)
5:02:40 247 169 / 23 M40-44
5:01:52
Los Angeles, CA, USA
4:52:10
 "
248,MIDD=550151108,Santa Clarita Marathon,"Santa Clarita, CA USA","November 8, 2015","Samantha Keith (F46)
5:03:29 248 79 / 10 F45-49
5:02:24
Lake Elsinore, CA, USA
4:29:17
 "
249,MIDD=550151108,Santa Clarita Marathon,"Santa Clarita, CA USA","November 8, 2015","Janet Aguilar (F58)
5:03:47 249 80 / 3 F55-59
5:02:26
Stevenson Ranch, CA, USA
3:49:45
 "
250,MIDD=550151108,Santa Clarita Marathon,"Santa Clarita, CA USA","November 8, 2015","Guadalupe Malagon (F28)
5:03:48 250 81 / 13 F25-29
5:03:01
San Jose, CA, USA
5:03:01
 "
251,MIDD=550151108,Santa Clarita Marathon,"Santa Clarita, CA USA","November 8, 2015","Jay Madhure (M67)
5:24:45 251 170 / 6 M65-69
5:03:41
Northridge, CA, USA
3:50:37
 "
252,MIDD=550151108,Santa Clarita Marathon,"Santa Clarita, CA USA","November 8, 2015","Victoria Renn (F25)
5:04:23 252 82 / 14 F25-29
5:03:56
Lathrop, CA, USA
5:03:56
 "
253,MIDD=550151108,Santa Clarita Marathon,"Santa Clarita, CA USA","November 8, 2015","Rachel Costello (F39)
5:04:59 253 83 / 17 F35-39
5:04:05
Santa Clarita, CA, USA
4:52:09
 "
254,MIDD=550151108,Santa Clarita Marathon,"Santa Clarita, CA USA","November 8, 2015","Rodney Dong (M41)
5:05:35 254 171 / 24 M40-44
5:04:30
Valencia, CA, USA
4:54:43
 "
255,MIDD=550151108,Santa Clarita Marathon,"Santa Clarita, CA USA","November 8, 2015","Tulia Montes (F39)
5:07:27 255 84 / 18 F35-39
5:05:16
Los Angeles, CA, USA
4:53:18
 "
256,MIDD=550151108,Santa Clarita Marathon,"Santa Clarita, CA USA","November 8, 2015","Sean Richardson (M18)
5:06:21 256 172 / 7 M0-24
5:06:15
Santa Clarita, CA, USA
4:54:27
 "
257,MIDD=550151108,Santa Clarita Marathon,"Santa Clarita, CA USA","November 8, 2015","Danielle Jorgensen (F29)
5:09:25 257 85 / 15 F25-29
5:08:19
Bakersfield, CA, USA
5:08:19
 "
258,MIDD=550151108,Santa Clarita Marathon,"Santa Clarita, CA USA","November 8, 2015","Daniel Lapratt (M40)
5:10:20 258 173 / 25 M40-44
5:08:30
Los Angeles, CA, USA
5:01:03
 "
259,MIDD=550151108,Santa Clarita Marathon,"Santa Clarita, CA USA","November 8, 2015","Isaac Zuniga (M31)
5:09:55 259 174 / 19 M30-34
5:08:35
Sylmar, CA, USA
5:08:35
 "
260,MIDD=550151108,Santa Clarita Marathon,"Santa Clarita, CA USA","November 8, 2015","Mabel Fong (F56)
5:13:03 260 86 / 4 F55-59
5:11:46
 
4:03:38
 "
261,MIDD=550151108,Santa Clarita Marathon,"Santa Clarita, CA USA","November 8, 2015","David Lee (M45)
5:13:43 261 175 / 26 M45-49
5:11:46
Fullerton, CA, USA
4:51:45
 "
262,MIDD=550151108,Santa Clarita Marathon,"Santa Clarita, CA USA","November 8, 2015","Chioke Nayo (M52)
5:13:40 262 176 / 28 M50-54
5:11:51
Pasadena, CA, USA
4:34:20
 "
263,MIDD=550151108,Santa Clarita Marathon,"Santa Clarita, CA USA","November 8, 2015","Francis Griff (M51)
5:16:44 263 177 / 29 M50-54
5:13:06
Newhall, CA, USA
4:37:56
 "
264,MIDD=550151108,Santa Clarita Marathon,"Santa Clarita, CA USA","November 8, 2015","Anne Brakeman (F53)
5:14:50 264 87 / 8 F50-54
5:13:42
Saugus, CA, USA
4:15:24
 "
265,MIDD=550151108,Santa Clarita Marathon,"Santa Clarita, CA USA","November 8, 2015","Manuel Torres (M31)
5:17:07 265 178 / 20 M30-34
5:15:23
San Jacinto, CA, USA
5:15:23
 "
266,MIDD=550151108,Santa Clarita Marathon,"Santa Clarita, CA USA","November 8, 2015","Andy Gutierrez (M53)
5:16:29 266 179 / 30 M50-54
5:16:08
Toluca Lake, CA, USA
4:35:34
 "
267,MIDD=550151108,Santa Clarita Marathon,"Santa Clarita, CA USA","November 8, 2015","Jessica Asbury (F28)
5:18:32 267 88 / 16 F25-29
5:18:11
Sylmar, CA, USA
5:18:11
 "
268,MIDD=550151108,Santa Clarita Marathon,"Santa Clarita, CA USA","November 8, 2015","Arvin Santos (M33)
5:19:37 268 180 / 21 M30-34
5:18:35
Van Nuys, CA, USA
5:18:35
 "
269,MIDD=550151108,Santa Clarita Marathon,"Santa Clarita, CA USA","November 8, 2015","Lauren Smith (F16)
5:19:38 269 89 / 7 F0-24
5:18:39
Castaic, CA, USA
5:01:07
 "
270,MIDD=550151108,Santa Clarita Marathon,"Santa Clarita, CA USA","November 8, 2015","Vignesh Palanivel (M37)
5:22:18 270 181 / 29 M35-39
5:21:15
Montrose, CA, USA
5:19:57
 "
271,MIDD=550151108,Santa Clarita Marathon,"Santa Clarita, CA USA","November 8, 2015","Ronald Eichler (M69)
5:21:57 271 182 / 7 M65-69
5:21:54
Valencia, CA, USA
3:59:18
 "
272,MIDD=550151108,Santa Clarita Marathon,"Santa Clarita, CA USA","November 8, 2015","Stanley Matalon (M68)
5:22:15 272 183 / 8 M65-69
5:21:59
Los Angeles, CA, USA
4:01:56
 "
273,MIDD=550151108,Santa Clarita Marathon,"Santa Clarita, CA USA","November 8, 2015","Mariappan Jawaharlal (M55)
5:23:20 273 184 / 21 M55-59
5:21:59
Rancho Cucamonga, CA, USA
4:35:29
 "
274,MIDD=550151108,Santa Clarita Marathon,"Santa Clarita, CA USA","November 8, 2015","Navin Reddy (M29)
5:23:45 274 185 / 14 M25-29
5:22:31
Chicago, IL, USA
5:22:31
 "
275,MIDD=550151108,Santa Clarita Marathon,"Santa Clarita, CA USA","November 8, 2015","Matt Malles (M49)
5:25:07 275 186 / 27 M45-49
5:24:06
Santa Clarita, CA, USA
4:52:55
 "
276,MIDD=550151108,Santa Clarita Marathon,"Santa Clarita, CA USA","November 8, 2015","Nicole Weingarten (F45)
5:26:30 276 90 / 11 F45-49
5:25:33
Pasadena, CA, USA
4:53:27
 "
277,MIDD=550151108,Santa Clarita Marathon,"Santa Clarita, CA USA","November 8, 2015","James Wolff (M64)
5:26:11 277 187 / 5 M60-64
5:25:36
West Hills, CA, USA
4:15:06
 "
278,MIDD=550151108,Santa Clarita Marathon,"Santa Clarita, CA USA","November 8, 2015","Yung Lau (M68)
5:32:07 278 188 / 9 M65-69
5:30:36
Downey, CA, USA
4:08:24
 "
279,MIDD=550151108,Santa Clarita Marathon,"Santa Clarita, CA USA","November 8, 2015","Jean Laroche (M62)
5:33:06 279 189 / 6 M60-64
5:31:36
Los Angeles, CA, USA
4:25:06
 "
280,MIDD=550151108,Santa Clarita Marathon,"Santa Clarita, CA USA","November 8, 2015","Donald Lieu (M64)
5:34:01 280 190 / 7 M60-64
5:32:54
San Gabriel, CA, USA
4:20:49
 "
281,MIDD=550151108,Santa Clarita Marathon,"Santa Clarita, CA USA","November 8, 2015","Philo Short (M77)
5:33:34 281 191 / 1 M70-99
5:33:13
Monterey, CA, USA
3:41:23
 "
282,MIDD=550151108,Santa Clarita Marathon,"Santa Clarita, CA USA","November 8, 2015","Szilard Gyalay (M47)
5:35:13 282 192 / 28 M45-49
5:33:15
Moorpark, CA, USA
5:06:31
 "
283,MIDD=550151108,Santa Clarita Marathon,"Santa Clarita, CA USA","November 8, 2015","Julie Weiss (F45)
5:46:42 283 91 / 12 F45-49
5:35:19
Santa Monica, CA, USA
5:02:15
 "
284,MIDD=550151108,Santa Clarita Marathon,"Santa Clarita, CA USA","November 8, 2015","Kristina Delossantos (F26)
5:36:32 284 92 / 17 F25-29
5:35:34
Northridge, CA, USA
5:35:34
 "
285,MIDD=550151108,Santa Clarita Marathon,"Santa Clarita, CA USA","November 8, 2015","Benjamin Nevarez (M49)
5:36:16 285 193 / 29 M45-49
5:36:11
Canyon Cntry, CA, USA
5:03:50
 "
286,MIDD=550151108,Santa Clarita Marathon,"Santa Clarita, CA USA","November 8, 2015","Barbara Lomax (F49)
5:38:08 286 93 / 13 F45-49
5:36:56
Vista, CA, USA
4:49:01
 "
287,MIDD=550151108,Santa Clarita Marathon,"Santa Clarita, CA USA","November 8, 2015","Daniel Guzman (M49)
5:39:19 287 194 / 30 M45-49
5:38:06
Canyon Country, CA, USA
5:05:34
 "
288,MIDD=550151108,Santa Clarita Marathon,"Santa Clarita, CA USA","November 8, 2015","Paul Sachdeva (M34)
5:39:44 288 195 / 22 M30-34
5:38:30
Simi Valley, CA, USA
5:38:30
 "
289,MIDD=550151108,Santa Clarita Marathon,"Santa Clarita, CA USA","November 8, 2015","Grecia Garcia (F26)
5:40:57 289 94 / 18 F25-29
5:39:08
Van Nuys, CA, USA
5:39:08
 "
290,MIDD=550151108,Santa Clarita Marathon,"Santa Clarita, CA USA","November 8, 2015","Ashley Corbett (F28)
5:41:14 290 95 / 19 F25-29
5:39:21
San Diego, CA, USA
5:39:21
 "
291,MIDD=550151108,Santa Clarita Marathon,"Santa Clarita, CA USA","November 8, 2015","Jay Torres (M45)
5:44:07 291 196 / 31 M45-49
5:42:54
Pasadena, CA, USA
5:20:53
 "
292,MIDD=550151108,Santa Clarita Marathon,"Santa Clarita, CA USA","November 8, 2015","Kris McPeak (F47)
5:46:12 292 96 / 14 F45-49
5:45:03
Pasadena, CA, USA
5:03:30
 "
293,MIDD=550151108,Santa Clarita Marathon,"Santa Clarita, CA USA","November 8, 2015","Andrew Cox (M47)
5:46:42 293 197 / 32 M45-49
5:45:16
Orange, CA, USA
5:17:34
 "
294,MIDD=550151108,Santa Clarita Marathon,"Santa Clarita, CA USA","November 8, 2015","Kirsten Love (F43)
5:46:08 294 97 / 13 F40-44
5:45:23
Valley Village, CA, USA
5:18:51
 "
295,MIDD=550151108,Santa Clarita Marathon,"Santa Clarita, CA USA","November 8, 2015","Karina Burciaga (F26)
5:47:46 295 98 / 20 F25-29
5:47:27
Compton, CA, USA
5:47:27
 "
296,MIDD=550151108,Santa Clarita Marathon,"Santa Clarita, CA USA","November 8, 2015","Vasilios Mantis (M51)
5:48:54 296 198 / 31 M50-54
5:47:35
Santa Clarita, CA, USA
5:08:32
 "
297,MIDD=550151108,Santa Clarita Marathon,"Santa Clarita, CA USA","November 8, 2015","Claire Mason (F23)
5:48:41 297 99 / 8 F0-24
5:47:44
Santa Clarita, CA, USA
5:47:44
 "
298,MIDD=550151108,Santa Clarita Marathon,"Santa Clarita, CA USA","November 8, 2015","Neil Vanwagoner (M55)
5:51:12 298 199 / 22 M55-59
5:48:18
Ventura, CA, USA
4:58:00
 "
299,MIDD=550151108,Santa Clarita Marathon,"Santa Clarita, CA USA","November 8, 2015","Lisset Fuentes (F39)
5:50:36 299 100 / 19 F35-39
5:49:28
Santa Clarita, CA, USA
5:35:46
 "
300,MIDD=550151108,Santa Clarita Marathon,"Santa Clarita, CA USA","November 8, 2015","Marla Ellsworth (F36)
5:50:35 300 101 / 20 F35-39
5:49:28
Stevenson Ranch, CA, USA
5:42:45
 "
301,MIDD=550151108,Santa Clarita Marathon,"Santa Clarita, CA USA","November 8, 2015","Everildo Mendez (M58)
5:51:40 301 200 / 23 M55-59
5:51:39
Santa Barbara, CA, USA
4:52:25
 "
302,MIDD=550151108,Santa Clarita Marathon,"Santa Clarita, CA USA","November 8, 2015","Devin Salmones (F24)
5:52:33 302 102 / 9 F0-24
5:51:41
Whittier, CA, USA
5:51:41
 "
303,MIDD=550151108,Santa Clarita Marathon,"Santa Clarita, CA USA","November 8, 2015","Daniel Halimi (M28)
5:54:06 303 201 / 15 M25-29
5:52:05
Beverly Hills, CA, USA
5:52:05
 "
304,MIDD=550151108,Santa Clarita Marathon,"Santa Clarita, CA USA","November 8, 2015","Lydia Mims (F45)
5:54:59 304 103 / 15 F45-49
5:53:00
Hawthorne, CA, USA
5:18:11
 "
305,MIDD=550151108,Santa Clarita Marathon,"Santa Clarita, CA USA","November 8, 2015","Shakirah Nantumbwe (F26)
5:55:01 305 104 / 21 F25-29
5:53:23
Santa Clarita, CA, USA
5:53:23
 "
306,MIDD=550151108,Santa Clarita Marathon,"Santa Clarita, CA USA","November 8, 2015","Peter Livingston (M43)
5:54:56 306 202 / 26 M40-44
5:53:34
Wrightwood, CA, USA
5:36:33
 "
307,MIDD=550151108,Santa Clarita Marathon,"Santa Clarita, CA USA","November 8, 2015","Sara Tatsch (F34)
5:55:12 307 105 / 14 F30-34
5:53:39
Lancaster, CA, USA
5:50:11
 "
308,MIDD=550151108,Santa Clarita Marathon,"Santa Clarita, CA USA","November 8, 2015","Ludelle Gallego (F44)
5:55:13 308 106 / 14 F40-44
5:53:41
Palmdale, CA, USA
5:22:39
 "
309,MIDD=550151108,Santa Clarita Marathon,"Santa Clarita, CA USA","November 8, 2015","Susan Dunn (F52)
5:59:46 309 107 / 9 F50-54
5:57:53
Sylmar, CA, USA
4:55:17
 "
310,MIDD=550151108,Santa Clarita Marathon,"Santa Clarita, CA USA","November 8, 2015","Samantha Turner (F23)
5:58:50 310 108 / 10 F0-24
5:57:54
Valencia, CA, USA
5:57:54
 "
311,MIDD=550151108,Santa Clarita Marathon,"Santa Clarita, CA USA","November 8, 2015","Jasmine Breitbach (F50)
6:00:01 311 109 / 10 F50-54
5:58:07
Stevenson Ranch, CA, USA
5:03:17
 "
312,MIDD=550151108,Santa Clarita Marathon,"Santa Clarita, CA USA","November 8, 2015","Larry Schneider (M77)
6:00:02 312 203 / 2 M70-99
5:58:29
Torrance, CA, USA
3:58:10
 "
313,MIDD=550151108,Santa Clarita Marathon,"Santa Clarita, CA USA","November 8, 2015","Praveen Aravapalli (M28)
6:01:26 313 204 / 16 M25-29
6:00:11
Redmond, WA, USA
6:00:11
 "
314,MIDD=550151108,Santa Clarita Marathon,"Santa Clarita, CA USA","November 8, 2015","Elizabeth Sevesind (F39)
6:02:52 314 110 / 21 F35-39
6:01:10
Covina, CA, USA
5:47:00
 "
315,MIDD=550151108,Santa Clarita Marathon,"Santa Clarita, CA USA","November 8, 2015","David Sevesind (M57)
6:02:52 315 205 / 24 M55-59
6:01:13
Pomona, CA, USA
5:03:16
 "
316,MIDD=550151108,Santa Clarita Marathon,"Santa Clarita, CA USA","November 8, 2015","Sayid Namatiti (M45)
6:04:01 316 206 / 33 M45-49
6:02:25
Santa Clarita, CA, USA
5:39:08
 "
317,MIDD=550151108,Santa Clarita Marathon,"Santa Clarita, CA USA","November 8, 2015","Chuck Bewick (M70)
6:05:41 317 207 / 3 M70-99
6:03:33
Culver, IN, USA
4:27:19
 "
318,MIDD=550151108,Santa Clarita Marathon,"Santa Clarita, CA USA","November 8, 2015","Donald Tarin (M44)
6:08:49 318 208 / 27 M40-44
6:07:14
Elk Grove, CA, USA
5:46:37
 "
319,MIDD=550151108,Santa Clarita Marathon,"Santa Clarita, CA USA","November 8, 2015","Matt Shumard (M46)
6:09:27 319 209 / 34 M45-49
6:08:08
Santa Clarita, CA, USA
5:41:33
 "
320,MIDD=550151108,Santa Clarita Marathon,"Santa Clarita, CA USA","November 8, 2015","Lou Vizcocho (M66)
6:10:19 320 210 / 10 M65-69
6:08:57
Van Nuys, CA, USA
4:43:07
 "
321,MIDD=550151108,Santa Clarita Marathon,"Santa Clarita, CA USA","November 8, 2015","Aminah Ssenyondo (F43)
6:11:22 321 111 / 15 F40-44
6:09:44
Santa Clarita, CA, USA
5:41:20
 "
322,MIDD=550151108,Santa Clarita Marathon,"Santa Clarita, CA USA","November 8, 2015","Gail Campofiore (F68)
6:13:24 322 112 / 1 F65-69
6:13:05
San Clemente, CA, USA
3:59:24
 "
323,MIDD=550151108,Santa Clarita Marathon,"Santa Clarita, CA USA","November 8, 2015","Raul Santana (M63)
6:20:22 323 211 / 8 M60-64
6:19:36
La Puente, CA, USA
5:00:27
 "
324,MIDD=550151108,Santa Clarita Marathon,"Santa Clarita, CA USA","November 8, 2015","Dana Mosell (M63)
6:21:49 324 212 / 9 M60-64
6:20:07
Rancho Cucamonga, CA, USA
5:00:51
 "
325,MIDD=550151108,Santa Clarita Marathon,"Santa Clarita, CA USA","November 8, 2015","Ashley McCurdy (F28)
6:24:15 325 113 / 22 F25-29
6:22:15
Santa Monica, CA, USA
6:22:15
 "
326,MIDD=550151108,Santa Clarita Marathon,"Santa Clarita, CA USA","November 8, 2015","Kelsey Shifley (F26)
6:24:10 326 114 / 23 F25-29
6:23:21
Stevenson Ranch, CA, USA
6:23:21
 "
327,MIDD=550151108,Santa Clarita Marathon,"Santa Clarita, CA USA","November 8, 2015","Brandye Smith (F55)
6:24:22 327 115 / 5 F55-59
6:23:48
Los Angeles, CA, USA
5:04:07
 "
328,MIDD=550151108,Santa Clarita Marathon,"Santa Clarita, CA USA","November 8, 2015","Myung K Park (M73)
6:26:14 328 213 / 4 M70-99
6:24:30
Pasadena, CA, USA
4:32:38
 "
329,MIDD=550151108,Santa Clarita Marathon,"Santa Clarita, CA USA","November 8, 2015","Hyun Choi (M62)
6:26:14 329 214 / 10 M60-64
6:24:31
Carson, CA, USA
5:07:25
 "
330,MIDD=550151108,Santa Clarita Marathon,"Santa Clarita, CA USA","November 8, 2015","Loren Brockway (M63)
6:35:15 330 215 / 11 M60-64
6:33:11
Monrovia, CA, USA
5:11:12
 "
331,MIDD=550151108,Santa Clarita Marathon,"Santa Clarita, CA USA","November 8, 2015","Christy Belknap (F40)
6:36:22 331 116 / 16 F40-44
6:34:28
Saugus, CA, USA
6:15:46
 "
332,MIDD=550151108,Santa Clarita Marathon,"Santa Clarita, CA USA","November 8, 2015","Starla Banuelos (F26)
6:37:18 332 117 / 24 F25-29
6:35:17
Pico Rivera, CA, USA
6:35:17
 "
333,MIDD=550151108,Santa Clarita Marathon,"Santa Clarita, CA USA","November 8, 2015","Nancy Shumard (F44)
6:37:01 333 118 / 17 F40-44
6:35:44
Quartz Hill, CA, USA
6:01:01
 "
334,MIDD=550151108,Santa Clarita Marathon,"Santa Clarita, CA USA","November 8, 2015","Luke Shumard (M41)
6:37:02 334 216 / 28 M40-44
6:35:44
Quartz Hill, CA, USA
6:23:01
 "
335,MIDD=550151108,Santa Clarita Marathon,"Santa Clarita, CA USA","November 8, 2015","Rawlins Jordan (M72)
6:36:50 335 217 / 5 M70-99
6:36:21
Santa Clarita, CA, USA
4:44:46
 "
336,MIDD=550151108,Santa Clarita Marathon,"Santa Clarita, CA USA","November 8, 2015","Analiza Cavero-Francisco (F35)
6:40:31 336 119 / 22 F35-39
6:38:35
Los Angeles, CA, USA
6:32:57
 "
337,MIDD=550151108,Santa Clarita Marathon,"Santa Clarita, CA USA","November 8, 2015","Jason Cosylion (M38)
6:40:55 337 218 / 30 M35-39
6:38:57
La Puente, CA, USA
6:35:21
 "
338,MIDD=550151108,Santa Clarita Marathon,"Santa Clarita, CA USA","November 8, 2015","Kristi Jensen (F34)
6:48:09 338 120 / 15 F30-34
6:47:25
Castaic, CA, USA
6:43:25
 "
339,MIDD=550151108,Santa Clarita Marathon,"Santa Clarita, CA USA","November 8, 2015","Janet Duran Beza (F30)
6:52:20 339 121 / 16 F30-34
6:50:47
Palmdale, CA, USA
6:50:37
 "
340,MIDD=550151108,Santa Clarita Marathon,"Santa Clarita, CA USA","November 8, 2015","Connie Bullock (F72)
6:53:24 340 122 / 1 F70-99
6:52:50
Inglewood, CA, USA
4:02:57
 "
341,MIDD=550151108,Santa Clarita Marathon,"Santa Clarita, CA USA","November 8, 2015","Armando Soto (M71)
7:00:37 341 219 / 6 M70-99
7:00:33
Granada Hills, CA, USA
5:05:49
 "
342,MIDD=550151108,Santa Clarita Marathon,"Santa Clarita, CA USA","November 8, 2015","Elsa Ibarra (F49)
7:05:54 342 123 / 16 F45-49
7:03:51
Pico Rivera, CA, USA
6:03:34
 "
343,MIDD=550151108,Santa Clarita Marathon,"Santa Clarita, CA USA","November 8, 2015","Alberto Perusset (M57)
7:06:14 343 220 / 25 M55-59
7:06:14
Malibu, CA, USA
5:57:51
 "
344,MIDD=550151108,Santa Clarita Marathon,"Santa Clarita, CA USA","November 8, 2015","Shana Morda (F35)
7:25:53 344 124 / 23 F35-39
7:24:41
Santa Clarita, CA, USA
7:18:24
 "
