,race_id,race,location,date,runners
0,MIDD=3274151212,Hoover Dam Marathon,"Boulder City, NV USA","December 12, 2015","

Have you run this race?Then tell us about it.

Last Name, First Name(Sex/Age)
Time OverAllPlace
Sex Place
Net Time"
1,MIDD=3274151212,Hoover Dam Marathon,"Boulder City, NV USA","December 12, 2015","Philip Hodge (M)
3:34:32 1 1
3:34:27"
2,MIDD=3274151212,Hoover Dam Marathon,"Boulder City, NV USA","December 12, 2015","Joel Neckers (M)
3:35:58 2 2
3:35:50"
3,MIDD=3274151212,Hoover Dam Marathon,"Boulder City, NV USA","December 12, 2015","Kim Foo (M)
3:38:05 3 3
3:37:59"
4,MIDD=3274151212,Hoover Dam Marathon,"Boulder City, NV USA","December 12, 2015","Shahin Jabbari (M)
3:38:54 4 4
3:38:27"
5,MIDD=3274151212,Hoover Dam Marathon,"Boulder City, NV USA","December 12, 2015","Cade Remsburg (M)
3:40:39 5 5
3:40:23"
6,MIDD=3274151212,Hoover Dam Marathon,"Boulder City, NV USA","December 12, 2015","Matt Heacock (M)
3:43:27 6 6
3:43:18"
7,MIDD=3274151212,Hoover Dam Marathon,"Boulder City, NV USA","December 12, 2015","Mike Lynch (M)
3:44:12 7 7
3:43:09"
8,MIDD=3274151212,Hoover Dam Marathon,"Boulder City, NV USA","December 12, 2015","Christina Hughes Babb (F)
3:45:20 8 1
3:45:14"
9,MIDD=3274151212,Hoover Dam Marathon,"Boulder City, NV USA","December 12, 2015","Gordon Bennett (M)
3:48:26 9 8
3:48:23"
10,MIDD=3274151212,Hoover Dam Marathon,"Boulder City, NV USA","December 12, 2015","Andrew Martin (M)
3:52:29 10 9
3:52:26"
11,MIDD=3274151212,Hoover Dam Marathon,"Boulder City, NV USA","December 12, 2015","Pam Poe (F)
3:54:18 11 2
3:54:16"
12,MIDD=3274151212,Hoover Dam Marathon,"Boulder City, NV USA","December 12, 2015","Troy Pruett (M)
4:00:53 12 10
4:00:37"
13,MIDD=3274151212,Hoover Dam Marathon,"Boulder City, NV USA","December 12, 2015","Julie Raffety (F)
4:00:55 13 3
4:00:45"
14,MIDD=3274151212,Hoover Dam Marathon,"Boulder City, NV USA","December 12, 2015","Matthew Moss (M)
4:02:10 14 11
4:02:08"
15,MIDD=3274151212,Hoover Dam Marathon,"Boulder City, NV USA","December 12, 2015","Kyle Atkins (M)
4:02:54 15 12
4:02:45"
16,MIDD=3274151212,Hoover Dam Marathon,"Boulder City, NV USA","December 12, 2015","Debbie Tai (F)
4:03:06 16 4
4:03:02"
17,MIDD=3274151212,Hoover Dam Marathon,"Boulder City, NV USA","December 12, 2015","Mike Pfannenstiel (M)
4:05:16 17 13
4:04:55"
18,MIDD=3274151212,Hoover Dam Marathon,"Boulder City, NV USA","December 12, 2015","Gary Smith (M)
4:05:56 18 14
4:05:31"
19,MIDD=3274151212,Hoover Dam Marathon,"Boulder City, NV USA","December 12, 2015","Kelly Bettner (F)
4:08:20 19 5
4:08:11"
20,MIDD=3274151212,Hoover Dam Marathon,"Boulder City, NV USA","December 12, 2015","Angie Tanner (F)
4:08:34 20 6
4:08:29"
21,MIDD=3274151212,Hoover Dam Marathon,"Boulder City, NV USA","December 12, 2015","Vicki Bentley-Condit (F)
4:09:25 21 7
4:09:11"
22,MIDD=3274151212,Hoover Dam Marathon,"Boulder City, NV USA","December 12, 2015","Andrew Balchunas (M)
4:09:34 22 15
4:09:30"
23,MIDD=3274151212,Hoover Dam Marathon,"Boulder City, NV USA","December 12, 2015","Kelly Richards (F)
4:11:17 23 8
4:11:01"
24,MIDD=3274151212,Hoover Dam Marathon,"Boulder City, NV USA","December 12, 2015","Myles Wilson (M)
4:12:16 24 16
4:12:01"
25,MIDD=3274151212,Hoover Dam Marathon,"Boulder City, NV USA","December 12, 2015","Kevin Maghran (M)
4:12:50 25 17
4:12:29"
26,MIDD=3274151212,Hoover Dam Marathon,"Boulder City, NV USA","December 12, 2015","Warren Barlow (M)
4:14:16 26 18
4:13:59"
27,MIDD=3274151212,Hoover Dam Marathon,"Boulder City, NV USA","December 12, 2015","Daren Jackson (M)
4:15:01 27 19
4:14:51"
28,MIDD=3274151212,Hoover Dam Marathon,"Boulder City, NV USA","December 12, 2015","William Scott (M)
4:24:23 28 20
4:24:02"
29,MIDD=3274151212,Hoover Dam Marathon,"Boulder City, NV USA","December 12, 2015","Denice Cahill (F)
4:26:05 29 9
4:25:43"
30,MIDD=3274151212,Hoover Dam Marathon,"Boulder City, NV USA","December 12, 2015","Suzanne Fontaine (F)
4:29:11 30 10
4:29:07"
31,MIDD=3274151212,Hoover Dam Marathon,"Boulder City, NV USA","December 12, 2015","Jerry Box (M)
4:29:48 31 21
4:29:25"
32,MIDD=3274151212,Hoover Dam Marathon,"Boulder City, NV USA","December 12, 2015","Bill Odendahl (M)
4:32:15 32 22
4:32:08"
33,MIDD=3274151212,Hoover Dam Marathon,"Boulder City, NV USA","December 12, 2015","Barbara Jester (F)
4:34:07 33 11
4:33:57"
34,MIDD=3274151212,Hoover Dam Marathon,"Boulder City, NV USA","December 12, 2015","Lynn Jester (M)
4:34:07 34 23
4:33:56"
35,MIDD=3274151212,Hoover Dam Marathon,"Boulder City, NV USA","December 12, 2015","Joan Dean (F)
4:36:27 35 12
4:36:16"
36,MIDD=3274151212,Hoover Dam Marathon,"Boulder City, NV USA","December 12, 2015","Matea Barinaga-Flood (F)
4:39:34 36 13
4:39:29"
37,MIDD=3274151212,Hoover Dam Marathon,"Boulder City, NV USA","December 12, 2015","Joe Vasil (M)
4:41:34 37 24
4:41:20"
38,MIDD=3274151212,Hoover Dam Marathon,"Boulder City, NV USA","December 12, 2015","Pierre Morin (M)
4:43:19 38 25
4:43:15"
39,MIDD=3274151212,Hoover Dam Marathon,"Boulder City, NV USA","December 12, 2015","Gilles Poulin (M)
4:43:20 39 26
4:43:16"
40,MIDD=3274151212,Hoover Dam Marathon,"Boulder City, NV USA","December 12, 2015","Dorothy Lupariello (F)
4:43:24 40 14
4:43:06"
41,MIDD=3274151212,Hoover Dam Marathon,"Boulder City, NV USA","December 12, 2015","David Lark (M)
4:44:38 41 27
4:44:35"
42,MIDD=3274151212,Hoover Dam Marathon,"Boulder City, NV USA","December 12, 2015","Connie Dockendorf (F)
4:45:38 42 15
4:45:08"
43,MIDD=3274151212,Hoover Dam Marathon,"Boulder City, NV USA","December 12, 2015","Ivan Resendiz Gutierrez (M)
4:47:48 43 28
4:47:33"
44,MIDD=3274151212,Hoover Dam Marathon,"Boulder City, NV USA","December 12, 2015","Herman Ulloa (M)
4:48:04 44 29
4:47:56"
45,MIDD=3274151212,Hoover Dam Marathon,"Boulder City, NV USA","December 12, 2015","John Fisher (M)
4:50:18 45 30
4:50:05"
46,MIDD=3274151212,Hoover Dam Marathon,"Boulder City, NV USA","December 12, 2015","Michael Mohler (M)
4:50:47 46 31
4:50:31"
47,MIDD=3274151212,Hoover Dam Marathon,"Boulder City, NV USA","December 12, 2015","Richard Roth (M)
4:53:22 47 32
4:53:08"
48,MIDD=3274151212,Hoover Dam Marathon,"Boulder City, NV USA","December 12, 2015","Lyndsay Palach (F)
4:55:12 48 16
4:54:50"
49,MIDD=3274151212,Hoover Dam Marathon,"Boulder City, NV USA","December 12, 2015","Danielle Mcevoy (F)
4:55:12 49 17
4:54:50"
50,MIDD=3274151212,Hoover Dam Marathon,"Boulder City, NV USA","December 12, 2015","Amy Cook (F)
4:56:01 50 18
4:55:57"
51,MIDD=3274151212,Hoover Dam Marathon,"Boulder City, NV USA","December 12, 2015","Morgan Dentch (F)
4:57:15 51 19
4:56:41"
52,MIDD=3274151212,Hoover Dam Marathon,"Boulder City, NV USA","December 12, 2015","Betsy Jacobsen (F)
5:00:31 52 20
5:00:24"
53,MIDD=3274151212,Hoover Dam Marathon,"Boulder City, NV USA","December 12, 2015","David Weiss (M)
5:01:19 53 33
4:59:41"
54,MIDD=3274151212,Hoover Dam Marathon,"Boulder City, NV USA","December 12, 2015","Galen Garrison (M)
5:05:51 54 34
5:05:23"
55,MIDD=3274151212,Hoover Dam Marathon,"Boulder City, NV USA","December 12, 2015","Jennifer Desimone (F)
5:08:32 55 21
5:08:20"
56,MIDD=3274151212,Hoover Dam Marathon,"Boulder City, NV USA","December 12, 2015","Debra Saltz (F)
5:08:33 56 22
5:08:21"
57,MIDD=3274151212,Hoover Dam Marathon,"Boulder City, NV USA","December 12, 2015","David Powers (M)
5:10:47 57 35
5:10:42"
58,MIDD=3274151212,Hoover Dam Marathon,"Boulder City, NV USA","December 12, 2015","William Sherman (M)
5:10:56 58 36
5:10:36"
59,MIDD=3274151212,Hoover Dam Marathon,"Boulder City, NV USA","December 12, 2015","Gwendolyn Freed (F)
5:11:17 59 23
5:11:08"
60,MIDD=3274151212,Hoover Dam Marathon,"Boulder City, NV USA","December 12, 2015","Heidi Dove (F)
5:16:35 60 24
5:16:30"
61,MIDD=3274151212,Hoover Dam Marathon,"Boulder City, NV USA","December 12, 2015","Daniel Ruiz (M)
5:17:12 61 37
5:16:54"
62,MIDD=3274151212,Hoover Dam Marathon,"Boulder City, NV USA","December 12, 2015","Will Hofacker (M)
5:18:11 62 38
5:17:56"
63,MIDD=3274151212,Hoover Dam Marathon,"Boulder City, NV USA","December 12, 2015","Kelly Pfannenstiel (F)
5:21:11 63 25
5:20:52"
64,MIDD=3274151212,Hoover Dam Marathon,"Boulder City, NV USA","December 12, 2015","Scot Johnson (M)
5:21:29 64 39
5:21:05"
65,MIDD=3274151212,Hoover Dam Marathon,"Boulder City, NV USA","December 12, 2015","Kelvin Bentley (M)
5:21:52 65 40
5:21:49"
66,MIDD=3274151212,Hoover Dam Marathon,"Boulder City, NV USA","December 12, 2015","Jacqueline Richardson (F)
5:22:53 66 26
5:22:47"
67,MIDD=3274151212,Hoover Dam Marathon,"Boulder City, NV USA","December 12, 2015","Shawn Ralston (M)
5:23:08 67 41
5:22:35"
68,MIDD=3274151212,Hoover Dam Marathon,"Boulder City, NV USA","December 12, 2015","Heather Larkin (F)
5:25:10 68 27
5:24:49"
69,MIDD=3274151212,Hoover Dam Marathon,"Boulder City, NV USA","December 12, 2015","Carrie Mcnish (F)
5:30:12 69 28
5:29:50"
70,MIDD=3274151212,Hoover Dam Marathon,"Boulder City, NV USA","December 12, 2015","Rob Apple (M)
5:30:30 70 42
5:30:00"
71,MIDD=3274151212,Hoover Dam Marathon,"Boulder City, NV USA","December 12, 2015","Shalisa Davis (F)
5:31:52 71 29
5:31:32"
72,MIDD=3274151212,Hoover Dam Marathon,"Boulder City, NV USA","December 12, 2015","Elizabeth Hilton (F)
5:34:13 72 30
5:33:49"
73,MIDD=3274151212,Hoover Dam Marathon,"Boulder City, NV USA","December 12, 2015","Nancy Pratt (F)
5:35:20 73 31
5:35:01"
74,MIDD=3274151212,Hoover Dam Marathon,"Boulder City, NV USA","December 12, 2015","Bonnie Sumner (F)
5:37:54 74 32
5:37:32"
75,MIDD=3274151212,Hoover Dam Marathon,"Boulder City, NV USA","December 12, 2015","Diann Boyle (F)
5:39:20 75 33
5:38:51"
76,MIDD=3274151212,Hoover Dam Marathon,"Boulder City, NV USA","December 12, 2015","Joseph Abraham (M)
5:39:35 76 43
5:39:33"
77,MIDD=3274151212,Hoover Dam Marathon,"Boulder City, NV USA","December 12, 2015","Victor Verry (M)
5:39:45 77 44
5:39:15"
78,MIDD=3274151212,Hoover Dam Marathon,"Boulder City, NV USA","December 12, 2015","Carla Yvonne Murphy (F)
5:42:35 78 34
5:42:20"
79,MIDD=3274151212,Hoover Dam Marathon,"Boulder City, NV USA","December 12, 2015","Glenn Lambert (M)
5:43:01 79 45
5:42:51"
80,MIDD=3274151212,Hoover Dam Marathon,"Boulder City, NV USA","December 12, 2015","Robin Eubanks (F)
5:44:13 80 35
5:43:58"
81,MIDD=3274151212,Hoover Dam Marathon,"Boulder City, NV USA","December 12, 2015","Bill Andrews (M)
5:44:40 81 46
5:44:38"
82,MIDD=3274151212,Hoover Dam Marathon,"Boulder City, NV USA","December 12, 2015","Paula C Lutz (F)
5:48:17 82 36
5:48:05"
83,MIDD=3274151212,Hoover Dam Marathon,"Boulder City, NV USA","December 12, 2015","Shirley Kramer (F)
5:48:49 83 37
5:48:31"
84,MIDD=3274151212,Hoover Dam Marathon,"Boulder City, NV USA","December 12, 2015","Roger Kingsley (M)
5:49:41 84 47
5:49:22"
85,MIDD=3274151212,Hoover Dam Marathon,"Boulder City, NV USA","December 12, 2015","Stacy Wile (F)
5:50:32 85 38
5:50:09"
86,MIDD=3274151212,Hoover Dam Marathon,"Boulder City, NV USA","December 12, 2015","Barbara Christianson (F)
5:58:53 86 39
5:58:25"
87,MIDD=3274151212,Hoover Dam Marathon,"Boulder City, NV USA","December 12, 2015","Kalita Ford (F)
6:04:08 87 40
6:04:02"
88,MIDD=3274151212,Hoover Dam Marathon,"Boulder City, NV USA","December 12, 2015","Lichym Wu (F)
6:04:41 88 41
6:04:31"
89,MIDD=3274151212,Hoover Dam Marathon,"Boulder City, NV USA","December 12, 2015","Michele Siegrist (F)
6:05:48 89 42
6:05:30"
90,MIDD=3274151212,Hoover Dam Marathon,"Boulder City, NV USA","December 12, 2015","Donald Landry (M)
6:16:50 90 48
6:16:43"
91,MIDD=3274151212,Hoover Dam Marathon,"Boulder City, NV USA","December 12, 2015","Marion Landry (F)
6:16:50 91 43
6:16:44"
92,MIDD=3274151212,Hoover Dam Marathon,"Boulder City, NV USA","December 12, 2015","Katie Ableson (F)
6:22:14 92 44
6:21:58"
93,MIDD=3274151212,Hoover Dam Marathon,"Boulder City, NV USA","December 12, 2015","J Wilson (F)
6:23:06 93 45
6:22:54"
94,MIDD=3274151212,Hoover Dam Marathon,"Boulder City, NV USA","December 12, 2015","Karen Vollan (F)
6:27:20 94 46
6:27:02"
95,MIDD=3274151212,Hoover Dam Marathon,"Boulder City, NV USA","December 12, 2015","Angela Tortorice (F)
6:27:21 95 47
6:27:15"
96,MIDD=3274151212,Hoover Dam Marathon,"Boulder City, NV USA","December 12, 2015","Kendra Hensley (F)
6:29:51 96 48
6:29:34"
97,MIDD=3274151212,Hoover Dam Marathon,"Boulder City, NV USA","December 12, 2015","Nancy Shell (F)
6:39:28 97 49
6:39:09"
98,MIDD=3274151212,Hoover Dam Marathon,"Boulder City, NV USA","December 12, 2015","Karen Queally (F)
7:07:18 98 50
7:06:50"
99,MIDD=3274151212,Hoover Dam Marathon,"Boulder City, NV USA","December 12, 2015","Kip Eldridge (M)
7:07:19 99 49
7:06:50"
