,race_id,race,location,date,runners
0,MIDD=4317151231,New Year's Eve Marathon,"Allen, TX USA","December 31, 2015","

Have you run this race?Then tell us about it.

Last Name, First Name(Sex/Age)
Time OverAllPlace
Sex Place/Div Place
DIV Net Time 
City, State, Country AG Time* BQ*"
1,MIDD=4317151231,New Year's Eve Marathon,"Allen, TX USA","December 31, 2015","Andrew Cook (M34)
2:39:55 1 1 / 1 Mopen
2:39:52
Highland Village, TX, USA
2:39:52
BQ"
2,MIDD=4317151231,New Year's Eve Marathon,"Allen, TX USA","December 31, 2015","Matt Celone (M40)
3:04:56 2 2 / 1 MMasters
3:04:52
Flower Mound, TX, USA
3:00:24
BQ"
3,MIDD=4317151231,New Year's Eve Marathon,"Allen, TX USA","December 31, 2015","Keith Schlottman (M51)
3:16:05 3 3 / 1 M50-54
3:16:00
Tucson, AZ, USA
2:53:59
BQ"
4,MIDD=4317151231,New Year's Eve Marathon,"Allen, TX USA","December 31, 2015","Dave Emerson (M57)
3:16:50 4 4 / 1 M55-59
3:16:45
Coppell, TX, USA
2:45:11
BQ"
5,MIDD=4317151231,New Year's Eve Marathon,"Allen, TX USA","December 31, 2015","Doyle Beaty (M58)
3:18:35 5 5 / 2 M55-59
3:18:27
Denton, TX, USA
2:45:01
BQ"
6,MIDD=4317151231,New Year's Eve Marathon,"Allen, TX USA","December 31, 2015","Aaron Pearson (M25)
3:20:50 6 6 / 1 M25-29
3:20:47
Rowlett, TX, USA
3:20:47
 "
7,MIDD=4317151231,New Year's Eve Marathon,"Allen, TX USA","December 31, 2015","Duane Limbaugh (M41)
3:26:25 7 7 / 1 MClydesdale
3:26:20
Frost, TX, USA
3:19:42
 "
8,MIDD=4317151231,New Year's Eve Marathon,"Allen, TX USA","December 31, 2015","Paul Harms (M44)
3:31:04 8 8 / 2 MClydesdale
3:30:57
Smithers, WA, USA
3:19:06
 "
9,MIDD=4317151231,New Year's Eve Marathon,"Allen, TX USA","December 31, 2015","Andrew Parry (M33)
3:31:51 9 9 / 1 M30-34
3:31:46
Frisco, TX, USA
3:31:46
 "
10,MIDD=4317151231,New Year's Eve Marathon,"Allen, TX USA","December 31, 2015","Jodi Berman (F34)
3:34:14 10 1 / 1 Fopen
3:34:08
Ankeny, IA, USA
3:32:02
BQ"
11,MIDD=4317151231,New Year's Eve Marathon,"Allen, TX USA","December 31, 2015","Hamlin Jones (M44)
3:35:34 11 10 / 1 M40-44
3:35:27
Frisco, TX, USA
3:23:21
 "
12,MIDD=4317151231,New Year's Eve Marathon,"Allen, TX USA","December 31, 2015","Scott Kunz (M33)
3:36:41 12 11 / 2 M30-34
3:36:37
Plano, TX, USA
3:36:37
 "
13,MIDD=4317151231,New Year's Eve Marathon,"Allen, TX USA","December 31, 2015","Andres Fleury (M40)
3:37:45 13 12 / 2 M40-44
3:37:45
Clinton, NC, USA
3:32:30
 "
14,MIDD=4317151231,New Year's Eve Marathon,"Allen, TX USA","December 31, 2015","Steve Light (M47)
3:39:40 14 13 / 1 M45-49
3:39:35
Fisher, MN, USA
3:21:58
 "
15,MIDD=4317151231,New Year's Eve Marathon,"Allen, TX USA","December 31, 2015","Marc Tremblay (M48)
3:40:22 15 14 / 2 M45-49
3:40:17
Gatineau, QC, Canada
3:20:51
 "
16,MIDD=4317151231,New Year's Eve Marathon,"Allen, TX USA","December 31, 2015","Jimmy Harwood (M40)
3:41:53 16 15 / 3 M40-44
3:41:46
Pittsburg, TX, USA
3:36:25
 "
17,MIDD=4317151231,New Year's Eve Marathon,"Allen, TX USA","December 31, 2015","Greg Glennon (M41)
3:42:48 17 16 / 4 M40-44
3:42:44
Plano, TX, USA
3:35:35
 "
18,MIDD=4317151231,New Year's Eve Marathon,"Allen, TX USA","December 31, 2015","Grant Roskens (M30)
3:43:19 18 17 / 3 M30-34
3:43:17
Norfolk, NE, USA
3:43:17
 "
19,MIDD=4317151231,New Year's Eve Marathon,"Allen, TX USA","December 31, 2015","Steven Browne (M48)
3:43:52 19 18 / 3 M45-49
3:43:44
Lantana, TX, USA
3:24:00
 "
20,MIDD=4317151231,New Year's Eve Marathon,"Allen, TX USA","December 31, 2015","Amy Clark (F38)
3:44:10 20 2 / 1 F35-39
3:44:05
Ft Worth, TX, USA
3:36:57
 "
21,MIDD=4317151231,New Year's Eve Marathon,"Allen, TX USA","December 31, 2015","James Rowland (M30)
3:46:22 21 19 / 3 MClydesdale
3:46:19
Wichita Falls, TX, USA
3:46:19
 "
22,MIDD=4317151231,New Year's Eve Marathon,"Allen, TX USA","December 31, 2015","Gaehag Kim (M53)
3:49:38 22 20 / 2 M50-54
3:48:28
Arlington, TX, USA
3:19:09
 "
23,MIDD=4317151231,New Year's Eve Marathon,"Allen, TX USA","December 31, 2015","Shokofeh Motlagh (F33)
3:51:48 23 3 / 1 F30-34
3:51:43
Tucson, AZ, USA
3:50:15
 "
24,MIDD=4317151231,New Year's Eve Marathon,"Allen, TX USA","December 31, 2015","Penny Palumbo (F47)
3:54:03 24 4 / 1 FMasters
3:54:00
Dallas, TX, USA
3:25:49
BQ"
25,MIDD=4317151231,New Year's Eve Marathon,"Allen, TX USA","December 31, 2015","Tim Cloud (M56)
3:54:36 25 21 / 3 M55-59
3:54:32
Celeste, TX, USA
3:18:47
 "
26,MIDD=4317151231,New Year's Eve Marathon,"Allen, TX USA","December 31, 2015","Dan Beeding (M31)
3:56:56 26 22 / 4 M30-34
3:56:51
Ankeny, IA, USA
3:56:51
 "
27,MIDD=4317151231,New Year's Eve Marathon,"Allen, TX USA","December 31, 2015","Hung Dang (M45)
3:58:11 27 23 / 4 M45-49
3:58:04
Allen, TX, USA
3:42:46
 "
28,MIDD=4317151231,New Year's Eve Marathon,"Allen, TX USA","December 31, 2015","Jessica Kristek (F37)
4:00:05 28 5 / 2 F35-39
3:59:47
Wichita, KS, USA
3:53:45
 "
29,MIDD=4317151231,New Year's Eve Marathon,"Allen, TX USA","December 31, 2015","David Harris (M61)
4:01:17 29 24 / 1 M60-99
4:01:08
Adrian, MI, USA
3:14:42
 "
30,MIDD=4317151231,New Year's Eve Marathon,"Allen, TX USA","December 31, 2015","Aaron Pendergraft (M34)
4:04:13 30 25 / 5 M30-34
4:04:11
Fort Collins, CO, USA
4:04:11
 "
31,MIDD=4317151231,New Year's Eve Marathon,"Allen, TX USA","December 31, 2015","James Kirk (M45)
4:06:28 31 26 / 5 M45-49
4:06:25
Trophy Club, TX, USA
3:50:35
 "
32,MIDD=4317151231,New Year's Eve Marathon,"Allen, TX USA","December 31, 2015","Brent Cunningham (M40)
4:10:19 32 27 / 5 M40-44
4:09:16
Honey Grove, TX, USA
4:03:15
 "
33,MIDD=4317151231,New Year's Eve Marathon,"Allen, TX USA","December 31, 2015","Michael Brown (M48)
4:10:20 33 28 / 6 M45-49
4:10:08
Parkville, MO, USA
3:48:04
 "
34,MIDD=4317151231,New Year's Eve Marathon,"Allen, TX USA","December 31, 2015","Shel Marchewka (M57)
4:12:46 34 29 / 4 M55-59
4:12:40
Jackson, MI, USA
3:32:08
 "
35,MIDD=4317151231,New Year's Eve Marathon,"Allen, TX USA","December 31, 2015","Debbie Gelber (F47)
4:13:04 35 6 / 1 F45-49
4:12:58
Lubbock, TX, USA
3:42:30
 "
36,MIDD=4317151231,New Year's Eve Marathon,"Allen, TX USA","December 31, 2015","Wes Hamiter (M32)
4:21:51 36 30 / 6 M30-34
4:21:35
Keller, TX, USA
4:21:35
 "
37,MIDD=4317151231,New Year's Eve Marathon,"Allen, TX USA","December 31, 2015","Jennifer Limbaugh (F39)
4:22:05 37 7 / 3 F35-39
4:22:00
Frost, TX, USA
4:11:43
 "
38,MIDD=4317151231,New Year's Eve Marathon,"Allen, TX USA","December 31, 2015","Rick Cummins (M47)
4:22:19 38 31 / 7 M45-49
4:22:14
Farmington Hills, MI, USA
4:01:12
 "
39,MIDD=4317151231,New Year's Eve Marathon,"Allen, TX USA","December 31, 2015","Sandra Haws (F33)
4:23:14 39 8 / 2 F30-34
4:21:12
Allen, TX, USA
4:19:33
 "
40,MIDD=4317151231,New Year's Eve Marathon,"Allen, TX USA","December 31, 2015","Chelsea Ross (F31)
4:27:13 40 9 / 3 F30-34
4:27:02
Coppell, TX, USA
4:26:36
 "
41,MIDD=4317151231,New Year's Eve Marathon,"Allen, TX USA","December 31, 2015","A.C. Cox (M43)
4:27:46 41 32 / 6 M40-44
4:26:08
Oklahoma City, OK, USA
4:13:19
 "
42,MIDD=4317151231,New Year's Eve Marathon,"Allen, TX USA","December 31, 2015","Logan Liles (M29)
4:27:54 42 33 / 2 M25-29
4:27:52
San Angelo, TX, USA
4:27:52
 "
43,MIDD=4317151231,New Year's Eve Marathon,"Allen, TX USA","December 31, 2015","Michael Wise (M40)
4:28:08 43 34 / 7 M40-44
4:27:58
Fort Worth, TX, USA
4:21:30
 "
44,MIDD=4317151231,New Year's Eve Marathon,"Allen, TX USA","December 31, 2015","Bill Wright (M53)
4:29:45 44 35 / 3 M50-54
4:28:59
Purvis, MS, USA
3:54:28
 "
45,MIDD=4317151231,New Year's Eve Marathon,"Allen, TX USA","December 31, 2015","Jacqueline Felan (F34)
4:30:25 45 10 / 4 F30-34
4:30:07
Highland Village, TX, USA
4:27:28
 "
46,MIDD=4317151231,New Year's Eve Marathon,"Allen, TX USA","December 31, 2015","Vanessa Antoine (F37)
4:31:17 46 11 / 4 F35-39
4:30:48
Forney, TX, USA
4:24:00
 "
47,MIDD=4317151231,New Year's Eve Marathon,"Allen, TX USA","December 31, 2015","Meghan Klement (F29)
4:31:25 47 12 / 1 F25-29
4:30:05
Mckinney, TX, USA
4:30:05
 "
48,MIDD=4317151231,New Year's Eve Marathon,"Allen, TX USA","December 31, 2015","Kathryn Rand (F47)
4:31:37 48 13 / 2 F45-49
4:31:21
Fisher, MN, USA
3:58:40
 "
49,MIDD=4317151231,New Year's Eve Marathon,"Allen, TX USA","December 31, 2015","Rowell Balais (M42)
4:37:54 49 36 / 8 M40-44
4:37:33
Frisco, TX, USA
4:26:25
 "
50,MIDD=4317151231,New Year's Eve Marathon,"Allen, TX USA","December 31, 2015","Ken Fattmann (M60)
4:39:02 50 37 / 2 M60-99
4:38:32
Bentonville, AR, USA
3:47:08
 "
51,MIDD=4317151231,New Year's Eve Marathon,"Allen, TX USA","December 31, 2015","Dan Hash (M54)
4:41:11 51 38 / 4 M50-54
4:41:03
Englewood, CO, USA
4:02:44
 "
52,MIDD=4317151231,New Year's Eve Marathon,"Allen, TX USA","December 31, 2015","Sheila Beermann (F53)
4:41:42 52 14 / 1 F50-54
4:40:27
Elk Point, SD, USA
3:48:20
 "
53,MIDD=4317151231,New Year's Eve Marathon,"Allen, TX USA","December 31, 2015","Donna Wagner (F53)
4:42:10 53 15 / 2 F50-54
4:41:54
Pittsboro, IN, USA
3:49:31
 "
54,MIDD=4317151231,New Year's Eve Marathon,"Allen, TX USA","December 31, 2015","Michael Ewton (M55)
4:43:36 54 39 / 5 M55-59
4:43:30
Allen, TX, USA
4:02:33
 "
55,MIDD=4317151231,New Year's Eve Marathon,"Allen, TX USA","December 31, 2015","Jennifer Van Vlack (F30)
4:45:22 55 16 / 5 F30-34
4:43:16
Roanoke, TX, USA
4:43:09
 "
56,MIDD=4317151231,New Year's Eve Marathon,"Allen, TX USA","December 31, 2015","Omar Kashmiri (M35)
4:49:13 56 40 / 1 M35-39
4:49:09
Cameron, NC, USA
4:49:09
 "
57,MIDD=4317151231,New Year's Eve Marathon,"Allen, TX USA","December 31, 2015","Juan Cid (M21)
4:54:21 57 41 / 1 M20-24
4:54:18
Princeton, TX, USA
4:52:58
 "
58,MIDD=4317151231,New Year's Eve Marathon,"Allen, TX USA","December 31, 2015","William L Marshall (M62)
4:57:05 58 42 / 3 M60-99
4:57:01
Mesquite, TX, USA
3:57:27
 "
59,MIDD=4317151231,New Year's Eve Marathon,"Allen, TX USA","December 31, 2015","Timothy Noeske (M51)
4:58:02 59 43 / 5 M50-54
4:57:24
Allen, TX, USA
4:24:00
 "
60,MIDD=4317151231,New Year's Eve Marathon,"Allen, TX USA","December 31, 2015","Isabelle Ulfig (F55)
4:59:36 60 17 / 1 F55-59
4:58:28
Boerne, TX, USA
3:56:30
 "
61,MIDD=4317151231,New Year's Eve Marathon,"Allen, TX USA","December 31, 2015","Michelle Burton (F37)
4:59:51 61 18 / 5 F35-39
4:59:16
Katy, TX, USA
4:51:45
 "
62,MIDD=4317151231,New Year's Eve Marathon,"Allen, TX USA","December 31, 2015","Rob Robertson (M52)
5:00:17 62 44 / 6 M50-54
4:59:26
Burneyville, OK, USA
4:23:24
 "
63,MIDD=4317151231,New Year's Eve Marathon,"Allen, TX USA","December 31, 2015","Azadeh Smeltzer-Azad (F55)
5:03:10 63 19 / 2 F55-59
5:03:07
Philadelphia, PA, USA
4:00:11
 "
64,MIDD=4317151231,New Year's Eve Marathon,"Allen, TX USA","December 31, 2015","Jolene Aden (F39)
5:03:21 64 20 / 6 F35-39
5:02:04
Mckinney, TX, USA
4:50:13
 "
65,MIDD=4317151231,New Year's Eve Marathon,"Allen, TX USA","December 31, 2015","Mike Yakubovsky (M43)
5:04:36 65 45 / 9 M40-44
5:03:21
Flower Mound, TX, USA
4:48:45
 "
66,MIDD=4317151231,New Year's Eve Marathon,"Allen, TX USA","December 31, 2015","Claudia Zuazua (F42)
5:05:27 66 21 / 1 F40-44
5:05:19
Nolensville, TN, USA
4:45:04
 "
67,MIDD=4317151231,New Year's Eve Marathon,"Allen, TX USA","December 31, 2015","Daryl Thul (M50)
5:05:57 67 46 / 7 M50-54
5:02:36
Balaton, MN, USA
4:31:02
 "
68,MIDD=4317151231,New Year's Eve Marathon,"Allen, TX USA","December 31, 2015","Christie Turner (F32)
5:06:41 68 22 / 6 F30-34
5:06:23
Rowlett, TX, USA
5:05:18
 "
69,MIDD=4317151231,New Year's Eve Marathon,"Allen, TX USA","December 31, 2015","Xinji Li (M66)
5:07:34 69 47 / 4 M60-99
5:07:25
Plano, TX, USA
3:55:54
 "
70,MIDD=4317151231,New Year's Eve Marathon,"Allen, TX USA","December 31, 2015","Paul Beaty (M26)
5:09:17 70 48 / 3 M25-29
5:09:10
Denton, TX, USA
5:09:10
 "
71,MIDD=4317151231,New Year's Eve Marathon,"Allen, TX USA","December 31, 2015","Glen Stanley (M42)
5:09:29 71 49 / 10 M40-44
5:09:23
Norman, OK, USA
4:56:58
 "
72,MIDD=4317151231,New Year's Eve Marathon,"Allen, TX USA","December 31, 2015","Adam Minton (M32)
5:11:56 72 50 / 7 M30-34
5:11:46
Frisco, TX, USA
5:11:46
 "
73,MIDD=4317151231,New Year's Eve Marathon,"Allen, TX USA","December 31, 2015","Tom Hosner (M65)
5:12:30 73 51 / 5 M60-99
5:10:43
Trabuco Canyon, CA, USA
4:00:55
 "
74,MIDD=4317151231,New Year's Eve Marathon,"Allen, TX USA","December 31, 2015","Ignacio Alaniz Jr (M40)
5:13:44 74 52 / 11 M40-44
5:12:09
Mcallen, TX, USA
5:04:37
 "
75,MIDD=4317151231,New Year's Eve Marathon,"Allen, TX USA","December 31, 2015","Steve Hughes (M67)
5:14:25 75 53 / 6 M60-99
5:12:54
Little Rock, AR, USA
3:57:36
 "
76,MIDD=4317151231,New Year's Eve Marathon,"Allen, TX USA","December 31, 2015","Maxine Estrada (F24)
5:15:36 76 23 / 1 F20-24
5:15:28
Mckinney, TX, USA
5:15:28
 "
77,MIDD=4317151231,New Year's Eve Marathon,"Allen, TX USA","December 31, 2015","Lindsay Parsons (F32)
5:17:44 77 24 / 7 F30-34
5:17:37
Royse City, TX, USA
5:16:30
 "
78,MIDD=4317151231,New Year's Eve Marathon,"Allen, TX USA","December 31, 2015","Josee Mcvadon (F39)
5:17:53 78 25 / 7 F35-39
5:17:50
Abilene, TX, USA
5:05:22
 "
79,MIDD=4317151231,New Year's Eve Marathon,"Allen, TX USA","December 31, 2015","Gabriella Mccord (F47)
5:17:56 79 26 / 3 F45-49
5:16:20
Coppell, TX, USA
4:38:14
 "
80,MIDD=4317151231,New Year's Eve Marathon,"Allen, TX USA","December 31, 2015","Michael Doherty (M37)
5:18:22 80 54 / 2 M35-39
5:18:10
Austin, TX, USA
5:16:53
 "
81,MIDD=4317151231,New Year's Eve Marathon,"Allen, TX USA","December 31, 2015","Susan Ketchum (F59)
5:18:44 81 27 / 3 F55-59
5:18:40
Centennial, CO, USA
3:58:37
 "
82,MIDD=4317151231,New Year's Eve Marathon,"Allen, TX USA","December 31, 2015","Andreas Thul (M21)
5:21:05 82 55 / 2 M20-24
5:17:44
Balaton, MN, USA
5:16:18
 "
83,MIDD=4317151231,New Year's Eve Marathon,"Allen, TX USA","December 31, 2015","Pingshan Wen (M49)
5:21:54 83 56 / 8 M45-49
5:21:39
Allen, TX, USA
4:50:42
 "
84,MIDD=4317151231,New Year's Eve Marathon,"Allen, TX USA","December 31, 2015","Michael Storey (M41)
5:22:06 84 57 / 12 M40-44
5:19:33
Benton, AR, USA
5:09:17
 "
85,MIDD=4317151231,New Year's Eve Marathon,"Allen, TX USA","December 31, 2015","Mark Evans (M53)
5:23:17 85 58 / 8 M50-54
5:23:00
Hurst, TX, USA
4:41:33
 "
86,MIDD=4317151231,New Year's Eve Marathon,"Allen, TX USA","December 31, 2015","Joel Tan (M41)
5:24:30 86 59 / 13 M40-44
5:24:20
Allen, TX, USA
5:13:55
 "
87,MIDD=4317151231,New Year's Eve Marathon,"Allen, TX USA","December 31, 2015","Bruce Gardner (M46)
5:26:54 87 60 / 9 M45-49
5:26:45
Mckinney, TX, USA
5:03:09
 "
88,MIDD=4317151231,New Year's Eve Marathon,"Allen, TX USA","December 31, 2015","Avi Mitzner (M46)
5:30:35 88 61 / 10 M45-49
5:29:31
Allen, TX, USA
5:05:43
 "
89,MIDD=4317151231,New Year's Eve Marathon,"Allen, TX USA","December 31, 2015","Dan Barringer (M55)
5:35:20 89 62 / 6 M55-59
5:35:14
Allen, TX, USA
4:46:49
 "
90,MIDD=4317151231,New Year's Eve Marathon,"Allen, TX USA","December 31, 2015","Jesse Qiao (M31)
5:39:36 90 63 / 8 M30-34
5:39:31
San Antonio, TX, USA
5:39:31
 "
91,MIDD=4317151231,New Year's Eve Marathon,"Allen, TX USA","December 31, 2015","Frank Bireley (M54)
5:42:20 91 64 / 9 M50-54
5:41:39
Plano, TX, USA
4:55:04
 "
92,MIDD=4317151231,New Year's Eve Marathon,"Allen, TX USA","December 31, 2015","Charlie Bourbeau (M45)
5:42:23 92 65 / 11 M45-49
5:41:01
Caney, OK, USA
5:19:07
 "
93,MIDD=4317151231,New Year's Eve Marathon,"Allen, TX USA","December 31, 2015","Gary Crawford (M61)
5:42:33 93 66 / 7 M60-99
5:42:14
Plano, TX, USA
4:36:21
 "
94,MIDD=4317151231,New Year's Eve Marathon,"Allen, TX USA","December 31, 2015","Lesley Doll (F38)
5:43:32 94 28 / 8 F35-39
5:43:23
Holliston, MA, USA
5:32:27
 "
95,MIDD=4317151231,New Year's Eve Marathon,"Allen, TX USA","December 31, 2015","Darren Dukart (M38)
5:46:12 95 67 / 4 MClydesdale
5:45:57
Colorado Springs, CO, USA
5:42:50
 "
96,MIDD=4317151231,New Year's Eve Marathon,"Allen, TX USA","December 31, 2015","Janet Marshall (F61)
5:47:17 96 29 / 1 F60-99
5:47:07
Mesquite, TX, USA
4:12:10
 "
97,MIDD=4317151231,New Year's Eve Marathon,"Allen, TX USA","December 31, 2015","Joshua Miller (M41)
5:48:31 97 68 / 14 M40-44
5:48:26
Heath, OH, USA
5:37:14
 "
98,MIDD=4317151231,New Year's Eve Marathon,"Allen, TX USA","December 31, 2015","Nicholas Onaca (M53)
5:53:19 98 69 / 10 M50-54
5:51:59
Southlake, TX, USA
5:06:49
 "
99,MIDD=4317151231,New Year's Eve Marathon,"Allen, TX USA","December 31, 2015","Harold Toomey (M52)
5:53:20 99 70 / 11 M50-54
5:53:00
Mckinney, TX, USA
5:10:32
 "
100,MIDD=4317151231,New Year's Eve Marathon,"Allen, TX USA","December 31, 2015","Betty Campbell (F61)
5:54:36 100 30 / 2 F60-99
5:54:15
Andover, KS, USA
4:17:21
 "
101,MIDD=4317151231,New Year's Eve Marathon,"Allen, TX USA","December 31, 2015","Jayme Butts-Hall (F34)
5:55:44 101 31 / 8 F30-34
5:55:11
Alexander, AR, USA
5:51:42
 "
102,MIDD=4317151231,New Year's Eve Marathon,"Allen, TX USA","December 31, 2015","David Loren Fuller (M47)
5:56:16 102 71 / 12 M45-49
5:56:11
Allen, TX, USA
5:27:37
 "
103,MIDD=4317151231,New Year's Eve Marathon,"Allen, TX USA","December 31, 2015","Sheldon Samuels (M52)
5:56:19 103 72 / 12 M50-54
5:56:04
Plano, TX, USA
5:13:13
 "
104,MIDD=4317151231,New Year's Eve Marathon,"Allen, TX USA","December 31, 2015","Chris Hall (M36)
5:57:44 104 73 / 3 M35-39
5:55:10
Alexander, AR, USA
5:54:48
 "
105,MIDD=4317151231,New Year's Eve Marathon,"Allen, TX USA","December 31, 2015","Angela Tortorice (F48)
5:59:05 105 32 / 4 F45-49
5:59:00
Dallas, TX, USA
5:11:51
 "
106,MIDD=4317151231,New Year's Eve Marathon,"Allen, TX USA","December 31, 2015","Matthew Fortner (M33)
5:59:39 106 74 / 5 MClydesdale
5:59:33
Republic, MO, USA
5:59:33
 "
107,MIDD=4317151231,New Year's Eve Marathon,"Allen, TX USA","December 31, 2015","William Hoffman (M51)
6:13:33 107 75 / 13 M50-54
6:13:24
Springfield, IL, USA
5:31:28
 "
108,MIDD=4317151231,New Year's Eve Marathon,"Allen, TX USA","December 31, 2015","Michael York (M38)
6:14:02 108 76 / 6 MClydesdale
6:12:10
Cameron, NC, USA
6:08:49
 "
109,MIDD=4317151231,New Year's Eve Marathon,"Allen, TX USA","December 31, 2015","Sandra Whisnant (F51)
6:20:53 109 33 / 3 F50-54
6:20:31
Baton Rouge, LA, USA
5:18:06
 "
110,MIDD=4317151231,New Year's Eve Marathon,"Allen, TX USA","December 31, 2015","Erika Mehdizadeh (F36)
6:24:54 110 34 / 9 F35-39
6:24:50
Dallas, TX, USA
6:17:26
 "
111,MIDD=4317151231,New Year's Eve Marathon,"Allen, TX USA","December 31, 2015","Tara Begoon (F27)
6:25:00 111 35 / 1 FAthena
6:24:25
Benton, AR, USA
6:24:25
 "
112,MIDD=4317151231,New Year's Eve Marathon,"Allen, TX USA","December 31, 2015","William Sommers (M61)
6:37:07 112 77 / 8 M60-99
6:36:08
Plano, TX, USA
5:19:52
 "
113,MIDD=4317151231,New Year's Eve Marathon,"Allen, TX USA","December 31, 2015","Evelyn Smith (F55)
6:40:26 113 36 / 4 F55-59
6:40:14
Rockford, IL, USA
5:17:08
 "
114,MIDD=4317151231,New Year's Eve Marathon,"Allen, TX USA","December 31, 2015","Charles Taylor (M61)
6:50:40 114 78 / 7 MClydesdale
6:50:17
Calgary, AB, Canada
5:31:18
 "
115,MIDD=4317151231,New Year's Eve Marathon,"Allen, TX USA","December 31, 2015","Aimee Golden (F39)
6:54:31 115 37 / 10 F35-39
6:54:20
Joplin, MO, USA
6:38:05
 "
116,MIDD=4317151231,New Year's Eve Marathon,"Allen, TX USA","December 31, 2015","Brenda Hall (F52)
7:02:02 116 38 / 4 F50-54
7:01:16
Ripley, TN, USA
5:47:35
 "
