,race_id,race,location,date,runners
0,MIDD=3304151107,Rim Rock Marathon,"Fruita, CO USA","November 7, 2015","Richard Hannu (M37)
5:41:10 1101 625 / 83 M35-39
5:38:42
5:37:21
 "
1,MIDD=3304151107,Rim Rock Marathon,"Fruita, CO USA","November 7, 2015","Christina Kusumoto (F50)
5:41:09 1102 477 / 44 F50-54
5:39:07
4:47:12
 "
2,MIDD=3304151107,Rim Rock Marathon,"Fruita, CO USA","November 7, 2015","Helen Park (F69)
5:39:14 1103 478 / 6 F65-69
5:39:09
3:33:16
 "
3,MIDD=3304151107,Rim Rock Marathon,"Fruita, CO USA","November 7, 2015","Demetrio Tindoy (M55)
5:40:42 1104 626 / 66 M55-59
5:39:16
4:50:16
 "
4,MIDD=3304151107,Rim Rock Marathon,"Fruita, CO USA","November 7, 2015","Edna Tindoy (F58)
5:40:43 1105 479 / 35 F55-59
5:39:18
4:17:46
 "
5,MIDD=3304151107,Rim Rock Marathon,"Fruita, CO USA","November 7, 2015","Young Soo Bae (M59)
5:42:03 1106 627 / 67 M55-59
5:39:33
4:39:39
 "
6,MIDD=3304151107,Rim Rock Marathon,"Fruita, CO USA","November 7, 2015","Vanessa Kline (F34)
5:42:21 1107 480 / 65 F30-34
5:39:48
5:36:28
 "
7,MIDD=3304151107,Rim Rock Marathon,"Fruita, CO USA","November 7, 2015","Kimberly Knox (F42)
5:42:19 1108 481 / 90 F40-44
5:39:57
5:17:25
 "
8,MIDD=3304151107,Rim Rock Marathon,"Fruita, CO USA","November 7, 2015","Karen Vollan (F46)
5:42:28 1109 482 / 77 F45-49
5:39:59
5:02:45
 "
9,MIDD=3304151107,Rim Rock Marathon,"Fruita, CO USA","November 7, 2015","Caroline Shahin (F56)
5:42:13 1110 483 / 36 F55-59
5:40:14
4:25:53
 "
10,MIDD=3304151107,Rim Rock Marathon,"Fruita, CO USA","November 7, 2015","Rydell Rabor (M40)
5:42:50 1111 628 / 97 M40-44
5:40:43
5:32:30
 "
11,MIDD=3304151107,Rim Rock Marathon,"Fruita, CO USA","November 7, 2015","Teresa Sasnett (F53)
5:41:39 1112 484 / 45 F50-54
5:40:49
4:37:29
 "
12,MIDD=3304151107,Rim Rock Marathon,"Fruita, CO USA","November 7, 2015","Michael Carbuto (F)
5:41:38 1113 485 / 4 F0-18
5:41:04
 
 "
13,MIDD=3304151107,Rim Rock Marathon,"Fruita, CO USA","November 7, 2015","Tevia Lindow (F41)
5:43:17 1114 486 / 91 F40-44
5:41:06
5:21:50
 "
14,MIDD=3304151107,Rim Rock Marathon,"Fruita, CO USA","November 7, 2015","Jennifer Burris (F30)
5:42:50 1115 487 / 66 F30-34
5:41:42
5:41:34
 "
15,MIDD=3304151107,Rim Rock Marathon,"Fruita, CO USA","November 7, 2015","Claudia Ward (F48)
5:42:22 1116 488 / 78 F45-49
5:41:52
4:56:59
 "
16,MIDD=3304151107,Rim Rock Marathon,"Fruita, CO USA","November 7, 2015","Jesse Ceja (M44)
5:43:53 1117 629 / 98 M40-44
5:42:07
5:22:55
 "
17,MIDD=3304151107,Rim Rock Marathon,"Fruita, CO USA","November 7, 2015","Karie Morgan (F40)
5:45:33 1118 489 / 92 F40-44
5:43:05
5:26:49
 "
18,MIDD=3304151107,Rim Rock Marathon,"Fruita, CO USA","November 7, 2015","Parker Dunkley (M24)
5:45:03 1119 630 / 18 M19-24
5:43:20
5:43:20
 "
19,MIDD=3304151107,Rim Rock Marathon,"Fruita, CO USA","November 7, 2015","Charles Sayles (M78)
5:44:55 1120 631 / 6 M70-120
5:43:29
3:43:46
 "
20,MIDD=3304151107,Rim Rock Marathon,"Fruita, CO USA","November 7, 2015","Marcelo Moncada (M56)
5:46:06 1121 632 / 68 M55-59
5:44:01
4:51:35
 "
21,MIDD=3304151107,Rim Rock Marathon,"Fruita, CO USA","November 7, 2015","Mary Span (F24)
5:46:52 1122 490 / 20 F19-24
5:44:14
5:44:14
 "
22,MIDD=3304151107,Rim Rock Marathon,"Fruita, CO USA","November 7, 2015","Karl-Peter Hammer (M32)
5:46:46 1123 633 / 63 M30-34
5:44:29
5:44:29
 "
23,MIDD=3304151107,Rim Rock Marathon,"Fruita, CO USA","November 7, 2015","Rachel Hammer (F30)
5:46:47 1124 491 / 67 F30-34
5:44:29
5:44:21
 "
24,MIDD=3304151107,Rim Rock Marathon,"Fruita, CO USA","November 7, 2015","Angela Cassidy (F48)
5:47:44 1125 492 / 79 F45-49
5:44:33
4:59:19
 "
25,MIDD=3304151107,Rim Rock Marathon,"Fruita, CO USA","November 7, 2015","Raul Romero (M64)
5:47:51 1126 634 / 41 M60-64
5:46:22
4:31:23
 "
26,MIDD=3304151107,Rim Rock Marathon,"Fruita, CO USA","November 7, 2015","Christine Kaufman (F44)
5:49:32 1127 493 / 93 F40-44
5:47:04
5:16:38
 "
27,MIDD=3304151107,Rim Rock Marathon,"Fruita, CO USA","November 7, 2015","Kimberly Martinez (F43)
5:49:32 1128 494 / 94 F40-44
5:47:05
5:20:25
 "
28,MIDD=3304151107,Rim Rock Marathon,"Fruita, CO USA","November 7, 2015","Carmen Bravo (F33)
5:48:38 1129 495 / 68 F30-34
5:47:07
5:44:56
 "
29,MIDD=3304151107,Rim Rock Marathon,"Fruita, CO USA","November 7, 2015","Miguel Garcia (M63)
5:47:55 1130 635 / 42 M60-64
5:47:09
4:34:46
 "
30,MIDD=3304151107,Rim Rock Marathon,"Fruita, CO USA","November 7, 2015","Natalie Ehrlich (F58)
5:49:06 1131 496 / 37 F55-59
5:47:30
4:23:59
 "
31,MIDD=3304151107,Rim Rock Marathon,"Fruita, CO USA","November 7, 2015","Dennis Mori (M68)
5:48:44 1132 636 / 24 M65-69
5:47:52
4:21:23
 "
32,MIDD=3304151107,Rim Rock Marathon,"Fruita, CO USA","November 7, 2015","Bradley Schwartz (M65)
5:49:35 1133 637 / 25 M65-69
5:48:08
4:29:56
 "
33,MIDD=3304151107,Rim Rock Marathon,"Fruita, CO USA","November 7, 2015","Theresa Adams (F34)
5:50:38 1134 497 / 69 F30-34
5:48:09
5:44:44
 "
34,MIDD=3304151107,Rim Rock Marathon,"Fruita, CO USA","November 7, 2015","Honglien Nguyen (F54)
5:48:38 1135 498 / 46 F50-54
5:48:36
4:40:02
 "
35,MIDD=3304151107,Rim Rock Marathon,"Fruita, CO USA","November 7, 2015","Chulsub Song (M56)
5:51:39 1136 638 / 69 M55-59
5:48:52
4:55:42
 "
36,MIDD=3304151107,Rim Rock Marathon,"Fruita, CO USA","November 7, 2015","Alicia Miramontez (F38)
5:51:27 1137 499 / 73 F35-39
5:49:11
5:38:05
 "
37,MIDD=3304151107,Rim Rock Marathon,"Fruita, CO USA","November 7, 2015","Maria-Renee Pledger (F59)
5:49:59 1138 500 / 38 F55-59
5:49:15
4:21:31
 "
38,MIDD=3304151107,Rim Rock Marathon,"Fruita, CO USA","November 7, 2015","Victoria Gonzalez (F40)
5:50:10 1139 501 / 95 F40-44
5:49:27
5:32:53
 "
39,MIDD=3304151107,Rim Rock Marathon,"Fruita, CO USA","November 7, 2015","Steve Hwang (M72)
5:51:21 1140 639 / 7 M70-120
5:50:21
4:11:43
 "
40,MIDD=3304151107,Rim Rock Marathon,"Fruita, CO USA","November 7, 2015","Kimberly Cuadra (F41)
5:53:50 1141 502 / 96 F40-44
5:51:32
5:31:40
 "
41,MIDD=3304151107,Rim Rock Marathon,"Fruita, CO USA","November 7, 2015","Amy Ehlers (F40)
5:53:10 1142 503 / 97 F40-44
5:51:57
5:35:16
 "
42,MIDD=3304151107,Rim Rock Marathon,"Fruita, CO USA","November 7, 2015","Raul Dela rosa (M60)
5:54:26 1143 640 / 43 M60-64
5:52:14
4:47:15
 "
43,MIDD=3304151107,Rim Rock Marathon,"Fruita, CO USA","November 7, 2015","Rosalinda Garnica (F42)
5:54:52 1144 504 / 98 F40-44
5:52:25
5:29:03
 "
44,MIDD=3304151107,Rim Rock Marathon,"Fruita, CO USA","November 7, 2015","Rhett Monson (M48)
5:55:15 1145 641 / 98 M45-49
5:52:43
5:21:36
 "
45,MIDD=3304151107,Rim Rock Marathon,"Fruita, CO USA","November 7, 2015","William Kim (M67)
5:54:01 1146 642 / 26 M65-69
5:52:53
4:27:59
 "
46,MIDD=3304151107,Rim Rock Marathon,"Fruita, CO USA","November 7, 2015","Ashley DeLean (F28)
5:53:57 1147 505 / 49 F25-29
5:53:09
5:53:09
 "
47,MIDD=3304151107,Rim Rock Marathon,"Fruita, CO USA","November 7, 2015","Jennifer Watson (F45)
5:55:45 1148 506 / 80 F45-49
5:54:05
5:19:11
 "
48,MIDD=3304151107,Rim Rock Marathon,"Fruita, CO USA","November 7, 2015","Young Kim (F64)
5:54:27 1149 507 / 20 F60-64
5:54:22
4:05:03
 "
49,MIDD=3304151107,Rim Rock Marathon,"Fruita, CO USA","November 7, 2015","Adi Mehta (M26)
5:55:11 1150 643 / 36 M25-29
5:54:50
5:54:50
 "
50,MIDD=3304151107,Rim Rock Marathon,"Fruita, CO USA","November 7, 2015","David Park (M58)
5:56:24 1151 644 / 70 M55-59
5:55:09
4:55:20
 "
51,MIDD=3304151107,Rim Rock Marathon,"Fruita, CO USA","November 7, 2015","Corrina Siciliano (F41)
5:57:54 1152 508 / 99 F40-44
5:55:22
5:35:17
 "
52,MIDD=3304151107,Rim Rock Marathon,"Fruita, CO USA","November 7, 2015","Angela Jolliffe (F42)
5:57:58 1153 509 / 100 F40-44
5:55:23
5:31:50
 "
53,MIDD=3304151107,Rim Rock Marathon,"Fruita, CO USA","November 7, 2015","Dougg Healy (M62)
5:57:39 1154 645 / 44 M60-64
5:55:45
4:44:25
 "
54,MIDD=3304151107,Rim Rock Marathon,"Fruita, CO USA","November 7, 2015","Angelica Bui (F44)
5:59:00 1155 510 / 101 F40-44
5:57:15
5:25:55
 "
55,MIDD=3304151107,Rim Rock Marathon,"Fruita, CO USA","November 7, 2015","Anthony Buen (M48)
6:00:23 1156 646 / 99 M45-49
5:58:13
5:26:37
 "
56,MIDD=3304151107,Rim Rock Marathon,"Fruita, CO USA","November 7, 2015","Ivan Zarate II (M25)
6:01:22 1157 647 / 37 M25-29
5:58:22
5:58:22
 "
57,MIDD=3304151107,Rim Rock Marathon,"Fruita, CO USA","November 7, 2015","Jessica Rosales (F30)
6:01:23 1158 511 / 70 F30-34
5:58:23
5:58:15
 "
58,MIDD=3304151107,Rim Rock Marathon,"Fruita, CO USA","November 7, 2015","Crystal Zarate (F20)
6:01:22 1159 512 / 21 F19-24
5:58:23
5:58:08
 "
59,MIDD=3304151107,Rim Rock Marathon,"Fruita, CO USA","November 7, 2015","Leslie Pegnatori (F47)
5:59:36 1160 513 / 81 F45-49
5:59:28
5:16:11
 "
60,MIDD=3304151107,Rim Rock Marathon,"Fruita, CO USA","November 7, 2015","Willie De Guzman (M48)
6:03:45 1161 648 / 100 M45-49
6:01:40
5:29:46
 "
61,MIDD=3304151107,Rim Rock Marathon,"Fruita, CO USA","November 7, 2015","Tony Chen (M40)
6:02:22 1162 649 / 99 M40-44
6:02:11
5:53:27
 "
62,MIDD=3304151107,Rim Rock Marathon,"Fruita, CO USA","November 7, 2015","Dean Deme (M46)
6:04:07 1163 650 / 101 M45-49
6:02:43
5:36:31
 "
63,MIDD=3304151107,Rim Rock Marathon,"Fruita, CO USA","November 7, 2015","Tina Kambarian (F49)
6:05:50 1164 514 / 82 F45-49
6:03:30
5:11:49
 "
64,MIDD=3304151107,Rim Rock Marathon,"Fruita, CO USA","November 7, 2015","Nubia Roxana Martinez (F37)
6:05:41 1165 515 / 74 F35-39
6:03:38
5:54:30
 "
65,MIDD=3304151107,Rim Rock Marathon,"Fruita, CO USA","November 7, 2015","Kay Chhoeu (F44)
6:05:41 1166 516 / 102 F40-44
6:03:48
5:31:54
 "
66,MIDD=3304151107,Rim Rock Marathon,"Fruita, CO USA","November 7, 2015","Dave Evans (M58)
6:05:45 1167 651 / 71 M55-59
6:03:50
5:02:34
 "
67,MIDD=3304151107,Rim Rock Marathon,"Fruita, CO USA","November 7, 2015","Sylvia Varela (F50)
6:05:27 1168 517 / 47 F50-54
6:04:09
5:08:24
 "
68,MIDD=3304151107,Rim Rock Marathon,"Fruita, CO USA","November 7, 2015","Kelley Kassounian (F44)
6:05:22 1169 518 / 103 F40-44
6:04:14
5:32:18
 "
69,MIDD=3304151107,Rim Rock Marathon,"Fruita, CO USA","November 7, 2015","Susan Covarrubias (F41)
6:05:22 1170 519 / 104 F40-44
6:04:17
5:43:42
 "
70,MIDD=3304151107,Rim Rock Marathon,"Fruita, CO USA","November 7, 2015","Trillium Smith (M25)
6:04:52 1171 652 / 38 M25-29
6:04:33
6:04:33
 "
71,MIDD=3304151107,Rim Rock Marathon,"Fruita, CO USA","November 7, 2015","Jacqueline Kanuha (F42)
6:07:14 1172 520 / 105 F40-44
6:04:40
5:40:29
 "
72,MIDD=3304151107,Rim Rock Marathon,"Fruita, CO USA","November 7, 2015","Christoph Gonzalez (M24)
6:06:52 1173 653 / 19 M19-24
6:05:10
6:05:10
 "
73,MIDD=3304151107,Rim Rock Marathon,"Fruita, CO USA","November 7, 2015","Alfa Severino (F41)
6:07:55 1174 521 / 106 F40-44
6:05:11
5:44:33
 "
74,MIDD=3304151107,Rim Rock Marathon,"Fruita, CO USA","November 7, 2015","John Schilling (M75)
6:07:54 1175 654 / 8 M70-120
6:05:17
4:11:23
 "
75,MIDD=3304151107,Rim Rock Marathon,"Fruita, CO USA","November 7, 2015","Regan Lambert (F36)
6:08:28 1176 522 / 75 F35-39
6:06:09
5:59:07
 "
76,MIDD=3304151107,Rim Rock Marathon,"Fruita, CO USA","November 7, 2015","John Williams (M78)
6:09:00 1177 655 / 9 M70-120
6:06:51
3:59:00
 "
77,MIDD=3304151107,Rim Rock Marathon,"Fruita, CO USA","November 7, 2015","Kristol Clyde (F35)
6:10:00 1178 523 / 76 F35-39
6:07:40
6:02:28
 "
78,MIDD=3304151107,Rim Rock Marathon,"Fruita, CO USA","November 7, 2015","Enrique Magtibay (M65)
6:10:05 1179 656 / 27 M65-69
6:07:59
4:45:20
 "
79,MIDD=3304151107,Rim Rock Marathon,"Fruita, CO USA","November 7, 2015","Jaime Looney (F29)
6:10:58 1180 524 / 50 F25-29
6:08:33
6:08:33
 "
80,MIDD=3304151107,Rim Rock Marathon,"Fruita, CO USA","November 7, 2015","Rosa Nelly Garza (F63)
6:11:13 1181 525 / 21 F60-64
6:09:44
4:20:04
 "
81,MIDD=3304151107,Rim Rock Marathon,"Fruita, CO USA","November 7, 2015","Lilliana Jimenez (F30)
6:13:28 1182 526 / 71 F30-34
6:10:58
6:10:49
 "
82,MIDD=3304151107,Rim Rock Marathon,"Fruita, CO USA","November 7, 2015","Kathleen Concialdi (F32)
6:12:28 1183 527 / 72 F30-34
6:10:59
6:09:41
 "
83,MIDD=3304151107,Rim Rock Marathon,"Fruita, CO USA","November 7, 2015","Caitlyn Ward (F25)
6:14:17 1184 528 / 51 F25-29
6:11:40
6:11:40
 "
84,MIDD=3304151107,Rim Rock Marathon,"Fruita, CO USA","November 7, 2015","Christopher King (M53)
6:14:24 1185 657 / 98 M50-54
6:11:50
5:24:08
 "
85,MIDD=3304151107,Rim Rock Marathon,"Fruita, CO USA","November 7, 2015","Alicia Wynn (F49)
6:14:37 1186 529 / 83 F45-49
6:12:05
5:19:11
 "
86,MIDD=3304151107,Rim Rock Marathon,"Fruita, CO USA","November 7, 2015","Angelina Rivera (F35)
6:14:44 1187 530 / 77 F35-39
6:12:10
6:06:55
 "
87,MIDD=3304151107,Rim Rock Marathon,"Fruita, CO USA","November 7, 2015","Catherine VanMarter (F40)
6:12:28 1188 531 / 107 F40-44
6:12:19
5:54:40
 "
88,MIDD=3304151107,Rim Rock Marathon,"Fruita, CO USA","November 7, 2015","Jason David (M42)
6:14:37 1189 658 / 100 M40-44
6:12:40
5:57:44
 "
89,MIDD=3304151107,Rim Rock Marathon,"Fruita, CO USA","November 7, 2015","Rizal Montoya (M56)
6:14:53 1190 659 / 72 M55-59
6:12:59
5:16:08
 "
90,MIDD=3304151107,Rim Rock Marathon,"Fruita, CO USA","November 7, 2015","Dexter Emoto (M61)
6:13:57 1191 660 / 45 M60-64
6:13:05
5:01:16
 "
91,MIDD=3304151107,Rim Rock Marathon,"Fruita, CO USA","November 7, 2015","Adele Rivera (F44)
6:15:15 1192 532 / 108 F40-44
6:13:10
5:40:26
 "
92,MIDD=3304151107,Rim Rock Marathon,"Fruita, CO USA","November 7, 2015","Chris Park (M47)
6:15:20 1193 661 / 102 M45-49
6:13:12
5:43:16
 "
93,MIDD=3304151107,Rim Rock Marathon,"Fruita, CO USA","November 7, 2015","Vivian Lumanta (F52)
6:15:14 1194 533 / 48 F50-54
6:13:12
5:07:56
 "
94,MIDD=3304151107,Rim Rock Marathon,"Fruita, CO USA","November 7, 2015","Farooq Ali Khan (M35)
6:15:51 1195 662 / 84 M35-39
6:13:30
6:13:30
 "
95,MIDD=3304151107,Rim Rock Marathon,"Fruita, CO USA","November 7, 2015","Susy Vargas (F40)
6:15:11 1196 534 / 109 F40-44
6:13:42
5:55:59
 "
96,MIDD=3304151107,Rim Rock Marathon,"Fruita, CO USA","November 7, 2015","Nikolas Lee (M18)
6:14:06 1197 663 / 3 M1-18
6:13:48
5:59:24
 "
97,MIDD=3304151107,Rim Rock Marathon,"Fruita, CO USA","November 7, 2015","Arcelia Gamez (F46)
6:14:53 1198 535 / 84 F45-49
6:13:54
5:32:57
 "
98,MIDD=3304151107,Rim Rock Marathon,"Fruita, CO USA","November 7, 2015","Patti Gutierrez (F55)
6:15:42 1199 536 / 39 F55-59
6:15:06
4:57:13
 "
