,race_id,race,location,date,runners
0,MIDD=5334151213,McAllen Marathon,"McAllen, TX USA","December 13, 2015","

Have you run this race?Then tell us about it.

Last Name, First Name(Sex/Age)
Time OverAllPlace
Sex Place/Div Place
DIV BQ*"
1,MIDD=5334151213,McAllen Marathon,"McAllen, TX USA","December 13, 2015","Unknown Runner (M)
3:17:55 1 1 / 1 Mopen
 "
2,MIDD=5334151213,McAllen Marathon,"McAllen, TX USA","December 13, 2015","Alex Jimenez (M)
3:20:16 2 2 / 2 Mopen
 "
3,MIDD=5334151213,McAllen Marathon,"McAllen, TX USA","December 13, 2015","Horacio Flores (M)
3:21:00 3 3 / 3 Mopen
 "
4,MIDD=5334151213,McAllen Marathon,"McAllen, TX USA","December 13, 2015","Salvador Cornejo (M)
3:23:31 4 4 / 1 M20-29
 "
5,MIDD=5334151213,McAllen Marathon,"McAllen, TX USA","December 13, 2015","Basilio Mendoza (M)
3:23:36 5 5 / 1 M50-59
BQ"
6,MIDD=5334151213,McAllen Marathon,"McAllen, TX USA","December 13, 2015","Francisco Casillas (M)
3:25:41 6 6 / 2 M20-29
 "
7,MIDD=5334151213,McAllen Marathon,"McAllen, TX USA","December 13, 2015","Colette Cabot (F)
3:37:39 7 1 / 1 Fopen
 "
8,MIDD=5334151213,McAllen Marathon,"McAllen, TX USA","December 13, 2015","Pedro Izaguirre (M)
3:37:55 8 7 / 3 M20-29
 "
9,MIDD=5334151213,McAllen Marathon,"McAllen, TX USA","December 13, 2015","Joey Albritton (M)
3:38:20 9 8 / 1 M30-39
 "
10,MIDD=5334151213,McAllen Marathon,"McAllen, TX USA","December 13, 2015","Matt Brown (M)
3:41:14 10 9 / 2 M30-39
 "
11,MIDD=5334151213,McAllen Marathon,"McAllen, TX USA","December 13, 2015","Alejandra Martinez (F)
3:43:28 11 2 / 2 Fopen
 "
12,MIDD=5334151213,McAllen Marathon,"McAllen, TX USA","December 13, 2015","Eduardo Magadan (M)
3:45:47 12 10 / 2 M50-59
 "
13,MIDD=5334151213,McAllen Marathon,"McAllen, TX USA","December 13, 2015","Cesar De Luna Sifuentes (M)
3:47:10 13 11 / 1 M40-49
 "
14,MIDD=5334151213,McAllen Marathon,"McAllen, TX USA","December 13, 2015","Alejandro Sandoval (M)
3:47:22 14 12 / 3 M30-39
 "
15,MIDD=5334151213,McAllen Marathon,"McAllen, TX USA","December 13, 2015","Jody Atchison (M)
3:48:59 15 13 / 4 M30-39
 "
16,MIDD=5334151213,McAllen Marathon,"McAllen, TX USA","December 13, 2015","Daniel Filippini (M)
3:49:27 16 14 / 3 M50-59
 "
17,MIDD=5334151213,McAllen Marathon,"McAllen, TX USA","December 13, 2015","Jesse Cruz (M)
3:52:59 17 15 / 5 M30-39
 "
18,MIDD=5334151213,McAllen Marathon,"McAllen, TX USA","December 13, 2015","Lupita Torres (F)
3:54:06 18 3 / 3 Fopen
 "
19,MIDD=5334151213,McAllen Marathon,"McAllen, TX USA","December 13, 2015","Gerson Flores (M)
3:54:16 19 16 / 4 M20-29
 "
20,MIDD=5334151213,McAllen Marathon,"McAllen, TX USA","December 13, 2015","Javier Escamilla (M)
3:54:22 20 17 / 4 M50-59
 "
21,MIDD=5334151213,McAllen Marathon,"McAllen, TX USA","December 13, 2015","Jorge Torres (M)
3:56:40 21 18 / 2 M40-49
 "
22,MIDD=5334151213,McAllen Marathon,"McAllen, TX USA","December 13, 2015","Feliciano Sandoval (M)
3:58:06 22 19 / 3 M40-49
 "
23,MIDD=5334151213,McAllen Marathon,"McAllen, TX USA","December 13, 2015","Armando Rocha Jr (M)
3:58:48 23 20 / 6 M30-39
 "
24,MIDD=5334151213,McAllen Marathon,"McAllen, TX USA","December 13, 2015","Carlos Lugo (M)
4:00:17 24 21 / 4 M40-49
 "
25,MIDD=5334151213,McAllen Marathon,"McAllen, TX USA","December 13, 2015","Roy Pawig (M)
4:01:49 25 22 / 5 M40-49
 "
26,MIDD=5334151213,McAllen Marathon,"McAllen, TX USA","December 13, 2015","Betty Medina (F)
4:02:20 26 4 / 1 F40-49
 "
27,MIDD=5334151213,McAllen Marathon,"McAllen, TX USA","December 13, 2015","Chris Seiler (M)
4:03:43 27 23 / 6 M40-49
 "
28,MIDD=5334151213,McAllen Marathon,"McAllen, TX USA","December 13, 2015","Zasha Romero (M)
4:04:29 28 24 / 7 M40-49
 "
29,MIDD=5334151213,McAllen Marathon,"McAllen, TX USA","December 13, 2015","Aidee Ibarra (F)
4:05:59 29 5 / 1 F30-39
 "
30,MIDD=5334151213,McAllen Marathon,"McAllen, TX USA","December 13, 2015","Agustin Bravo (M)
4:06:22 30 25 / 7 M30-39
 "
31,MIDD=5334151213,McAllen Marathon,"McAllen, TX USA","December 13, 2015","Benjamin Martinez (M)
4:06:56 31 26 / 8 M40-49
 "
32,MIDD=5334151213,McAllen Marathon,"McAllen, TX USA","December 13, 2015","Liliana Pena (F)
4:08:15 32 6 / 2 F40-49
 "
33,MIDD=5334151213,McAllen Marathon,"McAllen, TX USA","December 13, 2015","Jennifer Corona (F)
4:10:18 33 7 / 1 F20-29
 "
34,MIDD=5334151213,McAllen Marathon,"McAllen, TX USA","December 13, 2015","Ryan Alvarez (M)
4:10:26 34 27 / 9 M40-49
 "
35,MIDD=5334151213,McAllen Marathon,"McAllen, TX USA","December 13, 2015","Michael Shaw (M)
4:11:37 35 28 / 5 M20-29
 "
36,MIDD=5334151213,McAllen Marathon,"McAllen, TX USA","December 13, 2015","Joel Vasquez (M)
4:13:09 36 29 / 6 M20-29
 "
37,MIDD=5334151213,McAllen Marathon,"McAllen, TX USA","December 13, 2015","Veronica Ayala (F)
4:13:17 37 8 / 3 F40-49
 "
38,MIDD=5334151213,McAllen Marathon,"McAllen, TX USA","December 13, 2015","Nhan Nguyen (M)
4:14:15 38 30 / 8 M30-39
 "
39,MIDD=5334151213,McAllen Marathon,"McAllen, TX USA","December 13, 2015","Bertha Perez (F)
4:14:18 39 9 / 2 F30-39
 "
40,MIDD=5334151213,McAllen Marathon,"McAllen, TX USA","December 13, 2015","Miguel Angel Cruz Lara (M)
4:14:25 40 31 / 10 M40-49
 "
41,MIDD=5334151213,McAllen Marathon,"McAllen, TX USA","December 13, 2015","Jaime R. Solis (M)
4:15:41 41 32 / 9 M30-39
 "
42,MIDD=5334151213,McAllen Marathon,"McAllen, TX USA","December 13, 2015","Rick Ferdin (M)
4:16:35 42 33 / 10 M30-39
 "
43,MIDD=5334151213,McAllen Marathon,"McAllen, TX USA","December 13, 2015","Paul Gaytan (M)
4:17:06 43 34 / 11 M40-49
 "
44,MIDD=5334151213,McAllen Marathon,"McAllen, TX USA","December 13, 2015","Felipe Martinez Chavez (M)
4:17:43 44 35 / 1 M60-69
 "
45,MIDD=5334151213,McAllen Marathon,"McAllen, TX USA","December 13, 2015","Alex Jara (M)
4:18:40 45 36 / 12 M40-49
 "
46,MIDD=5334151213,McAllen Marathon,"McAllen, TX USA","December 13, 2015","Claudia Sanchez (F)
4:18:49 46 10 / 3 F30-39
 "
47,MIDD=5334151213,McAllen Marathon,"McAllen, TX USA","December 13, 2015","Roberto Del Bosque (M)
4:18:57 47 37 / 11 M30-39
 "
48,MIDD=5334151213,McAllen Marathon,"McAllen, TX USA","December 13, 2015","Mary James (F)
4:20:02 48 11 / 4 F40-49
 "
49,MIDD=5334151213,McAllen Marathon,"McAllen, TX USA","December 13, 2015","Jeff Underwood (M)
4:20:02 49 38 / 13 M40-49
 "
50,MIDD=5334151213,McAllen Marathon,"McAllen, TX USA","December 13, 2015","Brooke Callanan (F)
4:20:03 50 12 / 4 F30-39
 "
51,MIDD=5334151213,McAllen Marathon,"McAllen, TX USA","December 13, 2015","Travis Wood (M)
4:20:13 51 39 / 14 M40-49
 "
52,MIDD=5334151213,McAllen Marathon,"McAllen, TX USA","December 13, 2015","Angel Bautista Corona (M)
4:20:55 52 40 / 12 M30-39
 "
53,MIDD=5334151213,McAllen Marathon,"McAllen, TX USA","December 13, 2015","Veronica Bustamante (F)
4:21:05 53 13 / 5 F40-49
 "
54,MIDD=5334151213,McAllen Marathon,"McAllen, TX USA","December 13, 2015","Eric Elizondo (M)
4:22:31 54 41 / 13 M30-39
 "
55,MIDD=5334151213,McAllen Marathon,"McAllen, TX USA","December 13, 2015","Jesus Robles (M)
4:23:25 55 42 / 14 M30-39
 "
56,MIDD=5334151213,McAllen Marathon,"McAllen, TX USA","December 13, 2015","Benjamin Gonzalez (M)
4:23:55 56 43 / 15 M30-39
 "
57,MIDD=5334151213,McAllen Marathon,"McAllen, TX USA","December 13, 2015","Nora Fernandez (F)
4:24:06 57 14 / 6 F40-49
 "
58,MIDD=5334151213,McAllen Marathon,"McAllen, TX USA","December 13, 2015","Alberto Fernandez (M)
4:24:07 58 44 / 15 M40-49
 "
59,MIDD=5334151213,McAllen Marathon,"McAllen, TX USA","December 13, 2015","Yesenia Delias (F)
4:24:35 59 15 / 7 F40-49
 "
60,MIDD=5334151213,McAllen Marathon,"McAllen, TX USA","December 13, 2015","Rafael Chantres Oreza (M)
4:25:14 60 45 / 16 M40-49
 "
61,MIDD=5334151213,McAllen Marathon,"McAllen, TX USA","December 13, 2015","Ricardo Abreu (M)
4:25:57 61 46 / 17 M40-49
 "
62,MIDD=5334151213,McAllen Marathon,"McAllen, TX USA","December 13, 2015","Anel Karina Maldonado (F)
4:26:51 62 16 / 5 F30-39
 "
63,MIDD=5334151213,McAllen Marathon,"McAllen, TX USA","December 13, 2015","Jorge Alberto Felix (M)
4:26:59 63 47 / 18 M40-49
 "
64,MIDD=5334151213,McAllen Marathon,"McAllen, TX USA","December 13, 2015","John Rodriguez (M)
4:28:23 64 48 / 16 M30-39
 "
65,MIDD=5334151213,McAllen Marathon,"McAllen, TX USA","December 13, 2015","Francisco Cerda (M)
4:28:41 65 49 / 5 M50-59
 "
66,MIDD=5334151213,McAllen Marathon,"McAllen, TX USA","December 13, 2015","Milton Gonzalez (M)
4:28:59 66 50 / 19 M40-49
 "
67,MIDD=5334151213,McAllen Marathon,"McAllen, TX USA","December 13, 2015","Jeremiah Abrego (M)
4:30:44 67 51 / 17 M30-39
 "
68,MIDD=5334151213,McAllen Marathon,"McAllen, TX USA","December 13, 2015","Roberto Salinas (M)
4:30:54 68 52 / 2 M60-69
 "
69,MIDD=5334151213,McAllen Marathon,"McAllen, TX USA","December 13, 2015","Raul Garzoria (M)
4:33:03 69 53 / 18 M30-39
 "
70,MIDD=5334151213,McAllen Marathon,"McAllen, TX USA","December 13, 2015","Rene Espinoza Castro (M)
4:33:42 70 54 / 6 M50-59
 "
71,MIDD=5334151213,McAllen Marathon,"McAllen, TX USA","December 13, 2015","Israel Hernandez (M)
4:34:26 71 55 / 19 M30-39
 "
72,MIDD=5334151213,McAllen Marathon,"McAllen, TX USA","December 13, 2015","Daniel Perez (M)
4:34:53 72 56 / 7 M50-59
 "
73,MIDD=5334151213,McAllen Marathon,"McAllen, TX USA","December 13, 2015","Griselda Perales (F)
4:36:38 73 17 / 8 F40-49
 "
74,MIDD=5334151213,McAllen Marathon,"McAllen, TX USA","December 13, 2015","Aaron Freeland (M)
4:36:59 74 57 / 7 M20-29
 "
75,MIDD=5334151213,McAllen Marathon,"McAllen, TX USA","December 13, 2015","Judith Escamilla (F)
4:37:24 75 18 / 9 F40-49
 "
76,MIDD=5334151213,McAllen Marathon,"McAllen, TX USA","December 13, 2015","Aris Alfajardo (M)
4:37:30 76 58 / 20 M40-49
 "
77,MIDD=5334151213,McAllen Marathon,"McAllen, TX USA","December 13, 2015","Mary Eydie Sommo (F)
4:38:29 77 19 / 1 F50-59
 "
78,MIDD=5334151213,McAllen Marathon,"McAllen, TX USA","December 13, 2015","Francisco Javier Cavazos Arguelles (M)
4:38:52 78 59 / 8 M50-59
 "
79,MIDD=5334151213,McAllen Marathon,"McAllen, TX USA","December 13, 2015","Randy Crane (M)
4:39:29 79 60 / 9 M50-59
 "
80,MIDD=5334151213,McAllen Marathon,"McAllen, TX USA","December 13, 2015","Michelle Crane (F)
4:39:30 80 20 / 10 F40-49
 "
81,MIDD=5334151213,McAllen Marathon,"McAllen, TX USA","December 13, 2015","Javier Barrera (M)
4:39:30 81 61 / 21 M40-49
 "
82,MIDD=5334151213,McAllen Marathon,"McAllen, TX USA","December 13, 2015","Desi Gonzalez (F)
4:40:32 82 21 / 11 F40-49
 "
83,MIDD=5334151213,McAllen Marathon,"McAllen, TX USA","December 13, 2015","Tom Mangelschots (M)
4:40:43 83 62 / 20 M30-39
 "
84,MIDD=5334151213,McAllen Marathon,"McAllen, TX USA","December 13, 2015","Joy Bennett (F)
4:41:14 84 22 / 2 F50-59
 "
85,MIDD=5334151213,McAllen Marathon,"McAllen, TX USA","December 13, 2015","Martin Martinez (M)
4:42:48 85 63 / 22 M40-49
 "
86,MIDD=5334151213,McAllen Marathon,"McAllen, TX USA","December 13, 2015","Ray Cano Jr (M)
4:43:15 86 64 / 21 M30-39
 "
87,MIDD=5334151213,McAllen Marathon,"McAllen, TX USA","December 13, 2015","Rudy Alvarez (M)
4:44:43 87 65 / 22 M30-39
 "
88,MIDD=5334151213,McAllen Marathon,"McAllen, TX USA","December 13, 2015","Alma R Cervantes De Castro (F)
4:45:38 88 23 / 12 F40-49
 "
89,MIDD=5334151213,McAllen Marathon,"McAllen, TX USA","December 13, 2015","Emmanuel Teran (M)
4:46:09 89 66 / 23 M30-39
 "
90,MIDD=5334151213,McAllen Marathon,"McAllen, TX USA","December 13, 2015","Robert Pedraza (M)
4:47:36 90 67 / 3 M60-69
 "
91,MIDD=5334151213,McAllen Marathon,"McAllen, TX USA","December 13, 2015","Wes Coy (M)
4:47:50 91 68 / 23 M40-49
 "
92,MIDD=5334151213,McAllen Marathon,"McAllen, TX USA","December 13, 2015","Randy Hicks (M)
4:48:30 92 69 / 4 M60-69
 "
93,MIDD=5334151213,McAllen Marathon,"McAllen, TX USA","December 13, 2015","Amanda Alvarado (F)
4:49:09 93 24 / 6 F30-39
 "
94,MIDD=5334151213,McAllen Marathon,"McAllen, TX USA","December 13, 2015","Jared Krieger (M)
4:49:19 94 70 / 24 M40-49
 "
95,MIDD=5334151213,McAllen Marathon,"McAllen, TX USA","December 13, 2015","Jason Watson (M)
4:51:02 95 71 / 24 M30-39
 "
96,MIDD=5334151213,McAllen Marathon,"McAllen, TX USA","December 13, 2015","Rigoberto Flores (M)
4:52:15 96 72 / 1 M0-19
 "
97,MIDD=5334151213,McAllen Marathon,"McAllen, TX USA","December 13, 2015","Angeline Rivera (F)
4:52:16 97 25 / 7 F30-39
 "
98,MIDD=5334151213,McAllen Marathon,"McAllen, TX USA","December 13, 2015","Jose Antonio Sanchez De Valle (M)
4:52:23 98 73 / 25 M40-49
 "
99,MIDD=5334151213,McAllen Marathon,"McAllen, TX USA","December 13, 2015","Andrew Bowman (M)
4:52:28 99 74 / 25 M30-39
 "
100,MIDD=5334151213,McAllen Marathon,"McAllen, TX USA","December 13, 2015","Maria Avilez (F)
4:53:00 100 26 / 3 F50-59
 "
101,MIDD=5334151213,McAllen Marathon,"McAllen, TX USA","December 13, 2015","Jon Vittitoe (M)
4:55:12 101 75 / 2 M0-19
 "
102,MIDD=5334151213,McAllen Marathon,"McAllen, TX USA","December 13, 2015","Virginia Villarreal (F)
4:55:49 102 27 / 13 F40-49
 "
103,MIDD=5334151213,McAllen Marathon,"McAllen, TX USA","December 13, 2015","Gloria Garza (F)
4:56:26 103 28 / 8 F30-39
 "
104,MIDD=5334151213,McAllen Marathon,"McAllen, TX USA","December 13, 2015","Julio Torres (M)
4:58:48 104 76 / 26 M30-39
 "
105,MIDD=5334151213,McAllen Marathon,"McAllen, TX USA","December 13, 2015","Gabriela Sosa (F)
4:58:54 105 29 / 9 F30-39
 "
106,MIDD=5334151213,McAllen Marathon,"McAllen, TX USA","December 13, 2015","Laura Garza (F)
4:58:58 106 30 / 14 F40-49
 "
107,MIDD=5334151213,McAllen Marathon,"McAllen, TX USA","December 13, 2015","Ruben Ramirez (M)
5:00:31 107 77 / 27 M30-39
 "
108,MIDD=5334151213,McAllen Marathon,"McAllen, TX USA","December 13, 2015","Unknown Runner (M)
5:01:19 108 78 / 8 M20-29
 "
109,MIDD=5334151213,McAllen Marathon,"McAllen, TX USA","December 13, 2015","Esmeralda Rodriguez (F)
5:02:02 109 31 / 10 F30-39
 "
110,MIDD=5334151213,McAllen Marathon,"McAllen, TX USA","December 13, 2015","Josh Zurbaran (M)
5:02:19 110 79 / 28 M30-39
 "
111,MIDD=5334151213,McAllen Marathon,"McAllen, TX USA","December 13, 2015","Alex Blanco (M)
5:02:22 111 80 / 26 M40-49
 "
112,MIDD=5334151213,McAllen Marathon,"McAllen, TX USA","December 13, 2015","Unknown Runner (F)
5:03:17 112 32 / 11 F30-39
 "
113,MIDD=5334151213,McAllen Marathon,"McAllen, TX USA","December 13, 2015","Sarah Torres (F)
5:03:21 113 33 / 2 F20-29
 "
114,MIDD=5334151213,McAllen Marathon,"McAllen, TX USA","December 13, 2015","Mary Saenz (F)
5:04:02 114 34 / 12 F30-39
 "
115,MIDD=5334151213,McAllen Marathon,"McAllen, TX USA","December 13, 2015","Sandy Villarreal (F)
5:04:58 115 35 / 13 F30-39
 "
116,MIDD=5334151213,McAllen Marathon,"McAllen, TX USA","December 13, 2015","Mario Alcoser (M)
5:05:11 116 81 / 29 M30-39
 "
117,MIDD=5334151213,McAllen Marathon,"McAllen, TX USA","December 13, 2015","Jose Luis Baez Nieto (M)
5:05:55 117 82 / 30 M30-39
 "
118,MIDD=5334151213,McAllen Marathon,"McAllen, TX USA","December 13, 2015","Kathy Montalvo (F)
5:06:12 118 36 / 15 F40-49
 "
119,MIDD=5334151213,McAllen Marathon,"McAllen, TX USA","December 13, 2015","Orlando Montalvo (M)
5:06:36 119 83 / 27 M40-49
 "
120,MIDD=5334151213,McAllen Marathon,"McAllen, TX USA","December 13, 2015","Jesse Barba (M)
5:08:37 120 84 / 28 M40-49
 "
121,MIDD=5334151213,McAllen Marathon,"McAllen, TX USA","December 13, 2015","Francisco Torres (M)
5:11:39 121 85 / 10 M50-59
 "
122,MIDD=5334151213,McAllen Marathon,"McAllen, TX USA","December 13, 2015","Alisha Zapata (F)
5:12:22 122 37 / 3 F20-29
 "
123,MIDD=5334151213,McAllen Marathon,"McAllen, TX USA","December 13, 2015","Angelica Guzman (F)
5:13:03 123 38 / 14 F30-39
 "
124,MIDD=5334151213,McAllen Marathon,"McAllen, TX USA","December 13, 2015","Tanya Connors (F)
5:13:03 124 39 / 16 F40-49
 "
125,MIDD=5334151213,McAllen Marathon,"McAllen, TX USA","December 13, 2015","Ivonne Zertuche (F)
5:14:06 125 40 / 17 F40-49
 "
126,MIDD=5334151213,McAllen Marathon,"McAllen, TX USA","December 13, 2015","David Johnson (M)
5:14:19 126 86 / 5 M60-69
 "
127,MIDD=5334151213,McAllen Marathon,"McAllen, TX USA","December 13, 2015","Bryan Abanilla (M)
5:14:43 127 87 / 9 M20-29
 "
128,MIDD=5334151213,McAllen Marathon,"McAllen, TX USA","December 13, 2015","Ben Adan Garcia (M)
5:15:55 128 88 / 31 M30-39
 "
129,MIDD=5334151213,McAllen Marathon,"McAllen, TX USA","December 13, 2015","Stephen Arong (M)
5:16:31 129 89 / 32 M30-39
 "
130,MIDD=5334151213,McAllen Marathon,"McAllen, TX USA","December 13, 2015","Jesse Hirschmann (M)
5:16:42 130 90 / 10 M20-29
 "
131,MIDD=5334151213,McAllen Marathon,"McAllen, TX USA","December 13, 2015","Cynthia Garza (F)
5:17:18 131 41 / 18 F40-49
 "
132,MIDD=5334151213,McAllen Marathon,"McAllen, TX USA","December 13, 2015","Joseph Ogwynn (M)
5:17:35 132 91 / 11 M50-59
 "
133,MIDD=5334151213,McAllen Marathon,"McAllen, TX USA","December 13, 2015","Jv Trevino (M)
5:19:30 133 92 / 29 M40-49
 "
134,MIDD=5334151213,McAllen Marathon,"McAllen, TX USA","December 13, 2015","Myrna Fajardo (F)
5:20:30 134 42 / 19 F40-49
 "
135,MIDD=5334151213,McAllen Marathon,"McAllen, TX USA","December 13, 2015","Jesus Ceron (M)
5:20:59 135 93 / 30 M40-49
 "
136,MIDD=5334151213,McAllen Marathon,"McAllen, TX USA","December 13, 2015","Allison Solorio (F)
5:21:12 136 43 / 20 F40-49
 "
137,MIDD=5334151213,McAllen Marathon,"McAllen, TX USA","December 13, 2015","Vanesa Castellanos (F)
5:21:30 137 44 / 4 F20-29
 "
138,MIDD=5334151213,McAllen Marathon,"McAllen, TX USA","December 13, 2015","Sandra Saenz (F)
5:21:32 138 45 / 21 F40-49
 "
139,MIDD=5334151213,McAllen Marathon,"McAllen, TX USA","December 13, 2015","Ana Larralde (F)
5:21:46 139 46 / 4 F50-59
 "
140,MIDD=5334151213,McAllen Marathon,"McAllen, TX USA","December 13, 2015","Dalia Sanchez (F)
5:23:10 140 47 / 22 F40-49
 "
141,MIDD=5334151213,McAllen Marathon,"McAllen, TX USA","December 13, 2015","Astrid Rojas (F)
5:23:41 141 48 / 15 F30-39
 "
142,MIDD=5334151213,McAllen Marathon,"McAllen, TX USA","December 13, 2015","Shiela Vargas (F)
5:24:11 142 49 / 5 F20-29
 "
143,MIDD=5334151213,McAllen Marathon,"McAllen, TX USA","December 13, 2015","Sarah Echavarria (F)
5:25:35 143 50 / 6 F20-29
 "
144,MIDD=5334151213,McAllen Marathon,"McAllen, TX USA","December 13, 2015","Roberto Flores Jr (M)
5:25:36 144 94 / 11 M20-29
 "
145,MIDD=5334151213,McAllen Marathon,"McAllen, TX USA","December 13, 2015","Ricardo Padilla Garcia (M)
5:26:15 145 95 / 33 M30-39
 "
146,MIDD=5334151213,McAllen Marathon,"McAllen, TX USA","December 13, 2015","Alex Mascorro (M)
5:27:44 146 96 / 31 M40-49
 "
147,MIDD=5334151213,McAllen Marathon,"McAllen, TX USA","December 13, 2015","Cregg Thompson (M)
5:29:33 147 97 / 12 M50-59
 "
148,MIDD=5334151213,McAllen Marathon,"McAllen, TX USA","December 13, 2015","Stephanie Rodriguez (F)
5:30:03 148 51 / 16 F30-39
 "
149,MIDD=5334151213,McAllen Marathon,"McAllen, TX USA","December 13, 2015","Sammy Ruiz (M)
5:30:18 149 98 / 3 M0-19
 "
150,MIDD=5334151213,McAllen Marathon,"McAllen, TX USA","December 13, 2015","Paco Villarreal Jr (M)
5:30:49 150 99 / 32 M40-49
 "
151,MIDD=5334151213,McAllen Marathon,"McAllen, TX USA","December 13, 2015","Paco Villarreal (M)
5:31:39 151 100 / 6 M60-69
 "
152,MIDD=5334151213,McAllen Marathon,"McAllen, TX USA","December 13, 2015","Natalie Ruiz (F)
5:34:44 152 52 / 17 F30-39
 "
153,MIDD=5334151213,McAllen Marathon,"McAllen, TX USA","December 13, 2015","Patricia Suarez (F)
5:34:44 153 53 / 23 F40-49
 "
154,MIDD=5334151213,McAllen Marathon,"McAllen, TX USA","December 13, 2015","Maria Cruz (F)
5:35:01 154 54 / 7 F20-29
 "
155,MIDD=5334151213,McAllen Marathon,"McAllen, TX USA","December 13, 2015","Juan Nevarez (M)
5:39:26 155 101 / 34 M30-39
 "
156,MIDD=5334151213,McAllen Marathon,"McAllen, TX USA","December 13, 2015","Maria Rios (F)
5:44:06 156 55 / 24 F40-49
 "
157,MIDD=5334151213,McAllen Marathon,"McAllen, TX USA","December 13, 2015","Jill Morris (F)
5:44:29 157 56 / 18 F30-39
 "
158,MIDD=5334151213,McAllen Marathon,"McAllen, TX USA","December 13, 2015","Chela Cervantes (F)
5:46:51 158 57 / 19 F30-39
 "
159,MIDD=5334151213,McAllen Marathon,"McAllen, TX USA","December 13, 2015","Esperanza Fajardo (F)
5:47:52 159 58 / 1 F60-69
 "
160,MIDD=5334151213,McAllen Marathon,"McAllen, TX USA","December 13, 2015","Eva Santillana (F)
5:49:11 160 59 / 25 F40-49
 "
161,MIDD=5334151213,McAllen Marathon,"McAllen, TX USA","December 13, 2015","Edna De Leon (F)
5:49:12 161 60 / 5 F50-59
 "
162,MIDD=5334151213,McAllen Marathon,"McAllen, TX USA","December 13, 2015","Zach Garcia (M)
5:49:36 162 102 / 12 M20-29
 "
163,MIDD=5334151213,McAllen Marathon,"McAllen, TX USA","December 13, 2015","Andrea Amaro (F)
5:52:34 163 61 / 8 F20-29
 "
164,MIDD=5334151213,McAllen Marathon,"McAllen, TX USA","December 13, 2015","Frances Iglesias (F)
5:55:12 164 62 / 26 F40-49
 "
165,MIDD=5334151213,McAllen Marathon,"McAllen, TX USA","December 13, 2015","Emma Guerrero (F)
6:00:07 165 63 / 27 F40-49
 "
166,MIDD=5334151213,McAllen Marathon,"McAllen, TX USA","December 13, 2015","Jeanne Jimenez (F)
6:00:09 166 64 / 9 F20-29
 "
167,MIDD=5334151213,McAllen Marathon,"McAllen, TX USA","December 13, 2015","Janie Gonzalez (F)
6:00:09 167 65 / 28 F40-49
 "
168,MIDD=5334151213,McAllen Marathon,"McAllen, TX USA","December 13, 2015","Leopoldo Angeles (M)
6:03:32 168 103 / 13 M20-29
 "
169,MIDD=5334151213,McAllen Marathon,"McAllen, TX USA","December 13, 2015","Lorena Quiroga (F)
6:04:57 169 66 / 29 F40-49
 "
170,MIDD=5334151213,McAllen Marathon,"McAllen, TX USA","December 13, 2015","Abraham Morales (M)
6:05:41 170 104 / 33 M40-49
 "
171,MIDD=5334151213,McAllen Marathon,"McAllen, TX USA","December 13, 2015","Chris Freeland (M)
6:13:19 171 105 / 13 M50-59
 "
172,MIDD=5334151213,McAllen Marathon,"McAllen, TX USA","December 13, 2015","Swamy Behara (M)
6:14:49 172 106 / 14 M50-59
 "
173,MIDD=5334151213,McAllen Marathon,"McAllen, TX USA","December 13, 2015","Clarissa Zuniga (F)
6:19:06 173 67 / 20 F30-39
 "
174,MIDD=5334151213,McAllen Marathon,"McAllen, TX USA","December 13, 2015","Nara Gonzalez (F)
6:19:31 174 68 / 21 F30-39
 "
175,MIDD=5334151213,McAllen Marathon,"McAllen, TX USA","December 13, 2015","Kevin McGuigan (M)
6:21:50 175 107 / 14 M20-29
 "
176,MIDD=5334151213,McAllen Marathon,"McAllen, TX USA","December 13, 2015","Stephanie Alamo (F)
6:22:03 176 69 / 10 F20-29
 "
177,MIDD=5334151213,McAllen Marathon,"McAllen, TX USA","December 13, 2015","Sandie Acosta (F)
6:22:28 177 70 / 6 F50-59
 "
178,MIDD=5334151213,McAllen Marathon,"McAllen, TX USA","December 13, 2015","Sally Sandoval (F)
6:26:36 178 71 / 7 F50-59
 "
179,MIDD=5334151213,McAllen Marathon,"McAllen, TX USA","December 13, 2015","Norbert Tegge (M)
6:27:17 179 108 / 15 M50-59
 "
180,MIDD=5334151213,McAllen Marathon,"McAllen, TX USA","December 13, 2015","Peter Hernandez (M)
6:27:57 180 109 / 35 M30-39
 "
181,MIDD=5334151213,McAllen Marathon,"McAllen, TX USA","December 13, 2015","Robert Slaughter (M)
6:32:39 181 110 / 16 M50-59
 "
182,MIDD=5334151213,McAllen Marathon,"McAllen, TX USA","December 13, 2015","Jim Reeve (M)
6:34:39 182 111 / 1 M70-99
 "
183,MIDD=5334151213,McAllen Marathon,"McAllen, TX USA","December 13, 2015","Hajime Nishi (M)
6:35:40 183 112 / 7 M60-69
 "
