,race_id,race,location,date,runners
0,MIDD=1531151025,Tri-Cities Marathon,"Richland, WA USA","October 25, 2015","

Have you run this race?Then tell us about it.

Last Name, First Name(Sex/Age)
OverAllPlace
Sex Place
Net Time 
City AG Time* BQ*"
1,MIDD=1531151025,Tri-Cities Marathon,"Richland, WA USA","October 25, 2015","IAN SHARMAN (M35)
1 1
2:40:49
BEND
2:40:49
BQ"
2,MIDD=1531151025,Tri-Cities Marathon,"Richland, WA USA","October 25, 2015","VAL MENDOZA (M30)
2 2
2:51:47
GRANDVIEW
2:51:47
BQ"
3,MIDD=1531151025,Tri-Cities Marathon,"Richland, WA USA","October 25, 2015","SCOTT ALLEN (M32)
3 3
2:56:17
LIBERTY LAKE
2:56:17
BQ"
4,MIDD=1531151025,Tri-Cities Marathon,"Richland, WA USA","October 25, 2015","GREG ROMANIUK (M44)
6 4
3:12:50
RICHLAND
3:02:00
BQ"
5,MIDD=1531151025,Tri-Cities Marathon,"Richland, WA USA","October 25, 2015","LEE ALBRECHT (M34)
7 5
3:13:32
SPOKANE
3:13:32
 "
6,MIDD=1531151025,Tri-Cities Marathon,"Richland, WA USA","October 25, 2015","STEPHEN HAMILTON (M65)
10 6
3:23:34
EVERETT
2:37:50
BQ"
7,MIDD=1531151025,Tri-Cities Marathon,"Richland, WA USA","October 25, 2015","IVAN TUCKER (M47)
11 7
3:24:23
SPOKANE
3:07:59
BQ"
8,MIDD=1531151025,Tri-Cities Marathon,"Richland, WA USA","October 25, 2015","SCOTT LIKELY (M47)
12 8
3:25:13
PORTLAND
3:08:45
 "
9,MIDD=1531151025,Tri-Cities Marathon,"Richland, WA USA","October 25, 2015","JEFFREY YAMADA (M55)
13 9
3:25:50
YAKIMA
2:56:06
BQ"
10,MIDD=1531151025,Tri-Cities Marathon,"Richland, WA USA","October 25, 2015","GEORGE MOREY (M41)
14 10
3:31:56
RICHLAND
3:25:07
 "
11,MIDD=1531151025,Tri-Cities Marathon,"Richland, WA USA","October 25, 2015","SCOTT NUMATA (M39)
15 11
3:32:39
LIBERTY LAKE
3:29:14
 "
12,MIDD=1531151025,Tri-Cities Marathon,"Richland, WA USA","October 25, 2015","BRIAN RINGLE (M54)
16 12
3:32:44
LEWISTON
3:03:44
 "
13,MIDD=1531151025,Tri-Cities Marathon,"Richland, WA USA","October 25, 2015","DAVID HANSEN (M54)
17 13
3:32:58
NEWBERG
3:03:56
 "
14,MIDD=1531151025,Tri-Cities Marathon,"Richland, WA USA","October 25, 2015","MATTHEW TISCORNIA (M26)
19 14
3:33:23
BOW
3:33:23
 "
15,MIDD=1531151025,Tri-Cities Marathon,"Richland, WA USA","October 25, 2015","KEN CROTEAU (M54)
21 15
3:35:50
NEWBERG
3:06:24
 "
16,MIDD=1531151025,Tri-Cities Marathon,"Richland, WA USA","October 25, 2015","CRAIG WINDISH (M35)
22 16
3:36:02
KENMORE
3:36:02
 "
17,MIDD=1531151025,Tri-Cities Marathon,"Richland, WA USA","October 25, 2015","ERIKA RUPPELIUS (F19)
23 1
3:36:39
KENNEWICK
3:35:15
 "
18,MIDD=1531151025,Tri-Cities Marathon,"Richland, WA USA","October 25, 2015","DOUG BEYERLEIN (M65)
24 17
3:36:55
MILL CREEK
2:48:11
BQ"
19,MIDD=1531151025,Tri-Cities Marathon,"Richland, WA USA","October 25, 2015","DAVID PAINTER (M61)
26 18
3:37:40
RICHLAND
2:55:45
BQ"
20,MIDD=1531151025,Tri-Cities Marathon,"Richland, WA USA","October 25, 2015","CURTIS UPTON (M56)
28 19
3:40:55
YAKIMA
3:07:14
 "
21,MIDD=1531151025,Tri-Cities Marathon,"Richland, WA USA","October 25, 2015","STEVEN CAMPBELL (M23)
30 20
3:41:03
RICHLAND
3:41:03
 "
22,MIDD=1531151025,Tri-Cities Marathon,"Richland, WA USA","October 25, 2015","BEN BECHEN (M35)
34 21
3:43:32
WEST RICHLAND
3:43:32
 "
23,MIDD=1531151025,Tri-Cities Marathon,"Richland, WA USA","October 25, 2015","GARY KOBOLD (M61)
38 22
3:49:54
EAST WENATCHEE
3:05:38
BQ"
24,MIDD=1531151025,Tri-Cities Marathon,"Richland, WA USA","October 25, 2015","TONY SAKO (M56)
39 23
3:50:08
WEST RICHLAND
3:15:03
 "
25,MIDD=1531151025,Tri-Cities Marathon,"Richland, WA USA","October 25, 2015","KELLY MOORE (M51)
40 24
3:50:09
EPHRATA
3:24:18
 "
26,MIDD=1531151025,Tri-Cities Marathon,"Richland, WA USA","October 25, 2015","STACY MORRISON (F45)
41 2
3:50:40
WALLA WALLA
3:27:55
BQ"
27,MIDD=1531151025,Tri-Cities Marathon,"Richland, WA USA","October 25, 2015","MARILYN CHEN (F52)
45 3
3:53:47
BELLEVUE
3:12:53
BQ"
28,MIDD=1531151025,Tri-Cities Marathon,"Richland, WA USA","October 25, 2015","MARY SHEN (F54)
47 4
3:56:34
VANCOUVER
3:10:02
BQ"
29,MIDD=1531151025,Tri-Cities Marathon,"Richland, WA USA","October 25, 2015","DAYNA STANLEY (F31)
48 5
3:56:43
PORT ORCHARD
3:56:20
 "
30,MIDD=1531151025,Tri-Cities Marathon,"Richland, WA USA","October 25, 2015","KIMBERLY KELLER (F47)
49 6
3:57:06
SEATTLE
3:28:33
 "
31,MIDD=1531151025,Tri-Cities Marathon,"Richland, WA USA","October 25, 2015","SCOTT BLODGETT (M37)
51 25
3:57:24
YAKIMA
3:56:27
 "
32,MIDD=1531151025,Tri-Cities Marathon,"Richland, WA USA","October 25, 2015","TODD TELANDER (M48)
52 26
3:58:51
WALLA WALLA
3:37:47
 "
33,MIDD=1531151025,Tri-Cities Marathon,"Richland, WA USA","October 25, 2015","CHRIS SHARMAN (M45)
53 27
3:59:24
SPOKANE
3:44:01
 "
34,MIDD=1531151025,Tri-Cities Marathon,"Richland, WA USA","October 25, 2015","DORA CASTANEDA (F39)
55 7
4:00:51
PASCO
3:51:24
 "
35,MIDD=1531151025,Tri-Cities Marathon,"Richland, WA USA","October 25, 2015","ANNA MCCONNELL (F27)
57 8
4:02:12
SEATTLE
4:02:12
 "
36,MIDD=1531151025,Tri-Cities Marathon,"Richland, WA USA","October 25, 2015","CHARLES COLLIER (M51)
61 28
4:05:32
PORTLAND
3:37:57
 "
37,MIDD=1531151025,Tri-Cities Marathon,"Richland, WA USA","October 25, 2015","ALEX LAWS (M51)
62 29
4:08:23
BOISE
3:40:29
 "
38,MIDD=1531151025,Tri-Cities Marathon,"Richland, WA USA","October 25, 2015","RON HAYDEN (M60)
63 30
4:08:57
WEST RICHLAND
3:23:01
 "
39,MIDD=1531151025,Tri-Cities Marathon,"Richland, WA USA","October 25, 2015","CHRISTIE HAYES (F41)
64 9
4:09:24
WEST RICHLAND
3:55:18
 "
40,MIDD=1531151025,Tri-Cities Marathon,"Richland, WA USA","October 25, 2015","GREGORY PAYNE (M45)
66 31
4:09:52
RICHLAND
3:53:49
 "
41,MIDD=1531151025,Tri-Cities Marathon,"Richland, WA USA","October 25, 2015","JOSHUA ALMS (M35)
68 32
4:11:11
KENNEWICK
4:11:11
 "
42,MIDD=1531151025,Tri-Cities Marathon,"Richland, WA USA","October 25, 2015","BILL TORSEN (M66)
70 33
4:12:16
BELLEVUE
3:13:35
 "
43,MIDD=1531151025,Tri-Cities Marathon,"Richland, WA USA","October 25, 2015","ALAN KERR (M24)
71 34
4:13:34
EL PASO
4:13:34
 "
44,MIDD=1531151025,Tri-Cities Marathon,"Richland, WA USA","October 25, 2015","ANDY LANDON (M36)
74 35
4:16:50
RICHLAND
4:16:34
 "
45,MIDD=1531151025,Tri-Cities Marathon,"Richland, WA USA","October 25, 2015","CHASE WALTERS (M60)
78 36
4:20:17
WEST RICHLAND
3:32:15
 "
46,MIDD=1531151025,Tri-Cities Marathon,"Richland, WA USA","October 25, 2015","AMY DIAZ (F32)
80 10
4:21:55
ELLENSBURG
4:20:59
 "
