,race_id,race,location,date,runners
0,MIDD=3066151101,Rails to Trails Marathon,"Norwalk, WI USA","November 1, 2015","

Have you run this race?Then tell us about it.

Last Name, First Name(Sex/Age)
Time OverAllPlace
Sex Place/Div Place
DIV AG Time* BQ*"
1,MIDD=3066151101,Rails to Trails Marathon,"Norwalk, WI USA","November 1, 2015","Jeff King (M48)
2:48:08 1 1 / 1 Mopen
2:33:18
BQ"
2,MIDD=3066151101,Rails to Trails Marathon,"Norwalk, WI USA","November 1, 2015","Josh Shapiro (M29)
2:56:44 2 2 / 2 Mopen
2:56:44
BQ"
3,MIDD=3066151101,Rails to Trails Marathon,"Norwalk, WI USA","November 1, 2015","Dan Finger (M32)
3:07:18 3 3 / 3 Mopen
3:07:18
 "
4,MIDD=3066151101,Rails to Trails Marathon,"Norwalk, WI USA","November 1, 2015","Jeremy Olson (M31)
3:09:41 4 4 / 1 M30-39
3:09:41
 "
5,MIDD=3066151101,Rails to Trails Marathon,"Norwalk, WI USA","November 1, 2015","Robby McGuire (M25)
3:19:39 5 5 / 1 M20-29
3:19:39
 "
6,MIDD=3066151101,Rails to Trails Marathon,"Norwalk, WI USA","November 1, 2015","David Markle (M31)
3:20:03 6 6 / 2 M30-39
3:20:03
 "
7,MIDD=3066151101,Rails to Trails Marathon,"Norwalk, WI USA","November 1, 2015","Eric Otteson (M42)
3:21:15 7 7 / 1 M40-49
3:13:11
 "
8,MIDD=3066151101,Rails to Trails Marathon,"Norwalk, WI USA","November 1, 2015","Darren Esser (M32)
3:22:22 8 8 / 3 M30-39
3:22:22
 "
9,MIDD=3066151101,Rails to Trails Marathon,"Norwalk, WI USA","November 1, 2015","Allan Stieber (M59)
3:22:58 9 9 / 1 M50-59
2:47:10
BQ"
10,MIDD=3066151101,Rails to Trails Marathon,"Norwalk, WI USA","November 1, 2015","Kristina Rynes (F35)
3:27:41 10 1 / 1 Fopen
3:24:45
BQ"
11,MIDD=3066151101,Rails to Trails Marathon,"Norwalk, WI USA","November 1, 2015","Erik Lie (M47)
3:29:39 11 10 / 2 M40-49
3:12:50
 "
12,MIDD=3066151101,Rails to Trails Marathon,"Norwalk, WI USA","November 1, 2015","Melissa Johnson (F46)
3:30:32 12 2 / 2 Fopen
3:07:28
BQ"
13,MIDD=3066151101,Rails to Trails Marathon,"Norwalk, WI USA","November 1, 2015","Steve Mulrooney (M49)
3:30:55 13 11 / 3 M40-49
3:10:38
 "
14,MIDD=3066151101,Rails to Trails Marathon,"Norwalk, WI USA","November 1, 2015","Marcy Sacks (F46)
3:39:04 14 3 / 3 Fopen
3:15:05
BQ"
15,MIDD=3066151101,Rails to Trails Marathon,"Norwalk, WI USA","November 1, 2015","James Stenulson (M58)
3:39:25 15 12 / 2 M50-59
3:02:28
BQ"
16,MIDD=3066151101,Rails to Trails Marathon,"Norwalk, WI USA","November 1, 2015","Troy Everson (M39)
3:40:10 16 13 / 4 M30-39
3:36:39
 "
17,MIDD=3066151101,Rails to Trails Marathon,"Norwalk, WI USA","November 1, 2015","Rebekah Huebschman (F22)
3:42:11 17 4 / 1 F20-29
3:42:11
 "
18,MIDD=3066151101,Rails to Trails Marathon,"Norwalk, WI USA","November 1, 2015","Gretchen McGrill (F52)
3:43:39 18 5 / 1 F50-59
3:04:32
BQ"
19,MIDD=3066151101,Rails to Trails Marathon,"Norwalk, WI USA","November 1, 2015","Cassy Prechel (F33)
3:45:07 19 6 / 1 F30-39
3:43:42
 "
20,MIDD=3066151101,Rails to Trails Marathon,"Norwalk, WI USA","November 1, 2015","Matt Youngblut (M37)
3:46:15 20 14 / 5 M30-39
3:45:20
 "
21,MIDD=3066151101,Rails to Trails Marathon,"Norwalk, WI USA","November 1, 2015","Scott Steele (M21)
3:47:47 21 15 / 2 M20-29
3:46:46
 "
22,MIDD=3066151101,Rails to Trails Marathon,"Norwalk, WI USA","November 1, 2015","Steve Van De Wiel (M65)
3:48:41 22 16 / 1 M60-69
2:57:19
BQ"
23,MIDD=3066151101,Rails to Trails Marathon,"Norwalk, WI USA","November 1, 2015","Jake Ramsey (M31)
3:49:14 23 17 / 6 M30-39
3:49:14
 "
24,MIDD=3066151101,Rails to Trails Marathon,"Norwalk, WI USA","November 1, 2015","Hannah Olson (F29)
3:49:49 24 7 / 2 F20-29
3:49:49
 "
25,MIDD=3066151101,Rails to Trails Marathon,"Norwalk, WI USA","November 1, 2015","Michael Schwerman (M52)
3:50:12 25 18 / 3 M50-59
3:22:31
 "
26,MIDD=3066151101,Rails to Trails Marathon,"Norwalk, WI USA","November 1, 2015","Julie Fronk (F45)
3:50:43 26 8 / 1 F40-49
3:27:58
BQ"
27,MIDD=3066151101,Rails to Trails Marathon,"Norwalk, WI USA","November 1, 2015","Theodore Wesenberg (M31)
3:52:33 27 19 / 7 M30-39
3:52:33
 "
28,MIDD=3066151101,Rails to Trails Marathon,"Norwalk, WI USA","November 1, 2015","Everett Myers (M49)
3:53:17 28 20 / 4 M40-49
3:30:51
 "
29,MIDD=3066151101,Rails to Trails Marathon,"Norwalk, WI USA","November 1, 2015","Mel Martin (M55)
3:54:00 29 21 / 4 M50-59
3:20:13
 "
30,MIDD=3066151101,Rails to Trails Marathon,"Norwalk, WI USA","November 1, 2015","David Wingert (M31)
3:54:39 30 22 / 8 M30-39
3:54:39
 "
31,MIDD=3066151101,Rails to Trails Marathon,"Norwalk, WI USA","November 1, 2015","Ruth Ewing (F35)
3:54:47 31 9 / 2 F30-39
3:51:28
 "
32,MIDD=3066151101,Rails to Trails Marathon,"Norwalk, WI USA","November 1, 2015","Jane Lanford (F60)
3:54:58 32 10 / 1 F60-69
2:53:20
BQ"
33,MIDD=3066151101,Rails to Trails Marathon,"Norwalk, WI USA","November 1, 2015","Eric Pleiss (M30)
3:55:40 33 23 / 9 M30-39
3:55:40
 "
34,MIDD=3066151101,Rails to Trails Marathon,"Norwalk, WI USA","November 1, 2015","Aaron Krebs (M40)
3:57:00 34 24 / 5 M40-49
3:51:17
 "
35,MIDD=3066151101,Rails to Trails Marathon,"Norwalk, WI USA","November 1, 2015","Daniel Everson (M41)
3:57:02 35 25 / 6 M40-49
3:49:25
 "
36,MIDD=3066151101,Rails to Trails Marathon,"Norwalk, WI USA","November 1, 2015","Justin Novotney (M28)
3:57:37 36 26 / 3 M20-29
3:57:37
 "
37,MIDD=3066151101,Rails to Trails Marathon,"Norwalk, WI USA","November 1, 2015","Megan Buckingham (F31)
3:58:10 37 11 / 3 F30-39
3:57:47
 "
38,MIDD=3066151101,Rails to Trails Marathon,"Norwalk, WI USA","November 1, 2015","Corina Colon (F23)
3:58:18 38 12 / 3 F20-29
3:58:18
 "
39,MIDD=3066151101,Rails to Trails Marathon,"Norwalk, WI USA","November 1, 2015","Marcus Schick (M44)
3:58:24 39 27 / 7 M40-49
3:45:02
 "
40,MIDD=3066151101,Rails to Trails Marathon,"Norwalk, WI USA","November 1, 2015","Steve Johnson (M45)
3:58:25 40 28 / 8 M40-49
3:43:06
 "
41,MIDD=3066151101,Rails to Trails Marathon,"Norwalk, WI USA","November 1, 2015","Liza Hicken (F35)
3:58:32 41 13 / 4 F30-39
3:55:10
 "
42,MIDD=3066151101,Rails to Trails Marathon,"Norwalk, WI USA","November 1, 2015","Aaron Smith (M40)
3:59:53 42 29 / 9 M40-49
3:54:06
 "
43,MIDD=3066151101,Rails to Trails Marathon,"Norwalk, WI USA","November 1, 2015","Jim Bohlig (M47)
4:00:26 43 30 / 10 M40-49
3:41:09
 "
44,MIDD=3066151101,Rails to Trails Marathon,"Norwalk, WI USA","November 1, 2015","Jon Eiden (M31)
4:01:12 44 31 / 10 M30-39
4:01:12
 "
45,MIDD=3066151101,Rails to Trails Marathon,"Norwalk, WI USA","November 1, 2015","Katie Bluhm (F32)
4:01:38 45 14 / 5 F30-39
4:00:47
 "
46,MIDD=3066151101,Rails to Trails Marathon,"Norwalk, WI USA","November 1, 2015","Dale Grabhorn (M49)
4:02:08 46 32 / 11 M40-49
3:38:51
 "
47,MIDD=3066151101,Rails to Trails Marathon,"Norwalk, WI USA","November 1, 2015","Brycen Schuhmacher (M12)
4:05:01 47 33 / 1 M1-14
3:28:16
 "
48,MIDD=3066151101,Rails to Trails Marathon,"Norwalk, WI USA","November 1, 2015","Arthur Eith (M29)
4:06:01 48 34 / 4 M20-29
4:06:01
 "
49,MIDD=3066151101,Rails to Trails Marathon,"Norwalk, WI USA","November 1, 2015","Justine Schultz (F28)
4:06:05 49 15 / 4 F20-29
4:06:05
 "
50,MIDD=3066151101,Rails to Trails Marathon,"Norwalk, WI USA","November 1, 2015","Brian Peterson (M42)
4:06:18 50 35 / 12 M40-49
3:56:26
 "
51,MIDD=3066151101,Rails to Trails Marathon,"Norwalk, WI USA","November 1, 2015","Dawn Hammel (F47)
4:06:32 51 16 / 2 F40-49
3:36:51
 "
52,MIDD=3066151101,Rails to Trails Marathon,"Norwalk, WI USA","November 1, 2015","Andrew Pettengill (M22)
4:08:10 52 36 / 5 M20-29
4:08:03
 "
53,MIDD=3066151101,Rails to Trails Marathon,"Norwalk, WI USA","November 1, 2015","Emily Denny (F29)
4:08:20 53 17 / 5 F20-29
4:08:20
 "
54,MIDD=3066151101,Rails to Trails Marathon,"Norwalk, WI USA","November 1, 2015","Sara Schmitt (F28)
4:08:35 54 18 / 6 F20-29
4:08:35
 "
55,MIDD=3066151101,Rails to Trails Marathon,"Norwalk, WI USA","November 1, 2015","Nichelle Hoege (F25)
4:09:00 55 19 / 7 F20-29
4:09:00
 "
56,MIDD=3066151101,Rails to Trails Marathon,"Norwalk, WI USA","November 1, 2015","Sue Weiskopf-Larson (F50)
4:09:01 56 20 / 2 F50-59
3:30:53
 "
57,MIDD=3066151101,Rails to Trails Marathon,"Norwalk, WI USA","November 1, 2015","David Kittleson (M55)
4:09:06 57 37 / 5 M50-59
3:33:07
 "
58,MIDD=3066151101,Rails to Trails Marathon,"Norwalk, WI USA","November 1, 2015","Douglas Brandt (M71)
4:11:36 58 38 / 1 M70-99
3:02:58
BQ"
59,MIDD=3066151101,Rails to Trails Marathon,"Norwalk, WI USA","November 1, 2015","Randy Wessman (M53)
4:13:06 59 39 / 6 M50-59
3:40:38
 "
60,MIDD=3066151101,Rails to Trails Marathon,"Norwalk, WI USA","November 1, 2015","Patrick Anderson (M41)
4:16:36 60 40 / 13 M40-49
4:08:22
 "
61,MIDD=3066151101,Rails to Trails Marathon,"Norwalk, WI USA","November 1, 2015","Stephanie Rouse (F26)
4:23:04 61 21 / 8 F20-29
4:23:04
 "
62,MIDD=3066151101,Rails to Trails Marathon,"Norwalk, WI USA","November 1, 2015","Matthew Iyer (M34)
4:23:13 62 41 / 11 M30-39
4:23:13
 "
63,MIDD=3066151101,Rails to Trails Marathon,"Norwalk, WI USA","November 1, 2015","Nita Valikodath (F25)
4:23:14 63 22 / 9 F20-29
4:23:14
 "
64,MIDD=3066151101,Rails to Trails Marathon,"Norwalk, WI USA","November 1, 2015","Mike Dupasquier (M32)
4:24:09 64 42 / 12 M30-39
4:24:09
 "
65,MIDD=3066151101,Rails to Trails Marathon,"Norwalk, WI USA","November 1, 2015","Wendy Roy (F37)
4:25:23 65 23 / 6 F30-39
4:18:44
 "
66,MIDD=3066151101,Rails to Trails Marathon,"Norwalk, WI USA","November 1, 2015","Adam Grimes (M50)
4:26:50 66 43 / 7 M50-59
3:59:00
 "
67,MIDD=3066151101,Rails to Trails Marathon,"Norwalk, WI USA","November 1, 2015","Jessica Lambert (F34)
4:28:03 67 24 / 7 F30-39
4:25:25
 "
68,MIDD=3066151101,Rails to Trails Marathon,"Norwalk, WI USA","November 1, 2015","Alice Topaloff (F25)
4:28:30 68 25 / 10 F20-29
4:28:30
 "
69,MIDD=3066151101,Rails to Trails Marathon,"Norwalk, WI USA","November 1, 2015","Katie Garvey (F33)
4:28:31 69 26 / 8 F30-39
4:26:50
 "
70,MIDD=3066151101,Rails to Trails Marathon,"Norwalk, WI USA","November 1, 2015","Molly Carlson (F33)
4:29:05 70 27 / 9 F30-39
4:27:24
 "
71,MIDD=3066151101,Rails to Trails Marathon,"Norwalk, WI USA","November 1, 2015","Laura Hudson (F27)
4:29:51 71 28 / 11 F20-29
4:29:51
 "
72,MIDD=3066151101,Rails to Trails Marathon,"Norwalk, WI USA","November 1, 2015","Hannah Vander Zanden (F34)
4:30:14 72 29 / 10 F30-39
4:27:35
 "
73,MIDD=3066151101,Rails to Trails Marathon,"Norwalk, WI USA","November 1, 2015","Michael Perry (M38)
4:32:58 73 44 / 13 M30-39
4:30:30
 "
74,MIDD=3066151101,Rails to Trails Marathon,"Norwalk, WI USA","November 1, 2015","Dave Perry (M60)
4:32:59 74 45 / 2 M60-69
3:42:37
 "
75,MIDD=3066151101,Rails to Trails Marathon,"Norwalk, WI USA","November 1, 2015","Michael Chauss (M52)
4:33:09 75 46 / 8 M50-59
4:00:17
 "
76,MIDD=3066151101,Rails to Trails Marathon,"Norwalk, WI USA","November 1, 2015","Jeff Roehl (M53)
4:33:40 76 47 / 9 M50-59
3:58:34
 "
77,MIDD=3066151101,Rails to Trails Marathon,"Norwalk, WI USA","November 1, 2015","David Shannon (M57)
4:34:18 77 48 / 10 M50-59
3:50:18
 "
78,MIDD=3066151101,Rails to Trails Marathon,"Norwalk, WI USA","November 1, 2015","David Musgrave (M48)
4:34:25 78 49 / 14 M40-49
4:10:13
 "
79,MIDD=3066151101,Rails to Trails Marathon,"Norwalk, WI USA","November 1, 2015","Julianne Hyma (F46)
4:34:41 79 30 / 3 F40-49
4:04:36
 "
80,MIDD=3066151101,Rails to Trails Marathon,"Norwalk, WI USA","November 1, 2015","Keith Wood (M47)
4:34:42 80 50 / 15 M40-49
4:12:40
 "
81,MIDD=3066151101,Rails to Trails Marathon,"Norwalk, WI USA","November 1, 2015","Mike Croninger (M33)
4:36:06 81 51 / 14 M30-39
4:36:06
 "
82,MIDD=3066151101,Rails to Trails Marathon,"Norwalk, WI USA","November 1, 2015","Kevin Croninger (M31)
4:36:06 82 52 / 15 M30-39
4:36:06
 "
83,MIDD=3066151101,Rails to Trails Marathon,"Norwalk, WI USA","November 1, 2015","Paula Macdonald (F33)
4:36:36 83 31 / 11 F30-39
4:34:51
 "
84,MIDD=3066151101,Rails to Trails Marathon,"Norwalk, WI USA","November 1, 2015","Charlie Spry (M34)
4:38:23 84 53 / 16 M30-39
4:38:23
 "
85,MIDD=3066151101,Rails to Trails Marathon,"Norwalk, WI USA","November 1, 2015","Donna Thackwray (F56)
4:38:41 85 32 / 3 F50-59
3:37:47
 "
86,MIDD=3066151101,Rails to Trails Marathon,"Norwalk, WI USA","November 1, 2015","Michael Henze (M46)
4:40:00 86 54 / 16 M40-49
4:19:47
 "
87,MIDD=3066151101,Rails to Trails Marathon,"Norwalk, WI USA","November 1, 2015","Richard Leick (M43)
4:42:16 87 55 / 17 M40-49
4:28:41
 "
88,MIDD=3066151101,Rails to Trails Marathon,"Norwalk, WI USA","November 1, 2015","Thomas Halada (M31)
4:42:45 88 56 / 17 M30-39
4:42:45
 "
89,MIDD=3066151101,Rails to Trails Marathon,"Norwalk, WI USA","November 1, 2015","Arehart Elizabeth (F22)
4:43:09 89 33 / 12 F20-29
4:43:09
 "
90,MIDD=3066151101,Rails to Trails Marathon,"Norwalk, WI USA","November 1, 2015","Curtis Schmitt (M28)
4:44:01 90 57 / 6 M20-29
4:44:01
 "
91,MIDD=3066151101,Rails to Trails Marathon,"Norwalk, WI USA","November 1, 2015","Kristina Cirves (F33)
4:44:33 91 34 / 12 F30-39
4:42:45
 "
92,MIDD=3066151101,Rails to Trails Marathon,"Norwalk, WI USA","November 1, 2015","Thomas Lamke (M52)
4:51:55 92 58 / 11 M50-59
4:16:48
 "
93,MIDD=3066151101,Rails to Trails Marathon,"Norwalk, WI USA","November 1, 2015","Patrick Olbert (M47)
4:52:07 93 59 / 18 M40-49
4:28:41
 "
94,MIDD=3066151101,Rails to Trails Marathon,"Norwalk, WI USA","November 1, 2015","Peter Klein (M55)
4:52:08 94 60 / 12 M50-59
4:09:57
 "
95,MIDD=3066151101,Rails to Trails Marathon,"Norwalk, WI USA","November 1, 2015","Emmerentia Loots (F48)
4:52:12 95 35 / 4 F40-49
4:13:50
 "
96,MIDD=3066151101,Rails to Trails Marathon,"Norwalk, WI USA","November 1, 2015","Jeff Storch (F47)
4:54:21 96 36 / 5 F40-49
4:18:55
 "
97,MIDD=3066151101,Rails to Trails Marathon,"Norwalk, WI USA","November 1, 2015","Christine Quandt (F46)
4:58:40 97 37 / 6 F40-49
4:25:57
 "
98,MIDD=3066151101,Rails to Trails Marathon,"Norwalk, WI USA","November 1, 2015","Dorothy Strickland (F33)
5:01:54 98 38 / 13 F30-39
5:00:00
 "
99,MIDD=3066151101,Rails to Trails Marathon,"Norwalk, WI USA","November 1, 2015","Nicole Heil (F29)
5:02:54 99 39 / 13 F20-29
5:02:54
 "
100,MIDD=3066151101,Rails to Trails Marathon,"Norwalk, WI USA","November 1, 2015","Miles Jobke (M28)
5:02:55 100 61 / 7 M20-29
5:02:55
 "
101,MIDD=3066151101,Rails to Trails Marathon,"Norwalk, WI USA","November 1, 2015","Sara Cherne (F67)
5:04:31 101 40 / 2 F60-69
3:19:18
 "
102,MIDD=3066151101,Rails to Trails Marathon,"Norwalk, WI USA","November 1, 2015","Kalei Stephens (M40)
5:07:03 102 62 / 19 M40-49
4:59:39
 "
103,MIDD=3066151101,Rails to Trails Marathon,"Norwalk, WI USA","November 1, 2015","Tara Ashmore (F44)
5:09:49 103 41 / 7 F40-49
4:42:39
 "
104,MIDD=3066151101,Rails to Trails Marathon,"Norwalk, WI USA","November 1, 2015","Jeff Schenck (M48)
5:10:01 104 63 / 20 M40-49
4:42:40
 "
105,MIDD=3066151101,Rails to Trails Marathon,"Norwalk, WI USA","November 1, 2015","William Cavaness (M46)
5:10:10 105 64 / 21 M40-49
4:47:47
 "
106,MIDD=3066151101,Rails to Trails Marathon,"Norwalk, WI USA","November 1, 2015","Mark Allen (M67)
5:10:27 106 65 / 3 M60-69
3:55:45
 "
107,MIDD=3066151101,Rails to Trails Marathon,"Norwalk, WI USA","November 1, 2015","Pamela Utterback (F50)
5:12:45 107 42 / 4 F50-59
4:24:52
 "
108,MIDD=3066151101,Rails to Trails Marathon,"Norwalk, WI USA","November 1, 2015","Daniel Garceau (M52)
5:13:46 108 66 / 13 M50-59
4:36:01
 "
109,MIDD=3066151101,Rails to Trails Marathon,"Norwalk, WI USA","November 1, 2015","Eric Olson (M40)
5:13:56 109 67 / 22 M40-49
5:06:22
 "
110,MIDD=3066151101,Rails to Trails Marathon,"Norwalk, WI USA","November 1, 2015","Craig Swanson (M61)
5:13:58 110 68 / 4 M60-69
4:13:32
 "
111,MIDD=3066151101,Rails to Trails Marathon,"Norwalk, WI USA","November 1, 2015","Jeff Schultz (M43)
5:13:59 111 69 / 23 M40-49
4:58:53
 "
112,MIDD=3066151101,Rails to Trails Marathon,"Norwalk, WI USA","November 1, 2015","Craig Olsen (M52)
5:15:37 112 70 / 14 M50-59
4:37:39
 "
113,MIDD=3066151101,Rails to Trails Marathon,"Norwalk, WI USA","November 1, 2015","Andrea Odrzywolski (F42)
5:17:54 113 43 / 8 F40-49
4:56:49
 "
114,MIDD=3066151101,Rails to Trails Marathon,"Norwalk, WI USA","November 1, 2015","Tara Challenger (F41)
5:19:01 114 44 / 9 F40-49
5:01:00
 "
115,MIDD=3066151101,Rails to Trails Marathon,"Norwalk, WI USA","November 1, 2015","Jeanne Svobodny (F64)
5:20:51 115 45 / 3 F60-69
3:41:52
 "
116,MIDD=3066151101,Rails to Trails Marathon,"Norwalk, WI USA","November 1, 2015","Anna Zsebe (F33)
5:27:02 116 46 / 14 F30-39
5:24:58
 "
117,MIDD=3066151101,Rails to Trails Marathon,"Norwalk, WI USA","November 1, 2015","Antonio Toledo (M66)
5:34:00 117 71 / 5 M60-69
4:16:18
 "
118,MIDD=3066151101,Rails to Trails Marathon,"Norwalk, WI USA","November 1, 2015","Pat Wagner (M55)
5:36:52 118 72 / 15 M50-59
4:48:13
 "
119,MIDD=3066151101,Rails to Trails Marathon,"Norwalk, WI USA","November 1, 2015","Tamara Laskowski (F42)
5:37:06 119 47 / 10 F40-49
5:14:45
 "
120,MIDD=3066151101,Rails to Trails Marathon,"Norwalk, WI USA","November 1, 2015","Matthew Koel (M33)
5:38:30 120 73 / 18 M30-39
5:38:30
 "
121,MIDD=3066151101,Rails to Trails Marathon,"Norwalk, WI USA","November 1, 2015","Elaine Bottomley (F24)
5:43:59 121 48 / 14 F20-29
5:43:59
 "
122,MIDD=3066151101,Rails to Trails Marathon,"Norwalk, WI USA","November 1, 2015","Brian Bottomley (M53)
5:44:00 122 74 / 16 M50-59
4:59:52
 "
