,race_id,race,location,date,runners
0,MIDD=3303151025,Columbia Gorge Marathon,"Hood River, OR USA","October 25, 2015","

Have you run this race?Then tell us about it.

Last Name, First Name(Sex/Age)
Time OverAllPlace
Sex Place/Div Place
DIV BQ*"
1,MIDD=3303151025,Columbia Gorge Marathon,"Hood River, OR USA","October 25, 2015","Scott WILLIAMS (M)
2:43:03 1 1 / 1 MOpen
BQ"
2,MIDD=3303151025,Columbia Gorge Marathon,"Hood River, OR USA","October 25, 2015","Alex HANCOCK (M)
2:49:05 2 2 / 2 MOpen
BQ"
3,MIDD=3303151025,Columbia Gorge Marathon,"Hood River, OR USA","October 25, 2015","Danny CONNOLLY (M)
3:03:17 3 3 / 3 MOpen
BQ"
4,MIDD=3303151025,Columbia Gorge Marathon,"Hood River, OR USA","October 25, 2015","Christopher MOZAK (M)
3:41:02 4 4 / 1 M30-39
 "
5,MIDD=3303151025,Columbia Gorge Marathon,"Hood River, OR USA","October 25, 2015","Mariah KRANER (F)
3:12:14 5 1 / 1 FOpen
BQ"
6,MIDD=3303151025,Columbia Gorge Marathon,"Hood River, OR USA","October 25, 2015","Matt ROSHAK (M)
3:44:10 6 5 / 2 M30-39
 "
7,MIDD=3303151025,Columbia Gorge Marathon,"Hood River, OR USA","October 25, 2015","Justin GRADY (M)
3:15:12 7 6 / 1 M40-49
 "
8,MIDD=3303151025,Columbia Gorge Marathon,"Hood River, OR USA","October 25, 2015","Stephen ONEAL (M)
3:16:28 8 7 / 1 M50-59
BQ"
9,MIDD=3303151025,Columbia Gorge Marathon,"Hood River, OR USA","October 25, 2015","Jeff JONES (M)
3:16:40 9 8 / 2 M50-59
BQ"
10,MIDD=3303151025,Columbia Gorge Marathon,"Hood River, OR USA","October 25, 2015","Annalise MILLER (F)
3:17:28 10 2 / 2 FOpen
BQ"
11,MIDD=3303151025,Columbia Gorge Marathon,"Hood River, OR USA","October 25, 2015","Tammie DUBBERLY (F)
3:18:15 11 3 / 3 FOpen
BQ"
12,MIDD=3303151025,Columbia Gorge Marathon,"Hood River, OR USA","October 25, 2015","Andrew EDDINGS (M)
3:49:52 12 9 / 3 M30-39
 "
13,MIDD=3303151025,Columbia Gorge Marathon,"Hood River, OR USA","October 25, 2015","Martin ESQUIVEL (M)
3:20:46 13 10 / 3 M50-59
BQ"
14,MIDD=3303151025,Columbia Gorge Marathon,"Hood River, OR USA","October 25, 2015","Mary FLAWS (F)
3:22:23 14 4 / 1 F40-49
BQ"
15,MIDD=3303151025,Columbia Gorge Marathon,"Hood River, OR USA","October 25, 2015","Adam MENDOZA (M)
3:22:46 15 11 / 4 M50-59
BQ"
16,MIDD=3303151025,Columbia Gorge Marathon,"Hood River, OR USA","October 25, 2015","Kyle MCDONALD (M)
12:23:24 16 12 / 1 M20-29
 "
17,MIDD=3303151025,Columbia Gorge Marathon,"Hood River, OR USA","October 25, 2015","Steve WALTERS (M)
3:24:06 17 13 / 4 M30-39
 "
18,MIDD=3303151025,Columbia Gorge Marathon,"Hood River, OR USA","October 25, 2015","Annarose PANDEY (F)
3:25:36 18 5 / 2 F40-49
BQ"
19,MIDD=3303151025,Columbia Gorge Marathon,"Hood River, OR USA","October 25, 2015","Derek BEMROSE (M)
3:26:17 19 14 / 5 M30-39
 "
20,MIDD=3303151025,Columbia Gorge Marathon,"Hood River, OR USA","October 25, 2015","Roger CHOU (M)
3:26:23 20 15 / 2 M40-49
 "
21,MIDD=3303151025,Columbia Gorge Marathon,"Hood River, OR USA","October 25, 2015","Sadie EVANS (F)
3:26:30 21 6 / 1 F30-39
BQ"
22,MIDD=3303151025,Columbia Gorge Marathon,"Hood River, OR USA","October 25, 2015","Jenny BUNCE (F)
3:26:37 22 7 / 1 F20-29
BQ"
23,MIDD=3303151025,Columbia Gorge Marathon,"Hood River, OR USA","October 25, 2015","Jessica KENYON (F)
3:56:06 23 8 / 2 F30-39
 "
24,MIDD=3303151025,Columbia Gorge Marathon,"Hood River, OR USA","October 25, 2015","M Sydney THOMPSON (M)
3:33:16 24 16 / 6 M30-39
 "
25,MIDD=3303151025,Columbia Gorge Marathon,"Hood River, OR USA","October 25, 2015","Steve MAHONEY (M)
3:34:06 25 17 / 1 M60-69
BQ"
26,MIDD=3303151025,Columbia Gorge Marathon,"Hood River, OR USA","October 25, 2015","Bea MYRE (F)
3:36:08 26 9 / 2 F20-29
 "
27,MIDD=3303151025,Columbia Gorge Marathon,"Hood River, OR USA","October 25, 2015","Erik STONE (M)
3:38:20 27 18 / 7 M30-39
 "
28,MIDD=3303151025,Columbia Gorge Marathon,"Hood River, OR USA","October 25, 2015","Toby TOBECK (M)
3:38:22 28 19 / 3 M40-49
 "
29,MIDD=3303151025,Columbia Gorge Marathon,"Hood River, OR USA","October 25, 2015","Miles TREAKLE (M)
3:38:37 29 20 / 8 M30-39
 "
30,MIDD=3303151025,Columbia Gorge Marathon,"Hood River, OR USA","October 25, 2015","Andrea BEMIS (F)
3:39:57 30 10 / 3 F30-39
 "
31,MIDD=3303151025,Columbia Gorge Marathon,"Hood River, OR USA","October 25, 2015","Adam HALL (M)
3:41:33 31 21 / 5 M50-59
 "
32,MIDD=3303151025,Columbia Gorge Marathon,"Hood River, OR USA","October 25, 2015","Norma CASTRO (F)
4:41:42 32 11 / 4 F30-39
 "
33,MIDD=3303151025,Columbia Gorge Marathon,"Hood River, OR USA","October 25, 2015","Robert HAMMITT (M)
3:43:50 33 22 / 4 M40-49
 "
34,MIDD=3303151025,Columbia Gorge Marathon,"Hood River, OR USA","October 25, 2015","Bill GOODIER (M)
3:44:42 34 23 / 5 M40-49
 "
35,MIDD=3303151025,Columbia Gorge Marathon,"Hood River, OR USA","October 25, 2015","Pete JOLIBOIS (M)
3:45:12 35 24 / 6 M50-59
 "
36,MIDD=3303151025,Columbia Gorge Marathon,"Hood River, OR USA","October 25, 2015","Christopher WAGNER (M)
3:45:17 36 25 / 9 M30-39
 "
37,MIDD=3303151025,Columbia Gorge Marathon,"Hood River, OR USA","October 25, 2015","Chris OWENS (M)
3:45:53 37 26 / 7 M50-59
 "
38,MIDD=3303151025,Columbia Gorge Marathon,"Hood River, OR USA","October 25, 2015","J Thomas SCHURTER (M)
3:46:20 38 27 / 8 M50-59
 "
39,MIDD=3303151025,Columbia Gorge Marathon,"Hood River, OR USA","October 25, 2015","Carla PLETSCH (F)
12:16:44 39 12 / 3 F40-49
 "
40,MIDD=3303151025,Columbia Gorge Marathon,"Hood River, OR USA","October 25, 2015","Lincoln HOPKINS (M)
3:47:14 40 28 / 1 M0-19
 "
41,MIDD=3303151025,Columbia Gorge Marathon,"Hood River, OR USA","October 25, 2015","Erik HOPKINS (M)
3:47:15 41 29 / 9 M50-59
 "
42,MIDD=3303151025,Columbia Gorge Marathon,"Hood River, OR USA","October 25, 2015","Christopher WOLFF (M)
3:47:19 42 30 / 10 M50-59
 "
43,MIDD=3303151025,Columbia Gorge Marathon,"Hood River, OR USA","October 25, 2015","Michael LOWE (M)
4:18:15 43 31 / 10 M30-39
 "
44,MIDD=3303151025,Columbia Gorge Marathon,"Hood River, OR USA","October 25, 2015","Meagan TOLLES (F)
4:18:58 44 13 / 5 F30-39
 "
45,MIDD=3303151025,Columbia Gorge Marathon,"Hood River, OR USA","October 25, 2015","Matthew CHABRIER (M)
3:49:47 45 32 / 11 M30-39
 "
46,MIDD=3303151025,Columbia Gorge Marathon,"Hood River, OR USA","October 25, 2015","Melissa ARMATIS (F)
3:49:59 46 14 / 4 F40-49
 "
47,MIDD=3303151025,Columbia Gorge Marathon,"Hood River, OR USA","October 25, 2015","Tom GORDON (M)
3:50:10 47 33 / 11 M50-59
 "
48,MIDD=3303151025,Columbia Gorge Marathon,"Hood River, OR USA","October 25, 2015","Van DEWALD (M)
4:20:15 48 34 / 6 M40-49
 "
49,MIDD=3303151025,Columbia Gorge Marathon,"Hood River, OR USA","October 25, 2015","Thomas REICHERT (M)
12:50:59 49 35 / 2 M20-29
 "
50,MIDD=3303151025,Columbia Gorge Marathon,"Hood River, OR USA","October 25, 2015","Nathanael ROE (M)
3:51:00 50 36 / 7 M40-49
 "
51,MIDD=3303151025,Columbia Gorge Marathon,"Hood River, OR USA","October 25, 2015","Hannah ROOTS (F)
12:51:02 51 15 / 1 F50-59
 "
52,MIDD=3303151025,Columbia Gorge Marathon,"Hood River, OR USA","October 25, 2015","Cliff GILL (M)
3:51:54 52 37 / 12 M50-59
 "
53,MIDD=3303151025,Columbia Gorge Marathon,"Hood River, OR USA","October 25, 2015","John SANDOVAL (M)
3:51:43 53 38 / 8 M40-49
 "
54,MIDD=3303151025,Columbia Gorge Marathon,"Hood River, OR USA","October 25, 2015","Heather STURDIVANT (F)
3:53:19 54 16 / 6 F30-39
 "
55,MIDD=3303151025,Columbia Gorge Marathon,"Hood River, OR USA","October 25, 2015","Rebeca GOLDEN (F)
3:53:45 55 17 / 2 F50-59
BQ"
56,MIDD=3303151025,Columbia Gorge Marathon,"Hood River, OR USA","October 25, 2015","Jordan SHUGART (M)
3:53:58 56 39 / 3 M20-29
 "
57,MIDD=3303151025,Columbia Gorge Marathon,"Hood River, OR USA","October 25, 2015","Tommy BONIN (M)
3:56:46 57 40 / 4 M20-29
 "
58,MIDD=3303151025,Columbia Gorge Marathon,"Hood River, OR USA","October 25, 2015","Julie DRIMMEL (F)
4:27:16 58 18 / 5 F40-49
 "
59,MIDD=3303151025,Columbia Gorge Marathon,"Hood River, OR USA","October 25, 2015","Hector REYES (M)
3:57:32 59 41 / 12 M30-39
 "
60,MIDD=3303151025,Columbia Gorge Marathon,"Hood River, OR USA","October 25, 2015","Heidi TANSINSIN (F)
3:57:37 60 19 / 7 F30-39
 "
61,MIDD=3303151025,Columbia Gorge Marathon,"Hood River, OR USA","October 25, 2015","Sophie KNAPP (F)
3:58:01 61 20 / 3 F20-29
 "
62,MIDD=3303151025,Columbia Gorge Marathon,"Hood River, OR USA","October 25, 2015","Troy CROSS (M)
3:58:34 62 42 / 9 M40-49
 "
63,MIDD=3303151025,Columbia Gorge Marathon,"Hood River, OR USA","October 25, 2015","Ralph BUEHRLE (M)
3:59:02 63 43 / 13 M50-59
 "
64,MIDD=3303151025,Columbia Gorge Marathon,"Hood River, OR USA","October 25, 2015","Alexander SCHWARZKOPF (M)
4:01:20 64 44 / 13 M30-39
 "
65,MIDD=3303151025,Columbia Gorge Marathon,"Hood River, OR USA","October 25, 2015","Lorry LENTZ (F)
12:31:36 65 21 / 3 F50-59
 "
66,MIDD=3303151025,Columbia Gorge Marathon,"Hood River, OR USA","October 25, 2015","Michael FAHEY (M)
4:01:59 66 45 / 14 M30-39
 "
67,MIDD=3303151025,Columbia Gorge Marathon,"Hood River, OR USA","October 25, 2015","Sara BALL (F)
4:02:04 67 22 / 8 F30-39
 "
68,MIDD=3303151025,Columbia Gorge Marathon,"Hood River, OR USA","October 25, 2015","Sara KOPTON (F)
4:32:21 68 23 / 9 F30-39
 "
69,MIDD=3303151025,Columbia Gorge Marathon,"Hood River, OR USA","October 25, 2015","Amber-dawn INGWERSON (F)
4:03:24 69 24 / 10 F30-39
 "
70,MIDD=3303151025,Columbia Gorge Marathon,"Hood River, OR USA","October 25, 2015","Paula BARRY (F)
4:34:28 70 25 / 11 F30-39
 "
71,MIDD=3303151025,Columbia Gorge Marathon,"Hood River, OR USA","October 25, 2015","Rhianna DERENICK-HANNIGAN (F)
4:04:55 71 26 / 12 F30-39
 "
72,MIDD=3303151025,Columbia Gorge Marathon,"Hood River, OR USA","October 25, 2015","Joe MANTEL (M)
4:05:44 72 46 / 15 M30-39
 "
73,MIDD=3303151025,Columbia Gorge Marathon,"Hood River, OR USA","October 25, 2015","Jennefer LLOYD (F)
4:07:40 73 27 / 4 F50-59
 "
74,MIDD=3303151025,Columbia Gorge Marathon,"Hood River, OR USA","October 25, 2015","Chris KRATOCHVIL (M)
4:07:44 74 47 / 16 M30-39
 "
75,MIDD=3303151025,Columbia Gorge Marathon,"Hood River, OR USA","October 25, 2015","Brian NICHOLSON (M)
4:37:59 75 48 / 10 M40-49
 "
76,MIDD=3303151025,Columbia Gorge Marathon,"Hood River, OR USA","October 25, 2015","Stephanie WHITE (F)
4:08:41 76 28 / 13 F30-39
 "
77,MIDD=3303151025,Columbia Gorge Marathon,"Hood River, OR USA","October 25, 2015","Tawnya ELLER (F)
4:09:04 77 29 / 6 F40-49
 "
78,MIDD=3303151025,Columbia Gorge Marathon,"Hood River, OR USA","October 25, 2015","Nicolas MARTIN (M)
4:09:18 78 49 / 17 M30-39
 "
79,MIDD=3303151025,Columbia Gorge Marathon,"Hood River, OR USA","October 25, 2015","Darryl HOUGHTELLING (M)
4:09:26 79 50 / 11 M40-49
 "
80,MIDD=3303151025,Columbia Gorge Marathon,"Hood River, OR USA","October 25, 2015","Ethan DOLPH (M)
4:39:48 80 51 / 2 M0-19
 "
81,MIDD=3303151025,Columbia Gorge Marathon,"Hood River, OR USA","October 25, 2015","Jamie YATES (F)
4:10:07 81 30 / 4 F20-29
 "
82,MIDD=3303151025,Columbia Gorge Marathon,"Hood River, OR USA","October 25, 2015","Celia MANNY (F)
4:10:43 82 31 / 5 F20-29
 "
83,MIDD=3303151025,Columbia Gorge Marathon,"Hood River, OR USA","October 25, 2015","Heather SKRIVER (F)
4:10:59 83 32 / 14 F30-39
 "
84,MIDD=3303151025,Columbia Gorge Marathon,"Hood River, OR USA","October 25, 2015","Henry STOGNER (M)
4:12:14 84 52 / 12 M40-49
 "
85,MIDD=3303151025,Columbia Gorge Marathon,"Hood River, OR USA","October 25, 2015","Evans CLINCHY (M)
4:12:31 85 53 / 5 M20-29
 "
86,MIDD=3303151025,Columbia Gorge Marathon,"Hood River, OR USA","October 25, 2015","Misty KAIHANI (F)
4:12:41 86 33 / 6 F20-29
 "
87,MIDD=3303151025,Columbia Gorge Marathon,"Hood River, OR USA","October 25, 2015","Adam HARVRY (M)
4:13:11 87 54 / 18 M30-39
 "
88,MIDD=3303151025,Columbia Gorge Marathon,"Hood River, OR USA","October 25, 2015","Bonnie WALTON (F)
4:13:19 88 34 / 15 F30-39
 "
89,MIDD=3303151025,Columbia Gorge Marathon,"Hood River, OR USA","October 25, 2015","Brandi STEWART-WOOD (F)
4:13:52 89 35 / 7 F40-49
 "
90,MIDD=3303151025,Columbia Gorge Marathon,"Hood River, OR USA","October 25, 2015","Kelly MCGAULEY (F)
13:13:48 90 36 / 7 F20-29
 "
91,MIDD=3303151025,Columbia Gorge Marathon,"Hood River, OR USA","October 25, 2015","Trevor WRIGHT (M)
4:14:02 91 55 / 19 M30-39
 "
92,MIDD=3303151025,Columbia Gorge Marathon,"Hood River, OR USA","October 25, 2015","Lindsay WRIGHT (F)
4:14:03 92 37 / 16 F30-39
 "
93,MIDD=3303151025,Columbia Gorge Marathon,"Hood River, OR USA","October 25, 2015","Rachelle HANSON (F)
4:14:10 93 38 / 8 F20-29
 "
94,MIDD=3303151025,Columbia Gorge Marathon,"Hood River, OR USA","October 25, 2015","Claire MANNY (F)
4:14:10 94 39 / 9 F20-29
 "
95,MIDD=3303151025,Columbia Gorge Marathon,"Hood River, OR USA","October 25, 2015","J KNIGHT (M)
4:14:24 95 56 / 20 M30-39
 "
96,MIDD=3303151025,Columbia Gorge Marathon,"Hood River, OR USA","October 25, 2015","Keith SECKEL (M)
4:44:31 96 57 / 13 M40-49
 "
97,MIDD=3303151025,Columbia Gorge Marathon,"Hood River, OR USA","October 25, 2015","Rachel EVANS (F)
4:14:50 97 40 / 17 F30-39
 "
98,MIDD=3303151025,Columbia Gorge Marathon,"Hood River, OR USA","October 25, 2015","Cami KAPLANIS (F)
4:45:01 98 41 / 8 F40-49
 "
99,MIDD=3303151025,Columbia Gorge Marathon,"Hood River, OR USA","October 25, 2015","Timothy MCGUIRE (M)
4:15:54 99 58 / 21 M30-39
 "
100,MIDD=3303151025,Columbia Gorge Marathon,"Hood River, OR USA","October 25, 2015","Kari ARANA (F)
4:45:52 100 42 / 5 F50-59
 "
101,MIDD=3303151025,Columbia Gorge Marathon,"Hood River, OR USA","October 25, 2015","Tonya KOOPMAN (F)
4:16:09 101 43 / 9 F40-49
 "
102,MIDD=3303151025,Columbia Gorge Marathon,"Hood River, OR USA","October 25, 2015","Peggy FRINGS (F)
4:46:03 102 44 / 1 F60-69
 "
103,MIDD=3303151025,Columbia Gorge Marathon,"Hood River, OR USA","October 25, 2015","Emilie MILLER (F)
4:16:18 103 45 / 18 F30-39
 "
104,MIDD=3303151025,Columbia Gorge Marathon,"Hood River, OR USA","October 25, 2015","Fumi ISHIMATSU (F)
4:16:39 104 46 / 10 F40-49
 "
105,MIDD=3303151025,Columbia Gorge Marathon,"Hood River, OR USA","October 25, 2015","Mark KOOPMAN (M)
4:16:39 105 59 / 14 M40-49
 "
106,MIDD=3303151025,Columbia Gorge Marathon,"Hood River, OR USA","October 25, 2015","Wisdom MING (F)
4:18:52 106 47 / 11 F40-49
 "
107,MIDD=3303151025,Columbia Gorge Marathon,"Hood River, OR USA","October 25, 2015","Michael MELLICK (M)
4:18:52 107 60 / 15 M40-49
 "
108,MIDD=3303151025,Columbia Gorge Marathon,"Hood River, OR USA","October 25, 2015","Barbara RUSSELL (F)
4:19:25 108 48 / 6 F50-59
 "
109,MIDD=3303151025,Columbia Gorge Marathon,"Hood River, OR USA","October 25, 2015","Brian HAYDEN (M)
4:19:44 109 61 / 22 M30-39
 "
110,MIDD=3303151025,Columbia Gorge Marathon,"Hood River, OR USA","October 25, 2015","Todd ETHRIDGE (M)
4:20:07 110 62 / 16 M40-49
 "
111,MIDD=3303151025,Columbia Gorge Marathon,"Hood River, OR USA","October 25, 2015","Tori SULLIVAN (F)
4:50:21 111 49 / 10 F20-29
 "
112,MIDD=3303151025,Columbia Gorge Marathon,"Hood River, OR USA","October 25, 2015","Valerie WILSON (F)
4:50:21 112 50 / 19 F30-39
 "
113,MIDD=3303151025,Columbia Gorge Marathon,"Hood River, OR USA","October 25, 2015","Abby MCCALLUM (F)
4:50:35 113 51 / 20 F30-39
 "
114,MIDD=3303151025,Columbia Gorge Marathon,"Hood River, OR USA","October 25, 2015","Jeff MCCALLUM (M)
4:21:02 114 63 / 14 M50-59
 "
115,MIDD=3303151025,Columbia Gorge Marathon,"Hood River, OR USA","October 25, 2015","Devin JOHNSON (M)
4:21:18 115 64 / 6 M20-29
 "
116,MIDD=3303151025,Columbia Gorge Marathon,"Hood River, OR USA","October 25, 2015","Sanjay PAMURTHY (M)
4:21:20 116 65 / 17 M40-49
 "
117,MIDD=3303151025,Columbia Gorge Marathon,"Hood River, OR USA","October 25, 2015","Stephen DEREMER (M)
4:22:12 117 66 / 15 M50-59
 "
118,MIDD=3303151025,Columbia Gorge Marathon,"Hood River, OR USA","October 25, 2015","Jeremy MA (M)
4:22:30 118 67 / 23 M30-39
 "
119,MIDD=3303151025,Columbia Gorge Marathon,"Hood River, OR USA","October 25, 2015","Nicole CHAFFIN (F)
4:52:13 119 52 / 12 F40-49
 "
120,MIDD=3303151025,Columbia Gorge Marathon,"Hood River, OR USA","October 25, 2015","Eric HANSON (M)
4:22:31 120 68 / 18 M40-49
 "
121,MIDD=3303151025,Columbia Gorge Marathon,"Hood River, OR USA","October 25, 2015","Kristopher GROGAN (M)
4:22:52 121 69 / 19 M40-49
 "
122,MIDD=3303151025,Columbia Gorge Marathon,"Hood River, OR USA","October 25, 2015","Miguel AVENDANO (M)
4:22:51 122 70 / 24 M30-39
 "
123,MIDD=3303151025,Columbia Gorge Marathon,"Hood River, OR USA","October 25, 2015","Sarah BEAUDOIN (F)
4:23:54 123 53 / 21 F30-39
 "
124,MIDD=3303151025,Columbia Gorge Marathon,"Hood River, OR USA","October 25, 2015","Troy WILLIAMS (M)
4:24:31 124 71 / 20 M40-49
 "
125,MIDD=3303151025,Columbia Gorge Marathon,"Hood River, OR USA","October 25, 2015","Gary PRAZAK (M)
4:24:47 125 72 / 16 M50-59
 "
126,MIDD=3303151025,Columbia Gorge Marathon,"Hood River, OR USA","October 25, 2015","Harrison KALODIMOS (M)
4:24:57 126 73 / 7 M20-29
 "
127,MIDD=3303151025,Columbia Gorge Marathon,"Hood River, OR USA","October 25, 2015","Courtney SCHILD (F)
4:25:04 127 54 / 11 F20-29
 "
128,MIDD=3303151025,Columbia Gorge Marathon,"Hood River, OR USA","October 25, 2015","Margaret BARRETT (F)
4:55:01 128 55 / 7 F50-59
 "
129,MIDD=3303151025,Columbia Gorge Marathon,"Hood River, OR USA","October 25, 2015","Maggie COOPER (F)
4:25:36 129 56 / 12 F20-29
 "
130,MIDD=3303151025,Columbia Gorge Marathon,"Hood River, OR USA","October 25, 2015","Cath BRANDS (F)
4:25:51 130 57 / 22 F30-39
 "
131,MIDD=3303151025,Columbia Gorge Marathon,"Hood River, OR USA","October 25, 2015","Sina MEIER (F)
4:26:13 131 58 / 23 F30-39
 "
132,MIDD=3303151025,Columbia Gorge Marathon,"Hood River, OR USA","October 25, 2015","Amy WOEHLING (F)
4:27:27 132 59 / 13 F20-29
 "
133,MIDD=3303151025,Columbia Gorge Marathon,"Hood River, OR USA","October 25, 2015","Debi PHILLPOTT (F)
4:27:32 133 60 / 13 F40-49
 "
134,MIDD=3303151025,Columbia Gorge Marathon,"Hood River, OR USA","October 25, 2015","Dennis GASKILL (M)
4:27:51 134 74 / 17 M50-59
 "
135,MIDD=3303151025,Columbia Gorge Marathon,"Hood River, OR USA","October 25, 2015","Anthony PUENTE (M)
4:28:34 135 75 / 25 M30-39
 "
136,MIDD=3303151025,Columbia Gorge Marathon,"Hood River, OR USA","October 25, 2015","Tracy JOHNSTON (F)
4:29:16 136 61 / 14 F40-49
 "
137,MIDD=3303151025,Columbia Gorge Marathon,"Hood River, OR USA","October 25, 2015","E.j. MINOR (M)
4:29:45 137 76 / 21 M40-49
 "
138,MIDD=3303151025,Columbia Gorge Marathon,"Hood River, OR USA","October 25, 2015","Elizabeth RIBBECK (F)
5:00:58 138 62 / 15 F40-49
 "
139,MIDD=3303151025,Columbia Gorge Marathon,"Hood River, OR USA","October 25, 2015","Joshua JESSUP (M)
5:01:03 139 77 / 22 M40-49
 "
140,MIDD=3303151025,Columbia Gorge Marathon,"Hood River, OR USA","October 25, 2015","Juan MOLINA (M)
5:02:08 140 78 / 3 M0-19
 "
141,MIDD=3303151025,Columbia Gorge Marathon,"Hood River, OR USA","October 25, 2015","Katie ORTGIES (F)
4:32:08 141 63 / 24 F30-39
 "
142,MIDD=3303151025,Columbia Gorge Marathon,"Hood River, OR USA","October 25, 2015","Tameka SMITH (F)
4:32:37 142 64 / 14 F20-29
 "
143,MIDD=3303151025,Columbia Gorge Marathon,"Hood River, OR USA","October 25, 2015","Randy STILLMAN (M)
5:02:34 143 79 / 2 M60-69
 "
144,MIDD=3303151025,Columbia Gorge Marathon,"Hood River, OR USA","October 25, 2015","Timori GOULD (F)
4:32:50 144 65 / 25 F30-39
 "
145,MIDD=3303151025,Columbia Gorge Marathon,"Hood River, OR USA","October 25, 2015","Stephanie PEASE (F)
4:32:50 145 66 / 16 F40-49
 "
146,MIDD=3303151025,Columbia Gorge Marathon,"Hood River, OR USA","October 25, 2015","Morgan SALTENBERGER (M)
13:33:54 146 80 / 26 M30-39
 "
147,MIDD=3303151025,Columbia Gorge Marathon,"Hood River, OR USA","October 25, 2015","Christine MCCALL (F)
4:34:28 147 67 / 26 F30-39
 "
148,MIDD=3303151025,Columbia Gorge Marathon,"Hood River, OR USA","October 25, 2015","Joe HARDING (M)
5:05:03 148 81 / 18 M50-59
 "
149,MIDD=3303151025,Columbia Gorge Marathon,"Hood River, OR USA","October 25, 2015","Kelly HOWLE (F)
4:36:14 149 68 / 27 F30-39
 "
150,MIDD=3303151025,Columbia Gorge Marathon,"Hood River, OR USA","October 25, 2015","Angelica BRIZUELA (F)
5:06:01 150 69 / 1 F0-19
 "
151,MIDD=3303151025,Columbia Gorge Marathon,"Hood River, OR USA","October 25, 2015","Natalie PROVENCE (F)
4:36:58 151 70 / 28 F30-39
 "
152,MIDD=3303151025,Columbia Gorge Marathon,"Hood River, OR USA","October 25, 2015","Robert HOLT (M)
5:07:10 152 82 / 27 M30-39
 "
153,MIDD=3303151025,Columbia Gorge Marathon,"Hood River, OR USA","October 25, 2015","Alyssa SULLIVAN (F)
4:38:38 153 71 / 29 F30-39
 "
154,MIDD=3303151025,Columbia Gorge Marathon,"Hood River, OR USA","October 25, 2015","Rob DRUFFEL (M)
4:39:15 154 83 / 28 M30-39
 "
155,MIDD=3303151025,Columbia Gorge Marathon,"Hood River, OR USA","October 25, 2015","James DANNENMILLER (M)
5:09:32 155 84 / 3 M60-69
 "
156,MIDD=3303151025,Columbia Gorge Marathon,"Hood River, OR USA","October 25, 2015","Miriam WOLF (F)
4:39:47 156 72 / 8 F50-59
 "
157,MIDD=3303151025,Columbia Gorge Marathon,"Hood River, OR USA","October 25, 2015","Craig ZIELINSKI (M)
4:40:47 157 85 / 29 M30-39
 "
158,MIDD=3303151025,Columbia Gorge Marathon,"Hood River, OR USA","October 25, 2015","Doug KILLIAN (M)
4:41:33 158 86 / 4 M60-69
 "
159,MIDD=3303151025,Columbia Gorge Marathon,"Hood River, OR USA","October 25, 2015","Job POZOS-AVILA (M)
4:41:44 159 87 / 30 M30-39
 "
160,MIDD=3303151025,Columbia Gorge Marathon,"Hood River, OR USA","October 25, 2015","Karen GIBSON (F)
4:42:05 160 73 / 9 F50-59
 "
161,MIDD=3303151025,Columbia Gorge Marathon,"Hood River, OR USA","October 25, 2015","Susan PAUL (F)
4:42:12 161 74 / 15 F20-29
 "
162,MIDD=3303151025,Columbia Gorge Marathon,"Hood River, OR USA","October 25, 2015","Bridget PIPER (F)
4:42:12 162 75 / 17 F40-49
 "
163,MIDD=3303151025,Columbia Gorge Marathon,"Hood River, OR USA","October 25, 2015","Sheryl LEONARD-SCHNECK (F)
4:42:50 163 76 / 10 F50-59
 "
164,MIDD=3303151025,Columbia Gorge Marathon,"Hood River, OR USA","October 25, 2015","Jennifer WORTHINGTON (F)
5:13:06 164 77 / 30 F30-39
 "
165,MIDD=3303151025,Columbia Gorge Marathon,"Hood River, OR USA","October 25, 2015","Philip SUMMERS (M)
5:13:19 165 88 / 19 M50-59
 "
166,MIDD=3303151025,Columbia Gorge Marathon,"Hood River, OR USA","October 25, 2015","Steve SHAPIRO (M)
5:14:38 166 89 / 5 M60-69
 "
167,MIDD=3303151025,Columbia Gorge Marathon,"Hood River, OR USA","October 25, 2015","Carina KOMARZEC (F)
5:15:11 167 78 / 18 F40-49
 "
168,MIDD=3303151025,Columbia Gorge Marathon,"Hood River, OR USA","October 25, 2015","Chris KOMARZEC (M)
5:15:12 168 90 / 20 M50-59
 "
169,MIDD=3303151025,Columbia Gorge Marathon,"Hood River, OR USA","October 25, 2015","Jonathan KALODIMOS (M)
4:45:40 169 91 / 31 M30-39
 "
170,MIDD=3303151025,Columbia Gorge Marathon,"Hood River, OR USA","October 25, 2015","Tammy PARSONS (F)
5:15:57 170 79 / 11 F50-59
 "
171,MIDD=3303151025,Columbia Gorge Marathon,"Hood River, OR USA","October 25, 2015","Brian FOY (M)
4:46:04 171 92 / 23 M40-49
 "
172,MIDD=3303151025,Columbia Gorge Marathon,"Hood River, OR USA","October 25, 2015","Ana LACY (F)
5:16:37 172 80 / 31 F30-39
 "
173,MIDD=3303151025,Columbia Gorge Marathon,"Hood River, OR USA","October 25, 2015","Chris TIMMONS (M)
4:47:34 173 93 / 32 M30-39
 "
174,MIDD=3303151025,Columbia Gorge Marathon,"Hood River, OR USA","October 25, 2015","Ryan GALLAGHER (M)
13:47:59 174 94 / 8 M20-29
 "
175,MIDD=3303151025,Columbia Gorge Marathon,"Hood River, OR USA","October 25, 2015","Desiree TANNER (F)
4:48:24 175 81 / 32 F30-39
 "
176,MIDD=3303151025,Columbia Gorge Marathon,"Hood River, OR USA","October 25, 2015","Tim HINTZ (M)
4:49:43 176 95 / 33 M30-39
 "
177,MIDD=3303151025,Columbia Gorge Marathon,"Hood River, OR USA","October 25, 2015","Tim THELEN (M)
4:49:43 177 96 / 24 M40-49
 "
178,MIDD=3303151025,Columbia Gorge Marathon,"Hood River, OR USA","October 25, 2015","Jennifer SMITH (F)
5:20:44 178 82 / 33 F30-39
 "
179,MIDD=3303151025,Columbia Gorge Marathon,"Hood River, OR USA","October 25, 2015","Wolfgang KIRBY (M)
4:52:38 179 97 / 25 M40-49
 "
180,MIDD=3303151025,Columbia Gorge Marathon,"Hood River, OR USA","October 25, 2015","Dustin GILLHAM (M)
4:53:22 180 98 / 34 M30-39
 "
181,MIDD=3303151025,Columbia Gorge Marathon,"Hood River, OR USA","October 25, 2015","Megan MAUCH (F)
4:53:51 181 83 / 34 F30-39
 "
182,MIDD=3303151025,Columbia Gorge Marathon,"Hood River, OR USA","October 25, 2015","Kelly HOWARD (F)
5:24:32 182 84 / 35 F30-39
 "
183,MIDD=3303151025,Columbia Gorge Marathon,"Hood River, OR USA","October 25, 2015","Molly SILVERMAN (F)
4:55:20 183 85 / 16 F20-29
 "
184,MIDD=3303151025,Columbia Gorge Marathon,"Hood River, OR USA","October 25, 2015","Nanette CHERTUDI (F)
5:25:28 184 86 / 36 F30-39
 "
185,MIDD=3303151025,Columbia Gorge Marathon,"Hood River, OR USA","October 25, 2015","Robin ANDERSON (F)
5:25:36 185 87 / 37 F30-39
 "
186,MIDD=3303151025,Columbia Gorge Marathon,"Hood River, OR USA","October 25, 2015","Mary NAYLOR (F)
4:56:04 186 88 / 17 F20-29
 "
187,MIDD=3303151025,Columbia Gorge Marathon,"Hood River, OR USA","October 25, 2015","Denis MCCARTHY (M)
5:26:14 187 99 / 21 M50-59
 "
188,MIDD=3303151025,Columbia Gorge Marathon,"Hood River, OR USA","October 25, 2015","Elizabeth HERRICK (F)
5:26:30 188 89 / 12 F50-59
 "
189,MIDD=3303151025,Columbia Gorge Marathon,"Hood River, OR USA","October 25, 2015","Kristen OLSON (F)
4:58:00 189 90 / 38 F30-39
 "
190,MIDD=3303151025,Columbia Gorge Marathon,"Hood River, OR USA","October 25, 2015","Jeff FENWICK (M)
5:00:31 190 100 / 9 M20-29
 "
191,MIDD=3303151025,Columbia Gorge Marathon,"Hood River, OR USA","October 25, 2015","Becky POTTER MCANDREW (F)
5:01:04 191 91 / 19 F40-49
 "
192,MIDD=3303151025,Columbia Gorge Marathon,"Hood River, OR USA","October 25, 2015","Andrea CULLIGAN (F)
5:31:19 192 92 / 18 F20-29
 "
193,MIDD=3303151025,Columbia Gorge Marathon,"Hood River, OR USA","October 25, 2015","Michael GARZA (M)
5:18:21 193 101 / 22 M50-59
 "
194,MIDD=3303151025,Columbia Gorge Marathon,"Hood River, OR USA","October 25, 2015","Wencesley PAEZ (M)
5:03:46 194 102 / 26 M40-49
 "
195,MIDD=3303151025,Columbia Gorge Marathon,"Hood River, OR USA","October 25, 2015","Mairen HUGHES (F)
5:03:50 195 93 / 39 F30-39
 "
196,MIDD=3303151025,Columbia Gorge Marathon,"Hood River, OR USA","October 25, 2015","Colleen RYAN (F)
5:04:16 196 94 / 19 F20-29
 "
197,MIDD=3303151025,Columbia Gorge Marathon,"Hood River, OR USA","October 25, 2015","Julia EYLAR (F)
5:04:45 197 95 / 20 F20-29
 "
198,MIDD=3303151025,Columbia Gorge Marathon,"Hood River, OR USA","October 25, 2015","Claudia NADIG (F)
5:35:19 198 96 / 13 F50-59
 "
199,MIDD=3303151025,Columbia Gorge Marathon,"Hood River, OR USA","October 25, 2015","Annette TOMAL (F)
5:37:39 199 97 / 2 F60-69
 "
200,MIDD=3303151025,Columbia Gorge Marathon,"Hood River, OR USA","October 25, 2015","Kaylee RUIZ (F)
5:07:45 200 98 / 21 F20-29
 "
201,MIDD=3303151025,Columbia Gorge Marathon,"Hood River, OR USA","October 25, 2015","Keith LUEDEMAN (M)
5:07:51 201 103 / 23 M50-59
 "
202,MIDD=3303151025,Columbia Gorge Marathon,"Hood River, OR USA","October 25, 2015","Sharita KNOBLOCH (F)
5:38:17 202 99 / 22 F20-29
 "
203,MIDD=3303151025,Columbia Gorge Marathon,"Hood River, OR USA","October 25, 2015","Kathy ALLEN (F)
5:08:17 203 100 / 14 F50-59
 "
204,MIDD=3303151025,Columbia Gorge Marathon,"Hood River, OR USA","October 25, 2015","Rebecca REIFEL (F)
5:39:45 204 101 / 40 F30-39
 "
205,MIDD=3303151025,Columbia Gorge Marathon,"Hood River, OR USA","October 25, 2015","Bryan MEARS (M)
5:09:51 205 104 / 24 M50-59
 "
206,MIDD=3303151025,Columbia Gorge Marathon,"Hood River, OR USA","October 25, 2015","Charles SCHEFFER (M)
5:09:57 206 105 / 25 M50-59
 "
207,MIDD=3303151025,Columbia Gorge Marathon,"Hood River, OR USA","October 25, 2015","Justin KNIGHT (M)
5:40:27 207 106 / 4 M0-19
 "
208,MIDD=3303151025,Columbia Gorge Marathon,"Hood River, OR USA","October 25, 2015","Max TEE (M)
5:40:23 208 107 / 5 M0-19
 "
209,MIDD=3303151025,Columbia Gorge Marathon,"Hood River, OR USA","October 25, 2015","David HOLMEN (M)
5:41:26 209 108 / 26 M50-59
 "
210,MIDD=3303151025,Columbia Gorge Marathon,"Hood River, OR USA","October 25, 2015","Meredith REICHERT (F)
5:41:27 210 102 / 41 F30-39
 "
211,MIDD=3303151025,Columbia Gorge Marathon,"Hood River, OR USA","October 25, 2015","Barbara CARLSON (F)
5:41:29 211 103 / 3 F60-69
 "
212,MIDD=3303151025,Columbia Gorge Marathon,"Hood River, OR USA","October 25, 2015","Levi WELBOURNE (M)
5:42:28 212 109 / 10 M20-29
 "
213,MIDD=3303151025,Columbia Gorge Marathon,"Hood River, OR USA","October 25, 2015","Lisa WELBOURNE (F)
5:42:28 213 104 / 20 F40-49
 "
214,MIDD=3303151025,Columbia Gorge Marathon,"Hood River, OR USA","October 25, 2015","Lauren HARRY (F)
14:12:37 214 105 / 23 F20-29
 "
215,MIDD=3303151025,Columbia Gorge Marathon,"Hood River, OR USA","October 25, 2015","Darwin WEIMER (M)
5:13:38 215 110 / 27 M50-59
 "
216,MIDD=3303151025,Columbia Gorge Marathon,"Hood River, OR USA","October 25, 2015","Janet BURGESS (F)
5:13:29 216 106 / 15 F50-59
 "
217,MIDD=3303151025,Columbia Gorge Marathon,"Hood River, OR USA","October 25, 2015","Maribeth LOWE (F)
5:43:42 217 107 / 42 F30-39
 "
218,MIDD=3303151025,Columbia Gorge Marathon,"Hood River, OR USA","October 25, 2015","Kim FLOECK (F)
5:44:56 218 108 / 43 F30-39
 "
219,MIDD=3303151025,Columbia Gorge Marathon,"Hood River, OR USA","October 25, 2015","Danielle GONZALEZ (F)
5:44:56 219 109 / 44 F30-39
 "
220,MIDD=3303151025,Columbia Gorge Marathon,"Hood River, OR USA","October 25, 2015","Lena LINDBERG (F)
5:16:24 220 110 / 24 F20-29
 "
221,MIDD=3303151025,Columbia Gorge Marathon,"Hood River, OR USA","October 25, 2015","Christia MILLER (M)
5:48:04 221 111 / 35 M30-39
 "
222,MIDD=3303151025,Columbia Gorge Marathon,"Hood River, OR USA","October 25, 2015","Kara DAVIS (F)
5:48:11 222 111 / 21 F40-49
 "
223,MIDD=3303151025,Columbia Gorge Marathon,"Hood River, OR USA","October 25, 2015","Lanae BILLOCK (F)
5:19:41 223 112 / 22 F40-49
 "
224,MIDD=3303151025,Columbia Gorge Marathon,"Hood River, OR USA","October 25, 2015","Adam EMERY (M)
5:51:24 224 112 / 36 M30-39
 "
225,MIDD=3303151025,Columbia Gorge Marathon,"Hood River, OR USA","October 25, 2015","Matthew STAPLES (M)
5:22:02 225 113 / 11 M20-29
 "
226,MIDD=3303151025,Columbia Gorge Marathon,"Hood River, OR USA","October 25, 2015","Travis DARBY (F)
5:52:55 226 113 / 23 F40-49
 "
227,MIDD=3303151025,Columbia Gorge Marathon,"Hood River, OR USA","October 25, 2015","Heather GOTTRY (F)
5:53:24 227 114 / 24 F40-49
 "
228,MIDD=3303151025,Columbia Gorge Marathon,"Hood River, OR USA","October 25, 2015","Aimee WOOLSEY (F)
5:25:28 228 115 / 25 F40-49
 "
229,MIDD=3303151025,Columbia Gorge Marathon,"Hood River, OR USA","October 25, 2015","Jessica BABCOCK (F)
5:27:27 229 116 / 25 F20-29
 "
230,MIDD=3303151025,Columbia Gorge Marathon,"Hood River, OR USA","October 25, 2015","Stacy BOLYARD (F)
6:02:32 230 117 / 45 F30-39
 "
231,MIDD=3303151025,Columbia Gorge Marathon,"Hood River, OR USA","October 25, 2015","Jessika OXFORD (F)
6:02:28 231 118 / 26 F40-49
 "
232,MIDD=3303151025,Columbia Gorge Marathon,"Hood River, OR USA","October 25, 2015","Tammy REYNOLDS (F)
5:34:47 232 119 / 46 F30-39
 "
233,MIDD=3303151025,Columbia Gorge Marathon,"Hood River, OR USA","October 25, 2015","Jana HARDMAN (F)
6:06:53 233 120 / 26 F20-29
 "
234,MIDD=3303151025,Columbia Gorge Marathon,"Hood River, OR USA","October 25, 2015","Aaron GAUL (M)
5:37:55 234 114 / 37 M30-39
 "
235,MIDD=3303151025,Columbia Gorge Marathon,"Hood River, OR USA","October 25, 2015","Jasmine LUNA (F)
5:37:55 235 121 / 27 F20-29
 "
236,MIDD=3303151025,Columbia Gorge Marathon,"Hood River, OR USA","October 25, 2015","Catherine GAUL (F)
14:39:05 236 122 / 47 F30-39
 "
237,MIDD=3303151025,Columbia Gorge Marathon,"Hood River, OR USA","October 25, 2015","Masako ISHIDA (F)
6:09:55 237 123 / 4 F60-69
 "
238,MIDD=3303151025,Columbia Gorge Marathon,"Hood River, OR USA","October 25, 2015","Kim KRANZ (F)
6:15:15 238 124 / 16 F50-59
 "
239,MIDD=3303151025,Columbia Gorge Marathon,"Hood River, OR USA","October 25, 2015","Steven JOINSON (M)
6:03:44 239 115 / 38 M30-39
 "
240,MIDD=3303151025,Columbia Gorge Marathon,"Hood River, OR USA","October 25, 2015","Melissa PARKER (F)
5:48:31 240 125 / 48 F30-39
 "
241,MIDD=3303151025,Columbia Gorge Marathon,"Hood River, OR USA","October 25, 2015","Yvonne BONFIELD (F)
6:01:47 241 126 / 17 F50-59
 "
242,MIDD=3303151025,Columbia Gorge Marathon,"Hood River, OR USA","October 25, 2015","Linda SHIGAKI (F)
6:38:09 242 127 / 18 F50-59
 "
243,MIDD=3303151025,Columbia Gorge Marathon,"Hood River, OR USA","October 25, 2015","William REINECKE (M)
6:41:04 243 116 / 27 M40-49
 "
244,MIDD=3303151025,Columbia Gorge Marathon,"Hood River, OR USA","October 25, 2015","Roger D KINGSLEY (M)
6:42:59 244 117 / 28 M50-59
 "
245,MIDD=3303151025,Columbia Gorge Marathon,"Hood River, OR USA","October 25, 2015","Jennifer STUDEBAKER (F)
6:45:42 245 128 / 49 F30-39
 "
246,MIDD=3303151025,Columbia Gorge Marathon,"Hood River, OR USA","October 25, 2015","James SCHEER (M)
6:20:02 246 118 / 1 M70-79
 "
247,MIDD=3303151025,Columbia Gorge Marathon,"Hood River, OR USA","October 25, 2015","Norman TELNOWITZ (M)
6:54:00 247 119 / 6 M60-69
 "
248,MIDD=3303151025,Columbia Gorge Marathon,"Hood River, OR USA","October 25, 2015","Ram GNANADESIKAN (M)
7:00:17 248 120 / 28 M40-49
 "
249,MIDD=3303151025,Columbia Gorge Marathon,"Hood River, OR USA","October 25, 2015","Fennix ROBERTS (M)
7:04:45 249 121 / 7 M60-69
 "
