,race_id,race,location,date,runners
0,MIDD=4922151107,Moab Trail Marathon,"Moab, UT USA","November 7, 2015","

Have you run this race?Then tell us about it.

Last Name, First Name(Sex/Age)
Time OverAllPlace
Sex Place/Div Place
DIV 
City, State, Country BQ*"
1,MIDD=4922151107,Moab Trail Marathon,"Moab, UT USA","November 7, 2015","Mario MENDOZA (M)
3:04:08 1 1 / 1 Mopen Bend, OR, USA
BQ"
2,MIDD=4922151107,Moab Trail Marathon,"Moab, UT USA","November 7, 2015","Joseph GRAY (M)
3:08:57 2 2 / 2 Mopen Colorado Springs, CO, USA
 "
3,MIDD=4922151107,Moab Trail Marathon,"Moab, UT USA","November 7, 2015","Tayte POLLMANN (M)
3:11:07 3 3 / 3 Mopen Sandy, UT, USA
 "
4,MIDD=4922151107,Moab Trail Marathon,"Moab, UT USA","November 7, 2015","Dakota JONES (M)
3:13:28 4 4 / 4 Mopen Durango, CO, USA
 "
5,MIDD=4922151107,Moab Trail Marathon,"Moab, UT USA","November 7, 2015","Arthur DEGRAW (M)
3:16:02 5 5 / 5 Mopen Flagstaff, AZ, USA
 "
6,MIDD=4922151107,Moab Trail Marathon,"Moab, UT USA","November 7, 2015","Josh ARTHUR (M)
3:18:04 6 6 / 6 Mopen Boulder, CO, USA
 "
7,MIDD=4922151107,Moab Trail Marathon,"Moab, UT USA","November 7, 2015","Lars KJERENGTROEN (M)
3:18:18 7 7 / 7 Mopen Salt Lake City, UT, USA
 "
8,MIDD=4922151107,Moab Trail Marathon,"Moab, UT USA","November 7, 2015","Clay HOWARTH (M)
3:18:38 8 8 / 8 Mopen Denver, CO, USA
 "
9,MIDD=4922151107,Moab Trail Marathon,"Moab, UT USA","November 7, 2015","Jeason MURPHY (M)
3:19:03 9 9 / 9 Mopen Carbondale, CO, USA
 "
10,MIDD=4922151107,Moab Trail Marathon,"Moab, UT USA","November 7, 2015","Jon BROWN (M)
3:20:56 10 10 / 10 Mopen Gunnison, CO, USA
 "
11,MIDD=4922151107,Moab Trail Marathon,"Moab, UT USA","November 7, 2015","Jp DONOVAN (M)
3:22:52 11 11 / 1 M25-29 Incline Village, NV, USA
 "
12,MIDD=4922151107,Moab Trail Marathon,"Moab, UT USA","November 7, 2015","Dane Mitchell (M)
3:23:20 12 12 / 1 M35-39 Colorado Springs, CO, USA
 "
13,MIDD=4922151107,Moab Trail Marathon,"Moab, UT USA","November 7, 2015","Marshall THOMSON (M)
3:25:15 13 13 / 2 M35-39 Crested Butte, CO, USA
 "
14,MIDD=4922151107,Moab Trail Marathon,"Moab, UT USA","November 7, 2015","Chris PATERSON (M)
3:27:08 14 14 / 2 M25-29 Bend, OR, USA
 "
15,MIDD=4922151107,Moab Trail Marathon,"Moab, UT USA","November 7, 2015","Andy ANDERSON (M)
3:27:47 15 15 / 3 M35-39 Truckee, CA, USA
 "
16,MIDD=4922151107,Moab Trail Marathon,"Moab, UT USA","November 7, 2015","Megan KIMMEL (F)
3:27:53 16 1 / 1 Fopen Silverton, CO, USA
BQ"
17,MIDD=4922151107,Moab Trail Marathon,"Moab, UT USA","November 7, 2015","Chris GRAUCH (M)
3:28:51 17 16 / 1 M40-44 Boulder, CO, USA
 "
18,MIDD=4922151107,Moab Trail Marathon,"Moab, UT USA","November 7, 2015","Damian STOY (M)
3:31:58 18 17 / 1 M30-34 Park City, UT, USA
 "
19,MIDD=4922151107,Moab Trail Marathon,"Moab, UT USA","November 7, 2015","Adam SALOOM (M)
3:32:00 19 18 / 3 M25-29 Houston, TX, USA
 "
20,MIDD=4922151107,Moab Trail Marathon,"Moab, UT USA","November 7, 2015","Samuel VAN DE VELDD (M)
3:36:56 20 19 / 1 M20-24 Gunnison, CO, USA
 "
21,MIDD=4922151107,Moab Trail Marathon,"Moab, UT USA","November 7, 2015","Joshua EBERLY (M)
3:37:54 21 20 / 4 M35-39 Gunnison, CO, USA
 "
22,MIDD=4922151107,Moab Trail Marathon,"Moab, UT USA","November 7, 2015","Stevie KREMER (F)
3:38:09 22 2 / 2 Fopen Crested Butte, CO, USA
 "
23,MIDD=4922151107,Moab Trail Marathon,"Moab, UT USA","November 7, 2015","Nate Blouin (M)
3:38:17 23 21 / 4 M25-29 Salt Lake City, UT, USA
 "
24,MIDD=4922151107,Moab Trail Marathon,"Moab, UT USA","November 7, 2015","Timmy PARR (M)
3:39:57 24 22 / 2 M30-34 Leadville, CO, USA
 "
25,MIDD=4922151107,Moab Trail Marathon,"Moab, UT USA","November 7, 2015","Dan VEGA (M)
3:40:47 25 23 / 1 M45-49 Colorado Springs, CO, USA
 "
26,MIDD=4922151107,Moab Trail Marathon,"Moab, UT USA","November 7, 2015","Elliott BARCIKOWSKI (M)
3:43:40 26 24 / 5 M35-39 Salt Lake City, UT, USA
 "
27,MIDD=4922151107,Moab Trail Marathon,"Moab, UT USA","November 7, 2015","Jeff HUNT (M)
3:44:16 27 25 / 1 M50-54 Concord, MA, USA
 "
28,MIDD=4922151107,Moab Trail Marathon,"Moab, UT USA","November 7, 2015","Jesse RICKERT (M)
3:44:54 28 26 / 2 M40-44 Gunnison, CO, USA
 "
29,MIDD=4922151107,Moab Trail Marathon,"Moab, UT USA","November 7, 2015","Chris DICKEY (M)
3:48:59 29 27 / 3 M40-44 Gunnison, CO, USA
 "
30,MIDD=4922151107,Moab Trail Marathon,"Moab, UT USA","November 7, 2015","Marc-Andre BOIVIN (M)
3:49:47 30 28 / 4 M40-44 Quebec City, Canada
 "
31,MIDD=4922151107,Moab Trail Marathon,"Moab, UT USA","November 7, 2015","Ross MCMAHAN (M)
3:51:04 31 29 / 2 M45-49 Incline Village, NV, USA
 "
32,MIDD=4922151107,Moab Trail Marathon,"Moab, UT USA","November 7, 2015","Joe ROGAT (M)
3:52:11 32 30 / 5 M25-29 Skyland, NC, USA
 "
33,MIDD=4922151107,Moab Trail Marathon,"Moab, UT USA","November 7, 2015","John FIORE (M)
3:52:27 33 31 / 2 M50-54 Missoula, MT, USA
 "
34,MIDD=4922151107,Moab Trail Marathon,"Moab, UT USA","November 7, 2015","Aj COHEN (M)
3:55:06 34 32 / 6 M25-29 Fort Collins, CO, USA
 "
35,MIDD=4922151107,Moab Trail Marathon,"Moab, UT USA","November 7, 2015","Scott VIG (M)
3:57:11 35 33 / 5 M40-44 Fruita, CO, USA
 "
36,MIDD=4922151107,Moab Trail Marathon,"Moab, UT USA","November 7, 2015","Wesley SANDOVAL (M)
3:57:21 36 34 / 6 M35-39 Leadville, CO, USA
 "
37,MIDD=4922151107,Moab Trail Marathon,"Moab, UT USA","November 7, 2015","Frederic LEFRANCOIS-GAGNON (M)
3:58:09 37 35 / 3 M30-34 Qu_Bec, Canada
 "
38,MIDD=4922151107,Moab Trail Marathon,"Moab, UT USA","November 7, 2015","Mark DAVENPORT (M)
3:58:38 38 36 / 7 M25-29 Salt Lake City, UT, USA
 "
39,MIDD=4922151107,Moab Trail Marathon,"Moab, UT USA","November 7, 2015","Tom WELKER (M)
3:59:12 39 37 / 3 M45-49 Gooding, ID, USA
 "
40,MIDD=4922151107,Moab Trail Marathon,"Moab, UT USA","November 7, 2015","Anna Mae FLYNN (F)
3:59:48 40 3 / 3 Fopen Tahoma, CA, USA
 "
41,MIDD=4922151107,Moab Trail Marathon,"Moab, UT USA","November 7, 2015","Brian CUSICK (M)
4:00:55 41 38 / 6 M40-44 Denver, CO, USA
 "
42,MIDD=4922151107,Moab Trail Marathon,"Moab, UT USA","November 7, 2015","Alec PETERS (M)
4:01:29 42 39 / 8 M25-29 Portland, OR, USA
 "
43,MIDD=4922151107,Moab Trail Marathon,"Moab, UT USA","November 7, 2015","Denise MCHALE (F)
4:02:47 43 4 / 4 Fopen Carcross, Canada
 "
44,MIDD=4922151107,Moab Trail Marathon,"Moab, UT USA","November 7, 2015","Ben PETERS (M)
4:03:31 44 40 / 9 M25-29 Salt Lake City, UT, USA
 "
45,MIDD=4922151107,Moab Trail Marathon,"Moab, UT USA","November 7, 2015","Sevve STEMBER (M)
4:03:41 45 41 / 4 M30-34 Denver, CO, USA
 "
46,MIDD=4922151107,Moab Trail Marathon,"Moab, UT USA","November 7, 2015","Steven GOTTFREDSON (M)
4:05:49 46 42 / 7 M40-44 Salt Lake City, UT, USA
 "
47,MIDD=4922151107,Moab Trail Marathon,"Moab, UT USA","November 7, 2015","Clark THOMPSON (M)
4:06:54 47 43 / 1 M0-19 Gunnison, CO, USA
 "
48,MIDD=4922151107,Moab Trail Marathon,"Moab, UT USA","November 7, 2015","Christopher MCBRIDE (M)
4:07:07 48 44 / 4 M45-49 Golden, CO, USA
 "
49,MIDD=4922151107,Moab Trail Marathon,"Moab, UT USA","November 7, 2015","Freddy MONDALE (M)
4:07:37 49 45 / 2 M20-24 Washington, USA
 "
50,MIDD=4922151107,Moab Trail Marathon,"Moab, UT USA","November 7, 2015","Robert MOLNAR (M)
4:07:55 50 46 / 8 M40-44 Szekesfehervar, Hungary
 "
51,MIDD=4922151107,Moab Trail Marathon,"Moab, UT USA","November 7, 2015","John STRATE (M)
4:13:06 51 47 / 5 M30-34 Meeker, CO, USA
 "
52,MIDD=4922151107,Moab Trail Marathon,"Moab, UT USA","November 7, 2015","Alexander GABER (M)
4:13:43 52 48 / 7 M35-39 San Francisco, CA, USA
 "
53,MIDD=4922151107,Moab Trail Marathon,"Moab, UT USA","November 7, 2015","Matt KROLL (M)
4:14:39 53 49 / 6 M30-34 Telluride, CO, USA
 "
54,MIDD=4922151107,Moab Trail Marathon,"Moab, UT USA","November 7, 2015","Ted MACMAHON (M)
4:15:10 54 50 / 5 M45-49 Harvard, MA, USA
 "
55,MIDD=4922151107,Moab Trail Marathon,"Moab, UT USA","November 7, 2015","Kristin LOENSETHAGEN (F)
4:16:20 55 5 / 5 Fopen Boulder, CO, USA
 "
56,MIDD=4922151107,Moab Trail Marathon,"Moab, UT USA","November 7, 2015","Ned WHITE (M)
4:17:04 56 51 / 3 M50-54 Salt Lake City, UT, USA
 "
57,MIDD=4922151107,Moab Trail Marathon,"Moab, UT USA","November 7, 2015","Phil WILLIAMS (M)
4:17:42 57 52 / 1 M55-59 Oceanside, CA, USA
 "
58,MIDD=4922151107,Moab Trail Marathon,"Moab, UT USA","November 7, 2015","Marty CASEY (M)
4:20:05 58 53 / 8 M35-39 Meeker, CO, USA
 "
59,MIDD=4922151107,Moab Trail Marathon,"Moab, UT USA","November 7, 2015","David BOYD (M)
4:21:32 59 54 / 10 M25-29 Fort Collins, CO, USA
 "
60,MIDD=4922151107,Moab Trail Marathon,"Moab, UT USA","November 7, 2015","Jonas HATZENBUEHLER (M)
4:22:02 60 55 / 11 M25-29 Boulder, CO, USA
 "
61,MIDD=4922151107,Moab Trail Marathon,"Moab, UT USA","November 7, 2015","Mike DIESBURG (M)
4:22:57 61 56 / 6 M45-49 Casper, WY, USA
 "
62,MIDD=4922151107,Moab Trail Marathon,"Moab, UT USA","November 7, 2015","Corky DEAN (M)
4:23:53 62 57 / 2 M55-59 Denver, CO, USA
 "
63,MIDD=4922151107,Moab Trail Marathon,"Moab, UT USA","November 7, 2015","Bryan HURLBUTT (M)
4:23:54 63 58 / 7 M30-34 Boise, ID, USA
 "
64,MIDD=4922151107,Moab Trail Marathon,"Moab, UT USA","November 7, 2015","Dan NIELSEN (M)
4:24:01 64 59 / 4 M50-54 Avon, CO, USA
 "
65,MIDD=4922151107,Moab Trail Marathon,"Moab, UT USA","November 7, 2015","Travis BROWN (M)
4:27:34 65 60 / 8 M30-34 Fort Collins, CO, USA
 "
66,MIDD=4922151107,Moab Trail Marathon,"Moab, UT USA","November 7, 2015","Andrew LINKE (M)
4:27:58 66 61 / 9 M30-34 Salt Lake City, UT, USA
 "
67,MIDD=4922151107,Moab Trail Marathon,"Moab, UT USA","November 7, 2015","Zachary BURNS (M)
4:27:58 67 62 / 12 M25-29 Golden, CO, USA
 "
68,MIDD=4922151107,Moab Trail Marathon,"Moab, UT USA","November 7, 2015","Jeffrey COOK (M)
4:28:26 68 63 / 13 M25-29 Colorado Springs, CO, USA
 "
69,MIDD=4922151107,Moab Trail Marathon,"Moab, UT USA","November 7, 2015","Marvin SANDOVAL (M)
4:29:01 69 64 / 9 M35-39 Leadville, CO, USA
 "
70,MIDD=4922151107,Moab Trail Marathon,"Moab, UT USA","November 7, 2015","Stephanie HINDS (F)
4:32:24 70 6 / 6 Fopen Farmington, NM, USA
 "
71,MIDD=4922151107,Moab Trail Marathon,"Moab, UT USA","November 7, 2015","Jonas HENRIKSSON (M)
4:32:58 71 65 / 10 M35-39 Gothenburg, Sweden
 "
72,MIDD=4922151107,Moab Trail Marathon,"Moab, UT USA","November 7, 2015","Paul SHARWELL (M)
4:34:23 72 66 / 5 M50-54 Wanship, UT, USA
 "
73,MIDD=4922151107,Moab Trail Marathon,"Moab, UT USA","November 7, 2015","Kristen FELIX (F)
4:34:37 73 7 / 7 Fopen Boulder, CO, USA
 "
74,MIDD=4922151107,Moab Trail Marathon,"Moab, UT USA","November 7, 2015","Jordan Humphrey (M)
4:34:47 74 67 / 14 M25-29 Elon, NC, USA
 "
75,MIDD=4922151107,Moab Trail Marathon,"Moab, UT USA","November 7, 2015","Jeff STEPHENS (M)
4:35:09 75 68 / 11 M35-39 Carbondale, CO, USA
 "
76,MIDD=4922151107,Moab Trail Marathon,"Moab, UT USA","November 7, 2015","Zoltan SYLVESTER (M)
4:36:48 76 69 / 7 M45-49 Houston, TX, USA
 "
77,MIDD=4922151107,Moab Trail Marathon,"Moab, UT USA","November 7, 2015","Chris BARLOW (M)
4:36:55 77 70 / 10 M30-34 Boulder, CO, USA
 "
78,MIDD=4922151107,Moab Trail Marathon,"Moab, UT USA","November 7, 2015","Steve ALLEN (M)
4:37:29 78 71 / 9 M40-44 Stansbury Park, UT, USA
 "
79,MIDD=4922151107,Moab Trail Marathon,"Moab, UT USA","November 7, 2015","Rick HOBERG (M)
4:38:08 79 72 / 15 M25-29 Denver, CO, USA
 "
80,MIDD=4922151107,Moab Trail Marathon,"Moab, UT USA","November 7, 2015","Paige ELLIOTT (F)
4:38:18 80 8 / 8 Fopen Durango, CO, USA
 "
81,MIDD=4922151107,Moab Trail Marathon,"Moab, UT USA","November 7, 2015","Dan KUHLMAN (M)
4:38:29 81 73 / 1 M60-64 Lecompton, KS, USA
 "
82,MIDD=4922151107,Moab Trail Marathon,"Moab, UT USA","November 7, 2015","Julie CARSON (F)
4:38:29 82 9 / 9 Fopen Salt Lake City, UT, USA
 "
83,MIDD=4922151107,Moab Trail Marathon,"Moab, UT USA","November 7, 2015","Rob MILLER (M)
4:39:06 83 74 / 11 M30-34 Lakewood, CO, USA
 "
84,MIDD=4922151107,Moab Trail Marathon,"Moab, UT USA","November 7, 2015","Shawn TALBOTT (M)
4:39:40 84 75 / 8 M45-49 Draper, UT, USA
 "
85,MIDD=4922151107,Moab Trail Marathon,"Moab, UT USA","November 7, 2015","Benjamin FEINTZEIG (M)
4:40:15 85 76 / 16 M25-29 Long Beach, CA, USA
 "
86,MIDD=4922151107,Moab Trail Marathon,"Moab, UT USA","November 7, 2015","Mary CHURCHILL (F)
4:40:16 86 10 / 10 Fopen Novato, CA, USA
 "
87,MIDD=4922151107,Moab Trail Marathon,"Moab, UT USA","November 7, 2015","Logan ADERMATT (M)
4:40:34 87 77 / 17 M25-29 Venice, CA, USA
 "
88,MIDD=4922151107,Moab Trail Marathon,"Moab, UT USA","November 7, 2015","Maxime FOUQUET (M)
4:40:39 88 78 / 12 M35-39 Quebec, Canada
 "
89,MIDD=4922151107,Moab Trail Marathon,"Moab, UT USA","November 7, 2015","Joshua MICKELSEN (M)
4:41:26 89 79 / 2 M0-19 West Jordan, UT, USA
 "
90,MIDD=4922151107,Moab Trail Marathon,"Moab, UT USA","November 7, 2015","Martin LE ROUX (M)
4:41:31 90 80 / 6 M50-54 Superior, CO, USA
 "
91,MIDD=4922151107,Moab Trail Marathon,"Moab, UT USA","November 7, 2015","Jonathan LEFF (M)
4:41:40 91 81 / 12 M30-34 Boulder, CO, USA
 "
92,MIDD=4922151107,Moab Trail Marathon,"Moab, UT USA","November 7, 2015","Jonathan BIELSKI (M)
4:42:24 92 82 / 10 M40-44 Hebron, KY, USA
 "
93,MIDD=4922151107,Moab Trail Marathon,"Moab, UT USA","November 7, 2015","Jonathan BAKER (M)
4:42:40 93 83 / 9 M45-49 Salt Lake City, UT, USA
 "
94,MIDD=4922151107,Moab Trail Marathon,"Moab, UT USA","November 7, 2015","Lincoln Weis (M)
4:42:46 94 84 / 10 M45-49 Atlanta, GA, USA
 "
95,MIDD=4922151107,Moab Trail Marathon,"Moab, UT USA","November 7, 2015","Danny MATTHEWS (M)
4:43:09 95 85 / 3 M0-19 Gunnison, CO, USA
 "
96,MIDD=4922151107,Moab Trail Marathon,"Moab, UT USA","November 7, 2015","Nicole GROSSBERG (F)
4:44:07 96 11 / 1 F35-39 Missoula, MT, USA
 "
97,MIDD=4922151107,Moab Trail Marathon,"Moab, UT USA","November 7, 2015","Nicholas DIORIO (M)
4:44:19 97 86 / 13 M30-34 Superior, CO, USA
 "
98,MIDD=4922151107,Moab Trail Marathon,"Moab, UT USA","November 7, 2015","William Coghill (M)
4:44:23 98 87 / 14 M30-34 Boulder, CO, USA
 "
99,MIDD=4922151107,Moab Trail Marathon,"Moab, UT USA","November 7, 2015","David ELLISON (M)
4:44:48 99 88 / 13 M35-39 Salt Lake City, UT, USA
 "
100,MIDD=4922151107,Moab Trail Marathon,"Moab, UT USA","November 7, 2015","Michael MANGANELLO (M)
4:46:22 100 89 / 11 M40-44 Durango, CO, USA
 "
101,MIDD=4922151107,Moab Trail Marathon,"Moab, UT USA","November 7, 2015","Nathan HANSEN (M)
4:46:33 101 90 / 12 M40-44 Richland, WA, USA
 "
102,MIDD=4922151107,Moab Trail Marathon,"Moab, UT USA","November 7, 2015","Craig BOYLE (M)
4:46:39 102 91 / 15 M30-34 Salt Lake City, UT, USA
 "
103,MIDD=4922151107,Moab Trail Marathon,"Moab, UT USA","November 7, 2015","Delilah CARDEN (F)
4:46:42 103 12 / 1 F25-29 Jackson, WY, USA
 "
104,MIDD=4922151107,Moab Trail Marathon,"Moab, UT USA","November 7, 2015","John DELMEZ (M)
4:46:45 104 92 / 3 M55-59 Highlands Ranch, CO, USA
 "
105,MIDD=4922151107,Moab Trail Marathon,"Moab, UT USA","November 7, 2015","Daniel DICK (M)
4:47:19 105 93 / 18 M25-29 Clifton Park, NY, USA
 "
106,MIDD=4922151107,Moab Trail Marathon,"Moab, UT USA","November 7, 2015","Amanda LEE (F)
4:47:39 106 13 / 2 F25-29 Boulder, CO, USA
 "
107,MIDD=4922151107,Moab Trail Marathon,"Moab, UT USA","November 7, 2015","Rebecca SCHILD (F)
4:48:26 107 14 / 1 F30-34 Boulder, CO, USA
 "
108,MIDD=4922151107,Moab Trail Marathon,"Moab, UT USA","November 7, 2015","Gerardo BARRIOS (M)
4:48:30 108 94 / 11 M45-49 Sherman Oaks, CA, USA
 "
109,MIDD=4922151107,Moab Trail Marathon,"Moab, UT USA","November 7, 2015","Daren COTTLE (M)
4:48:30 109 95 / 7 M50-54 Sandy, UT, USA
 "
110,MIDD=4922151107,Moab Trail Marathon,"Moab, UT USA","November 7, 2015","Douglas DEVOTO (M)
4:48:37 110 96 / 19 M25-29 Boulder, CO, USA
 "
111,MIDD=4922151107,Moab Trail Marathon,"Moab, UT USA","November 7, 2015","Matthew KADOWAKI (M)
4:48:38 111 97 / 14 M35-39 Irvine, CA, USA
 "
112,MIDD=4922151107,Moab Trail Marathon,"Moab, UT USA","November 7, 2015","Andrew DAVIS (M)
4:48:59 112 98 / 20 M25-29 Salt Lake City, UT, USA
 "
113,MIDD=4922151107,Moab Trail Marathon,"Moab, UT USA","November 7, 2015","Larry ROSENKRANZ (M)
4:48:59 113 99 / 8 M50-54 Park City, UT, USA
 "
114,MIDD=4922151107,Moab Trail Marathon,"Moab, UT USA","November 7, 2015","Ron CAZORT (M)
4:49:00 114 100 / 12 M45-49 Phoenix, AZ, USA
 "
115,MIDD=4922151107,Moab Trail Marathon,"Moab, UT USA","November 7, 2015","Kevin LARKIN (M)
4:49:11 115 101 / 16 M30-34 Draper, UT, USA
 "
116,MIDD=4922151107,Moab Trail Marathon,"Moab, UT USA","November 7, 2015","Zachary GOERING (M)
4:49:19 116 102 / 4 M0-19 Gunnison, CO, USA
 "
117,MIDD=4922151107,Moab Trail Marathon,"Moab, UT USA","November 7, 2015","Ryan WHITE (M)
4:49:45 117 103 / 15 M35-39 Bountiful, UT, USA
 "
118,MIDD=4922151107,Moab Trail Marathon,"Moab, UT USA","November 7, 2015","Tony WOOD (M)
4:50:15 118 104 / 16 M35-39 Liverpool
 "
119,MIDD=4922151107,Moab Trail Marathon,"Moab, UT USA","November 7, 2015","Julian CULLUMBER (M)
4:50:32 119 105 / 5 M0-19 Gunnison, CO, USA
 "
120,MIDD=4922151107,Moab Trail Marathon,"Moab, UT USA","November 7, 2015","Quoc TRAN (M)
4:51:40 120 106 / 13 M45-49 Grantsville, UT, USA
 "
121,MIDD=4922151107,Moab Trail Marathon,"Moab, UT USA","November 7, 2015","Becca TUDOR (F)
4:51:52 121 15 / 2 F35-39 Telluride, CO, USA
 "
122,MIDD=4922151107,Moab Trail Marathon,"Moab, UT USA","November 7, 2015","Emil POLLAK (M)
4:52:16 122 107 / 21 M25-29 Denver, CO, USA
 "
123,MIDD=4922151107,Moab Trail Marathon,"Moab, UT USA","November 7, 2015","Ben CLARK (M)
4:52:36 123 108 / 3 M20-24 Moscow, ID, USA
 "
124,MIDD=4922151107,Moab Trail Marathon,"Moab, UT USA","November 7, 2015","Zach NADIAK (M)
4:52:40 124 109 / 4 M20-24 Boulder, CO, USA
 "
125,MIDD=4922151107,Moab Trail Marathon,"Moab, UT USA","November 7, 2015","Robert HARTWIG (M)
4:54:25 125 110 / 17 M35-39 Denver, CO, USA
 "
126,MIDD=4922151107,Moab Trail Marathon,"Moab, UT USA","November 7, 2015","Paul NICHOLSON (M)
4:55:25 126 111 / 17 M30-34 Logan, UT, USA
 "
127,MIDD=4922151107,Moab Trail Marathon,"Moab, UT USA","November 7, 2015","Christy LINDH (F)
4:56:14 127 16 / 2 F30-34 Leadville, CO, USA
 "
128,MIDD=4922151107,Moab Trail Marathon,"Moab, UT USA","November 7, 2015","Ken ANDREWS (M)
4:57:09 128 112 / 2 M60-64 Midland, MI, USA
 "
129,MIDD=4922151107,Moab Trail Marathon,"Moab, UT USA","November 7, 2015","Brock BIGARD (M)
4:57:32 129 113 / 18 M35-39 Erie, CO, USA
 "
130,MIDD=4922151107,Moab Trail Marathon,"Moab, UT USA","November 7, 2015","Eric BODINE (M)
4:57:34 130 114 / 5 M20-24 Littleton, CO, USA
 "
131,MIDD=4922151107,Moab Trail Marathon,"Moab, UT USA","November 7, 2015","Jonas BJORKQVIST (M)
4:57:35 131 115 / 14 M45-49 Billdal, Sweden
 "
132,MIDD=4922151107,Moab Trail Marathon,"Moab, UT USA","November 7, 2015","Tom NEUMAN (M)
4:57:43 132 116 / 3 M60-64 Salt Lake City, UT, USA
 "
133,MIDD=4922151107,Moab Trail Marathon,"Moab, UT USA","November 7, 2015","Stephanie SATHRE (F)
4:58:10 133 17 / 3 F25-29 Chaska, MN, USA
 "
134,MIDD=4922151107,Moab Trail Marathon,"Moab, UT USA","November 7, 2015","Rebecca JOHNSON (F)
4:59:12 134 18 / 4 F25-29 Golden, CO, USA
 "
135,MIDD=4922151107,Moab Trail Marathon,"Moab, UT USA","November 7, 2015","Jon PEACHEY (M)
5:00:31 135 117 / 13 M40-44 Highland, UT, USA
 "
136,MIDD=4922151107,Moab Trail Marathon,"Moab, UT USA","November 7, 2015","Joshua JAEGER (M)
5:01:18 136 118 / 6 M20-24 Gunnison, CO, USA
 "
137,MIDD=4922151107,Moab Trail Marathon,"Moab, UT USA","November 7, 2015","Terell SANDOVAL (M)
5:02:21 137 119 / 6 M0-19 Leadville, CO, USA
 "
138,MIDD=4922151107,Moab Trail Marathon,"Moab, UT USA","November 7, 2015","Katie KIRSCH (F)
5:02:28 138 19 / 3 F30-34 Boulder, CO, USA
 "
139,MIDD=4922151107,Moab Trail Marathon,"Moab, UT USA","November 7, 2015","Chris ZIMNOWSKI (M)
5:02:51 139 120 / 18 M30-34 Boulder, CO, USA
 "
140,MIDD=4922151107,Moab Trail Marathon,"Moab, UT USA","November 7, 2015","James Glenn BRADLEY (M)
5:02:54 140 121 / 14 M40-44 Sandy, UT, USA
 "
141,MIDD=4922151107,Moab Trail Marathon,"Moab, UT USA","November 7, 2015","Adam STILES (M)
5:02:59 141 122 / 19 M35-39 Salt Lake City, UT, USA
 "
142,MIDD=4922151107,Moab Trail Marathon,"Moab, UT USA","November 7, 2015","Trent ROGERS (M)
5:03:05 142 123 / 15 M40-44 Lindon, UT, USA
 "
143,MIDD=4922151107,Moab Trail Marathon,"Moab, UT USA","November 7, 2015","Llew WILLIAMS (M)
5:03:23 143 124 / 4 M55-59 Sinking Spring, PA, USA
 "
144,MIDD=4922151107,Moab Trail Marathon,"Moab, UT USA","November 7, 2015","Mary Anne SULLIVAN (F)
5:04:20 144 20 / 1 F45-49 Evergreen, CO, USA
 "
145,MIDD=4922151107,Moab Trail Marathon,"Moab, UT USA","November 7, 2015","Gus DELAPORTE (M)
5:05:16 145 125 / 22 M25-29 Denver, CO, USA
 "
146,MIDD=4922151107,Moab Trail Marathon,"Moab, UT USA","November 7, 2015","Jan HERRICK (F)
5:05:57 146 21 / 2 F45-49 Telluride, CO, USA
 "
147,MIDD=4922151107,Moab Trail Marathon,"Moab, UT USA","November 7, 2015","David LUONGO (M)
5:06:09 147 126 / 19 M30-34 Oak Creek, CO, USA
 "
148,MIDD=4922151107,Moab Trail Marathon,"Moab, UT USA","November 7, 2015","Darcie GORMAN (F)
5:07:33 148 22 / 1 F40-44 Salt Lake City, UT, USA
 "
149,MIDD=4922151107,Moab Trail Marathon,"Moab, UT USA","November 7, 2015","Tom GRAY (M)
5:08:33 149 127 / 5 M55-59 Lakewood, CO, USA
 "
150,MIDD=4922151107,Moab Trail Marathon,"Moab, UT USA","November 7, 2015","Sarah SAGER (F)
5:08:53 150 23 / 1 F50-54 Boulder, CO, USA
 "
151,MIDD=4922151107,Moab Trail Marathon,"Moab, UT USA","November 7, 2015","Cameron BROWN (M)
5:08:57 151 128 / 20 M35-39 Leesburg, VA, USA
 "
152,MIDD=4922151107,Moab Trail Marathon,"Moab, UT USA","November 7, 2015","Mia HUTH (F)
5:09:02 152 24 / 5 F25-29 Turlock, CA, USA
 "
153,MIDD=4922151107,Moab Trail Marathon,"Moab, UT USA","November 7, 2015","Allen RILING (M)
5:09:25 153 129 / 20 M30-34 Durango, CO, USA
 "
154,MIDD=4922151107,Moab Trail Marathon,"Moab, UT USA","November 7, 2015","Adrian HANFT (M)
5:10:37 154 130 / 21 M35-39 Loveland, CO, USA
 "
155,MIDD=4922151107,Moab Trail Marathon,"Moab, UT USA","November 7, 2015","Ginny KINNEBREW (F)
5:12:19 155 25 / 2 F40-44 Durango, CO, USA
 "
156,MIDD=4922151107,Moab Trail Marathon,"Moab, UT USA","November 7, 2015","Beth KOHRING (F)
5:12:44 156 26 / 4 F30-34 Denver, CO, USA
 "
157,MIDD=4922151107,Moab Trail Marathon,"Moab, UT USA","November 7, 2015","Jessica KOHRING (F)
5:13:20 157 27 / 5 F30-34 Salt Lake City, UT, USA
 "
158,MIDD=4922151107,Moab Trail Marathon,"Moab, UT USA","November 7, 2015","Doug SPROUSE (M)
5:13:37 158 131 / 16 M40-44 Grand Canyon, AZ, USA
 "
159,MIDD=4922151107,Moab Trail Marathon,"Moab, UT USA","November 7, 2015","Todd NORMAN (M)
5:14:37 159 132 / 15 M45-49 Colorado Springs, CO, USA
 "
160,MIDD=4922151107,Moab Trail Marathon,"Moab, UT USA","November 7, 2015","Morgan FUNK (M)
5:14:56 160 133 / 23 M25-29 Venice, CA, USA
 "
161,MIDD=4922151107,Moab Trail Marathon,"Moab, UT USA","November 7, 2015","Sarah BOND (F)
5:14:59 161 28 / 3 F35-39 Boulder, CO, USA
 "
162,MIDD=4922151107,Moab Trail Marathon,"Moab, UT USA","November 7, 2015","Nickolai BORBA (M)
5:15:13 162 134 / 22 M35-39 Sandy, UT, USA
 "
163,MIDD=4922151107,Moab Trail Marathon,"Moab, UT USA","November 7, 2015","Bret BECHIS (M)
5:15:52 163 135 / 21 M30-34 San Francisco, CA, USA
 "
164,MIDD=4922151107,Moab Trail Marathon,"Moab, UT USA","November 7, 2015","Randall EMMONS (M)
5:17:02 164 136 / 4 M60-64 Alamosa, CO, USA
 "
165,MIDD=4922151107,Moab Trail Marathon,"Moab, UT USA","November 7, 2015","Bradley BAKER (M)
5:17:31 165 137 / 23 M35-39 Riverton, UT, USA
 "
166,MIDD=4922151107,Moab Trail Marathon,"Moab, UT USA","November 7, 2015","Eric ESBY (M)
5:18:25 166 138 / 24 M35-39 Agoura Hills, CA, USA
 "
167,MIDD=4922151107,Moab Trail Marathon,"Moab, UT USA","November 7, 2015","Jill MEYER (F)
5:18:25 167 29 / 3 F45-49 Brookfield, CT, USA
 "
168,MIDD=4922151107,Moab Trail Marathon,"Moab, UT USA","November 7, 2015","Matthew COYE (M)
5:18:26 168 139 / 24 M25-29 Dillon, CO, USA
 "
169,MIDD=4922151107,Moab Trail Marathon,"Moab, UT USA","November 7, 2015","Maria KALLMAN (F)
5:19:10 169 30 / 6 F30-34 Grand Junction, CO, USA
 "
170,MIDD=4922151107,Moab Trail Marathon,"Moab, UT USA","November 7, 2015","Murray CAMERON (M)
5:20:17 170 140 / 6 M55-59 Vancouver, Canada
 "
171,MIDD=4922151107,Moab Trail Marathon,"Moab, UT USA","November 7, 2015","Kyle NORMAN (M)
5:20:32 171 141 / 17 M40-44 Denver, CO, USA
 "
172,MIDD=4922151107,Moab Trail Marathon,"Moab, UT USA","November 7, 2015","Amanda DAY (F)
5:20:38 172 31 / 1 F20-24 Denver, CO, USA
 "
173,MIDD=4922151107,Moab Trail Marathon,"Moab, UT USA","November 7, 2015","David DAUB (M)
5:20:39 173 142 / 16 M45-49 Leicester, NC, USA
 "
174,MIDD=4922151107,Moab Trail Marathon,"Moab, UT USA","November 7, 2015","Steve ZAHAROFF (M)
5:22:46 174 143 / 7 M55-59 Vienna, VA, USA
 "
175,MIDD=4922151107,Moab Trail Marathon,"Moab, UT USA","November 7, 2015","Erik HOPKINS (M)
5:23:20 175 144 / 22 M30-34 Lafayette, CO, USA
 "
176,MIDD=4922151107,Moab Trail Marathon,"Moab, UT USA","November 7, 2015","Allison ONSTAD (F)
5:23:35 176 32 / 4 F35-39 Missoula, MT, USA
 "
177,MIDD=4922151107,Moab Trail Marathon,"Moab, UT USA","November 7, 2015","Kristi SIMAN (F)
5:23:53 177 33 / 5 F35-39 Fruita, CO, USA
 "
178,MIDD=4922151107,Moab Trail Marathon,"Moab, UT USA","November 7, 2015","Brandon JOHNSON (M)
5:23:56 178 145 / 23 M30-34 Golden, CO, USA
 "
179,MIDD=4922151107,Moab Trail Marathon,"Moab, UT USA","November 7, 2015","Meghan CORNWALL (F)
5:26:37 179 34 / 6 F25-29 Denver, CO, USA
 "
180,MIDD=4922151107,Moab Trail Marathon,"Moab, UT USA","November 7, 2015","Samuel BEER (M)
5:27:04 180 146 / 25 M25-29 Erie, CO, USA
 "
181,MIDD=4922151107,Moab Trail Marathon,"Moab, UT USA","November 7, 2015","Jamie SWARTZ (F)
5:27:14 181 35 / 7 F30-34 Missoula, MT, USA
 "
182,MIDD=4922151107,Moab Trail Marathon,"Moab, UT USA","November 7, 2015","Rachel ADAMS (F)
5:27:27 182 36 / 6 F35-39 Pleasant Grove, UT, USA
 "
183,MIDD=4922151107,Moab Trail Marathon,"Moab, UT USA","November 7, 2015","Linsey KACH (F)
5:29:23 183 37 / 8 F30-34 Frisco, CO, USA
 "
184,MIDD=4922151107,Moab Trail Marathon,"Moab, UT USA","November 7, 2015","Timmy BERGGREN (M)
5:30:38 184 147 / 26 M25-29 Salt Lake City, UT, USA
 "
185,MIDD=4922151107,Moab Trail Marathon,"Moab, UT USA","November 7, 2015","Michael PIATCHEK (M)
5:30:41 185 148 / 9 M50-54 Aurora, CO, USA
 "
186,MIDD=4922151107,Moab Trail Marathon,"Moab, UT USA","November 7, 2015","Eric ADAMS (M)
5:30:41 186 149 / 17 M45-49 Kirkwood, MO, USA
 "
187,MIDD=4922151107,Moab Trail Marathon,"Moab, UT USA","November 7, 2015","David RALSTON (M)
5:30:42 187 150 / 10 M50-54 Cottleville, MO, USA
 "
188,MIDD=4922151107,Moab Trail Marathon,"Moab, UT USA","November 7, 2015","Eric MILAN (M)
5:31:00 188 151 / 24 M30-34 Durango, CO, USA
 "
189,MIDD=4922151107,Moab Trail Marathon,"Moab, UT USA","November 7, 2015","Carlos SOUZA (M)
5:32:08 189 152 / 18 M45-49 Salt Lake City, UT, USA
 "
190,MIDD=4922151107,Moab Trail Marathon,"Moab, UT USA","November 7, 2015","Bryan BISHOP (M)
5:32:15 190 153 / 25 M30-34 Littleton, CO, USA
 "
191,MIDD=4922151107,Moab Trail Marathon,"Moab, UT USA","November 7, 2015","Ryan SPANGENBERG (M)
5:32:41 191 154 / 7 M20-24 Centerville, UT, USA
 "
192,MIDD=4922151107,Moab Trail Marathon,"Moab, UT USA","November 7, 2015","Michelle SAUCIER (F)
5:32:47 192 38 / 3 F40-44 Lynn, NC, USA
 "
193,MIDD=4922151107,Moab Trail Marathon,"Moab, UT USA","November 7, 2015","Todd COLLINS (M)
5:32:57 193 155 / 11 M50-54 Portland, OR, USA
 "
194,MIDD=4922151107,Moab Trail Marathon,"Moab, UT USA","November 7, 2015","Lauren MULVAUGH (F)
5:32:57 194 39 / 9 F30-34 Durango, CO, USA
 "
195,MIDD=4922151107,Moab Trail Marathon,"Moab, UT USA","November 7, 2015","Mauricio PALACIOS (M)
5:33:01 195 156 / 26 M30-34 E Rancho Dominguez, CA, USA
 "
196,MIDD=4922151107,Moab Trail Marathon,"Moab, UT USA","November 7, 2015","Kendall COX (F)
5:33:03 196 40 / 1 F0-19 Gunnison, CO, USA
 "
197,MIDD=4922151107,Moab Trail Marathon,"Moab, UT USA","November 7, 2015","Matt HOCKMAN (M)
5:33:35 197 157 / 8 M20-24 Moab, UT, USA
 "
198,MIDD=4922151107,Moab Trail Marathon,"Moab, UT USA","November 7, 2015","Alyssa ROGERS (F)
5:33:53 198 41 / 7 F35-39 Boise, ID, USA
 "
199,MIDD=4922151107,Moab Trail Marathon,"Moab, UT USA","November 7, 2015","Jessica HENRIE (F)
5:33:57 199 42 / 10 F30-34 Harrisville, UT, USA
 "
200,MIDD=4922151107,Moab Trail Marathon,"Moab, UT USA","November 7, 2015","Brent BELL (M)
5:33:59 200 158 / 8 M55-59 Salt Lake City, UT, USA
 "
201,MIDD=4922151107,Moab Trail Marathon,"Moab, UT USA","November 7, 2015","John WALLIN (M)
5:33:59 201 159 / 9 M55-59 Sandy, UT, USA
 "
202,MIDD=4922151107,Moab Trail Marathon,"Moab, UT USA","November 7, 2015","Rebecca FOWLER (F)
5:34:06 202 43 / 4 F40-44 Sandy, UT, USA
 "
203,MIDD=4922151107,Moab Trail Marathon,"Moab, UT USA","November 7, 2015","Valerie SANDERS (F)
5:34:46 203 44 / 7 F25-29 Provo, UT, USA
 "
204,MIDD=4922151107,Moab Trail Marathon,"Moab, UT USA","November 7, 2015","Daniel ROSEN (M)
5:35:21 204 160 / 27 M30-34 Louisville, CO, USA
 "
205,MIDD=4922151107,Moab Trail Marathon,"Moab, UT USA","November 7, 2015","Clyde LANDRY (M)
5:35:37 205 161 / 1 M65-69 Colorado Springs, CO, USA
 "
206,MIDD=4922151107,Moab Trail Marathon,"Moab, UT USA","November 7, 2015","Charlie JOHNSON (M)
5:36:01 206 162 / 18 M40-44 San Francisco, CA, USA
 "
207,MIDD=4922151107,Moab Trail Marathon,"Moab, UT USA","November 7, 2015","Elizabeth GRIMES (F)
5:36:18 207 45 / 8 F25-29 Denver, CO, USA
 "
208,MIDD=4922151107,Moab Trail Marathon,"Moab, UT USA","November 7, 2015","Liz PEDERSEN (F)
5:36:20 208 46 / 11 F30-34 Salt Lake City, UT, USA
 "
209,MIDD=4922151107,Moab Trail Marathon,"Moab, UT USA","November 7, 2015","Jordan BROWN (M)
5:36:29 209 163 / 27 M25-29 Mesa, AZ, USA
 "
210,MIDD=4922151107,Moab Trail Marathon,"Moab, UT USA","November 7, 2015","Marion GEISS (F)
5:36:42 210 47 / 9 F25-29 Boulder, CO, USA
 "
211,MIDD=4922151107,Moab Trail Marathon,"Moab, UT USA","November 7, 2015","Markus GEISS (M)
5:36:43 211 164 / 9 M20-24 Boulder, CO, USA
 "
212,MIDD=4922151107,Moab Trail Marathon,"Moab, UT USA","November 7, 2015","James LINCOLN (M)
5:37:10 212 165 / 25 M35-39 Boulder, CO, USA
 "
213,MIDD=4922151107,Moab Trail Marathon,"Moab, UT USA","November 7, 2015","Barry HAMILTON (M)
5:37:11 213 166 / 12 M50-54 Littleton, CO, USA
 "
214,MIDD=4922151107,Moab Trail Marathon,"Moab, UT USA","November 7, 2015","Kelli SCHOENDORF (F)
5:37:14 214 48 / 8 F35-39 Kent, OH, USA
 "
215,MIDD=4922151107,Moab Trail Marathon,"Moab, UT USA","November 7, 2015","Seth YOUKSTETTER (M)
5:38:04 215 167 / 19 M40-44 Salt Lake City, UT, USA
 "
216,MIDD=4922151107,Moab Trail Marathon,"Moab, UT USA","November 7, 2015","Josephine RUZETTE (F)
5:38:06 216 49 / 2 F20-24 San Francisco, CA, USA
 "
217,MIDD=4922151107,Moab Trail Marathon,"Moab, UT USA","November 7, 2015","Jackie PITTS (F)
5:38:32 217 50 / 10 F25-29 Co, CO, USA
 "
218,MIDD=4922151107,Moab Trail Marathon,"Moab, UT USA","November 7, 2015","Amy BROUGHTON (F)
5:38:35 218 51 / 9 F35-39 Boulder, CO, USA
 "
219,MIDD=4922151107,Moab Trail Marathon,"Moab, UT USA","November 7, 2015","Diana HORNUNG (F)
5:38:38 219 52 / 5 F40-44 Steamboat Springs, CO, USA
 "
220,MIDD=4922151107,Moab Trail Marathon,"Moab, UT USA","November 7, 2015","Jitka O'FARRELL (F)
5:38:41 220 53 / 10 F35-39 Lakewood, CO, USA
 "
221,MIDD=4922151107,Moab Trail Marathon,"Moab, UT USA","November 7, 2015","Synneva HAGEN-LILLEVIK (F)
5:39:12 221 54 / 11 F25-29 Logan, UT, USA
 "
222,MIDD=4922151107,Moab Trail Marathon,"Moab, UT USA","November 7, 2015","Robert JOHNSON (M)
5:39:23 222 168 / 28 M25-29 Rockville, MD, USA
 "
223,MIDD=4922151107,Moab Trail Marathon,"Moab, UT USA","November 7, 2015","Ryan SPAUSTAT (M)
5:39:49 223 169 / 26 M35-39 Steamboat Springs, CO, USA
 "
224,MIDD=4922151107,Moab Trail Marathon,"Moab, UT USA","November 7, 2015","Luis VALENZUELA (M)
5:40:01 224 170 / 27 M35-39 Whittier, CA, USA
 "
225,MIDD=4922151107,Moab Trail Marathon,"Moab, UT USA","November 7, 2015","Adam JOHNSTON (M)
5:40:07 225 171 / 20 M40-44 Ogden, UT, USA
 "
226,MIDD=4922151107,Moab Trail Marathon,"Moab, UT USA","November 7, 2015","Tyler COLLINS (M)
5:41:02 226 172 / 10 M20-24 Portland, OR, USA
 "
227,MIDD=4922151107,Moab Trail Marathon,"Moab, UT USA","November 7, 2015","Daryl SAWYER (M)
5:41:26 227 173 / 19 M45-49 Marietta, GA, USA
 "
228,MIDD=4922151107,Moab Trail Marathon,"Moab, UT USA","November 7, 2015","Ben MORROW (M)
5:41:44 228 174 / 29 M25-29 Norwich, VT, USA
 "
229,MIDD=4922151107,Moab Trail Marathon,"Moab, UT USA","November 7, 2015","Brooke WARREN (F)
5:42:16 229 55 / 3 F20-24 Paonia, CO, USA
 "
230,MIDD=4922151107,Moab Trail Marathon,"Moab, UT USA","November 7, 2015","Anita RAWLINSON (F)
5:42:56 230 56 / 1 F55-59 Red Lodge, MT, USA
 "
231,MIDD=4922151107,Moab Trail Marathon,"Moab, UT USA","November 7, 2015","Mark DYKHOUSE (M)
5:43:08 231 175 / 5 M60-64 Lafayette, CA, USA
 "
232,MIDD=4922151107,Moab Trail Marathon,"Moab, UT USA","November 7, 2015","Cory NIELSON (M)
5:43:30 232 176 / 13 M50-54 Orem, UT, USA
 "
233,MIDD=4922151107,Moab Trail Marathon,"Moab, UT USA","November 7, 2015","Diane ALSTON (F)
5:43:33 233 57 / 2 F50-54 Richmond, UT, USA
 "
234,MIDD=4922151107,Moab Trail Marathon,"Moab, UT USA","November 7, 2015","Jason HENRIE (M)
5:43:59 234 177 / 28 M35-39 Harrisville, UT, USA
 "
235,MIDD=4922151107,Moab Trail Marathon,"Moab, UT USA","November 7, 2015","Will PARADISE (M)
5:44:21 235 178 / 10 M55-59 Boulder, CO, USA
 "
236,MIDD=4922151107,Moab Trail Marathon,"Moab, UT USA","November 7, 2015","Tom EAGAR (M)
5:44:27 236 179 / 20 M45-49 St George, UT, USA
 "
237,MIDD=4922151107,Moab Trail Marathon,"Moab, UT USA","November 7, 2015","Nathan HEIN (M)
5:44:37 237 180 / 29 M35-39 Westminster, CO, USA
 "
238,MIDD=4922151107,Moab Trail Marathon,"Moab, UT USA","November 7, 2015","David LOPEZ (M)
5:44:51 238 181 / 14 M50-54 Westminster, CO, USA
 "
239,MIDD=4922151107,Moab Trail Marathon,"Moab, UT USA","November 7, 2015","Desma DEGRAW (F)
5:44:57 239 58 / 11 F35-39 Flagstaff, AZ, USA
 "
240,MIDD=4922151107,Moab Trail Marathon,"Moab, UT USA","November 7, 2015","Stephanie BRUGGINK (F)
5:45:05 240 59 / 4 F20-24 Fort Collins, CO, USA
 "
241,MIDD=4922151107,Moab Trail Marathon,"Moab, UT USA","November 7, 2015","Gillian GORELIK (F)
5:45:07 241 60 / 5 F20-24 Park City, UT, USA
 "
242,MIDD=4922151107,Moab Trail Marathon,"Moab, UT USA","November 7, 2015","Madison GORELIK (F)
5:45:08 242 61 / 6 F20-24 Park City, UT, USA
 "
243,MIDD=4922151107,Moab Trail Marathon,"Moab, UT USA","November 7, 2015","Ian SALLEE (M)
5:46:03 243 182 / 30 M35-39 Golden, CO, USA
 "
244,MIDD=4922151107,Moab Trail Marathon,"Moab, UT USA","November 7, 2015","Amanda HANKISON (F)
5:46:09 244 62 / 12 F25-29 Salt Lake City, UT, USA
 "
245,MIDD=4922151107,Moab Trail Marathon,"Moab, UT USA","November 7, 2015","Kassi HARRIS (F)
5:46:31 245 63 / 12 F30-34 Salt Lake City, UT, USA
 "
246,MIDD=4922151107,Moab Trail Marathon,"Moab, UT USA","November 7, 2015","Jess MCMILLAN (F)
5:46:52 246 64 / 12 F35-39 Jackson, WY, USA
 "
247,MIDD=4922151107,Moab Trail Marathon,"Moab, UT USA","November 7, 2015","Stacey WELDON (F)
5:46:55 247 65 / 13 F35-39 Mcminnville, OR, USA
 "
248,MIDD=4922151107,Moab Trail Marathon,"Moab, UT USA","November 7, 2015","Johanna STANGLAND (F)
5:47:15 248 66 / 13 F25-29 Salt Lake City, UT, USA
 "
249,MIDD=4922151107,Moab Trail Marathon,"Moab, UT USA","November 7, 2015","Shannon MAGUIRE (F)
5:47:29 249 67 / 13 F30-34 South Lake Tahoe, CA, USA
 "
250,MIDD=4922151107,Moab Trail Marathon,"Moab, UT USA","November 7, 2015","Angie WITHEY (F)
5:47:46 250 68 / 14 F35-39 Steamboat Springs, CO, USA
 "
251,MIDD=4922151107,Moab Trail Marathon,"Moab, UT USA","November 7, 2015","Edward TIERNEY (M)
5:47:51 251 183 / 21 M45-49 Inkom, ID, USA
 "
252,MIDD=4922151107,Moab Trail Marathon,"Moab, UT USA","November 7, 2015","Cara MARRS (F)
5:47:52 252 69 / 4 F45-49 Steamboat Springs, CO, USA
 "
253,MIDD=4922151107,Moab Trail Marathon,"Moab, UT USA","November 7, 2015","Charles BURTIS (M)
5:48:33 253 184 / 11 M55-59 Hyrum, UT, USA
 "
254,MIDD=4922151107,Moab Trail Marathon,"Moab, UT USA","November 7, 2015","Jose LLANOS (M)
5:48:51 254 185 / 22 M45-49 Rowland Heights, CA, USA
 "
255,MIDD=4922151107,Moab Trail Marathon,"Moab, UT USA","November 7, 2015","David HICKS (M)
5:48:59 255 186 / 23 M45-49 Vail, AZ, USA
 "
256,MIDD=4922151107,Moab Trail Marathon,"Moab, UT USA","November 7, 2015","Ellen BURNES (F)
5:49:13 256 70 / 5 F45-49 Louisville, CO, USA
 "
257,MIDD=4922151107,Moab Trail Marathon,"Moab, UT USA","November 7, 2015","Sara PELLMANN (F)
5:49:28 257 71 / 6 F45-49 Sandy, UT, USA
 "
258,MIDD=4922151107,Moab Trail Marathon,"Moab, UT USA","November 7, 2015","Leonie KOBAN (F)
5:50:31 258 72 / 14 F30-34 Boulder, CO, USA
 "
259,MIDD=4922151107,Moab Trail Marathon,"Moab, UT USA","November 7, 2015","Annie MURPHY (F)
5:50:40 259 73 / 7 F45-49 Carbondale, CO, USA
 "
260,MIDD=4922151107,Moab Trail Marathon,"Moab, UT USA","November 7, 2015","Melanie SHAFFER (F)
5:51:33 260 74 / 14 F25-29 Boulder, CO, USA
 "
261,MIDD=4922151107,Moab Trail Marathon,"Moab, UT USA","November 7, 2015","Martha TISCARENO (F)
5:52:15 261 75 /    Pico Rivera, CA, USA
 "
262,MIDD=4922151107,Moab Trail Marathon,"Moab, UT USA","November 7, 2015","Angela MCCABE (F)
5:52:18 262 76 / 15 F25-29 Lolo, MT, USA
 "
263,MIDD=4922151107,Moab Trail Marathon,"Moab, UT USA","November 7, 2015","John RYDER (M)
5:52:18 263 187 / 31 M35-39 Drayden, MD, USA
 "
264,MIDD=4922151107,Moab Trail Marathon,"Moab, UT USA","November 7, 2015","Andrew WYMAN (M)
5:52:21 264 188 / 11 M20-24 Salt Lake City, UT, USA
 "
265,MIDD=4922151107,Moab Trail Marathon,"Moab, UT USA","November 7, 2015","Brian BUECHLER (M)
5:52:25 265 189 / 28 M30-34 Grand Junction, CO, USA
 "
266,MIDD=4922151107,Moab Trail Marathon,"Moab, UT USA","November 7, 2015","Zachary DRURY (M)
5:52:31 266 190 / 30 M25-29 Salt Lake City, UT, USA
 "
267,MIDD=4922151107,Moab Trail Marathon,"Moab, UT USA","November 7, 2015","Ray BADER (M)
5:52:47 267 191 / 12 M55-59 Casper, WY, USA
 "
268,MIDD=4922151107,Moab Trail Marathon,"Moab, UT USA","November 7, 2015","Warren CHURCH (M)
5:52:54 268 192 / 21 M40-44 Saint George, UT, USA
 "
269,MIDD=4922151107,Moab Trail Marathon,"Moab, UT USA","November 7, 2015","Brent ROWSER (M)
5:53:08 269 193 / 24 M45-49 Riverton, UT, USA
 "
270,MIDD=4922151107,Moab Trail Marathon,"Moab, UT USA","November 7, 2015","Summer WEBB (F)
5:53:37 270 77 / 16 F25-29 Boulder, CO, USA
 "
271,MIDD=4922151107,Moab Trail Marathon,"Moab, UT USA","November 7, 2015","Carolyn HICKS (F)
5:53:46 271 78 / 2 F55-59 Black Hawk, CO, USA
 "
272,MIDD=4922151107,Moab Trail Marathon,"Moab, UT USA","November 7, 2015","Karl POWELL (M)
5:54:16 272 194 / 13 M55-59 Lehi, UT, USA
 "
273,MIDD=4922151107,Moab Trail Marathon,"Moab, UT USA","November 7, 2015","Kori BARNUM (F)
5:54:34 273 79 / 6 F40-44 Portland, OR, USA
 "
274,MIDD=4922151107,Moab Trail Marathon,"Moab, UT USA","November 7, 2015","Kristin WRIGHT-BETTNER (F)
5:54:40 274 80 / 15 F30-34 Lafayette, CO, USA
 "
275,MIDD=4922151107,Moab Trail Marathon,"Moab, UT USA","November 7, 2015","Michele ERICSSON (F)
5:54:43 275 81 / 7 F40-44 Lakewood, CO, USA
 "
276,MIDD=4922151107,Moab Trail Marathon,"Moab, UT USA","November 7, 2015","Joanie GIBBS (F)
5:55:16 276 82 / 8 F45-49 Ouray, CO, USA
 "
277,MIDD=4922151107,Moab Trail Marathon,"Moab, UT USA","November 7, 2015","Heidi NADIAK (F)
5:55:16 277 83 / 3 F50-54 Ridgway, CO, USA
 "
278,MIDD=4922151107,Moab Trail Marathon,"Moab, UT USA","November 7, 2015","Becky ANDERSEN (F)
5:55:27 278 84 / 16 F30-34 Boise, ID, USA
 "
279,MIDD=4922151107,Moab Trail Marathon,"Moab, UT USA","November 7, 2015","Megan WALLACE (F)
5:55:35 279 85 / 15 F35-39 Mtn. Green, UT, USA
 "
280,MIDD=4922151107,Moab Trail Marathon,"Moab, UT USA","November 7, 2015","Luther YOST (M)
5:55:44 280 195 / 15 M50-54 Boise, ID, USA
 "
281,MIDD=4922151107,Moab Trail Marathon,"Moab, UT USA","November 7, 2015","Marie BALBOA (F)
5:56:34 281 86 / 7 F20-24 Boulder, CO, USA
 "
282,MIDD=4922151107,Moab Trail Marathon,"Moab, UT USA","November 7, 2015","Amy MESSER (F)
5:57:14 282 87 / 17 F30-34 Skyland, NC, USA
 "
283,MIDD=4922151107,Moab Trail Marathon,"Moab, UT USA","November 7, 2015","Dave DUTRO (M)
5:57:43 283 196 / 22 M40-44 Hayden, ID, USA
 "
284,MIDD=4922151107,Moab Trail Marathon,"Moab, UT USA","November 7, 2015","Mandy BRIGNOLA (F)
5:57:54 284 88 / 17 F25-29 Boulder, CO, USA
 "
285,MIDD=4922151107,Moab Trail Marathon,"Moab, UT USA","November 7, 2015","Pat RILEY (M)
5:58:00 285 197 / 29 M30-34 Stow, OH, USA
 "
286,MIDD=4922151107,Moab Trail Marathon,"Moab, UT USA","November 7, 2015","Brian ZEHNDER (M)
5:58:10 286 198 / 16 M50-54 Slc, UT, USA
 "
287,MIDD=4922151107,Moab Trail Marathon,"Moab, UT USA","November 7, 2015","Frank CARFARO (M)
5:59:10 287 199 / 25 M45-49 Kenilworth, NJ, USA
 "
288,MIDD=4922151107,Moab Trail Marathon,"Moab, UT USA","November 7, 2015","J COLT (M)
6:00:01 288 200 / 14 M55-59 Spokane, WA, USA
 "
289,MIDD=4922151107,Moab Trail Marathon,"Moab, UT USA","November 7, 2015","Meg SCHARMAN (F)
6:01:13 289 89 / 18 F25-29 Slc, UT, USA
 "
290,MIDD=4922151107,Moab Trail Marathon,"Moab, UT USA","November 7, 2015","Sharece ROWSER (F)
6:01:20 290 90 / 19 F25-29 Heber, UT, USA
 "
291,MIDD=4922151107,Moab Trail Marathon,"Moab, UT USA","November 7, 2015","Mark AIKMAN (M)
6:02:17 291 201 / 12 M20-24 Memphis, TN, USA
 "
292,MIDD=4922151107,Moab Trail Marathon,"Moab, UT USA","November 7, 2015","Ryan FREDERICKSON (M)
6:02:18 292 202 / 13 M20-24 Wheaton, IL, USA
 "
293,MIDD=4922151107,Moab Trail Marathon,"Moab, UT USA","November 7, 2015","Tungsten ALCAZAR (M)
6:02:31 293 203 / 23 M40-44 Colorado Springs, CO, USA
 "
294,MIDD=4922151107,Moab Trail Marathon,"Moab, UT USA","November 7, 2015","Kenneth MCCOLLUM (M)
6:02:39 294 204 / 17 M50-54 Littleton, CO, USA
 "
295,MIDD=4922151107,Moab Trail Marathon,"Moab, UT USA","November 7, 2015","Sarah LABREC (F)
6:02:41 295 91 / 3 F55-59 Moab, UT, USA
 "
296,MIDD=4922151107,Moab Trail Marathon,"Moab, UT USA","November 7, 2015","David ROTH (M)
6:03:17 296 205 / 31 M25-29 Clinton, UT, USA
 "
297,MIDD=4922151107,Moab Trail Marathon,"Moab, UT USA","November 7, 2015","Kathleen WENDEL (F)
6:03:26 297 92 / 1 F60-64 Ames, IA, USA
 "
298,MIDD=4922151107,Moab Trail Marathon,"Moab, UT USA","November 7, 2015","Brian COATES (M)
6:04:11 298 206 / 32 M25-29 Craig, CO, USA
 "
299,MIDD=4922151107,Moab Trail Marathon,"Moab, UT USA","November 7, 2015","Madeline PICKERING (F)
6:04:37 299 93 / 8 F20-24 Eugene, OR, USA
 "
300,MIDD=4922151107,Moab Trail Marathon,"Moab, UT USA","November 7, 2015","Levi MCCRACKEN (M)
6:04:39 300 207 / 33 M25-29 Clinton, UT, USA
 "
301,MIDD=4922151107,Moab Trail Marathon,"Moab, UT USA","November 7, 2015","Alan BATDORF (M)
6:04:42 301 208 / 6 M60-64 Westminster, CA, USA
 "
302,MIDD=4922151107,Moab Trail Marathon,"Moab, UT USA","November 7, 2015","Chris BUCKEL (M)
6:05:12 302 209 / 34 M25-29 Salt Lake City, UT, USA
 "
303,MIDD=4922151107,Moab Trail Marathon,"Moab, UT USA","November 7, 2015","Katie TYLER (F)
6:05:32 303 94 / 16 F35-39 Truckee, CA, USA
 "
304,MIDD=4922151107,Moab Trail Marathon,"Moab, UT USA","November 7, 2015","Daniel FOX (M)
6:05:43 304 210 / 24 M40-44 Boulder, CO, USA
 "
305,MIDD=4922151107,Moab Trail Marathon,"Moab, UT USA","November 7, 2015","Kerwyn JONES (M)
6:05:47 305 211 / 18 M50-54 Copley, OH, USA
 "
306,MIDD=4922151107,Moab Trail Marathon,"Moab, UT USA","November 7, 2015","Jack CURTIS (M)
6:06:22 306 212 / 32 M35-39 Colorado Springs, CO, USA
 "
307,MIDD=4922151107,Moab Trail Marathon,"Moab, UT USA","November 7, 2015","Matthew MORGAN (M)
6:06:26 307 213 / 25 M40-44 Salt Lake City, UT, USA
 "
308,MIDD=4922151107,Moab Trail Marathon,"Moab, UT USA","November 7, 2015","Polli COLLINS (F)
6:07:07 308 95 / 4 F50-54 Portland, OR, USA
 "
309,MIDD=4922151107,Moab Trail Marathon,"Moab, UT USA","November 7, 2015","John G. OSTER (M)
6:07:33 309 214 / 19 M50-54 Grand Junction, CO, USA
 "
310,MIDD=4922151107,Moab Trail Marathon,"Moab, UT USA","November 7, 2015","Annette WOOD (F)
6:08:32 310 96 / 9 F45-49 Ogden, UT, USA
 "
311,MIDD=4922151107,Moab Trail Marathon,"Moab, UT USA","November 7, 2015","Alison CHAMBERS (F)
6:08:40 311 97 / 5 F50-54 Syracuse, UT, USA
 "
312,MIDD=4922151107,Moab Trail Marathon,"Moab, UT USA","November 7, 2015","John BENSON (M)
6:08:54 312 215 / 26 M40-44 Springville, UT, USA
 "
313,MIDD=4922151107,Moab Trail Marathon,"Moab, UT USA","November 7, 2015","Nicola JAMES (F)
6:08:58 313 98 / 6 F50-54 Lafayette, CA, USA
 "
314,MIDD=4922151107,Moab Trail Marathon,"Moab, UT USA","November 7, 2015","Norv LARSON (M)
6:09:01 314 216 / 20 M50-54 Fruita, CO, USA
 "
315,MIDD=4922151107,Moab Trail Marathon,"Moab, UT USA","November 7, 2015","Gert FREAS (F)
6:09:12 315 99 / 4 F55-59 North Wales, PA, USA
 "
316,MIDD=4922151107,Moab Trail Marathon,"Moab, UT USA","November 7, 2015","Nichole MAYER (F)
6:09:17 316 100 / 18 F30-34 Columbus, OH, USA
 "
317,MIDD=4922151107,Moab Trail Marathon,"Moab, UT USA","November 7, 2015","Steve PARSONS (M)
6:09:31 317 217 / 27 M40-44 Provo, UT, USA
 "
318,MIDD=4922151107,Moab Trail Marathon,"Moab, UT USA","November 7, 2015","Adrienne PARSONS (F)
6:09:31 318 101 / 17 F35-39 Provo, UT, USA
 "
319,MIDD=4922151107,Moab Trail Marathon,"Moab, UT USA","November 7, 2015","Chantelle PEAVLER (F)
6:09:31 319 102 / 19 F30-34 Pleasant Grove, UT, USA
 "
320,MIDD=4922151107,Moab Trail Marathon,"Moab, UT USA","November 7, 2015","Lauren DAILEY (F)
6:09:51 320 103 / 20 F25-29 New York, NY, USA
 "
321,MIDD=4922151107,Moab Trail Marathon,"Moab, UT USA","November 7, 2015","Martin MILLER (M)
6:10:26 321 218 / 7 M60-64 Helena, MT, USA
 "
322,MIDD=4922151107,Moab Trail Marathon,"Moab, UT USA","November 7, 2015","Reuben YOST (M)
6:10:54 322 219 / 8 M60-64 Juneau, AK, USA
 "
323,MIDD=4922151107,Moab Trail Marathon,"Moab, UT USA","November 7, 2015","Jill WALDRON (F)
6:11:02 323 104 / 18 F35-39 Bountiful, UT, USA
 "
324,MIDD=4922151107,Moab Trail Marathon,"Moab, UT USA","November 7, 2015","William DOLLAR (M)
6:11:41 324 220 / 28 M40-44 Lakewood, CO, USA
 "
325,MIDD=4922151107,Moab Trail Marathon,"Moab, UT USA","November 7, 2015","Gregory ELLIOTT (M)
6:12:07 325 221 / 30 M30-34 Kansas City, MO, USA
 "
326,MIDD=4922151107,Moab Trail Marathon,"Moab, UT USA","November 7, 2015","Herb MORREALE (M)
6:12:22 326 222 / 26 M45-49 Louisville, CO, USA
 "
327,MIDD=4922151107,Moab Trail Marathon,"Moab, UT USA","November 7, 2015","Jeff SCHEIFFLER (M)
6:12:22 327 223 / 21 M50-54 Louisville, CO, USA
 "
328,MIDD=4922151107,Moab Trail Marathon,"Moab, UT USA","November 7, 2015","Alex FLORES (M)
6:12:23 328 224 / 22 M50-54 Louisville, CO, USA
 "
329,MIDD=4922151107,Moab Trail Marathon,"Moab, UT USA","November 7, 2015","Keith WATSON (M)
6:12:32 329 225 / 29 M40-44 Louisville, CO, USA
 "
330,MIDD=4922151107,Moab Trail Marathon,"Moab, UT USA","November 7, 2015","Thomas PARKER (M)
6:12:37 330 226 / 35 M25-29 Seattle, WA, USA
 "
331,MIDD=4922151107,Moab Trail Marathon,"Moab, UT USA","November 7, 2015","Ron HADA (M)
6:12:53 331 227 / 27 M45-49 South Jordan, UT, USA
 "
332,MIDD=4922151107,Moab Trail Marathon,"Moab, UT USA","November 7, 2015","Vikram SINGH (M)
6:12:59 332 228 / 36 M25-29 New Hyde Park, NY, USA
 "
333,MIDD=4922151107,Moab Trail Marathon,"Moab, UT USA","November 7, 2015","Lindsey JUDD (F)
6:13:44 333 105 / 21 F25-29 Westminster, CO, USA
 "
334,MIDD=4922151107,Moab Trail Marathon,"Moab, UT USA","November 7, 2015","Jennifer FARRUGIA (F)
6:14:09 334 106 / 22 F25-29 Jackson, WY, USA
 "
335,MIDD=4922151107,Moab Trail Marathon,"Moab, UT USA","November 7, 2015","Maria ISLAS (F)
6:15:43 335 107 / 7 F50-54 La Mirada, CA, USA
 "
336,MIDD=4922151107,Moab Trail Marathon,"Moab, UT USA","November 7, 2015","Spencer DAILEY (M)
6:16:35 336 229 / 37 M25-29 Portland, OR, USA
 "
337,MIDD=4922151107,Moab Trail Marathon,"Moab, UT USA","November 7, 2015","Joel ROBINS (M)
6:16:56 337 230 / 28 M45-49 Ogden, UT, USA
 "
338,MIDD=4922151107,Moab Trail Marathon,"Moab, UT USA","November 7, 2015","Melissa MCNAMARA (F)
6:17:52 338 108 / 23 F25-29 Aurora, CO, USA
 "
339,MIDD=4922151107,Moab Trail Marathon,"Moab, UT USA","November 7, 2015","Camille MONTGOMERY (F)
6:18:05 339 109 / 19 F35-39 Pocatello, ID, USA
 "
340,MIDD=4922151107,Moab Trail Marathon,"Moab, UT USA","November 7, 2015","Misty SUAREZ (F)
6:18:43 340 110 / 10 F45-49 West Jordan, UT, USA
 "
341,MIDD=4922151107,Moab Trail Marathon,"Moab, UT USA","November 7, 2015","Stanley OSWALD (M)
6:18:51 341 231 / 9 M60-64 Lincoln, NE, USA
 "
342,MIDD=4922151107,Moab Trail Marathon,"Moab, UT USA","November 7, 2015","Alexander CLIFT (M)
6:19:16 342 232 / 38 M25-29 Ogden, UT, USA
 "
343,MIDD=4922151107,Moab Trail Marathon,"Moab, UT USA","November 7, 2015","Kirk HOFELING (M)
6:19:16 343 233 / 29 M45-49 Salt Lake City, UT, USA
 "
344,MIDD=4922151107,Moab Trail Marathon,"Moab, UT USA","November 7, 2015","Clifford PRESTON (M)
6:19:26 344 234 / 39 M25-29 Wheat Ridge, CO, USA
 "
345,MIDD=4922151107,Moab Trail Marathon,"Moab, UT USA","November 7, 2015","Aniko SANDOR (F)
6:19:34 345 111 / 11 F45-49 Houston, TX, USA
 "
346,MIDD=4922151107,Moab Trail Marathon,"Moab, UT USA","November 7, 2015","Ashley SALOGA (F)
6:20:44 346 112 / 20 F30-34 Denver, CO, USA
 "
347,MIDD=4922151107,Moab Trail Marathon,"Moab, UT USA","November 7, 2015","Josh MENHUSEN (M)
6:20:46 347 235 / 14 M20-24 Brighton, CO, USA
 "
348,MIDD=4922151107,Moab Trail Marathon,"Moab, UT USA","November 7, 2015","Rachel INKLEY (F)
6:20:47 348 113 / 8 F40-44 Riverton, UT, USA
 "
349,MIDD=4922151107,Moab Trail Marathon,"Moab, UT USA","November 7, 2015","Adam HARLOW (M)
6:20:56 349 236 / 30 M40-44 Green River, WY, USA
 "
350,MIDD=4922151107,Moab Trail Marathon,"Moab, UT USA","November 7, 2015","Jared HARLOW (M)
6:21:03 350 237 / 33 M35-39 Springville, UT, USA
 "
351,MIDD=4922151107,Moab Trail Marathon,"Moab, UT USA","November 7, 2015","Nikki ROWE (F)
6:21:38 351 114 / 20 F35-39 Sanlouis Obispo, CA, USA
 "
352,MIDD=4922151107,Moab Trail Marathon,"Moab, UT USA","November 7, 2015","Sean MCMILLAN (M)
6:21:43 352 238 / 31 M30-34 Denver, CO, USA
 "
353,MIDD=4922151107,Moab Trail Marathon,"Moab, UT USA","November 7, 2015","Kelly KONOPA (F)
6:22:11 353 115 / 21 F35-39 Salt Lake City, UT, USA
 "
354,MIDD=4922151107,Moab Trail Marathon,"Moab, UT USA","November 7, 2015","David ROWE (M)
6:22:45 354 239 / 31 M40-44 San Luis Obispo, CA, USA
 "
355,MIDD=4922151107,Moab Trail Marathon,"Moab, UT USA","November 7, 2015","Brandon FEAGAN (M)
6:24:46 355 240 / 32 M30-34 Fairfax, VA, USA
 "
356,MIDD=4922151107,Moab Trail Marathon,"Moab, UT USA","November 7, 2015","Rebecca CHAMBERS (F)
6:25:13 356 116 / 9 F40-44 Amherst, MA, USA
 "
357,MIDD=4922151107,Moab Trail Marathon,"Moab, UT USA","November 7, 2015","Ali SENZ (F)
6:25:40 357 117 / 9 F20-24 Golden, CO, USA
 "
358,MIDD=4922151107,Moab Trail Marathon,"Moab, UT USA","November 7, 2015","Dave HUNT (M)
6:25:48 358 241 / 15 M55-59 Kent, OH, USA
 "
359,MIDD=4922151107,Moab Trail Marathon,"Moab, UT USA","November 7, 2015","David SUNDIUS (M)
6:26:01 359 242 / 16 M55-59 Manhattan Beach, CA, USA
 "
360,MIDD=4922151107,Moab Trail Marathon,"Moab, UT USA","November 7, 2015","Kathy BASTIAN (F)
6:26:17 360 118 / 5 F55-59 South Weber, UT, USA
 "
361,MIDD=4922151107,Moab Trail Marathon,"Moab, UT USA","November 7, 2015","Dave BICKMORE (M)
6:27:26 361 243 / 23 M50-54 Midland, MI, USA
 "
362,MIDD=4922151107,Moab Trail Marathon,"Moab, UT USA","November 7, 2015","Alli ROSEN (F)
6:28:04 362 119 / 21 F30-34 Juneau, AK, USA
 "
363,MIDD=4922151107,Moab Trail Marathon,"Moab, UT USA","November 7, 2015","Emily HUDYMA (F)
6:28:05 363 120 / 22 F30-34 Anchorage, AK, USA
 "
364,MIDD=4922151107,Moab Trail Marathon,"Moab, UT USA","November 7, 2015","James SZYJAKOWSKI (M)
6:29:53 364 244 / 2 M65-69 New Berlin, WI, USA
 "
365,MIDD=4922151107,Moab Trail Marathon,"Moab, UT USA","November 7, 2015","Rich CHRISTMAN (M)
6:35:05 365 245 / 10 M60-64 Sammamish, WA, USA
 "
366,MIDD=4922151107,Moab Trail Marathon,"Moab, UT USA","November 7, 2015","Kellen HASSOLD (F)
6:35:11 366 121 / 24 F25-29 Alameda, CA, USA
 "
367,MIDD=4922151107,Moab Trail Marathon,"Moab, UT USA","November 7, 2015","Jessie COUPER (F)
6:35:14 367 122 / 25 F25-29 Seattle, WA, USA
 "
368,MIDD=4922151107,Moab Trail Marathon,"Moab, UT USA","November 7, 2015","Jennifer CARLSON (F)
6:36:20 368 123 / 10 F40-44 Rocky Point, NY, USA
 "
369,MIDD=4922151107,Moab Trail Marathon,"Moab, UT USA","November 7, 2015","Dale MORRISON (M)
6:36:20 369 246 / 17 M55-59 Grand Junction, CO, USA
 "
370,MIDD=4922151107,Moab Trail Marathon,"Moab, UT USA","November 7, 2015","Kyler PIERCE (M)
6:36:45 370 247 / 15 M20-24 Moab, UT, USA
 "
371,MIDD=4922151107,Moab Trail Marathon,"Moab, UT USA","November 7, 2015","Tracy CHRISTIAN (F)
6:36:57 371 124 / 8 F50-54 Wilmington, NC, USA
 "
372,MIDD=4922151107,Moab Trail Marathon,"Moab, UT USA","November 7, 2015","Ellen HELGEN (F)
6:37:01 372 125 / 11 F40-44 Lafayette, CO, USA
 "
373,MIDD=4922151107,Moab Trail Marathon,"Moab, UT USA","November 7, 2015","Corey MARKISICH (M)
6:37:36 373 248 / 34 M35-39 West Bountiful, UT, USA
 "
374,MIDD=4922151107,Moab Trail Marathon,"Moab, UT USA","November 7, 2015","Jessica MEENTS (F)
6:39:15 374 126 / 23 F30-34 Ogden, UT, USA
 "
375,MIDD=4922151107,Moab Trail Marathon,"Moab, UT USA","November 7, 2015","Kaitlyn LINFORD (F)
6:39:41 375 127 / 26 F25-29 Kaysville, UT, USA
 "
376,MIDD=4922151107,Moab Trail Marathon,"Moab, UT USA","November 7, 2015","Jeff CARVER (M)
6:40:15 376 249 / 33 M30-34 Kaysville, UT, USA
 "
377,MIDD=4922151107,Moab Trail Marathon,"Moab, UT USA","November 7, 2015","Russell NELSON (M)
6:40:15 377 250 / 32 M40-44 Lindon, UT, USA
 "
378,MIDD=4922151107,Moab Trail Marathon,"Moab, UT USA","November 7, 2015","Kyle LEIF (M)
6:40:29 378 251 / 34 M30-34 San Diego, CA, USA
 "
379,MIDD=4922151107,Moab Trail Marathon,"Moab, UT USA","November 7, 2015","Andrew KURTZ (M)
6:40:29 379 252 / 35 M30-34 Seattle, WA, USA
 "
380,MIDD=4922151107,Moab Trail Marathon,"Moab, UT USA","November 7, 2015","Paul CLARK (M)
6:41:09 380 253 / 24 M50-54 Moscow, ID, USA
 "
381,MIDD=4922151107,Moab Trail Marathon,"Moab, UT USA","November 7, 2015","Leary WALKER (M)
6:41:20 381 254 / 30 M45-49 Austin, TX, USA
 "
382,MIDD=4922151107,Moab Trail Marathon,"Moab, UT USA","November 7, 2015","Susan FARAGO (F)
6:41:21 382 128 / 12 F45-49 Austin, TX, USA
 "
383,MIDD=4922151107,Moab Trail Marathon,"Moab, UT USA","November 7, 2015","Mimi MATSUDA (F)
6:41:42 383 129 / 12 F40-44 Bozeman, MT, USA
 "
384,MIDD=4922151107,Moab Trail Marathon,"Moab, UT USA","November 7, 2015","Erika MATSUDA (F)
6:42:26 384 130 / 22 F35-39 Bozeman, MT, USA
 "
385,MIDD=4922151107,Moab Trail Marathon,"Moab, UT USA","November 7, 2015","Molly HOPPE (F)
6:43:09 385 131 / 27 F25-29 Denver, CO, USA
 "
386,MIDD=4922151107,Moab Trail Marathon,"Moab, UT USA","November 7, 2015","Hunter EMMONS (F)
6:43:24 386 132 / 10 F20-24 Boulder, CO, USA
 "
387,MIDD=4922151107,Moab Trail Marathon,"Moab, UT USA","November 7, 2015","Scott NEWKAM (M)
6:43:51 387 255 / 18 M55-59 Aspen, CO, USA
 "
388,MIDD=4922151107,Moab Trail Marathon,"Moab, UT USA","November 7, 2015","David GUTZMAN (M)
6:44:20 388 256 / 19 M55-59 Draper, UT, USA
 "
389,MIDD=4922151107,Moab Trail Marathon,"Moab, UT USA","November 7, 2015","Kirk COOK (M)
6:44:25 389 257 / 25 M50-54 Winnipeg, Canada
 "
390,MIDD=4922151107,Moab Trail Marathon,"Moab, UT USA","November 7, 2015","Dick KIRKWOOD (M)
6:44:34 390 258 / 1 M70-99 American Fork, UT, USA
 "
391,MIDD=4922151107,Moab Trail Marathon,"Moab, UT USA","November 7, 2015","Greg EDWARDS (M)
6:45:00 391 259 / 33 M40-44 Boulder, CO, USA
 "
392,MIDD=4922151107,Moab Trail Marathon,"Moab, UT USA","November 7, 2015","Stacy PEMBERTON (F)
6:45:06 392 133 / 13 F40-44 New Castle, CO, USA
 "
393,MIDD=4922151107,Moab Trail Marathon,"Moab, UT USA","November 7, 2015","Kim SCARFE (F)
6:45:52 393 134 / 23 F35-39 Des Moines, IA, USA
 "
394,MIDD=4922151107,Moab Trail Marathon,"Moab, UT USA","November 7, 2015","Allison CHRISTIE (F)
6:47:35 394 135 / 14 F40-44 Glenwood Springs, CO, USA
 "
395,MIDD=4922151107,Moab Trail Marathon,"Moab, UT USA","November 7, 2015","Clinton LAMB (M)
6:48:59 395 260 / 31 M45-49 West Valley City, UT, USA
 "
396,MIDD=4922151107,Moab Trail Marathon,"Moab, UT USA","November 7, 2015","Mindy DAVIS (F)
6:50:18 396 136 / 9 F50-54 Salinas, CA, USA
 "
397,MIDD=4922151107,Moab Trail Marathon,"Moab, UT USA","November 7, 2015","Bill DAVIS (M)
6:50:18 397 261 / 20 M55-59 Salinas, CA, USA
 "
398,MIDD=4922151107,Moab Trail Marathon,"Moab, UT USA","November 7, 2015","William ZELLERS (M)
6:51:00 398 262 / 34 M40-44 Colorado Springs, CO, USA
 "
399,MIDD=4922151107,Moab Trail Marathon,"Moab, UT USA","November 7, 2015","Cheryl PETERSON (F)
6:51:31 399 137 / 2 F60-64 Smithfield, UT, USA
 "
400,MIDD=4922151107,Moab Trail Marathon,"Moab, UT USA","November 7, 2015","Matthew WHITTEN (M)
6:51:57 400 263 / 35 M40-44 Salt Lake City, UT, USA
 "
401,MIDD=4922151107,Moab Trail Marathon,"Moab, UT USA","November 7, 2015","Carl TIPPETS (M)
6:52:01 401 264 / 11 M60-64 South Jordan, UT, USA
 "
402,MIDD=4922151107,Moab Trail Marathon,"Moab, UT USA","November 7, 2015","Seth PORTER (M)
6:52:10 402 265 / 36 M40-44 Riverton, UT, USA
 "
403,MIDD=4922151107,Moab Trail Marathon,"Moab, UT USA","November 7, 2015","Christoph SCHORK (M)
6:52:10 403 266 / 12 M60-64 Moab, UT, USA
 "
404,MIDD=4922151107,Moab Trail Marathon,"Moab, UT USA","November 7, 2015","Mark ENDRES (M)
6:52:12 404 267 / 21 M55-59 Blanding, UT, USA
 "
405,MIDD=4922151107,Moab Trail Marathon,"Moab, UT USA","November 7, 2015","Greg LIVERS (M)
6:53:12 405 268 / 37 M40-44 Salt Lake City, UT, USA
 "
406,MIDD=4922151107,Moab Trail Marathon,"Moab, UT USA","November 7, 2015","Chandler THOMPSON (M)
6:53:13 406 269 / 38 M40-44 Salt Lake City, UT, USA
 "
407,MIDD=4922151107,Moab Trail Marathon,"Moab, UT USA","November 7, 2015","Margaret VOJTA (F)
6:54:02 407 138 / 28 F25-29 Palatine, IL, USA
 "
408,MIDD=4922151107,Moab Trail Marathon,"Moab, UT USA","November 7, 2015","Philip WATSON (M)
6:54:04 408 270 / 36 M30-34 Schaumburg, IL, USA
 "
409,MIDD=4922151107,Moab Trail Marathon,"Moab, UT USA","November 7, 2015","Nate VAUGHN (M)
6:54:39 409 271 / 35 M35-39 Farmington, NM, USA
 "
410,MIDD=4922151107,Moab Trail Marathon,"Moab, UT USA","November 7, 2015","Ronel CLAASSENS (F)
6:54:50 410 139 / 24 F35-39 East Lansing, MI, USA
 "
411,MIDD=4922151107,Moab Trail Marathon,"Moab, UT USA","November 7, 2015","Steven KATZ (M)
6:55:10 411 272 / 22 M55-59 Westminster, CO, USA
 "
412,MIDD=4922151107,Moab Trail Marathon,"Moab, UT USA","November 7, 2015","Robbi KATZ (F)
6:55:11 412 140 / 6 F55-59 Westminster, CO, USA
 "
413,MIDD=4922151107,Moab Trail Marathon,"Moab, UT USA","November 7, 2015","Tom DEARDEN (M)
6:55:49 413 273 / 23 M55-59 Kaysville, UT, USA
 "
414,MIDD=4922151107,Moab Trail Marathon,"Moab, UT USA","November 7, 2015","Dan DEARDEN (M)
6:55:52 414 274 / 24 M55-59 Bountiful, UT, USA
 "
415,MIDD=4922151107,Moab Trail Marathon,"Moab, UT USA","November 7, 2015","Lynne NIELSEN (F)
6:56:15 415 141 / 3 F60-64 Lindon, UT, USA
 "
416,MIDD=4922151107,Moab Trail Marathon,"Moab, UT USA","November 7, 2015","Cathy SHOENFELD (F)
6:56:28 416 142 / 13 F45-49 Boulder, CO, USA
 "
417,MIDD=4922151107,Moab Trail Marathon,"Moab, UT USA","November 7, 2015","Greg DARDAS (M)
6:58:03 417 275 / 26 M50-54 Midland, MI, USA
 "
418,MIDD=4922151107,Moab Trail Marathon,"Moab, UT USA","November 7, 2015","Jill GUSHOW (F)
6:58:03 418 143 / 14 F45-49 Midland, MI, USA
 "
419,MIDD=4922151107,Moab Trail Marathon,"Moab, UT USA","November 7, 2015","Christine CASE (F)
6:58:15 419 144 / 15 F45-49 Boulder, CO, USA
 "
420,MIDD=4922151107,Moab Trail Marathon,"Moab, UT USA","November 7, 2015","Todd WALLACE (M)
6:59:34 420 276 / 32 M45-49 Seattle, WA, USA
 "
421,MIDD=4922151107,Moab Trail Marathon,"Moab, UT USA","November 7, 2015","Bret JACOBSEN (M)
7:00:10 421 277 / 39 M40-44 Blanding, UT, USA
 "
422,MIDD=4922151107,Moab Trail Marathon,"Moab, UT USA","November 7, 2015","Benjamin LORD (M)
7:00:51 422 278 / 40 M25-29 Denver, CO, USA
 "
423,MIDD=4922151107,Moab Trail Marathon,"Moab, UT USA","November 7, 2015","Irma CORREA-LONG (F)
7:00:56 423 145 / 10 F50-54 Albuquerque, NM, USA
 "
424,MIDD=4922151107,Moab Trail Marathon,"Moab, UT USA","November 7, 2015","Elle TYLER (F)
7:01:31 424 146 / 29 F25-29 Erie, CO, USA
 "
425,MIDD=4922151107,Moab Trail Marathon,"Moab, UT USA","November 7, 2015","Marci PEARSON (F)
7:01:55 425 147 / 25 F35-39 Eagle Mountain, UT, USA
 "
426,MIDD=4922151107,Moab Trail Marathon,"Moab, UT USA","November 7, 2015","Michael SULLIVAN (M)
7:04:02 426 279 / 13 M60-64 Chino Valley, AZ, USA
 "
427,MIDD=4922151107,Moab Trail Marathon,"Moab, UT USA","November 7, 2015","Lucas RYLANDER (M)
7:04:14 427 280 / 36 M35-39 Denver, CO, USA
 "
428,MIDD=4922151107,Moab Trail Marathon,"Moab, UT USA","November 7, 2015","Lea CHANDONNET (F)
7:07:19 428 148 / 30 F25-29 Breckenridge, CO, USA
 "
429,MIDD=4922151107,Moab Trail Marathon,"Moab, UT USA","November 7, 2015","Rebecca THURMAN (F)
7:07:33 429 149 / 16 F45-49 Atlanta, GA, USA
 "
430,MIDD=4922151107,Moab Trail Marathon,"Moab, UT USA","November 7, 2015","Brenda COHEN (F)
7:07:58 430 150 / 17 F45-49 Austin, TX, USA
 "
431,MIDD=4922151107,Moab Trail Marathon,"Moab, UT USA","November 7, 2015","Jeanne SEAUX-PIERCE (F)
7:07:59 431 151 / 18 F45-49 Lakeway, TX, USA
 "
432,MIDD=4922151107,Moab Trail Marathon,"Moab, UT USA","November 7, 2015","Juliette KENNEY (F)
7:10:53 432 152 / 15 F40-44 Lasalle, Canada
 "
433,MIDD=4922151107,Moab Trail Marathon,"Moab, UT USA","November 7, 2015","Carolyn GRONA (F)
7:10:53 433 153 / 16 F40-44 Lasalle, Canada
 "
434,MIDD=4922151107,Moab Trail Marathon,"Moab, UT USA","November 7, 2015","Molly MOYER (F)
7:11:15 434 154 / 17 F40-44 Grand Junction, CO, USA
 "
435,MIDD=4922151107,Moab Trail Marathon,"Moab, UT USA","November 7, 2015","Brittany RIVERA (F)
7:11:16 435 155 / 18 F40-44 Grand Junction, CO, USA
 "
436,MIDD=4922151107,Moab Trail Marathon,"Moab, UT USA","November 7, 2015","Philip WESTCOTT (M)
7:14:19 436 281 / 41 M25-29 Frederick, MD, USA
 "
437,MIDD=4922151107,Moab Trail Marathon,"Moab, UT USA","November 7, 2015","Doug BEAGLE (M)
7:15:09 437 282 / 3 M65-69 Houston, TX, USA
 "
438,MIDD=4922151107,Moab Trail Marathon,"Moab, UT USA","November 7, 2015","Jean BEAGLE (F)
7:15:12 438 156 / 31 F25-29 Houston, TX, USA
 "
439,MIDD=4922151107,Moab Trail Marathon,"Moab, UT USA","November 7, 2015","Monty MULLENIX (M)
7:19:24 439 283 / 27 M50-54 Bloomfield, NM, USA
 "
440,MIDD=4922151107,Moab Trail Marathon,"Moab, UT USA","November 7, 2015","Kathi SPILLANE (F)
7:19:28 440 157 / 19 F40-44 Denver, CO, USA
 "
441,MIDD=4922151107,Moab Trail Marathon,"Moab, UT USA","November 7, 2015","Jonathan SPILLANE (M)
7:19:28 441 284 / 37 M35-39 Denver, CO, USA
 "
442,MIDD=4922151107,Moab Trail Marathon,"Moab, UT USA","November 7, 2015","Dawn KORETKO (F)
7:19:33 442 158 / 11 F50-54 Thornton, CO, USA
 "
443,MIDD=4922151107,Moab Trail Marathon,"Moab, UT USA","November 7, 2015","Sophoan KHOEUN (M)
7:21:16 443 285 / 38 M35-39 Skokie, IL, USA
 "
444,MIDD=4922151107,Moab Trail Marathon,"Moab, UT USA","November 7, 2015","Mary MURPHY (F)
7:22:56 444 159 / 12 F50-54 Slc, UT, USA
 "
445,MIDD=4922151107,Moab Trail Marathon,"Moab, UT USA","November 7, 2015","Kelly HADFIELD (F)
7:22:57 445 160 / 26 F35-39 Salt Lake City, UT, USA
 "
446,MIDD=4922151107,Moab Trail Marathon,"Moab, UT USA","November 7, 2015","Andrew BATHRICK (M)
7:23:09 446 286 / 42 M25-29 Telluride, CO, USA
 "
447,MIDD=4922151107,Moab Trail Marathon,"Moab, UT USA","November 7, 2015","Daniel GANNON (M)
7:23:33 447 287 / 25 M55-59 Littleton, CO, USA
 "
448,MIDD=4922151107,Moab Trail Marathon,"Moab, UT USA","November 7, 2015","Dallin DELOACH (M)
7:23:46 448 288 / 43 M25-29 Sandy, UT, USA
 "
449,MIDD=4922151107,Moab Trail Marathon,"Moab, UT USA","November 7, 2015","Jennifer ALLEN (F)
7:25:22 449 161 / 20 F40-44 Erie, CO, USA
 "
450,MIDD=4922151107,Moab Trail Marathon,"Moab, UT USA","November 7, 2015","Stacey ROSAS (F)
7:25:24 450 162 / 21 F40-44 Austin, TX, USA
 "
451,MIDD=4922151107,Moab Trail Marathon,"Moab, UT USA","November 7, 2015","John BENDER (M)
7:26:05 451 289 / 14 M60-64 Fort Collins, CO, USA
 "
452,MIDD=4922151107,Moab Trail Marathon,"Moab, UT USA","November 7, 2015","Caitlyn SUTHERLAND (F)
7:26:11 452 163 / 11 F20-24 Somers, CT, USA
 "
453,MIDD=4922151107,Moab Trail Marathon,"Moab, UT USA","November 7, 2015","Laura BRALEY (F)
7:28:09 453 164 / 24 F30-34 Berkeley, CA, USA
 "
454,MIDD=4922151107,Moab Trail Marathon,"Moab, UT USA","November 7, 2015","Brittina PRAKER (F)
7:28:11 454 165 / 13 F50-54 Somerset, CA, USA
 "
455,MIDD=4922151107,Moab Trail Marathon,"Moab, UT USA","November 7, 2015","Benjamin PRAKER (M)
7:28:12 455 290 / 28 M50-54 Somerset, CA, USA
 "
456,MIDD=4922151107,Moab Trail Marathon,"Moab, UT USA","November 7, 2015","Amy DREES (F)
7:28:12 456 166 / 32 F25-29 Silverthorne, CO, USA
 "
457,MIDD=4922151107,Moab Trail Marathon,"Moab, UT USA","November 7, 2015","Lydia RIALL (F)
7:28:51 457 167 / 33 F25-29 Frisco, CO, USA
 "
458,MIDD=4922151107,Moab Trail Marathon,"Moab, UT USA","November 7, 2015","Malinda BOOTHE (F)
7:30:05 458 168 / 19 F45-49 Woods Cross, UT, USA
 "
459,MIDD=4922151107,Moab Trail Marathon,"Moab, UT USA","November 7, 2015","Sarah STEERE (F)
7:30:09 459 169 / 27 F35-39 Seattle, WA, USA
 "
460,MIDD=4922151107,Moab Trail Marathon,"Moab, UT USA","November 7, 2015","Rachael MORELAND (F)
7:31:29 460 170 / 34 F25-29 Aurora, CO, USA
 "
461,MIDD=4922151107,Moab Trail Marathon,"Moab, UT USA","November 7, 2015","James HUBBARD (M)
7:37:43 461 291 / 4 M65-69 Midvale, UT, USA
 "
462,MIDD=4922151107,Moab Trail Marathon,"Moab, UT USA","November 7, 2015","Jared HUBBARD (M)
7:37:44 462 292 / 40 M40-44 Herriman, UT, USA
 "
463,MIDD=4922151107,Moab Trail Marathon,"Moab, UT USA","November 7, 2015","Michael GONDEK (M)
7:40:02 463 293 / 5 M65-69 Satellite Beach, FL, USA
 "
464,MIDD=4922151107,Moab Trail Marathon,"Moab, UT USA","November 7, 2015","Christi BIRD (F)
7:41:00 464 171 / 28 F35-39 Provo, UT, USA
 "
465,MIDD=4922151107,Moab Trail Marathon,"Moab, UT USA","November 7, 2015","Mark TEBEAU (M)
7:43:01 465 294 / 33 M45-49 Scottsdale, AZ, USA
 "
466,MIDD=4922151107,Moab Trail Marathon,"Moab, UT USA","November 7, 2015","Michael BINDER (M)
7:43:01 466 295 / 15 M60-64 Chagrin Falls, OH, USA
 "
467,MIDD=4922151107,Moab Trail Marathon,"Moab, UT USA","November 7, 2015","Peter LARKIN (M)
7:43:32 467 296 / 16 M60-64 Draper, UT, USA
 "
468,MIDD=4922151107,Moab Trail Marathon,"Moab, UT USA","November 7, 2015","Valerie YOUNG (F)
7:44:34 468 172 / 29 F35-39 Fort Collins, CO, USA
 "
469,MIDD=4922151107,Moab Trail Marathon,"Moab, UT USA","November 7, 2015","Yara ILDEFONSO (F)
7:48:02 469 173 / 20 F45-49 Orlando, FL, USA
 "
470,MIDD=4922151107,Moab Trail Marathon,"Moab, UT USA","November 7, 2015","Andrea MCGINN (F)
7:54:10 470 174 / 7 F55-59 Pagosa Springs, CO, USA
 "
471,MIDD=4922151107,Moab Trail Marathon,"Moab, UT USA","November 7, 2015","Pam ELMER (F)
7:57:11 471 175 / 8 F55-59 Mapleton, UT, USA
 "
472,MIDD=4922151107,Moab Trail Marathon,"Moab, UT USA","November 7, 2015","Sabrina WILSON (F)
8:01:21 472 176 / 22 F40-44 Elizabeth, CO, USA
 "
473,MIDD=4922151107,Moab Trail Marathon,"Moab, UT USA","November 7, 2015","Camille DELOACH (F)
8:03:22 473 177 / 9 F55-59 Delta, UT, USA
 "
474,MIDD=4922151107,Moab Trail Marathon,"Moab, UT USA","November 7, 2015","Stephen LEONHARDT (M)
8:03:37 474 297 / 37 M30-34 Lethbridge, Canada
 "
475,MIDD=4922151107,Moab Trail Marathon,"Moab, UT USA","November 7, 2015","Chuck ZINDA (M)
8:04:31 475 298 / 17 M60-64 West Allis, WI, USA
 "
476,MIDD=4922151107,Moab Trail Marathon,"Moab, UT USA","November 7, 2015","Deborah GULLEY (F)
8:09:40 476 178 / 23 F40-44 Fort Collins, CO, USA
 "
477,MIDD=4922151107,Moab Trail Marathon,"Moab, UT USA","November 7, 2015","Kristin MATTOCKS (F)
8:11:16 477 179 / 21 F45-49 Shutesbury, MA, USA
 "
478,MIDD=4922151107,Moab Trail Marathon,"Moab, UT USA","November 7, 2015","Kristen ELECHKO (F)
8:14:45 478 180 / 24 F40-44 Northampton, MA, USA
 "
479,MIDD=4922151107,Moab Trail Marathon,"Moab, UT USA","November 7, 2015","Jo MAY (F)
8:14:45 479 181 / 1 F65-69 Houston, TX, USA
 "
480,MIDD=4922151107,Moab Trail Marathon,"Moab, UT USA","November 7, 2015","Tammy REYNOLDS (F)
8:15:22 480 182 / 30 F35-39 Stansbury Park, CO, USA
 "
481,MIDD=4922151107,Moab Trail Marathon,"Moab, UT USA","November 7, 2015","Courtney DRESSLER (F)
8:21:59 481 183 / 25 F40-44 Littleton, CO, USA
 "
482,MIDD=4922151107,Moab Trail Marathon,"Moab, UT USA","November 7, 2015","David MAHER (M)
8:22:56 482 299 / 38 M30-34 Littleton, CO, USA
 "
483,MIDD=4922151107,Moab Trail Marathon,"Moab, UT USA","November 7, 2015","Tina CURRY (M)
8:22:56 483 300 / 44 M25-29 Littleton, CO, USA
 "
484,MIDD=4922151107,Moab Trail Marathon,"Moab, UT USA","November 7, 2015","Jeremy BAKER (M)
8:22:56 484 301 / 45 M25-29 Englewood, CO, USA
 "
485,MIDD=4922151107,Moab Trail Marathon,"Moab, UT USA","November 7, 2015","Scott SCHEFF (M)
8:27:28 485 302 / 41 M40-44 Boulder, CO, USA
 "
486,MIDD=4922151107,Moab Trail Marathon,"Moab, UT USA","November 7, 2015","Samuel GIRARD (M)
8:35:42 486 303 / 34 M45-49 Kenosha, WI, USA
 "
