,race_id,race,location,date,runners
0,MIDD=4397151127,Wishbone Run Marathon,"Gig Harbor, WA USA","November 27, 2015","

Have you run this race?Then tell us about it.

Last Name, First Name(Sex/Age)
Time OverAllPlace
Sex Place"
1,MIDD=4397151127,Wishbone Run Marathon,"Gig Harbor, WA USA","November 27, 2015","Steve Walters (M)
3:34:45 1 1"
2,MIDD=4397151127,Wishbone Run Marathon,"Gig Harbor, WA USA","November 27, 2015","Simon Mutlu (M)
3:37:28 2 2"
3,MIDD=4397151127,Wishbone Run Marathon,"Gig Harbor, WA USA","November 27, 2015","Mark Dahlby (M)
3:37:46 3 3"
4,MIDD=4397151127,Wishbone Run Marathon,"Gig Harbor, WA USA","November 27, 2015","andy colton (M)
3:51:09 4 4"
5,MIDD=4397151127,Wishbone Run Marathon,"Gig Harbor, WA USA","November 27, 2015","Scott Sebelsky (M)
3:54:31 5 5"
6,MIDD=4397151127,Wishbone Run Marathon,"Gig Harbor, WA USA","November 27, 2015","Crystal Morrison (F)
3:54:49 6 1"
7,MIDD=4397151127,Wishbone Run Marathon,"Gig Harbor, WA USA","November 27, 2015","Laura Shore (F)
3:54:49 7 2"
8,MIDD=4397151127,Wishbone Run Marathon,"Gig Harbor, WA USA","November 27, 2015","Brad Hefta-Gaub (M)
3:55:01 8 6"
9,MIDD=4397151127,Wishbone Run Marathon,"Gig Harbor, WA USA","November 27, 2015","Amanda Hoskins (F)
3:58:57 9 3"
10,MIDD=4397151127,Wishbone Run Marathon,"Gig Harbor, WA USA","November 27, 2015","Morten Haastrup (M)
3:59:30 10 7"
11,MIDD=4397151127,Wishbone Run Marathon,"Gig Harbor, WA USA","November 27, 2015","William Beadle (M)
3:59:30 11 8"
12,MIDD=4397151127,Wishbone Run Marathon,"Gig Harbor, WA USA","November 27, 2015","Pedro Infante (M)
4:00:11 12 9"
13,MIDD=4397151127,Wishbone Run Marathon,"Gig Harbor, WA USA","November 27, 2015","Vincent Ma (M)
4:06:09 13 10"
14,MIDD=4397151127,Wishbone Run Marathon,"Gig Harbor, WA USA","November 27, 2015","Heather Latham (F)
4:12:05 14 4"
15,MIDD=4397151127,Wishbone Run Marathon,"Gig Harbor, WA USA","November 27, 2015","Jean-Gael Reboul (M)
4:17:18 15 11"
16,MIDD=4397151127,Wishbone Run Marathon,"Gig Harbor, WA USA","November 27, 2015","Craig Anderson (M)
4:23:52 16 12"
17,MIDD=4397151127,Wishbone Run Marathon,"Gig Harbor, WA USA","November 27, 2015","Sandra Harvie (F)
4:31:07 17 5"
18,MIDD=4397151127,Wishbone Run Marathon,"Gig Harbor, WA USA","November 27, 2015","Shawn Fisher (M)
4:31:18 18 13"
19,MIDD=4397151127,Wishbone Run Marathon,"Gig Harbor, WA USA","November 27, 2015","Mike floyd (M)
4:31:18 19 14"
20,MIDD=4397151127,Wishbone Run Marathon,"Gig Harbor, WA USA","November 27, 2015","John McGuigan (M)
4:35:07 20 15"
21,MIDD=4397151127,Wishbone Run Marathon,"Gig Harbor, WA USA","November 27, 2015","Adam Parker (M)
4:35:07 21 16"
22,MIDD=4397151127,Wishbone Run Marathon,"Gig Harbor, WA USA","November 27, 2015","sarah Englund (F)
4:37:17 22 6"
23,MIDD=4397151127,Wishbone Run Marathon,"Gig Harbor, WA USA","November 27, 2015","Patrick Grengs (M)
4:41:45 23 17"
24,MIDD=4397151127,Wishbone Run Marathon,"Gig Harbor, WA USA","November 27, 2015","David Pearson (M)
4:41:45 24 18"
25,MIDD=4397151127,Wishbone Run Marathon,"Gig Harbor, WA USA","November 27, 2015","Joe Schrum (M)
4:41:45 25 19"
26,MIDD=4397151127,Wishbone Run Marathon,"Gig Harbor, WA USA","November 27, 2015","Susie Ro (F)
4:45:42 26 7"
27,MIDD=4397151127,Wishbone Run Marathon,"Gig Harbor, WA USA","November 27, 2015","Sabrina Seher (F)
4:49:31 27 8"
28,MIDD=4397151127,Wishbone Run Marathon,"Gig Harbor, WA USA","November 27, 2015","Brian Simpson (M)
5:06:28 28 20"
29,MIDD=4397151127,Wishbone Run Marathon,"Gig Harbor, WA USA","November 27, 2015","Jasmine Johnson-Purnell (F)
5:13:48 29 9"
30,MIDD=4397151127,Wishbone Run Marathon,"Gig Harbor, WA USA","November 27, 2015","Leslie Miller (F)
5:13:48 30 10"
31,MIDD=4397151127,Wishbone Run Marathon,"Gig Harbor, WA USA","November 27, 2015","brian starkey (M)
5:14:20 31 21"
32,MIDD=4397151127,Wishbone Run Marathon,"Gig Harbor, WA USA","November 27, 2015","Laura Johnson (F)
5:14:20 32 11"
33,MIDD=4397151127,Wishbone Run Marathon,"Gig Harbor, WA USA","November 27, 2015","Heidi Cardoza (F)
5:15:44 33 12"
34,MIDD=4397151127,Wishbone Run Marathon,"Gig Harbor, WA USA","November 27, 2015","Jina Benson (F)
5:28:22 34 13"
35,MIDD=4397151127,Wishbone Run Marathon,"Gig Harbor, WA USA","November 27, 2015","Gregory Payne (M)
5:32:44 35 22"
36,MIDD=4397151127,Wishbone Run Marathon,"Gig Harbor, WA USA","November 27, 2015","Leon Willey (M)
5:34:27 36 23"
37,MIDD=4397151127,Wishbone Run Marathon,"Gig Harbor, WA USA","November 27, 2015","Karey Mozer (F)
5:34:27 37 14"
38,MIDD=4397151127,Wishbone Run Marathon,"Gig Harbor, WA USA","November 27, 2015","David Holmen (M)
5:41:58 38 24"
39,MIDD=4397151127,Wishbone Run Marathon,"Gig Harbor, WA USA","November 27, 2015","Tabitha Rison (F)
5:44:23 39 15"
40,MIDD=4397151127,Wishbone Run Marathon,"Gig Harbor, WA USA","November 27, 2015","Tara Simpson (F)
5:52:23 40 16"
41,MIDD=4397151127,Wishbone Run Marathon,"Gig Harbor, WA USA","November 27, 2015","Carol Bedard (F)
5:52:44 41 17"
42,MIDD=4397151127,Wishbone Run Marathon,"Gig Harbor, WA USA","November 27, 2015","Faraz Farrokhi (M)
5:52:50 42 25"
43,MIDD=4397151127,Wishbone Run Marathon,"Gig Harbor, WA USA","November 27, 2015","Hammie Farrokhi (F)
5:52:50 43 18"
44,MIDD=4397151127,Wishbone Run Marathon,"Gig Harbor, WA USA","November 27, 2015","Nikki Todd (F)
5:57:53 44 19"
45,MIDD=4397151127,Wishbone Run Marathon,"Gig Harbor, WA USA","November 27, 2015","gary marr (M)
5:59:59 45 26"
46,MIDD=4397151127,Wishbone Run Marathon,"Gig Harbor, WA USA","November 27, 2015","Janice Northrup (F)
6:04:41 46 20"
47,MIDD=4397151127,Wishbone Run Marathon,"Gig Harbor, WA USA","November 27, 2015","Steven Ferry (M)
6:06:17 47 27"
48,MIDD=4397151127,Wishbone Run Marathon,"Gig Harbor, WA USA","November 27, 2015","Anne Hernandez (F)
6:06:17 48 21"
49,MIDD=4397151127,Wishbone Run Marathon,"Gig Harbor, WA USA","November 27, 2015","Monte Pascual (M)
6:08:33 49 28"
50,MIDD=4397151127,Wishbone Run Marathon,"Gig Harbor, WA USA","November 27, 2015","Sunny Delaney (F)
6:25:19 50 22"
51,MIDD=4397151127,Wishbone Run Marathon,"Gig Harbor, WA USA","November 27, 2015","Wil Holder (M)
6:25:19 51 29"
52,MIDD=4397151127,Wishbone Run Marathon,"Gig Harbor, WA USA","November 27, 2015","Germaine Wong (F)
6:38:59 52 23"
53,MIDD=4397151127,Wishbone Run Marathon,"Gig Harbor, WA USA","November 27, 2015","Lisa Morin (F)
6:39:17 53 24"
54,MIDD=4397151127,Wishbone Run Marathon,"Gig Harbor, WA USA","November 27, 2015","barefoot jon (M)
6:42:12 54 30"
55,MIDD=4397151127,Wishbone Run Marathon,"Gig Harbor, WA USA","November 27, 2015","Jim Boyd (M)
6:47:15 55 31"
56,MIDD=4397151127,Wishbone Run Marathon,"Gig Harbor, WA USA","November 27, 2015","Ross Comer (M)
6:47:16 56 32"
57,MIDD=4397151127,Wishbone Run Marathon,"Gig Harbor, WA USA","November 27, 2015","Veronica Boyer (F)
7:01:00 57 25"
58,MIDD=4397151127,Wishbone Run Marathon,"Gig Harbor, WA USA","November 27, 2015","Jane Herzog (F)
7:01:05 58 26"
59,MIDD=4397151127,Wishbone Run Marathon,"Gig Harbor, WA USA","November 27, 2015","Clint Burleson (M)
7:18:30 59 33"
60,MIDD=4397151127,Wishbone Run Marathon,"Gig Harbor, WA USA","November 27, 2015","Cyndie Merten (F)
7:27:07 60 27"
61,MIDD=4397151127,Wishbone Run Marathon,"Gig Harbor, WA USA","November 27, 2015","Laurence Macon (M)
7:29:07 61 34"
62,MIDD=4397151127,Wishbone Run Marathon,"Gig Harbor, WA USA","November 27, 2015","Rick Haase (M)
7:52:30 62 35"
63,MIDD=4397151127,Wishbone Run Marathon,"Gig Harbor, WA USA","November 27, 2015","Russell CHENEY (M)
7:57:48 63 36"
