,race_id,race,location,date,runners
0,MIDD=4606151107,Silver Falls Marathon,"Silverton, OR USA","November 7, 2015","

Have you run this race?Then tell us about it.

Last Name, First Name(Sex/Age)
Time OverAllPlace
Sex Place/Div Place
DIV"
1,MIDD=4606151107,Silver Falls Marathon,"Silverton, OR USA","November 7, 2015","Nathan Robinson (M)
3:37:02 1 1 / 1 M30-34"
2,MIDD=4606151107,Silver Falls Marathon,"Silverton, OR USA","November 7, 2015","Don Gallogly (M)
3:38:54 2 2 / 1 M45-49"
3,MIDD=4606151107,Silver Falls Marathon,"Silverton, OR USA","November 7, 2015","Frederic Bard (M)
3:40:42 3 3 / 2 M30-34"
4,MIDD=4606151107,Silver Falls Marathon,"Silverton, OR USA","November 7, 2015","Mike Tyler (M)
3:44:02 4 4 / 2 M45-49"
5,MIDD=4606151107,Silver Falls Marathon,"Silverton, OR USA","November 7, 2015","Joel Phillips (M)
3:55:18 5 5 / 3 M30-34"
6,MIDD=4606151107,Silver Falls Marathon,"Silverton, OR USA","November 7, 2015","Eric Martin (M)
3:58:16 6 6 / 1 M35-39"
7,MIDD=4606151107,Silver Falls Marathon,"Silverton, OR USA","November 7, 2015","Dan Roper (M)
4:02:29 7 7 / 4 M30-34"
8,MIDD=4606151107,Silver Falls Marathon,"Silverton, OR USA","November 7, 2015","Tj Paskewich (M)
4:03:20 8 8 / 1 M40-44"
9,MIDD=4606151107,Silver Falls Marathon,"Silverton, OR USA","November 7, 2015","Richard Aster (M)
4:03:40 9 9 / 1 M55-59"
10,MIDD=4606151107,Silver Falls Marathon,"Silverton, OR USA","November 7, 2015","Eric Miller (M)
4:06:48 10 10 / 2 M40-44"
11,MIDD=4606151107,Silver Falls Marathon,"Silverton, OR USA","November 7, 2015","Josh Borrud (M)
4:08:52 11 11 / 5 M30-34"
12,MIDD=4606151107,Silver Falls Marathon,"Silverton, OR USA","November 7, 2015","Heather Bashor (F)
4:14:17 12 1 / 1 F40-44"
13,MIDD=4606151107,Silver Falls Marathon,"Silverton, OR USA","November 7, 2015","Ryan Porter (M)
4:14:50 13 12 / 1 M25-29"
14,MIDD=4606151107,Silver Falls Marathon,"Silverton, OR USA","November 7, 2015","Sean Robinson (M)
4:16:13 14 13 / 6 M30-34"
15,MIDD=4606151107,Silver Falls Marathon,"Silverton, OR USA","November 7, 2015","Jared Voice (M)
4:17:44 15 14 / 2 M35-39"
16,MIDD=4606151107,Silver Falls Marathon,"Silverton, OR USA","November 7, 2015","Mark Pedersen (M)
4:20:28 16 15 / 2 M25-29"
17,MIDD=4606151107,Silver Falls Marathon,"Silverton, OR USA","November 7, 2015","Mark Keating (M)
4:21:41 17 16 / 3 M25-29"
18,MIDD=4606151107,Silver Falls Marathon,"Silverton, OR USA","November 7, 2015","Emily Harper (F)
4:22:39 18 2 / 1 F25-29"
19,MIDD=4606151107,Silver Falls Marathon,"Silverton, OR USA","November 7, 2015","Eli Vargas (M)
4:23:05 19 17 / 3 M35-39"
20,MIDD=4606151107,Silver Falls Marathon,"Silverton, OR USA","November 7, 2015","Linda Samet (F)
4:24:02 20 3 / 1 F45-49"
21,MIDD=4606151107,Silver Falls Marathon,"Silverton, OR USA","November 7, 2015","Shane Riddle (M)
4:25:24 21 18 / 4 M35-39"
22,MIDD=4606151107,Silver Falls Marathon,"Silverton, OR USA","November 7, 2015","Ryen Reid (M)
4:25:59 22 19 / 5 M35-39"
23,MIDD=4606151107,Silver Falls Marathon,"Silverton, OR USA","November 7, 2015","Steffen Weeber (M)
4:27:50 23 20 / 6 M35-39"
24,MIDD=4606151107,Silver Falls Marathon,"Silverton, OR USA","November 7, 2015","Kyle McDonald (M)
4:28:54 24 21 / 1 M20-24"
25,MIDD=4606151107,Silver Falls Marathon,"Silverton, OR USA","November 7, 2015","Leah Tai (F)
4:28:56 25 4 / 1 F30-34"
26,MIDD=4606151107,Silver Falls Marathon,"Silverton, OR USA","November 7, 2015","Cord Amato (M)
4:29:15 26 22 / 3 M45-49"
27,MIDD=4606151107,Silver Falls Marathon,"Silverton, OR USA","November 7, 2015","Felicia Hazel (F)
4:31:14 27 5 / 1 F50-54"
28,MIDD=4606151107,Silver Falls Marathon,"Silverton, OR USA","November 7, 2015","Steven Woodley (M)
4:31:37 28 23 / 3 M40-44"
29,MIDD=4606151107,Silver Falls Marathon,"Silverton, OR USA","November 7, 2015","Krista Kuenzi (F)
4:34:35 29 6 / 1 F35-39"
30,MIDD=4606151107,Silver Falls Marathon,"Silverton, OR USA","November 7, 2015","Ted Wardlaw (M)
4:34:46 30 24 / 4 M45-49"
31,MIDD=4606151107,Silver Falls Marathon,"Silverton, OR USA","November 7, 2015","Keith Welsh (M)
4:34:58 31 25 / 4 M40-44"
32,MIDD=4606151107,Silver Falls Marathon,"Silverton, OR USA","November 7, 2015","Jonathan Riddle (M)
4:35:21 32 26 / 7 M30-34"
33,MIDD=4606151107,Silver Falls Marathon,"Silverton, OR USA","November 7, 2015","Amy Al-Khalisi (F)
4:38:38 33 7 / 2 F35-39"
34,MIDD=4606151107,Silver Falls Marathon,"Silverton, OR USA","November 7, 2015","Eric Park (M)
4:38:40 34 27 / 5 M40-44"
35,MIDD=4606151107,Silver Falls Marathon,"Silverton, OR USA","November 7, 2015","Michele Desilva (F)
4:39:30 35 8 / 2 F30-34"
36,MIDD=4606151107,Silver Falls Marathon,"Silverton, OR USA","November 7, 2015","Bret Wilcox (M)
4:40:39 36 28 / 5 M45-49"
37,MIDD=4606151107,Silver Falls Marathon,"Silverton, OR USA","November 7, 2015","Sourabh Apte (M)
4:41:02 37 29 / 6 M40-44"
38,MIDD=4606151107,Silver Falls Marathon,"Silverton, OR USA","November 7, 2015","Annie McMahon (F)
4:41:08 38 9 / 3 F30-34"
39,MIDD=4606151107,Silver Falls Marathon,"Silverton, OR USA","November 7, 2015","Chris Anderson (M)
4:41:30 39 30 / 7 M35-39"
40,MIDD=4606151107,Silver Falls Marathon,"Silverton, OR USA","November 7, 2015","Joey Yoo (M)
4:43:00 40 31 / 4 M25-29"
41,MIDD=4606151107,Silver Falls Marathon,"Silverton, OR USA","November 7, 2015","Edward Morell (M)
4:45:11 41 32 / 8 M30-34"
42,MIDD=4606151107,Silver Falls Marathon,"Silverton, OR USA","November 7, 2015","Roger Chou (M)
4:48:05 42 33 / 6 M45-49"
43,MIDD=4606151107,Silver Falls Marathon,"Silverton, OR USA","November 7, 2015","Paul Kenney (M)
4:51:33 43 34 / 8 M35-39"
44,MIDD=4606151107,Silver Falls Marathon,"Silverton, OR USA","November 7, 2015","Scott Garver (M)
4:52:07 44 35 / 7 M40-44"
45,MIDD=4606151107,Silver Falls Marathon,"Silverton, OR USA","November 7, 2015","Cheri Baker (F)
4:52:20 45 10 / 2 F45-49"
46,MIDD=4606151107,Silver Falls Marathon,"Silverton, OR USA","November 7, 2015","Seth Sherry (M)
4:53:24 46 36 / 9 M30-34"
47,MIDD=4606151107,Silver Falls Marathon,"Silverton, OR USA","November 7, 2015","Kendra Leibman (F)
4:53:40 47 11 / 4 F30-34"
48,MIDD=4606151107,Silver Falls Marathon,"Silverton, OR USA","November 7, 2015","Pete Chambers (M)
4:54:56 48 37 / 9 M35-39"
49,MIDD=4606151107,Silver Falls Marathon,"Silverton, OR USA","November 7, 2015","Brad Potts (M)
4:55:09 49 38 / 8 M40-44"
50,MIDD=4606151107,Silver Falls Marathon,"Silverton, OR USA","November 7, 2015","Matthew Diveronica (M)
4:58:14 50 39 / 10 M30-34"
51,MIDD=4606151107,Silver Falls Marathon,"Silverton, OR USA","November 7, 2015","Neil Baker (M)
5:01:21 51 40 / 9 M40-44"
52,MIDD=4606151107,Silver Falls Marathon,"Silverton, OR USA","November 7, 2015","Jason Havelka (M)
5:01:33 52 41 / 11 M30-34"
53,MIDD=4606151107,Silver Falls Marathon,"Silverton, OR USA","November 7, 2015","Adrienne Tauses (F)
5:02:09 53 12 / 5 F30-34"
54,MIDD=4606151107,Silver Falls Marathon,"Silverton, OR USA","November 7, 2015","Jennifer Wardell (F)
5:03:20 54 13 / 3 F45-49"
55,MIDD=4606151107,Silver Falls Marathon,"Silverton, OR USA","November 7, 2015","Bryan Ferguson (M)
5:05:42 55 42 / 7 M45-49"
56,MIDD=4606151107,Silver Falls Marathon,"Silverton, OR USA","November 7, 2015","Andrew Henderson (M)
5:09:17 56 43 / 2 M20-24"
57,MIDD=4606151107,Silver Falls Marathon,"Silverton, OR USA","November 7, 2015","Abby Frye (F)
5:09:22 57 14 / 6 F30-34"
58,MIDD=4606151107,Silver Falls Marathon,"Silverton, OR USA","November 7, 2015","Stephanie Waritz (F)
5:09:40 58 15 / 4 F45-49"
59,MIDD=4606151107,Silver Falls Marathon,"Silverton, OR USA","November 7, 2015","Snow Peterson (F)
5:10:46 59 16 / 3 F35-39"
60,MIDD=4606151107,Silver Falls Marathon,"Silverton, OR USA","November 7, 2015","Jim Chea (M)
5:11:40 60 44 / 10 M35-39"
61,MIDD=4606151107,Silver Falls Marathon,"Silverton, OR USA","November 7, 2015","Robert Rotert (M)
5:16:52 61 45 / 12 M30-34"
62,MIDD=4606151107,Silver Falls Marathon,"Silverton, OR USA","November 7, 2015","Jeanne Savage (F)
5:18:00 62 17 / 5 F45-49"
63,MIDD=4606151107,Silver Falls Marathon,"Silverton, OR USA","November 7, 2015","Chris Buckley (M)
5:18:01 63 46 / 8 M45-49"
64,MIDD=4606151107,Silver Falls Marathon,"Silverton, OR USA","November 7, 2015","Chelsea Byrd (F)
5:19:07 64 18 / 1 F20-24"
65,MIDD=4606151107,Silver Falls Marathon,"Silverton, OR USA","November 7, 2015","Jennifer Nash (F)
5:20:24 65 19 / 4 F35-39"
66,MIDD=4606151107,Silver Falls Marathon,"Silverton, OR USA","November 7, 2015","Ted Moisan (M)
5:22:03 66 47 / 11 M35-39"
67,MIDD=4606151107,Silver Falls Marathon,"Silverton, OR USA","November 7, 2015","Russell Franklin-Lyons (M)
5:22:35 67 48 / 3 M20-24"
68,MIDD=4606151107,Silver Falls Marathon,"Silverton, OR USA","November 7, 2015","Don McIlmoil (M)
5:22:35 68 49 / 12 M35-39"
69,MIDD=4606151107,Silver Falls Marathon,"Silverton, OR USA","November 7, 2015","Alanna Misico (F)
5:24:14 69 20 / 5 F35-39"
70,MIDD=4606151107,Silver Falls Marathon,"Silverton, OR USA","November 7, 2015","Marlyn Miller (F)
5:24:29 70 21 / 6 F35-39"
71,MIDD=4606151107,Silver Falls Marathon,"Silverton, OR USA","November 7, 2015","Chad Kretschmann (M)
5:28:01 71 50 / 13 M35-39"
72,MIDD=4606151107,Silver Falls Marathon,"Silverton, OR USA","November 7, 2015","Travis Higdon (M)
5:31:15 72 51 / 14 M35-39"
73,MIDD=4606151107,Silver Falls Marathon,"Silverton, OR USA","November 7, 2015","Rose Logan-Surgeon (F)
5:31:54 73 22 / 6 F45-49"
74,MIDD=4606151107,Silver Falls Marathon,"Silverton, OR USA","November 7, 2015","Patti Krebsbach (F)
5:31:54 74 23 / 2 F50-54"
75,MIDD=4606151107,Silver Falls Marathon,"Silverton, OR USA","November 7, 2015","Mary Coffelt (F)
5:31:54 75 24 / 7 F45-49"
76,MIDD=4606151107,Silver Falls Marathon,"Silverton, OR USA","November 7, 2015","Kenneth Tucker (M)
5:34:07 76 52 / 13 M30-34"
77,MIDD=4606151107,Silver Falls Marathon,"Silverton, OR USA","November 7, 2015","Amanda Brown (F)
5:36:06 77 25 / 2 F25-29"
78,MIDD=4606151107,Silver Falls Marathon,"Silverton, OR USA","November 7, 2015","Brian Hansen (M)
5:37:08 78 53 / 1 M50-54"
79,MIDD=4606151107,Silver Falls Marathon,"Silverton, OR USA","November 7, 2015","Joan Keiser (F)
5:37:54 79 26 / 1 F60-64"
80,MIDD=4606151107,Silver Falls Marathon,"Silverton, OR USA","November 7, 2015","Alan Hill (M)
5:42:03 80 54 / 1 M60-64"
81,MIDD=4606151107,Silver Falls Marathon,"Silverton, OR USA","November 7, 2015","Lisa Cimbala (F)
5:42:04 81 27 / 1 F55-59"
82,MIDD=4606151107,Silver Falls Marathon,"Silverton, OR USA","November 7, 2015","Bryce Tippner (M)
5:42:09 82 55 / 10 M40-44"
83,MIDD=4606151107,Silver Falls Marathon,"Silverton, OR USA","November 7, 2015","Tawnya Grogan (F)
5:46:20 83 28 / 7 F35-39"
84,MIDD=4606151107,Silver Falls Marathon,"Silverton, OR USA","November 7, 2015","Chavet Breslin (F)
5:47:59 84 29 / 7 F30-34"
85,MIDD=4606151107,Silver Falls Marathon,"Silverton, OR USA","November 7, 2015","Peter Fox (M)
5:51:12 85 56 / 15 M35-39"
86,MIDD=4606151107,Silver Falls Marathon,"Silverton, OR USA","November 7, 2015","Melissa Capone (F)
5:52:26 86 30 / 8 F30-34"
87,MIDD=4606151107,Silver Falls Marathon,"Silverton, OR USA","November 7, 2015","Jeff Pettett (M)
5:52:56 87 57 / 2 M55-59"
88,MIDD=4606151107,Silver Falls Marathon,"Silverton, OR USA","November 7, 2015","Joseph Weigand (M)
5:52:57 88 58 / 5 M25-29"
89,MIDD=4606151107,Silver Falls Marathon,"Silverton, OR USA","November 7, 2015","Kurt Lauer (M)
5:55:42 89 59 / 2 M50-54"
90,MIDD=4606151107,Silver Falls Marathon,"Silverton, OR USA","November 7, 2015","Alejandra Gonzalez (F)
5:57:00 90 31 / 2 F20-24"
91,MIDD=4606151107,Silver Falls Marathon,"Silverton, OR USA","November 7, 2015","Del Scharffenberg (M)
5:58:31 91 60 / 1 M70-99"
92,MIDD=4606151107,Silver Falls Marathon,"Silverton, OR USA","November 7, 2015","Ellen Aster (F)
5:59:22 92 32 / 3 F25-29"
93,MIDD=4606151107,Silver Falls Marathon,"Silverton, OR USA","November 7, 2015","Jennifer Walters (F)
6:00:37 93 33 / 8 F35-39"
94,MIDD=4606151107,Silver Falls Marathon,"Silverton, OR USA","November 7, 2015","Lisa Beckett (F)
6:01:54 94 34 / 9 F30-34"
95,MIDD=4606151107,Silver Falls Marathon,"Silverton, OR USA","November 7, 2015","Laura Sherington (F)
6:04:07 95 35 / 4 F25-29"
96,MIDD=4606151107,Silver Falls Marathon,"Silverton, OR USA","November 7, 2015","Amy Higdon (F)
6:04:07 96 36 / 9 F35-39"
97,MIDD=4606151107,Silver Falls Marathon,"Silverton, OR USA","November 7, 2015","Susan Lieggi (F)
6:06:01 97 37 / 2 F40-44"
98,MIDD=4606151107,Silver Falls Marathon,"Silverton, OR USA","November 7, 2015","Paul Kemper (M)
6:07:56 98 61 / 16 M35-39"
99,MIDD=4606151107,Silver Falls Marathon,"Silverton, OR USA","November 7, 2015","Louise Callow (F)
6:08:00 99 38 / 2 F55-59"
100,MIDD=4606151107,Silver Falls Marathon,"Silverton, OR USA","November 7, 2015","Jared McIlmoil (M)
6:11:44 100 62 / 11 M40-44"
101,MIDD=4606151107,Silver Falls Marathon,"Silverton, OR USA","November 7, 2015","Kc Stewart (F)
6:15:11 101 39 / 8 F45-49"
102,MIDD=4606151107,Silver Falls Marathon,"Silverton, OR USA","November 7, 2015","Glenda Culbertson (F)
6:16:07 102 40 / 10 F35-39"
103,MIDD=4606151107,Silver Falls Marathon,"Silverton, OR USA","November 7, 2015","Stephen Nielsen (M)
6:16:59 103 63 / 14 M30-34"
104,MIDD=4606151107,Silver Falls Marathon,"Silverton, OR USA","November 7, 2015","Rachel Nielsen (F)
6:16:59 104 41 / 10 F30-34"
105,MIDD=4606151107,Silver Falls Marathon,"Silverton, OR USA","November 7, 2015","Chris Roemmich (F)
6:17:05 105 42 / 9 F45-49"
106,MIDD=4606151107,Silver Falls Marathon,"Silverton, OR USA","November 7, 2015","Cindy Wood (F)
6:17:43 106 43 / 11 F30-34"
107,MIDD=4606151107,Silver Falls Marathon,"Silverton, OR USA","November 7, 2015","Steve Cichowski (M)
6:19:15 107 64 / 3 M50-54"
108,MIDD=4606151107,Silver Falls Marathon,"Silverton, OR USA","November 7, 2015","Randall Reinwasser (M)
6:22:38 108 65 / 12 M40-44"
109,MIDD=4606151107,Silver Falls Marathon,"Silverton, OR USA","November 7, 2015","Nick Chariton (M)
6:26:29 109 66 / 15 M30-34"
110,MIDD=4606151107,Silver Falls Marathon,"Silverton, OR USA","November 7, 2015","Chandler Duff (F)
6:29:30 110 44 / 3 F20-24"
111,MIDD=4606151107,Silver Falls Marathon,"Silverton, OR USA","November 7, 2015","Mike Westlake (M)
6:37:37 111 67 / 3 M55-59"
112,MIDD=4606151107,Silver Falls Marathon,"Silverton, OR USA","November 7, 2015","Bruce Swanson (M)
6:39:30 112 68 / 2 M70-99"
113,MIDD=4606151107,Silver Falls Marathon,"Silverton, OR USA","November 7, 2015","Anna Moore (F)
6:40:54 113 45 / 5 F25-29"
114,MIDD=4606151107,Silver Falls Marathon,"Silverton, OR USA","November 7, 2015","Angela Seligman (F)
6:40:54 114 46 / 12 F30-34"
115,MIDD=4606151107,Silver Falls Marathon,"Silverton, OR USA","November 7, 2015","Nicholas Nelson (M)
6:42:58 115 69 / 16 M30-34"
116,MIDD=4606151107,Silver Falls Marathon,"Silverton, OR USA","November 7, 2015","Jennifer Villeneuve (F)
6:48:25 116 47 / 10 F45-49"
117,MIDD=4606151107,Silver Falls Marathon,"Silverton, OR USA","November 7, 2015","Heidi Cardoza (F)
6:48:26 117 48 / 11 F45-49"
118,MIDD=4606151107,Silver Falls Marathon,"Silverton, OR USA","November 7, 2015","Julie Vansant (F)
6:53:37 118 49 / 13 F30-34"
119,MIDD=4606151107,Silver Falls Marathon,"Silverton, OR USA","November 7, 2015","Michael Wilkens (M)
6:58:08 119 70 / 9 M45-49"
120,MIDD=4606151107,Silver Falls Marathon,"Silverton, OR USA","November 7, 2015","Rachel Plowman (F)
6:58:17 120 50 / 14 F30-34"
121,MIDD=4606151107,Silver Falls Marathon,"Silverton, OR USA","November 7, 2015","Mari Garner (F)
6:58:29 121 51 / 3 F50-54"
122,MIDD=4606151107,Silver Falls Marathon,"Silverton, OR USA","November 7, 2015","Leslie Fukumoto (F)
7:02:40 122 52 / 3 F55-59"
123,MIDD=4606151107,Silver Falls Marathon,"Silverton, OR USA","November 7, 2015","Sherri Corcoran (F)
7:15:30 123 53 / 4 F50-54"
124,MIDD=4606151107,Silver Falls Marathon,"Silverton, OR USA","November 7, 2015","Amy Urban (F)
7:21:14 124 54 / 12 F45-49"
125,MIDD=4606151107,Silver Falls Marathon,"Silverton, OR USA","November 7, 2015","Sara Amato (F)
7:21:15 125 55 / 5 F50-54"
126,MIDD=4606151107,Silver Falls Marathon,"Silverton, OR USA","November 7, 2015","Fritzi Shultz (F)
7:54:28 126 56 / 6 F25-29"
127,MIDD=4606151107,Silver Falls Marathon,"Silverton, OR USA","November 7, 2015","Vanessa Lim (F)
7:54:29 127 57 / 7 F25-29"
128,MIDD=4606151107,Silver Falls Marathon,"Silverton, OR USA","November 7, 2015","Laura Kantor (F)
7:57:24 128 58 / 13 F45-49"
129,MIDD=4606151107,Silver Falls Marathon,"Silverton, OR USA","November 7, 2015","Laura Lafrance (F)
8:09:26 129 59 / 14 F45-49"
130,MIDD=4606151107,Silver Falls Marathon,"Silverton, OR USA","November 7, 2015","Kari Overman (F)
8:09:27 130 60 / 15 F30-34"
131,MIDD=4606151107,Silver Falls Marathon,"Silverton, OR USA","November 7, 2015","Danny Naputi (M)
8:28:49 131 71 / 4 M50-54"
