,race_id,race,location,date,runners
0,MIDD=2207151101,Marshall University Marathon,"Huntington, WV USA","November 1, 2015","

Have you run this race?Then tell us about it.

Last Name, First Name(Sex/Age)
Time OverAllPlace
Sex Place/Div Place
DIV 
City, State, Country AG Time* BQ*"
1,MIDD=2207151101,Marshall University Marathon,"Huntington, WV USA","November 1, 2015","Chase Ratliff (M23)
2:33:54 1 1 / 1 M20-24 Virgie, KY, USA
2:33:54
BQ"
2,MIDD=2207151101,Marshall University Marathon,"Huntington, WV USA","November 1, 2015","Andrew Parkins (M31)
2:41:08 2 2 / 1 M30-34 Salem, VA, USA
2:41:08
BQ"
3,MIDD=2207151101,Marshall University Marathon,"Huntington, WV USA","November 1, 2015","Caleb Bowen (M22)
2:41:44 3 3 / 2 M20-24 Culloden, WV, USA
2:41:39
BQ"
4,MIDD=2207151101,Marshall University Marathon,"Huntington, WV USA","November 1, 2015","Eric Hunziker (M46)
2:44:04 4 4 / 1 M45-49 Cincinnati, OH, USA
2:32:13
BQ"
5,MIDD=2207151101,Marshall University Marathon,"Huntington, WV USA","November 1, 2015","Raul Lopez (M30)
2:45:03 5 5 / 2 M30-34 Washington, DC, USA
2:45:03
BQ"
6,MIDD=2207151101,Marshall University Marathon,"Huntington, WV USA","November 1, 2015","Ryan Wrigley (M34)
2:51:32 6 6 / 3 M30-34 Birmingham, AL, USA
2:51:32
BQ"
7,MIDD=2207151101,Marshall University Marathon,"Huntington, WV USA","November 1, 2015","TW Moore (M32)
2:51:46 7 7 / 4 M30-34 South Charleston, WV, USA
2:51:46
BQ"
8,MIDD=2207151101,Marshall University Marathon,"Huntington, WV USA","November 1, 2015","Jaron Martin (M22)
2:52:55 8 8 / 3 M20-24 Hookstown, PA, USA
2:52:49
BQ"
9,MIDD=2207151101,Marshall University Marathon,"Huntington, WV USA","November 1, 2015","Bill Shires (M50)
2:55:17 9 9 / 1 M50-54 Charlotte, NC, USA
2:37:00
BQ"
10,MIDD=2207151101,Marshall University Marathon,"Huntington, WV USA","November 1, 2015","Matthew Wright (M38)
2:56:33 10 10 / 1 M35-39 Roanoke, VA, USA
2:54:57
BQ"
11,MIDD=2207151101,Marshall University Marathon,"Huntington, WV USA","November 1, 2015","Jeffrey Pasqual (M34)
2:59:11 11 11 / 5 M30-34 Arlington, VA, USA
2:59:11
BQ"
12,MIDD=2207151101,Marshall University Marathon,"Huntington, WV USA","November 1, 2015","Zane Miller (M25)
3:00:29 12 12 / 1 M25-29 Frankfort, OH, USA
3:00:29
BQ"
13,MIDD=2207151101,Marshall University Marathon,"Huntington, WV USA","November 1, 2015","Greg Kuhl (M29)
3:01:04 13 13 / 2 M25-29 Canal Winchester, OH, USA
3:01:04
BQ"
14,MIDD=2207151101,Marshall University Marathon,"Huntington, WV USA","November 1, 2015","Elisabeth Tauber (F22)
3:01:07 14 1 / 1 F20-24 Bel Air, MD, USA
3:01:07
BQ"
15,MIDD=2207151101,Marshall University Marathon,"Huntington, WV USA","November 1, 2015","Michael Embury (M42)
3:01:56 15 14 / 1 M40-44 Lexington, KY, USA
2:54:38
BQ"
16,MIDD=2207151101,Marshall University Marathon,"Huntington, WV USA","November 1, 2015","Nathan Huselton (M30)
3:04:49 16 15 / 6 M30-34 Indianapolis, IN, USA
3:04:49
BQ"
17,MIDD=2207151101,Marshall University Marathon,"Huntington, WV USA","November 1, 2015","Chancell Condre (M23)
3:08:40 17 16 / 4 M20-24 Piedmont, OH, USA
3:08:40
 "
18,MIDD=2207151101,Marshall University Marathon,"Huntington, WV USA","November 1, 2015","Michael Feinberg (M52)
3:09:11 18 17 / 2 M50-54 Bel Air, MD, USA
2:46:25
BQ"
19,MIDD=2207151101,Marshall University Marathon,"Huntington, WV USA","November 1, 2015","Jim Roberts Jr (M45)
3:10:57 19 18 / 2 M45-49 Warren, PA, USA
2:58:41
BQ"
20,MIDD=2207151101,Marshall University Marathon,"Huntington, WV USA","November 1, 2015","Rafael Zambrano (M35)
3:12:06 20 19 / 2 M35-39 Georgetown, KY, USA
3:12:06
 "
21,MIDD=2207151101,Marshall University Marathon,"Huntington, WV USA","November 1, 2015","Cameron Simoneau (M43)
3:12:30 21 20 / 2 M40-44 Cincinnati, OH, USA
3:03:14
BQ"
22,MIDD=2207151101,Marshall University Marathon,"Huntington, WV USA","November 1, 2015","Philip Weinzapfel (M29)
3:13:00 22 21 / 3 M25-29 Evansville, IN, USA
3:13:00
 "
23,MIDD=2207151101,Marshall University Marathon,"Huntington, WV USA","November 1, 2015","Stephen Velott (M31)
3:14:11 23 22 / 7 M30-34 Harrisburg, PA, USA
3:14:11
 "
24,MIDD=2207151101,Marshall University Marathon,"Huntington, WV USA","November 1, 2015","Jeffery Alvey (M48)
3:15:23 24 23 / 3 M45-49 Evansville, IN, USA
2:58:09
BQ"
25,MIDD=2207151101,Marshall University Marathon,"Huntington, WV USA","November 1, 2015","Da'Rel Patterson (M32)
3:15:24 25 24 / 8 M30-34 Atlanta, GA, USA
3:15:24
 "
26,MIDD=2207151101,Marshall University Marathon,"Huntington, WV USA","November 1, 2015","Robert Jame Reese (M32)
3:16:03 26 25 / 9 M30-34 Macungie, PA, USA
3:16:03
 "
27,MIDD=2207151101,Marshall University Marathon,"Huntington, WV USA","November 1, 2015","Cade Remsburg (M42)
3:17:00 27 26 / 3 M40-44 West Des Moines, IA, USA
3:09:06
 "
28,MIDD=2207151101,Marshall University Marathon,"Huntington, WV USA","November 1, 2015","Steve Pionek (M24)
3:17:24 28 27 / 5 M20-24 Milwaukee, WI, USA
3:17:24
 "
29,MIDD=2207151101,Marshall University Marathon,"Huntington, WV USA","November 1, 2015","David Anderson (M51)
3:17:59 29 28 / 3 M50-54 Danville, KY, USA
2:55:44
BQ"
30,MIDD=2207151101,Marshall University Marathon,"Huntington, WV USA","November 1, 2015","Jeffery Lewis (M34)
3:19:00 30 29 / 10 M30-34 Newport News, VA, USA
3:19:00
 "
31,MIDD=2207151101,Marshall University Marathon,"Huntington, WV USA","November 1, 2015","Rob Steptoe (M48)
3:19:48 31 30 / 4 M45-49 Morgantown, WV, USA
3:02:10
BQ"
32,MIDD=2207151101,Marshall University Marathon,"Huntington, WV USA","November 1, 2015","Stan Ferguson (M52)
3:21:36 32 31 / 4 M50-54 Maumelle, AR, USA
2:57:20
BQ"
33,MIDD=2207151101,Marshall University Marathon,"Huntington, WV USA","November 1, 2015","Kellyn Cassell (M33)
3:22:55 33 32 / 11 M30-34 Point Marion, PA, USA
3:22:55
 "
34,MIDD=2207151101,Marshall University Marathon,"Huntington, WV USA","November 1, 2015","Beau Whitsett (M29)
3:23:33 34 33 / 4 M25-29 Knoxville, TN, USA
3:23:33
 "
35,MIDD=2207151101,Marshall University Marathon,"Huntington, WV USA","November 1, 2015","Andrew Martin (M37)
3:24:08 35 34 / 3 M35-39 Metamora, IL, USA
3:23:19
 "
36,MIDD=2207151101,Marshall University Marathon,"Huntington, WV USA","November 1, 2015","Steve Walters (M35)
3:24:29 36 35 / 4 M35-39 Beaverton, OR, USA
3:24:29
 "
37,MIDD=2207151101,Marshall University Marathon,"Huntington, WV USA","November 1, 2015","Bradford Deel (M53)
3:24:56 37 36 / 5 M50-54 Scott Depot, WV, USA
2:58:38
BQ"
38,MIDD=2207151101,Marshall University Marathon,"Huntington, WV USA","November 1, 2015","Caden McClanahan (M19)
3:25:51 38 37 / 1 M0-19 South Charleston, WV, USA
3:20:48
 "
39,MIDD=2207151101,Marshall University Marathon,"Huntington, WV USA","November 1, 2015","Amy Flynn (F41)
3:26:13 39 2 / 1 F40-44 Chelmsford, MA, USA
3:14:33
BQ"
40,MIDD=2207151101,Marshall University Marathon,"Huntington, WV USA","November 1, 2015","Michael Short (M40)
3:26:23 40 38 / 4 M40-44 Mount Sterling, KY, USA
3:21:24
 "
41,MIDD=2207151101,Marshall University Marathon,"Huntington, WV USA","November 1, 2015","Cory Hove (M53)
3:26:55 41 39 / 6 M50-54 Mesa, AZ, USA
3:00:22
BQ"
42,MIDD=2207151101,Marshall University Marathon,"Huntington, WV USA","November 1, 2015","Mark Muth (M35)
3:28:22 42 40 / 5 M35-39 Huntington, WV, USA
3:28:22
 "
43,MIDD=2207151101,Marshall University Marathon,"Huntington, WV USA","November 1, 2015","JOSH ESTEP (M28)
3:28:33 43 41 / 5 M25-29 Alexandria, VA, USA
3:28:33
 "
44,MIDD=2207151101,Marshall University Marathon,"Huntington, WV USA","November 1, 2015","Brent Burns (M32)
3:28:47 44 42 / 12 M30-34 Morgantown, WV, USA
3:28:47
 "
45,MIDD=2207151101,Marshall University Marathon,"Huntington, WV USA","November 1, 2015","Edward Andrews (M56)
3:29:31 45 43 / 1 M55-59 Carlisle, MA, USA
2:57:35
BQ"
46,MIDD=2207151101,Marshall University Marathon,"Huntington, WV USA","November 1, 2015","Jeremiah Bartz (M34)
3:31:10 46 44 / 13 M30-34 Florence, SC, USA
3:31:10
 "
47,MIDD=2207151101,Marshall University Marathon,"Huntington, WV USA","November 1, 2015","Sam Harris (M21)
3:31:44 47 45 / 6 M20-24 Charleston, WV, USA
3:30:46
 "
48,MIDD=2207151101,Marshall University Marathon,"Huntington, WV USA","November 1, 2015","Stacy Goff (F39)
3:32:23 48 3 / 1 F35-39 Huntington, WV, USA
3:24:03
BQ"
49,MIDD=2207151101,Marshall University Marathon,"Huntington, WV USA","November 1, 2015","Shawn Diehl (M38)
3:32:44 49 46 / 6 M35-39 Wellington, KY, USA
3:30:49
 "
50,MIDD=2207151101,Marshall University Marathon,"Huntington, WV USA","November 1, 2015","Kimberly Preast (F33)
3:32:45 50 4 / 1 F30-34 Pittsburgh, PA, USA
3:31:24
BQ"
51,MIDD=2207151101,Marshall University Marathon,"Huntington, WV USA","November 1, 2015","Jeffrey Ward (M40)
3:33:53 51 47 / 5 M40-44 Gibsonia, PA, USA
3:28:43
 "
52,MIDD=2207151101,Marshall University Marathon,"Huntington, WV USA","November 1, 2015","Robert Ted Barron (M58)
3:34:07 52 48 / 2 M55-59 Newburgh, IN, USA
2:58:03
BQ"
53,MIDD=2207151101,Marshall University Marathon,"Huntington, WV USA","November 1, 2015","Brian Stout (M43)
3:34:41 53 49 / 6 M40-44 Kingston, TN, USA
3:24:21
 "
54,MIDD=2207151101,Marshall University Marathon,"Huntington, WV USA","November 1, 2015","Alan Horwitz (M57)
3:34:44 54 50 / 3 M55-59 Crown City, OH, USA
3:00:17
BQ"
55,MIDD=2207151101,Marshall University Marathon,"Huntington, WV USA","November 1, 2015","Jason Figura (M33)
3:36:41 55 51 / 14 M30-34 Pittsburgh, PA, USA
3:36:41
 "
56,MIDD=2207151101,Marshall University Marathon,"Huntington, WV USA","November 1, 2015","Michael Scholl (M58)
3:37:13 56 52 / 4 M55-59 Proctorville, OH, USA
3:00:38
BQ"
57,MIDD=2207151101,Marshall University Marathon,"Huntington, WV USA","November 1, 2015","Nathan Damm (M27)
3:38:04 57 53 / 6 M25-29 Madison, IN, USA
3:38:04
 "
58,MIDD=2207151101,Marshall University Marathon,"Huntington, WV USA","November 1, 2015","Leah Stormont (F30)
3:38:10 58 5 / 2 F30-34 Louisville, KY, USA
3:38:04
 "
59,MIDD=2207151101,Marshall University Marathon,"Huntington, WV USA","November 1, 2015","Jason Shuttlesworth (M41)
3:38:26 59 54 / 7 M40-44 Morgantown, WV, USA
3:31:25
 "
60,MIDD=2207151101,Marshall University Marathon,"Huntington, WV USA","November 1, 2015","Kelly Murphy (F52)
3:38:26 60 6 / 1 F50-54 Nashville, TN, USA
3:00:13
BQ"
61,MIDD=2207151101,Marshall University Marathon,"Huntington, WV USA","November 1, 2015","Kazuaki Kondo (M39)
3:38:35 61 55 / 7 M35-39 Hurricane, WV, USA
3:35:05
 "
62,MIDD=2207151101,Marshall University Marathon,"Huntington, WV USA","November 1, 2015","Meredith Noetzel (F34)
3:38:37 62 7 / 3 F30-34 Nashville, TN, USA
3:36:28
 "
63,MIDD=2207151101,Marshall University Marathon,"Huntington, WV USA","November 1, 2015","Joanne Kirby (F41)
3:38:52 63 8 / 2 F40-44 Charleston, WV, USA
3:26:30
BQ"
64,MIDD=2207151101,Marshall University Marathon,"Huntington, WV USA","November 1, 2015","Martha Scheler (F27)
3:39:54 64 9 / 1 F25-29 Chicago, IL, USA
3:39:54
 "
65,MIDD=2207151101,Marshall University Marathon,"Huntington, WV USA","November 1, 2015","Chad Lochner (M41)
3:40:00 65 56 / 8 M40-44 Davenport, IA, USA
3:32:56
 "
66,MIDD=2207151101,Marshall University Marathon,"Huntington, WV USA","November 1, 2015","Elton Bond (M40)
3:40:09 66 57 / 9 M40-44 Milton, WV, USA
3:34:50
 "
67,MIDD=2207151101,Marshall University Marathon,"Huntington, WV USA","November 1, 2015","Jason Hughes (M41)
3:40:31 67 58 / 10 M40-44 Princeton, KY, USA
3:33:26
 "
68,MIDD=2207151101,Marshall University Marathon,"Huntington, WV USA","November 1, 2015","Dan Janis (M42)
3:40:33 68 59 / 11 M40-44 Jamaica Plain, MA, USA
3:31:42
 "
69,MIDD=2207151101,Marshall University Marathon,"Huntington, WV USA","November 1, 2015","Brandon Perry (M28)
3:40:39 69 60 / 7 M25-29 Charleston, WV, USA
3:40:39
 "
70,MIDD=2207151101,Marshall University Marathon,"Huntington, WV USA","November 1, 2015","David Rann (M60)
3:40:44 70 61 / 1 M60-64 Ironton, OH, USA
3:00:00
BQ"
71,MIDD=2207151101,Marshall University Marathon,"Huntington, WV USA","November 1, 2015","Kim Munsterman (F36)
3:40:50 71 10 / 2 F35-39 Prairie Village, KS, USA
3:36:35
 "
72,MIDD=2207151101,Marshall University Marathon,"Huntington, WV USA","November 1, 2015","Patrick Wood (M35)
3:40:57 72 62 / 8 M35-39 Chesterfield, MO, USA
3:40:57
 "
73,MIDD=2207151101,Marshall University Marathon,"Huntington, WV USA","November 1, 2015","John Rakus (M33)
3:41:33 73 63 / 15 M30-34 Huntington, WV, USA
3:41:33
 "
74,MIDD=2207151101,Marshall University Marathon,"Huntington, WV USA","November 1, 2015","Bob Murphy (M59)
3:41:40 74 64 / 5 M55-59 Nashville, TN, USA
3:02:33
 "
75,MIDD=2207151101,Marshall University Marathon,"Huntington, WV USA","November 1, 2015","Chris Johnson (M48)
3:42:06 75 65 / 5 M45-49 Reno, NV, USA
3:22:30
 "
76,MIDD=2207151101,Marshall University Marathon,"Huntington, WV USA","November 1, 2015","Jason Beckner (M28)
3:43:09 76 66 / 8 M25-29 Huntington, WV, USA
3:43:09
 "
77,MIDD=2207151101,Marshall University Marathon,"Huntington, WV USA","November 1, 2015","Wesley Milner (M51)
3:43:48 77 67 / 7 M50-54 Evansville, IN, USA
3:18:40
 "
78,MIDD=2207151101,Marshall University Marathon,"Huntington, WV USA","November 1, 2015","Ryan Holly (M37)
3:43:53 78 68 / 9 M35-39 Fayetteville, WV, USA
3:42:59
 "
79,MIDD=2207151101,Marshall University Marathon,"Huntington, WV USA","November 1, 2015","Laurie Elkins (F40)
3:44:27 79 11 / 3 F40-44 Nitro, WV, USA
3:33:48
BQ"
80,MIDD=2207151101,Marshall University Marathon,"Huntington, WV USA","November 1, 2015","Mark Warmoth (M48)
3:44:29 80 69 / 6 M45-49 Nicholasville, KY, USA
3:24:41
 "
81,MIDD=2207151101,Marshall University Marathon,"Huntington, WV USA","November 1, 2015","Paul Pennington (M45)
3:44:46 81 70 / 7 M45-49 Athens, WV, USA
3:30:20
 "
82,MIDD=2207151101,Marshall University Marathon,"Huntington, WV USA","November 1, 2015","Kristi Wheeler (F45)
3:44:58 82 12 / 1 F45-49 Saint Albans, WV, USA
3:22:47
BQ"
83,MIDD=2207151101,Marshall University Marathon,"Huntington, WV USA","November 1, 2015","Zoe Leonard (F22)
3:45:40 83 13 / 2 F20-24 Columbus, OH, USA
3:45:40
 "
84,MIDD=2207151101,Marshall University Marathon,"Huntington, WV USA","November 1, 2015","Mike Anderson (M42)
3:46:10 84 71 / 12 M40-44 Lexington, KY, USA
3:37:05
 "
85,MIDD=2207151101,Marshall University Marathon,"Huntington, WV USA","November 1, 2015","Leah Hoffherr (F35)
3:46:12 85 14 / 3 F35-39 Evansville, IN, USA
3:43:00
 "
86,MIDD=2207151101,Marshall University Marathon,"Huntington, WV USA","November 1, 2015","Kellyann Boehm (F36)
3:46:15 86 15 / 4 F35-39 Dayton, OH, USA
3:41:54
 "
87,MIDD=2207151101,Marshall University Marathon,"Huntington, WV USA","November 1, 2015","Matt Villemure (M50)
3:46:19 87 72 / 8 M50-54 Milford, MI, USA
3:22:42
 "
88,MIDD=2207151101,Marshall University Marathon,"Huntington, WV USA","November 1, 2015","Angela Smith (F45)
3:46:26 88 16 / 2 F45-49 Huntington, WV, USA
3:24:06
BQ"
89,MIDD=2207151101,Marshall University Marathon,"Huntington, WV USA","November 1, 2015","Miguel Gonzalez (M40)
3:47:15 89 73 / 13 M40-44 Charlotte, NC, USA
3:41:46
 "
90,MIDD=2207151101,Marshall University Marathon,"Huntington, WV USA","November 1, 2015","Lori Marmon (F41)
3:47:37 90 17 / 4 F40-44 Canton, OH, USA
3:34:45
 "
91,MIDD=2207151101,Marshall University Marathon,"Huntington, WV USA","November 1, 2015","Sarah Johnson Coffey (F33)
3:47:48 91 18 / 4 F30-34 Fayetteville, WV, USA
3:46:21
 "
92,MIDD=2207151101,Marshall University Marathon,"Huntington, WV USA","November 1, 2015","Cathy Downes (F47)
3:47:55 92 19 / 3 F45-49 Evansville, IN, USA
3:20:28
BQ"
93,MIDD=2207151101,Marshall University Marathon,"Huntington, WV USA","November 1, 2015","Joseph Spence (M36)
3:48:21 93 74 / 10 M35-39 Birmingham, AL, USA
3:48:07
 "
94,MIDD=2207151101,Marshall University Marathon,"Huntington, WV USA","November 1, 2015","Danny Ramsey (M43)
3:48:34 94 75 / 14 M40-44 Huntington, WV, USA
3:37:34
 "
95,MIDD=2207151101,Marshall University Marathon,"Huntington, WV USA","November 1, 2015","Frank Early Jr (M40)
3:49:00 95 76 / 15 M40-44 Charleston, WV, USA
3:43:28
 "
96,MIDD=2207151101,Marshall University Marathon,"Huntington, WV USA","November 1, 2015","Brian Sanchez (M52)
3:49:38 96 77 / 9 M50-54 Manahawkin, NJ, USA
3:22:00
 "
97,MIDD=2207151101,Marshall University Marathon,"Huntington, WV USA","November 1, 2015","Jeremy McAleer (M37)
3:51:05 97 78 / 11 M35-39 Barboursville, WV, USA
3:50:09
 "
98,MIDD=2207151101,Marshall University Marathon,"Huntington, WV USA","November 1, 2015","Todd Raney (M46)
3:51:29 98 79 / 8 M45-49 Camdenton, MO, USA
3:34:46
 "
99,MIDD=2207151101,Marshall University Marathon,"Huntington, WV USA","November 1, 2015","Anthony Kist (M19)
3:51:38 99 80 / 2 M0-19 Liverpool, NY, USA
3:45:57
 "
100,MIDD=2207151101,Marshall University Marathon,"Huntington, WV USA","November 1, 2015","Eric Stewart (M35)
3:52:02 100 81 / 12 M35-39 Ashland, KY, USA
3:52:02
 "
101,MIDD=2207151101,Marshall University Marathon,"Huntington, WV USA","November 1, 2015","Haley Cruse (F46)
3:52:47 101 20 / 4 F45-49 Minesing, Canada
3:27:17
BQ"
102,MIDD=2207151101,Marshall University Marathon,"Huntington, WV USA","November 1, 2015","Matt Johnston (M30)
3:53:39 102 82 / 16 M30-34 Worcester, MA, USA
3:53:39
 "
103,MIDD=2207151101,Marshall University Marathon,"Huntington, WV USA","November 1, 2015","Andreas Denk (M37)
3:54:08 103 83 / 13 M35-39 Waxhaw, NC, USA
3:53:11
 "
104,MIDD=2207151101,Marshall University Marathon,"Huntington, WV USA","November 1, 2015","Kendall Messer (M42)
3:54:41 104 84 / 16 M40-44 Ghent, WV, USA
3:45:16
 "
105,MIDD=2207151101,Marshall University Marathon,"Huntington, WV USA","November 1, 2015","Vanessa Falbo (F43)
3:55:14 105 21 / 5 F40-44 Indian Trail, NC, USA
3:37:10
 "
106,MIDD=2207151101,Marshall University Marathon,"Huntington, WV USA","November 1, 2015","Cary Inderbitzin (M60)
3:56:03 106 85 / 2 M60-64 Lakeland, FL, USA
3:12:29
 "
107,MIDD=2207151101,Marshall University Marathon,"Huntington, WV USA","November 1, 2015","Laird Malamed (M48)
3:56:04 107 86 / 9 M45-49 Pacific Palisades, CA, USA
3:35:14
 "
108,MIDD=2207151101,Marshall University Marathon,"Huntington, WV USA","November 1, 2015","Carmen Cruz (F50)
3:56:26 108 22 / 2 F50-54 New Hyde Park, NY, USA
3:20:14
BQ"
109,MIDD=2207151101,Marshall University Marathon,"Huntington, WV USA","November 1, 2015","Marcus Dunn (M52)
3:56:40 109 87 / 10 M50-54 Charlotte, NC, USA
3:28:11
 "
110,MIDD=2207151101,Marshall University Marathon,"Huntington, WV USA","November 1, 2015","Joanna Lochner (F41)
3:56:50 110 23 / 6 F40-44 Davenport, IA, USA
3:43:27
 "
111,MIDD=2207151101,Marshall University Marathon,"Huntington, WV USA","November 1, 2015","Dwight Fahnestock (M46)
3:56:51 111 88 / 10 M45-49 Manheim, PA, USA
3:39:44
 "
112,MIDD=2207151101,Marshall University Marathon,"Huntington, WV USA","November 1, 2015","Michael Fleming (M46)
3:57:03 112 89 / 11 M45-49 Rochester, NY, USA
3:39:56
 "
113,MIDD=2207151101,Marshall University Marathon,"Huntington, WV USA","November 1, 2015","Bruce McEvoy (M43)
3:57:15 113 90 / 17 M40-44 Geneva, IL, USA
3:45:50
 "
114,MIDD=2207151101,Marshall University Marathon,"Huntington, WV USA","November 1, 2015","Patrick Whitt (M53)
3:57:36 114 91 / 11 M50-54 Pedro, OH, USA
3:27:06
 "
115,MIDD=2207151101,Marshall University Marathon,"Huntington, WV USA","November 1, 2015","John Osborne (M52)
3:58:39 115 92 / 12 M50-54 Paintsville, KY, USA
3:29:56
 "
116,MIDD=2207151101,Marshall University Marathon,"Huntington, WV USA","November 1, 2015","Misti Jesson (F30)
3:58:49 116 24 / 5 F30-34 Big Pool, MD, USA
3:58:43
 "
117,MIDD=2207151101,Marshall University Marathon,"Huntington, WV USA","November 1, 2015","Ryan Belcher (M29)
3:58:59 117 93 / 9 M25-29 Beaver, WV, USA
3:58:59
 "
118,MIDD=2207151101,Marshall University Marathon,"Huntington, WV USA","November 1, 2015","dionida ryce (F46)
3:59:02 118 25 / 5 F45-49 Valley Stream, NY, USA
3:32:51
 "
119,MIDD=2207151101,Marshall University Marathon,"Huntington, WV USA","November 1, 2015","Douglas Blake (M52)
3:59:04 119 94 / 13 M50-54 Huntington, WV, USA
3:30:18
 "
120,MIDD=2207151101,Marshall University Marathon,"Huntington, WV USA","November 1, 2015","Tim Crockett (M43)
3:59:05 120 95 / 18 M40-44 Rural Retreat, VA, USA
3:47:35
 "
121,MIDD=2207151101,Marshall University Marathon,"Huntington, WV USA","November 1, 2015","Glenn Carson (M68)
3:59:15 121 96 / 1 M65-69 Hoffman Estates, IL, USA
2:59:46
BQ"
122,MIDD=2207151101,Marshall University Marathon,"Huntington, WV USA","November 1, 2015","Jeff Ranson (M63)
3:59:34 122 97 / 3 M60-64 Hurricane, WV, USA
3:09:37
 "
123,MIDD=2207151101,Marshall University Marathon,"Huntington, WV USA","November 1, 2015","Audrey Burgoon (F54)
3:59:46 123 26 / 3 F50-54 Pittsburgh, PA, USA
3:12:36
BQ"
124,MIDD=2207151101,Marshall University Marathon,"Huntington, WV USA","November 1, 2015","Jeffrey Wilson (M42)
3:59:52 124 98 / 19 M40-44 Boynton Beach, FL, USA
3:50:14
 "
125,MIDD=2207151101,Marshall University Marathon,"Huntington, WV USA","November 1, 2015","Yolanda Campbell (F41)
3:59:55 125 27 / 7 F40-44 Hurricane, WV, USA
3:46:21
 "
126,MIDD=2207151101,Marshall University Marathon,"Huntington, WV USA","November 1, 2015","Heather Gillenwater (F34)
3:59:56 126 28 / 6 F30-34 Clendenin, WV, USA
3:57:34
 "
127,MIDD=2207151101,Marshall University Marathon,"Huntington, WV USA","November 1, 2015","Eric Sexton (M34)
4:00:07 127 99 / 17 M30-34 Edmonton, KY, USA
4:00:07
 "
128,MIDD=2207151101,Marshall University Marathon,"Huntington, WV USA","November 1, 2015","Barry Bartley (M32)
4:00:19 128 100 / 18 M30-34 Springfield, KY, USA
4:00:19
 "
129,MIDD=2207151101,Marshall University Marathon,"Huntington, WV USA","November 1, 2015","Penny Santa-Colombo (F48)
4:00:33 129 29 / 6 F45-49 Barrackville, WV, USA
3:28:57
 "
130,MIDD=2207151101,Marshall University Marathon,"Huntington, WV USA","November 1, 2015","Wendy Hooten (F46)
4:00:37 130 30 / 7 F45-49 Milton, WV, USA
3:34:16
 "
131,MIDD=2207151101,Marshall University Marathon,"Huntington, WV USA","November 1, 2015","Fely Castillo (F52)
4:00:40 131 31 / 4 F50-54 Winfield, WV, USA
3:18:34
 "
132,MIDD=2207151101,Marshall University Marathon,"Huntington, WV USA","November 1, 2015","Mark Kemp (M51)
4:01:24 132 101 / 14 M50-54 Snellville, GA, USA
3:34:17
 "
133,MIDD=2207151101,Marshall University Marathon,"Huntington, WV USA","November 1, 2015","Takashi Ogihara (M40)
4:01:53 133 102 / 20 M40-44 Hurricane, WV, USA
3:56:03
 "
134,MIDD=2207151101,Marshall University Marathon,"Huntington, WV USA","November 1, 2015","Tom Dannals (M56)
4:02:14 134 103 / 6 M55-59 Huntington, WV, USA
3:25:19
 "
135,MIDD=2207151101,Marshall University Marathon,"Huntington, WV USA","November 1, 2015","ON LAM (M49)
4:02:16 135 104 / 12 M45-49 Athens, OH, USA
3:38:57
 "
136,MIDD=2207151101,Marshall University Marathon,"Huntington, WV USA","November 1, 2015","Peter Lamb (M28)
4:02:20 136 105 / 10 M25-29 Clifton Park, NY, USA
4:02:20
 "
137,MIDD=2207151101,Marshall University Marathon,"Huntington, WV USA","November 1, 2015","Richard Blair (M39)
4:02:32 137 106 / 14 M35-39 Youngstown, OH, USA
3:58:39
 "
138,MIDD=2207151101,Marshall University Marathon,"Huntington, WV USA","November 1, 2015","Rachel Gibson (F33)
4:02:53 138 32 / 7 F30-34 Huntington, WV, USA
4:01:21
 "
139,MIDD=2207151101,Marshall University Marathon,"Huntington, WV USA","November 1, 2015","Danielle DiDomenico (F28)
4:03:14 139 33 / 2 F25-29 Scott Depot, WV, USA
4:03:14
 "
140,MIDD=2207151101,Marshall University Marathon,"Huntington, WV USA","November 1, 2015","Jessica Hutchinson (F22)
4:03:16 140 34 / 3 F20-24 Ona, WV, USA
4:03:16
 "
141,MIDD=2207151101,Marshall University Marathon,"Huntington, WV USA","November 1, 2015","John Andrew (M56)
4:03:27 141 107 / 7 M55-59 Winston Salem, NC, USA
3:26:20
 "
142,MIDD=2207151101,Marshall University Marathon,"Huntington, WV USA","November 1, 2015","Steven Laine (M48)
4:03:39 142 108 / 13 M45-49 Kennesaw, GA, USA
3:42:09
 "
143,MIDD=2207151101,Marshall University Marathon,"Huntington, WV USA","November 1, 2015","Les Gearhart (M52)
4:04:10 143 109 / 15 M50-54 Buena Vista, VA, USA
3:34:47
 "
144,MIDD=2207151101,Marshall University Marathon,"Huntington, WV USA","November 1, 2015","James Dixon (M45)
4:04:27 144 110 / 14 M45-49 Evans, WV, USA
3:48:45
 "
145,MIDD=2207151101,Marshall University Marathon,"Huntington, WV USA","November 1, 2015","Barry Ward (M39)
4:04:45 145 111 / 15 M35-39 Pickerington, OH, USA
4:00:50
 "
146,MIDD=2207151101,Marshall University Marathon,"Huntington, WV USA","November 1, 2015","david weber (M59)
4:05:29 146 112 / 8 M55-59 Elk Grove Village, IL, USA
3:22:10
 "
147,MIDD=2207151101,Marshall University Marathon,"Huntington, WV USA","November 1, 2015","BILLY FORTNEY (M36)
4:05:29 147 113 / 16 M35-39 Beverly, WV, USA
4:05:14
 "
148,MIDD=2207151101,Marshall University Marathon,"Huntington, WV USA","November 1, 2015","Donald Hunsinger (M36)
4:05:30 148 114 / 17 M35-39 Versailles, KY, USA
4:05:15
 "
149,MIDD=2207151101,Marshall University Marathon,"Huntington, WV USA","November 1, 2015","Hoberto Serrano (M49)
4:06:12 149 115 / 15 M45-49 Downey, CA, USA
3:42:30
 "
150,MIDD=2207151101,Marshall University Marathon,"Huntington, WV USA","November 1, 2015","Laura Wilhelm (F44)
4:06:25 150 35 / 8 F40-44 Charleston, WV, USA
3:44:48
 "
151,MIDD=2207151101,Marshall University Marathon,"Huntington, WV USA","November 1, 2015","Grant Ridley (M52)
4:06:32 151 116 / 16 M50-54 Mississauga, Canada
3:36:52
 "
152,MIDD=2207151101,Marshall University Marathon,"Huntington, WV USA","November 1, 2015","Sandy Cumming (F59)
4:06:43 152 36 / 1 F55-59 Austin, TX, USA
3:04:44
BQ"
153,MIDD=2207151101,Marshall University Marathon,"Huntington, WV USA","November 1, 2015","Steve Gruber (M53)
4:07:03 153 117 / 17 M50-54 Minster, OH, USA
3:35:21
 "
154,MIDD=2207151101,Marshall University Marathon,"Huntington, WV USA","November 1, 2015","Jennifer Hienton (F35)
4:07:20 154 37 / 5 F35-39 Chicago, IL, USA
4:03:50
 "
155,MIDD=2207151101,Marshall University Marathon,"Huntington, WV USA","November 1, 2015","Kim Wander (M54)
4:07:46 155 118 / 18 M50-54 West Union, IA, USA
3:33:59
 "
156,MIDD=2207151101,Marshall University Marathon,"Huntington, WV USA","November 1, 2015","BILL HART (M39)
4:07:47 156 119 / 18 M35-39 Charleston, WV, USA
4:03:49
 "
157,MIDD=2207151101,Marshall University Marathon,"Huntington, WV USA","November 1, 2015","Kathryn Stoker (F48)
4:08:19 157 38 / 8 F45-49 Norwalk, CT, USA
3:35:42
 "
158,MIDD=2207151101,Marshall University Marathon,"Huntington, WV USA","November 1, 2015","Gregory Wymer (M54)
4:09:49 158 120 / 19 M50-54 Winfield, WV, USA
3:35:45
 "
159,MIDD=2207151101,Marshall University Marathon,"Huntington, WV USA","November 1, 2015","Jen Sober (F42)
4:09:52 159 39 / 9 F40-44 Mc Henry, MD, USA
3:53:18
 "
160,MIDD=2207151101,Marshall University Marathon,"Huntington, WV USA","November 1, 2015","Shannon Slash (M39)
4:10:02 160 121 / 19 M35-39 Huntington, WV, USA
4:06:01
 "
161,MIDD=2207151101,Marshall University Marathon,"Huntington, WV USA","November 1, 2015","Mark Wagner (M52)
4:10:04 161 122 / 20 M50-54 Wytheville, VA, USA
3:39:59
 "
162,MIDD=2207151101,Marshall University Marathon,"Huntington, WV USA","November 1, 2015","Jeffery Pack (M50)
4:10:25 162 123 / 21 M50-54 Culloden, WV, USA
3:44:17
 "
163,MIDD=2207151101,Marshall University Marathon,"Huntington, WV USA","November 1, 2015","Chris Kim (M54)
4:10:34 163 124 / 22 M50-54 Charleston, WV, USA
3:36:24
 "
164,MIDD=2207151101,Marshall University Marathon,"Huntington, WV USA","November 1, 2015","Josh Pugel (M24)
4:10:55 164 125 / 7 M20-24 Wilmore, KY, USA
4:10:55
 "
165,MIDD=2207151101,Marshall University Marathon,"Huntington, WV USA","November 1, 2015","Dustin Pugel (M28)
4:10:56 165 126 / 11 M25-29 Lexington, KY, USA
4:10:56
 "
166,MIDD=2207151101,Marshall University Marathon,"Huntington, WV USA","November 1, 2015","David Miller (M57)
4:11:10 166 127 / 9 M55-59 Indiana, PA, USA
3:30:52
 "
167,MIDD=2207151101,Marshall University Marathon,"Huntington, WV USA","November 1, 2015","Timothy Maone (M45)
4:11:11 167 128 / 16 M45-49 Wheelersburg, OH, USA
3:55:03
 "
168,MIDD=2207151101,Marshall University Marathon,"Huntington, WV USA","November 1, 2015","Mark Hechler (M51)
4:11:13 168 129 / 23 M50-54 Warrensburg, MO, USA
3:43:00
 "
169,MIDD=2207151101,Marshall University Marathon,"Huntington, WV USA","November 1, 2015","Todd Findley (M45)
4:11:41 169 130 / 17 M45-49 Fort Wayne, IN, USA
3:55:31
 "
170,MIDD=2207151101,Marshall University Marathon,"Huntington, WV USA","November 1, 2015","Curtis Chong (M39)
4:12:05 170 131 / 20 M35-39 Cambridge, MA, USA
4:08:03
 "
171,MIDD=2207151101,Marshall University Marathon,"Huntington, WV USA","November 1, 2015","Carmen Abernathy (F39)
4:12:09 171 40 / 6 F35-39 Charlotte, NC, USA
4:02:15
 "
172,MIDD=2207151101,Marshall University Marathon,"Huntington, WV USA","November 1, 2015","Jamie Moreira (F32)
4:12:25 172 41 / 8 F30-34 Loveland, OH, USA
4:11:31
 "
173,MIDD=2207151101,Marshall University Marathon,"Huntington, WV USA","November 1, 2015","Ingrid Mathison (F53)
4:12:54 173 42 / 5 F50-54 West Hempstead, NY, USA
3:25:54
 "
174,MIDD=2207151101,Marshall University Marathon,"Huntington, WV USA","November 1, 2015","CHRISTINE LASSER (F48)
4:13:27 174 43 / 9 F45-49 Indiana, PA, USA
3:40:10
 "
175,MIDD=2207151101,Marshall University Marathon,"Huntington, WV USA","November 1, 2015","Jerry Slone (M44)
4:13:45 175 132 / 21 M40-44 Paintsville, KY, USA
3:59:30
 "
176,MIDD=2207151101,Marshall University Marathon,"Huntington, WV USA","November 1, 2015","Toby Lentz (M38)
4:14:08 176 133 / 21 M35-39 Fernandina Beach, FL, USA
4:11:50
 "
177,MIDD=2207151101,Marshall University Marathon,"Huntington, WV USA","November 1, 2015","Robin Lentz (F36)
4:14:08 177 44 / 7 F35-39 Fernandina Beach, FL, USA
4:09:15
 "
178,MIDD=2207151101,Marshall University Marathon,"Huntington, WV USA","November 1, 2015","Dennis Wheeler (M65)
4:14:17 178 134 / 2 M65-69 Urbandale, IA, USA
3:17:10
 "
179,MIDD=2207151101,Marshall University Marathon,"Huntington, WV USA","November 1, 2015","Hugh Mc Lendon (M62)
4:14:27 179 135 / 4 M60-64 Winston Salem, NC, USA
3:23:25
 "
180,MIDD=2207151101,Marshall University Marathon,"Huntington, WV USA","November 1, 2015","Anthony Tenaglier (M28)
4:14:33 180 136 / 12 M25-29 Lakewood, OH, USA
4:14:33
 "
181,MIDD=2207151101,Marshall University Marathon,"Huntington, WV USA","November 1, 2015","Bradley Waltermire (M45)
4:14:59 181 137 / 18 M45-49 Virginia Beach, VA, USA
3:58:36
 "
182,MIDD=2207151101,Marshall University Marathon,"Huntington, WV USA","November 1, 2015","Kevin Ely (M38)
4:16:17 182 138 / 22 M35-39 Geneva, IL, USA
4:13:58
 "
183,MIDD=2207151101,Marshall University Marathon,"Huntington, WV USA","November 1, 2015","Glen Anderson (M49)
4:16:22 183 139 / 19 M45-49 Kents Store, VA, USA
3:51:42
 "
184,MIDD=2207151101,Marshall University Marathon,"Huntington, WV USA","November 1, 2015","Sam Huber (M100)
4:16:42 184 140 /    Dayton, OH, USA
0:48:49
 "
185,MIDD=2207151101,Marshall University Marathon,"Huntington, WV USA","November 1, 2015","Thomas Carter (M37)
4:17:14 185 141 / 23 M35-39 Portsmouth, OH, USA
4:16:12
 "
186,MIDD=2207151101,Marshall University Marathon,"Huntington, WV USA","November 1, 2015","Joshua Nelson (M24)
4:17:22 186 142 / 8 M20-24 Huntington, WV, USA
4:17:22
 "
187,MIDD=2207151101,Marshall University Marathon,"Huntington, WV USA","November 1, 2015","Chris Griffith (M41)
4:17:36 187 143 / 22 M40-44 Ashland, KY, USA
4:09:19
 "
188,MIDD=2207151101,Marshall University Marathon,"Huntington, WV USA","November 1, 2015","Gene Bowden (M49)
4:17:43 188 144 / 20 M45-49 Porter, TX, USA
3:52:55
 "
189,MIDD=2207151101,Marshall University Marathon,"Huntington, WV USA","November 1, 2015","M. Kendrick Miles (M42)
4:17:43 189 145 / 23 M40-44 Charlotte, NC, USA
4:07:22
 "
190,MIDD=2207151101,Marshall University Marathon,"Huntington, WV USA","November 1, 2015","Harry Plouff (M67)
4:19:07 190 146 / 3 M65-69 Mount Pleasant, MI, USA
3:16:46
 "
191,MIDD=2207151101,Marshall University Marathon,"Huntington, WV USA","November 1, 2015","Martha Klueh (F57)
4:19:41 191 45 / 2 F55-59 Evansville, IN, USA
3:20:06
 "
192,MIDD=2207151101,Marshall University Marathon,"Huntington, WV USA","November 1, 2015","Miki Fields (F52)
4:20:17 192 46 / 6 F50-54 Newburgh, IN, USA
3:34:45
 "
193,MIDD=2207151101,Marshall University Marathon,"Huntington, WV USA","November 1, 2015","Tom Stofleth (M61)
4:21:45 193 147 / 5 M60-64 Evansville, IN, USA
3:31:21
 "
194,MIDD=2207151101,Marshall University Marathon,"Huntington, WV USA","November 1, 2015","Danny Keatley (M68)
4:21:51 194 148 / 4 M65-69 White Sulphur Springs, WV, USA
3:16:45
 "
195,MIDD=2207151101,Marshall University Marathon,"Huntington, WV USA","November 1, 2015","CAROLINE BURNET (F34)
4:22:02 195 47 / 9 F30-34 Atlanta, GA, USA
4:19:27
 "
196,MIDD=2207151101,Marshall University Marathon,"Huntington, WV USA","November 1, 2015","Boonsom Hartman (F58)
4:24:14 196 48 / 3 F55-59 Oak Forest, IL, USA
3:20:44
 "
197,MIDD=2207151101,Marshall University Marathon,"Huntington, WV USA","November 1, 2015","Ronald Shuck (M66)
4:24:15 197 149 / 5 M65-69 Mount Hope, WV, USA
3:22:47
 "
198,MIDD=2207151101,Marshall University Marathon,"Huntington, WV USA","November 1, 2015","Mike Meadows (M49)
4:24:45 198 150 / 21 M45-49 South Shore, KY, USA
3:59:16
 "
199,MIDD=2207151101,Marshall University Marathon,"Huntington, WV USA","November 1, 2015","Randy Sargent (M47)
4:25:12 199 151 / 22 M45-49 Fort Thomas, KY, USA
4:03:55
 "
200,MIDD=2207151101,Marshall University Marathon,"Huntington, WV USA","November 1, 2015","Frank Leggio (M45)
4:26:19 200 152 / 23 M45-49 New Albany, OH, USA
4:09:13
 "
201,MIDD=2207151101,Marshall University Marathon,"Huntington, WV USA","November 1, 2015","Richard Schlegler (M64)
4:26:35 201 153 / 6 M60-64 Lancaster, OH, USA
3:28:52
 "
202,MIDD=2207151101,Marshall University Marathon,"Huntington, WV USA","November 1, 2015","David Huber (M42)
4:26:38 202 154 / 24 M40-44 Dayton, OH, USA
4:15:56
 "
203,MIDD=2207151101,Marshall University Marathon,"Huntington, WV USA","November 1, 2015","Brandon Hibner (M32)
4:26:55 203 155 / 19 M30-34 Huntington, WV, USA
4:26:55
 "
204,MIDD=2207151101,Marshall University Marathon,"Huntington, WV USA","November 1, 2015","Chuck Meadows (M56)
4:26:58 204 156 / 10 M55-59 Huntington, WV, USA
3:46:16
 "
205,MIDD=2207151101,Marshall University Marathon,"Huntington, WV USA","November 1, 2015","Allison White (F33)
4:27:06 205 49 / 10 F30-34 Fort Mill, SC, USA
4:25:25
 "
206,MIDD=2207151101,Marshall University Marathon,"Huntington, WV USA","November 1, 2015","Craig Haddox (M41)
4:27:14 206 157 / 25 M40-44 Elkview, WV, USA
4:18:39
 "
207,MIDD=2207151101,Marshall University Marathon,"Huntington, WV USA","November 1, 2015","Sharon Tuggle (F57)
4:27:17 207 50 / 4 F55-59 Butler, OH, USA
3:25:58
 "
208,MIDD=2207151101,Marshall University Marathon,"Huntington, WV USA","November 1, 2015","Liz Ferro (F46)
4:27:18 208 51 / 10 F45-49 Rocky River, OH, USA
3:58:01
 "
209,MIDD=2207151101,Marshall University Marathon,"Huntington, WV USA","November 1, 2015","Patrick Howley (M57)
4:27:23 209 158 / 11 M55-59 Phoenix, AZ, USA
3:44:29
 "
210,MIDD=2207151101,Marshall University Marathon,"Huntington, WV USA","November 1, 2015","Terry Hoskins (M43)
4:27:24 210 159 / 26 M40-44 Beckley, WV, USA
4:14:32
 "
211,MIDD=2207151101,Marshall University Marathon,"Huntington, WV USA","November 1, 2015","Daniel Dowdy (M32)
4:27:31 211 160 / 20 M30-34 Grafton, WV, USA
4:27:31
 "
212,MIDD=2207151101,Marshall University Marathon,"Huntington, WV USA","November 1, 2015","REIST MUMMAU (M45)
4:27:31 212 161 / 24 M45-49 Saint Charles, MO, USA
4:10:20
 "
213,MIDD=2207151101,Marshall University Marathon,"Huntington, WV USA","November 1, 2015","Angie Long (F36)
4:27:43 213 52 / 8 F35-39 Novi, MI, USA
4:22:34
 "
214,MIDD=2207151101,Marshall University Marathon,"Huntington, WV USA","November 1, 2015","Kathleen Rifkin (F52)
4:28:45 214 53 / 7 F50-54 Middletown, NY, USA
3:41:44
 "
215,MIDD=2207151101,Marshall University Marathon,"Huntington, WV USA","November 1, 2015","Michael Bennawit (M36)
4:28:47 215 162 / 24 M35-39 Clarksburg, WV, USA
4:28:30
 "
216,MIDD=2207151101,Marshall University Marathon,"Huntington, WV USA","November 1, 2015","Contessa Kennedy (F28)
4:29:31 216 54 / 3 F25-29 Winfield, WV, USA
4:29:31
 "
217,MIDD=2207151101,Marshall University Marathon,"Huntington, WV USA","November 1, 2015","Michael Prunty (M50)
4:29:32 217 163 / 24 M50-54 Fairmont, WV, USA
4:01:25
 "
218,MIDD=2207151101,Marshall University Marathon,"Huntington, WV USA","November 1, 2015","Thaddaeus Tuggle (M25)
4:29:41 218 164 / 13 M25-29 Huntington, WV, USA
4:29:41
 "
219,MIDD=2207151101,Marshall University Marathon,"Huntington, WV USA","November 1, 2015","Dorothy Lupariello (F60)
4:30:08 219 55 / 1 F60-64 Shelton, CT, USA
3:19:16
 "
220,MIDD=2207151101,Marshall University Marathon,"Huntington, WV USA","November 1, 2015","Amy Frederick (F29)
4:30:12 220 56 / 4 F25-29 Clarksville, TN, USA
4:30:12
 "
221,MIDD=2207151101,Marshall University Marathon,"Huntington, WV USA","November 1, 2015","Chrissy Ferguson (F54)
4:30:21 221 57 / 8 F50-54 Maumelle, AR, USA
3:37:10
 "
222,MIDD=2207151101,Marshall University Marathon,"Huntington, WV USA","November 1, 2015","Cristal Barnes (F43)
4:30:23 222 58 / 10 F40-44 Lawrence, KS, USA
4:09:37
 "
223,MIDD=2207151101,Marshall University Marathon,"Huntington, WV USA","November 1, 2015","Celeste Tremel (F52)
4:30:31 223 59 / 9 F50-54 Livonia, MI, USA
3:43:12
 "
224,MIDD=2207151101,Marshall University Marathon,"Huntington, WV USA","November 1, 2015","Heather Robertson (F38)
4:31:52 224 60 / 9 F35-39 Grafton, WV, USA
4:23:13
 "
225,MIDD=2207151101,Marshall University Marathon,"Huntington, WV USA","November 1, 2015","Kayla McDaniel (F28)
4:32:05 225 61 / 5 F25-29 Grafton, WV, USA
4:32:05
 "
226,MIDD=2207151101,Marshall University Marathon,"Huntington, WV USA","November 1, 2015","Jeff VanMeter (M47)
4:32:10 226 165 / 25 M45-49 Fairmont, WV, USA
4:10:20
 "
227,MIDD=2207151101,Marshall University Marathon,"Huntington, WV USA","November 1, 2015","Omar Janjua (M57)
4:32:14 227 166 / 12 M55-59 Edmond, OK, USA
3:48:34
 "
228,MIDD=2207151101,Marshall University Marathon,"Huntington, WV USA","November 1, 2015","Teresa Boever (F26)
4:32:34 228 62 / 6 F25-29 Circleville, WV, USA
4:32:34
 "
229,MIDD=2207151101,Marshall University Marathon,"Huntington, WV USA","November 1, 2015","Terri Murphy (F35)
4:32:37 229 63 / 10 F35-39 Bridgeport, WV, USA
4:28:46
 "
230,MIDD=2207151101,Marshall University Marathon,"Huntington, WV USA","November 1, 2015","Daniel Smith (M62)
4:32:54 230 167 / 7 M60-64 Charleston, WV, USA
3:38:11
 "
231,MIDD=2207151101,Marshall University Marathon,"Huntington, WV USA","November 1, 2015","Ed Childress (M53)
4:33:17 231 168 / 25 M50-54 Austin, TX, USA
3:58:13
 "
232,MIDD=2207151101,Marshall University Marathon,"Huntington, WV USA","November 1, 2015","Matthew Ward (M32)
4:33:56 232 169 / 21 M30-34 Ceredo, WV, USA
4:33:56
 "
233,MIDD=2207151101,Marshall University Marathon,"Huntington, WV USA","November 1, 2015","Richard Ward (M30)
4:33:56 233 170 / 22 M30-34 Huntington, WV, USA
4:33:56
 "
234,MIDD=2207151101,Marshall University Marathon,"Huntington, WV USA","November 1, 2015","James Haley (M59)
4:34:05 234 171 / 13 M55-59 Harrisonburg, VA, USA
3:45:44
 "
235,MIDD=2207151101,Marshall University Marathon,"Huntington, WV USA","November 1, 2015","John Konkel (M64)
4:34:07 235 172 / 8 M60-64 Eau Claire, WI, USA
3:34:46
 "
236,MIDD=2207151101,Marshall University Marathon,"Huntington, WV USA","November 1, 2015","Lisa Queen (F43)
4:34:27 236 64 / 11 F40-44 Charleston, WV, USA
4:13:22
 "
237,MIDD=2207151101,Marshall University Marathon,"Huntington, WV USA","November 1, 2015","Randee Burke (F26)
4:34:56 237 65 / 7 F25-29 Ashland, KY, USA
4:34:56
 "
238,MIDD=2207151101,Marshall University Marathon,"Huntington, WV USA","November 1, 2015","Kathleen Jackson (F26)
4:34:57 238 66 / 8 F25-29 Laredo, TX, USA
4:34:57
 "
239,MIDD=2207151101,Marshall University Marathon,"Huntington, WV USA","November 1, 2015","Matt Miller (M41)
4:35:18 239 173 / 27 M40-44 Huntington, WV, USA
4:26:27
 "
240,MIDD=2207151101,Marshall University Marathon,"Huntington, WV USA","November 1, 2015","Stacey Bevill (F32)
4:35:19 240 67 / 11 F30-34 Saint Peters, MO, USA
4:34:21
 "
241,MIDD=2207151101,Marshall University Marathon,"Huntington, WV USA","November 1, 2015","Susan Nelson (F48)
4:35:52 241 68 / 11 F45-49 Knoxville, TN, USA
3:59:38
 "
242,MIDD=2207151101,Marshall University Marathon,"Huntington, WV USA","November 1, 2015","Elizabeth A Kelley (F45)
4:35:52 242 69 / 12 F45-49 Lakewood, OH, USA
4:08:39
 "
243,MIDD=2207151101,Marshall University Marathon,"Huntington, WV USA","November 1, 2015","Stacy Saunders (F36)
4:35:53 243 70 / 11 F35-39 Ironton, OH, USA
4:30:35
 "
244,MIDD=2207151101,Marshall University Marathon,"Huntington, WV USA","November 1, 2015","Michael Rhodes (M53)
4:36:30 244 174 / 26 M50-54 Cleburne, TX, USA
4:01:01
 "
245,MIDD=2207151101,Marshall University Marathon,"Huntington, WV USA","November 1, 2015","Wanda Bean (F45)
4:37:02 245 71 / 13 F45-49 King, NC, USA
4:09:43
 "
246,MIDD=2207151101,Marshall University Marathon,"Huntington, WV USA","November 1, 2015","Joshua Smith (M23)
4:37:37 246 175 / 9 M20-24 Wilsondale, WV, USA
4:37:37
 "
247,MIDD=2207151101,Marshall University Marathon,"Huntington, WV USA","November 1, 2015","Mark Sturwold (M59)
4:38:42 247 176 / 14 M55-59 Bartlett, IL, USA
3:49:32
 "
248,MIDD=2207151101,Marshall University Marathon,"Huntington, WV USA","November 1, 2015","Nick Brockman (M29)
4:39:19 248 177 / 14 M25-29 Scott Depot, WV, USA
4:39:19
 "
249,MIDD=2207151101,Marshall University Marathon,"Huntington, WV USA","November 1, 2015","Ben Brent (M40)
4:39:23 249 178 / 28 M40-44 Huntington, WV, USA
4:32:39
 "
250,MIDD=2207151101,Marshall University Marathon,"Huntington, WV USA","November 1, 2015","David Ladner (M57)
4:39:32 250 179 / 15 M55-59 Forsyth, GA, USA
3:54:41
 "
251,MIDD=2207151101,Marshall University Marathon,"Huntington, WV USA","November 1, 2015","Kristine Young (F42)
4:39:36 251 72 / 12 F40-44 Stow, MA, USA
4:21:03
 "
252,MIDD=2207151101,Marshall University Marathon,"Huntington, WV USA","November 1, 2015","Robert Young (M42)
4:39:36 252 180 / 29 M40-44 Stow, MA, USA
4:28:23
 "
253,MIDD=2207151101,Marshall University Marathon,"Huntington, WV USA","November 1, 2015","Greg Malone (M59)
4:40:56 253 181 / 16 M55-59 Lucasville, OH, USA
3:51:22
 "
254,MIDD=2207151101,Marshall University Marathon,"Huntington, WV USA","November 1, 2015","Caroline Roma (F39)
4:41:33 254 73 / 12 F35-39 Milton, WV, USA
4:30:30
 "
255,MIDD=2207151101,Marshall University Marathon,"Huntington, WV USA","November 1, 2015","Garrison Greathouse (M44)
4:41:43 255 182 / 30 M40-44 Poca, WV, USA
4:25:54
 "
256,MIDD=2207151101,Marshall University Marathon,"Huntington, WV USA","November 1, 2015","Ronnie Ratliff (M51)
4:41:44 256 183 / 27 M50-54 Virgie, KY, USA
4:10:05
 "
257,MIDD=2207151101,Marshall University Marathon,"Huntington, WV USA","November 1, 2015","Joe Greene (M34)
4:42:19 257 184 / 23 M30-34 Portsmouth, OH, USA
4:42:19
 "
258,MIDD=2207151101,Marshall University Marathon,"Huntington, WV USA","November 1, 2015","Penny Noll (F63)
4:42:30 258 74 / 2 F60-64 Cazenovia, NY, USA
3:18:42
 "
259,MIDD=2207151101,Marshall University Marathon,"Huntington, WV USA","November 1, 2015","WALTER PICKENS, JR. (M57)
4:42:38 259 185 / 17 M55-59 Atlanta, GA, USA
3:57:17
 "
260,MIDD=2207151101,Marshall University Marathon,"Huntington, WV USA","November 1, 2015","Chris Carroll (M59)
4:42:38 260 186 / 18 M55-59 Nicholasville, KY, USA
3:52:46
 "
261,MIDD=2207151101,Marshall University Marathon,"Huntington, WV USA","November 1, 2015","Chris Lambert (M47)
4:43:13 261 187 / 26 M45-49 Hurricane, WV, USA
4:20:30
 "
262,MIDD=2207151101,Marshall University Marathon,"Huntington, WV USA","November 1, 2015","Kimberly Stephens (F44)
4:43:13 262 75 / 13 F40-44 Chesapeake, OH, USA
4:18:22
 "
263,MIDD=2207151101,Marshall University Marathon,"Huntington, WV USA","November 1, 2015","Don Tillis (M55)
4:43:26 263 188 / 19 M55-59 Rutland, OH, USA
4:02:30
 "
264,MIDD=2207151101,Marshall University Marathon,"Huntington, WV USA","November 1, 2015","Donielle Spears (F33)
4:44:01 264 76 / 12 F30-34 Charlotte, NC, USA
4:42:13
 "
265,MIDD=2207151101,Marshall University Marathon,"Huntington, WV USA","November 1, 2015","Ginny Winters (F59)
4:44:29 265 77 / 5 F55-59 Indiana, PA, USA
3:33:01
 "
266,MIDD=2207151101,Marshall University Marathon,"Huntington, WV USA","November 1, 2015","Michael Krecik (M44)
4:44:40 266 189 / 31 M40-44 Crown Point, IN, USA
4:28:41
 "
267,MIDD=2207151101,Marshall University Marathon,"Huntington, WV USA","November 1, 2015","Gurinder Singh (M46)
4:44:43 267 190 / 27 M45-49 Wilmington, DE, USA
4:24:09
 "
268,MIDD=2207151101,Marshall University Marathon,"Huntington, WV USA","November 1, 2015","Katie Perry (F38)
4:44:47 268 78 / 13 F35-39 Lawrenceville, GA, USA
4:35:43
 "
269,MIDD=2207151101,Marshall University Marathon,"Huntington, WV USA","November 1, 2015","JESSICA WHITE (F33)
4:44:54 269 79 / 13 F30-34 Mount Sterling, KY, USA
4:43:06
 "
270,MIDD=2207151101,Marshall University Marathon,"Huntington, WV USA","November 1, 2015","Addison Hamilton (M34)
4:45:02 270 191 / 24 M30-34 Dunbar, WV, USA
4:45:02
 "
271,MIDD=2207151101,Marshall University Marathon,"Huntington, WV USA","November 1, 2015","Shawn Schuyler (M43)
4:45:27 271 192 / 32 M40-44 Beckley, WV, USA
4:31:43
 "
272,MIDD=2207151101,Marshall University Marathon,"Huntington, WV USA","November 1, 2015","Tommy Nunley (M40)
4:47:07 272 193 / 33 M40-44 Wytheville, VA, USA
4:40:11
 "
273,MIDD=2207151101,Marshall University Marathon,"Huntington, WV USA","November 1, 2015","Melanie Trump (F37)
4:47:23 273 80 / 14 F35-39 Pinnacle, NC, USA
4:40:10
 "
274,MIDD=2207151101,Marshall University Marathon,"Huntington, WV USA","November 1, 2015","Carol Kopman (F39)
4:47:40 274 81 / 15 F35-39 Schaumburg, IL, USA
4:36:23
 "
275,MIDD=2207151101,Marshall University Marathon,"Huntington, WV USA","November 1, 2015","Yenpeng Kao (M36)
4:47:47 275 194 / 25 M35-39 Cranberry Township, PA, USA
4:47:29
 "
276,MIDD=2207151101,Marshall University Marathon,"Huntington, WV USA","November 1, 2015","JP Montgomery (M42)
4:48:39 276 195 / 34 M40-44 Lexington, KY, USA
4:37:04
 "
277,MIDD=2207151101,Marshall University Marathon,"Huntington, WV USA","November 1, 2015","Paul Boyer (M45)
4:49:02 277 196 / 28 M45-49 Howell, MI, USA
4:30:28
 "
278,MIDD=2207151101,Marshall University Marathon,"Huntington, WV USA","November 1, 2015","Cheri DiLego (F40)
4:49:10 278 82 / 14 F40-44 Ashland, KY, USA
4:35:27
 "
279,MIDD=2207151101,Marshall University Marathon,"Huntington, WV USA","November 1, 2015","Robert Thompson (M38)
4:49:11 279 197 / 26 M35-39 South Point, OH, USA
4:46:34
 "
280,MIDD=2207151101,Marshall University Marathon,"Huntington, WV USA","November 1, 2015","Saundra Stiner (F46)
4:49:20 280 83 / 14 F45-49 Rochester, MI, USA
4:17:39
 "
281,MIDD=2207151101,Marshall University Marathon,"Huntington, WV USA","November 1, 2015","Kelly Meadows (F46)
4:49:43 281 84 / 15 F45-49 Huntington, WV, USA
4:17:59
 "
282,MIDD=2207151101,Marshall University Marathon,"Huntington, WV USA","November 1, 2015","Paul Irwin (M55)
4:49:44 282 198 / 20 M55-59 Marysville, OH, USA
4:07:53
 "
283,MIDD=2207151101,Marshall University Marathon,"Huntington, WV USA","November 1, 2015","Jack Redmond (M69)
4:50:06 283 199 / 6 M65-69 Camarillo, CA, USA
3:35:39
 "
284,MIDD=2207151101,Marshall University Marathon,"Huntington, WV USA","November 1, 2015","Shelly Haber (F52)
4:50:11 284 85 / 10 F50-54 Greenville, OH, USA
3:59:25
 "
285,MIDD=2207151101,Marshall University Marathon,"Huntington, WV USA","November 1, 2015","Alicia Kinder (F42)
4:50:24 285 86 / 15 F40-44 Beckley, WV, USA
4:31:08
 "
286,MIDD=2207151101,Marshall University Marathon,"Huntington, WV USA","November 1, 2015","Tiffany Skaggs (F45)
4:50:30 286 87 / 16 F45-49 Winfield, WV, USA
4:21:51
 "
287,MIDD=2207151101,Marshall University Marathon,"Huntington, WV USA","November 1, 2015","Jennifer Ross (F45)
4:50:32 287 88 / 17 F45-49 Lavalette, WV, USA
4:21:53
 "
288,MIDD=2207151101,Marshall University Marathon,"Huntington, WV USA","November 1, 2015","Danielle Farris (F37)
4:50:32 288 89 / 16 F35-39 Rock Hill, SC, USA
4:43:14
 "
289,MIDD=2207151101,Marshall University Marathon,"Huntington, WV USA","November 1, 2015","Donal Hinely (M52)
4:50:57 289 200 / 28 M50-54 Springfield, TN, USA
4:15:56
 "
290,MIDD=2207151101,Marshall University Marathon,"Huntington, WV USA","November 1, 2015","Alexis Davidson (M60)
4:52:53 290 201 / 9 M60-64 Brooklyn, NY, USA
3:58:50
 "
291,MIDD=2207151101,Marshall University Marathon,"Huntington, WV USA","November 1, 2015","Karen Carson (F38)
4:53:16 291 90 / 17 F35-39 Huntington, WV, USA
4:43:56
 "
292,MIDD=2207151101,Marshall University Marathon,"Huntington, WV USA","November 1, 2015","Christopher Carson (M38)
4:53:17 292 202 / 27 M35-39 Huntington, WV, USA
4:50:38
 "
293,MIDD=2207151101,Marshall University Marathon,"Huntington, WV USA","November 1, 2015","Vicki Kee (F48)
4:53:25 293 91 / 18 F45-49 Iowa City, IA, USA
4:14:53
 "
294,MIDD=2207151101,Marshall University Marathon,"Huntington, WV USA","November 1, 2015","Gerry Smedinghoff (M53)
4:54:15 294 203 / 29 M50-54 Phoenix, AZ, USA
4:16:29
 "
295,MIDD=2207151101,Marshall University Marathon,"Huntington, WV USA","November 1, 2015","Mike Pistorino (M41)
4:54:47 295 204 / 35 M40-44 Bay Village, OH, USA
4:45:19
 "
296,MIDD=2207151101,Marshall University Marathon,"Huntington, WV USA","November 1, 2015","Ayumi Tanaka (F28)
4:55:10 296 92 / 9 F25-29 Huntington, WV, USA
4:55:10
 "
297,MIDD=2207151101,Marshall University Marathon,"Huntington, WV USA","November 1, 2015","Dan Donovan (M61)
4:55:24 297 205 / 10 M60-64 Dallas, TX, USA
3:58:32
 "
298,MIDD=2207151101,Marshall University Marathon,"Huntington, WV USA","November 1, 2015","Lauren Kratz (F51)
4:58:06 298 93 / 11 F50-54 Waukee, IA, USA
4:09:12
 "
299,MIDD=2207151101,Marshall University Marathon,"Huntington, WV USA","November 1, 2015","Lissa Orme (F43)
4:59:17 299 94 / 16 F40-44 Mount Sterling, KY, USA
4:36:17
 "
300,MIDD=2207151101,Marshall University Marathon,"Huntington, WV USA","November 1, 2015","Jim Garvey (M64)
4:59:21 300 206 / 11 M60-64 Louisville, KY, USA
3:54:32
 "
301,MIDD=2207151101,Marshall University Marathon,"Huntington, WV USA","November 1, 2015","Michael Mester (M31)
4:59:32 301 207 / 25 M30-34 Springfield, IL, USA
4:59:32
 "
302,MIDD=2207151101,Marshall University Marathon,"Huntington, WV USA","November 1, 2015","Tonia Carroll (F46)
4:59:35 302 95 / 19 F45-49 Barboursville, WV, USA
4:26:46
 "
303,MIDD=2207151101,Marshall University Marathon,"Huntington, WV USA","November 1, 2015","Gordon Kratz (M52)
5:00:00 303 208 / 30 M50-54 Waukee, IA, USA
4:23:54
 "
304,MIDD=2207151101,Marshall University Marathon,"Huntington, WV USA","November 1, 2015","Dennis Prewitt (M50)
5:00:13 304 209 / 31 M50-54 Cordova, TN, USA
4:28:54
 "
305,MIDD=2207151101,Marshall University Marathon,"Huntington, WV USA","November 1, 2015","RALPH EDWARDS (M68)
5:01:00 305 210 / 7 M65-69 Des Moines, IA, USA
3:46:10
 "
306,MIDD=2207151101,Marshall University Marathon,"Huntington, WV USA","November 1, 2015","Sheryl Wheeler Wellman (F43)
5:02:27 306 96 / 17 F40-44 Louisa, KY, USA
4:39:13
 "
307,MIDD=2207151101,Marshall University Marathon,"Huntington, WV USA","November 1, 2015","Jeff Bockhorn (M53)
5:03:27 307 211 / 32 M50-54 Marine, IL, USA
4:24:31
 "
308,MIDD=2207151101,Marshall University Marathon,"Huntington, WV USA","November 1, 2015","John Stinnett (M50)
5:04:13 308 212 / 33 M50-54 New Albany, OH, USA
4:32:29
 "
309,MIDD=2207151101,Marshall University Marathon,"Huntington, WV USA","November 1, 2015","Michael Hammonds (M47)
5:04:37 309 213 / 29 M45-49 Virginia Beach, VA, USA
4:40:11
 "
310,MIDD=2207151101,Marshall University Marathon,"Huntington, WV USA","November 1, 2015","Jillian Cavender (F28)
5:05:28 310 97 / 10 F25-29 Saint Albans, WV, USA
5:05:28
 "
311,MIDD=2207151101,Marshall University Marathon,"Huntington, WV USA","November 1, 2015","Billy Porter (M41)
5:05:38 311 214 / 36 M40-44 Kenova, WV, USA
4:55:49
 "
312,MIDD=2207151101,Marshall University Marathon,"Huntington, WV USA","November 1, 2015","Stephanie Hill (F50)
5:06:33 312 98 / 12 F50-54 Chesapeake, OH, USA
4:19:37
 "
313,MIDD=2207151101,Marshall University Marathon,"Huntington, WV USA","November 1, 2015","Leticia Lopez (F29)
5:07:16 313 99 / 11 F25-29 Poca, WV, USA
5:07:16
 "
314,MIDD=2207151101,Marshall University Marathon,"Huntington, WV USA","November 1, 2015","Anthony Greco (M39)
5:08:25 314 215 / 28 M35-39 Carnegie, PA, USA
5:03:28
 "
315,MIDD=2207151101,Marshall University Marathon,"Huntington, WV USA","November 1, 2015","ROYCE ROBER ZUNIGA (M30)
5:08:55 315 216 / 26 M30-34 Hurricane, WV, USA
5:08:55
 "
316,MIDD=2207151101,Marshall University Marathon,"Huntington, WV USA","November 1, 2015","Trena Leonard (F42)
5:09:32 316 100 / 18 F40-44 Columbus, OH, USA
4:49:00
 "
317,MIDD=2207151101,Marshall University Marathon,"Huntington, WV USA","November 1, 2015","Matt Waller (M36)
5:09:59 317 217 / 29 M35-39 Huntington, WV, USA
5:09:40
 "
318,MIDD=2207151101,Marshall University Marathon,"Huntington, WV USA","November 1, 2015","Irene Gillenwater (F34)
5:10:24 318 101 / 14 F30-34 Wheelersburg, OH, USA
5:07:21
 "
319,MIDD=2207151101,Marshall University Marathon,"Huntington, WV USA","November 1, 2015","Lisa Northup (F43)
5:10:40 319 102 / 19 F40-44 West Chester, OH, USA
4:46:48
 "
320,MIDD=2207151101,Marshall University Marathon,"Huntington, WV USA","November 1, 2015","Jazmin Gomez (F41)
5:10:42 320 103 / 20 F40-44 Charlotte, NC, USA
4:53:08
 "
321,MIDD=2207151101,Marshall University Marathon,"Huntington, WV USA","November 1, 2015","Jamila Williams (F36)
5:10:54 321 104 / 18 F35-39 Huntsville, AL, USA
5:04:55
 "
322,MIDD=2207151101,Marshall University Marathon,"Huntington, WV USA","November 1, 2015","Kelly Mink (F42)
5:10:55 322 105 / 21 F40-44 Corinth, KY, USA
4:50:18
 "
323,MIDD=2207151101,Marshall University Marathon,"Huntington, WV USA","November 1, 2015","Jessica Cutlip (F38)
5:11:48 323 106 / 19 F35-39 Hacker Valley, WV, USA
5:01:53
 "
324,MIDD=2207151101,Marshall University Marathon,"Huntington, WV USA","November 1, 2015","Jenny Dowling (F26)
5:11:57 324 107 / 12 F25-29 Oxford, PA, USA
5:11:57
 "
325,MIDD=2207151101,Marshall University Marathon,"Huntington, WV USA","November 1, 2015","Larry Brown (M66)
5:12:04 325 218 / 8 M65-69 Mc Cormick, SC, USA
3:59:28
 "
326,MIDD=2207151101,Marshall University Marathon,"Huntington, WV USA","November 1, 2015","Drema Walker (F44)
5:13:32 326 108 / 22 F40-44 Rocky Gap, VA, USA
4:46:02
 "
327,MIDD=2207151101,Marshall University Marathon,"Huntington, WV USA","November 1, 2015","Jerry Barker (M47)
5:13:54 327 219 / 30 M45-49 Jackson, MI, USA
4:48:43
 "
328,MIDD=2207151101,Marshall University Marathon,"Huntington, WV USA","November 1, 2015","Thomas Morgeson (M23)
5:14:05 328 220 / 10 M20-24 Indianapolis, IN, USA
5:14:05
 "
329,MIDD=2207151101,Marshall University Marathon,"Huntington, WV USA","November 1, 2015","Pam Walden (F49)
5:14:25 329 109 / 20 F45-49 Bloomington, IL, USA
4:29:42
 "
330,MIDD=2207151101,Marshall University Marathon,"Huntington, WV USA","November 1, 2015","Larry Landry (M63)
5:14:47 330 221 / 12 M60-64 North Richland Hills, TX, USA
4:09:09
 "
331,MIDD=2207151101,Marshall University Marathon,"Huntington, WV USA","November 1, 2015","Daniel Mullins (M22)
5:15:23 331 222 / 11 M20-24 Scott Depot, WV, USA
5:15:13
 "
332,MIDD=2207151101,Marshall University Marathon,"Huntington, WV USA","November 1, 2015","Joanne Bockhorn (F54)
5:15:30 332 110 / 13 F50-54 Marine, IL, USA
4:13:26
 "
333,MIDD=2207151101,Marshall University Marathon,"Huntington, WV USA","November 1, 2015","Dennis Todd (M51)
5:15:36 333 223 / 34 M50-54 Nicholasville, KY, USA
4:40:09
 "
334,MIDD=2207151101,Marshall University Marathon,"Huntington, WV USA","November 1, 2015","Paige Conner (F46)
5:15:43 334 111 / 21 F45-49 Monrovia, CA, USA
4:41:08
 "
335,MIDD=2207151101,Marshall University Marathon,"Huntington, WV USA","November 1, 2015","Denis Mc Carthy (M56)
5:16:20 335 224 / 21 M55-59 Saint Louis, MO, USA
4:28:07
 "
336,MIDD=2207151101,Marshall University Marathon,"Huntington, WV USA","November 1, 2015","DON WILKINSON (M67)
5:18:27 336 225 / 9 M65-69 Crystal River, FL, USA
4:01:49
 "
337,MIDD=2207151101,Marshall University Marathon,"Huntington, WV USA","November 1, 2015","Chris Rapp (M52)
5:21:00 337 226 / 35 M50-54 West Portsmouth, OH, USA
4:42:23
 "
338,MIDD=2207151101,Marshall University Marathon,"Huntington, WV USA","November 1, 2015","Howard Miller (M45)
5:22:05 338 227 / 31 M45-49 Jackson, NJ, USA
5:01:24
 "
339,MIDD=2207151101,Marshall University Marathon,"Huntington, WV USA","November 1, 2015","Anita Wagner (F55)
5:22:17 339 112 / 6 F55-59 Wytheville, VA, USA
4:15:22
 "
340,MIDD=2207151101,Marshall University Marathon,"Huntington, WV USA","November 1, 2015","Wendy Morrison (F60)
5:22:17 340 113 / 3 F60-64 Wytheville, VA, USA
3:57:44
 "
341,MIDD=2207151101,Marshall University Marathon,"Huntington, WV USA","November 1, 2015","Hugh Spedding (M70)
5:22:17 341 228 / 1 M70-74 Taylors, SC, USA
3:56:58
 "
342,MIDD=2207151101,Marshall University Marathon,"Huntington, WV USA","November 1, 2015","Tasha Owens (F44)
5:23:37 342 114 / 23 F40-44 Charlotte, NC, USA
4:55:14
 "
343,MIDD=2207151101,Marshall University Marathon,"Huntington, WV USA","November 1, 2015","Joseph Fisher (M31)
5:23:39 343 229 / 27 M30-34 Saint Albans, WV, USA
5:23:39
 "
344,MIDD=2207151101,Marshall University Marathon,"Huntington, WV USA","November 1, 2015","Mandy Griffith (F37)
5:23:48 344 115 / 20 F35-39 Ashland, KY, USA
5:15:40
 "
345,MIDD=2207151101,Marshall University Marathon,"Huntington, WV USA","November 1, 2015","Ashley King (F32)
5:24:53 345 116 / 15 F30-34 Scott Depot, WV, USA
5:23:44
 "
346,MIDD=2207151101,Marshall University Marathon,"Huntington, WV USA","November 1, 2015","Sierra McKenna (F26)
5:26:18 346 117 / 13 F25-29 Charleston, WV, USA
5:26:18
 "
347,MIDD=2207151101,Marshall University Marathon,"Huntington, WV USA","November 1, 2015","Michael Vance (M48)
5:29:05 347 230 / 32 M45-49 Craigsville, WV, USA
5:00:03
 "
348,MIDD=2207151101,Marshall University Marathon,"Huntington, WV USA","November 1, 2015","Ayumi Pieper (F34)
5:29:59 348 118 / 16 F30-34 Locust Grove, VA, USA
5:26:44
 "
349,MIDD=2207151101,Marshall University Marathon,"Huntington, WV USA","November 1, 2015","Ronald Reid (M61)
5:31:07 349 231 / 13 M60-64 Kalamazoo, MI, USA
4:27:22
 "
350,MIDD=2207151101,Marshall University Marathon,"Huntington, WV USA","November 1, 2015","Alfred Crigger (M51)
5:31:42 350 232 / 36 M50-54 Belfry, KY, USA
4:54:27
 "
351,MIDD=2207151101,Marshall University Marathon,"Huntington, WV USA","November 1, 2015","Shana Sturgill (F38)
5:32:07 351 119 / 21 F35-39 Mount Sterling, KY, USA
5:21:33
 "
352,MIDD=2207151101,Marshall University Marathon,"Huntington, WV USA","November 1, 2015","Glenda Scott (F51)
5:32:48 352 120 / 14 F50-54 Bland, VA, USA
4:38:13
 "
353,MIDD=2207151101,Marshall University Marathon,"Huntington, WV USA","November 1, 2015","Al Cumming (M70)
5:33:56 353 233 / 2 M70-74 Austin, TX, USA
4:05:32
 "
354,MIDD=2207151101,Marshall University Marathon,"Huntington, WV USA","November 1, 2015","Jennifer Turba (F30)
5:35:02 354 121 / 17 F30-34 Pittsburgh, PA, USA
5:34:53
 "
355,MIDD=2207151101,Marshall University Marathon,"Huntington, WV USA","November 1, 2015","Daniel Shuff (M80)
5:35:31 355 234 / 1 M80-84 San Antonio, TX, USA
3:29:13
 "
356,MIDD=2207151101,Marshall University Marathon,"Huntington, WV USA","November 1, 2015","Floyd Crawford (M49)
5:36:40 356 235 / 33 M45-49 Alexandria, VA, USA
5:04:16
 "
357,MIDD=2207151101,Marshall University Marathon,"Huntington, WV USA","November 1, 2015","Jennifer Folden (F31)
5:36:49 357 122 / 18 F30-34 Olney, MD, USA
5:36:16
 "
358,MIDD=2207151101,Marshall University Marathon,"Huntington, WV USA","November 1, 2015","Carolyn Bibb (F49)
5:37:36 358 123 / 22 F45-49 Atlanta, GA, USA
4:49:35
 "
359,MIDD=2207151101,Marshall University Marathon,"Huntington, WV USA","November 1, 2015","Sarah Elam Farrow (F28)
5:38:49 359 124 / 14 F25-29 Mount Sterling, KY, USA
5:38:49
 "
360,MIDD=2207151101,Marshall University Marathon,"Huntington, WV USA","November 1, 2015","Diana Cline (F33)
5:38:49 360 125 / 19 F30-34 Jeffersonville, KY, USA
5:36:40
 "
361,MIDD=2207151101,Marshall University Marathon,"Huntington, WV USA","November 1, 2015","Jon Mittenberger (M23)
5:39:23 361 236 / 12 M20-24 Morgantown, WV, USA
5:39:23
 "
362,MIDD=2207151101,Marshall University Marathon,"Huntington, WV USA","November 1, 2015","Kerri Haskins (F44)
5:39:51 362 126 / 24 F40-44 Danville, NH, USA
5:10:02
 "
363,MIDD=2207151101,Marshall University Marathon,"Huntington, WV USA","November 1, 2015","Mike Pollock (F69)
5:41:20 363 127 / 1 F65-69 Huntington, WV, USA
3:34:37
 "
364,MIDD=2207151101,Marshall University Marathon,"Huntington, WV USA","November 1, 2015","Frank Bartocci (M68)
5:43:02 364 237 / 10 M65-69 Rochester, MN, USA
4:17:45
 "
365,MIDD=2207151101,Marshall University Marathon,"Huntington, WV USA","November 1, 2015","Cody Patterson (M22)
5:43:22 365 238 / 13 M20-24 Saint Marys, GA, USA
5:43:11
 "
366,MIDD=2207151101,Marshall University Marathon,"Huntington, WV USA","November 1, 2015","Alexis Patterson (F20)
5:43:22 366 128 / 4 F20-24 Saint Marys, GA, USA
5:43:07
 "
367,MIDD=2207151101,Marshall University Marathon,"Huntington, WV USA","November 1, 2015","Alex Feria (M32)
5:43:50 367 239 / 28 M30-34 Dublin, OH, USA
5:43:50
 "
368,MIDD=2207151101,Marshall University Marathon,"Huntington, WV USA","November 1, 2015","Allan Paul (M50)
5:44:06 368 240 / 37 M50-54 Murray, KY, USA
5:08:12
 "
369,MIDD=2207151101,Marshall University Marathon,"Huntington, WV USA","November 1, 2015","Susan Yandel (F48)
5:45:08 369 129 / 23 F45-49 Decatur, GA, USA
4:59:49
 "
370,MIDD=2207151101,Marshall University Marathon,"Huntington, WV USA","November 1, 2015","Greta Gillmeister (F41)
5:47:07 370 130 / 25 F40-44 Louisville, KY, USA
5:27:30
 "
371,MIDD=2207151101,Marshall University Marathon,"Huntington, WV USA","November 1, 2015","Paige Lewis (F18)
5:48:14 371 131 / 1 F0-19 Sandy Hook, KY, USA
5:41:59
 "
372,MIDD=2207151101,Marshall University Marathon,"Huntington, WV USA","November 1, 2015","Britt Arthur (M50)
5:50:46 372 241 / 38 M50-54 Huntington, WV, USA
5:14:10
 "
373,MIDD=2207151101,Marshall University Marathon,"Huntington, WV USA","November 1, 2015","Tasha Holland (F41)
5:51:51 373 132 / 26 F40-44 Ceredo, WV, USA
5:31:58
 "
374,MIDD=2207151101,Marshall University Marathon,"Huntington, WV USA","November 1, 2015","Juswan Ichwan (M52)
5:51:54 374 242 / 39 M50-54 Arcadia, CA, USA
5:09:33
 "
375,MIDD=2207151101,Marshall University Marathon,"Huntington, WV USA","November 1, 2015","Ange Duffield (F41)
5:52:50 375 133 / 27 F40-44 Winfield, WV, USA
5:32:53
 "
376,MIDD=2207151101,Marshall University Marathon,"Huntington, WV USA","November 1, 2015","Susan Adams-Conrad (F42)
5:54:55 376 134 / 28 F40-44 Stoutsville, OH, USA
5:31:23
 "
377,MIDD=2207151101,Marshall University Marathon,"Huntington, WV USA","November 1, 2015","Freddie Wooten (M38)
5:56:33 377 243 / 30 M35-39 Huntington, WV, USA
5:53:20
 "
378,MIDD=2207151101,Marshall University Marathon,"Huntington, WV USA","November 1, 2015","CHRISTY GOAD (F35)
5:56:45 378 135 / 22 F35-39 South Charleston, WV, USA
5:51:43
 "
379,MIDD=2207151101,Marshall University Marathon,"Huntington, WV USA","November 1, 2015","Austin Melton (M66)
5:57:47 379 244 / 11 M65-69 Kent, OH, USA
4:34:33
 "
380,MIDD=2207151101,Marshall University Marathon,"Huntington, WV USA","November 1, 2015","Mike Williams (M65)
5:57:58 380 245 / 12 M65-69 Eleanor, WV, USA
4:37:34
 "
381,MIDD=2207151101,Marshall University Marathon,"Huntington, WV USA","November 1, 2015","Michael Chase (M65)
5:58:03 381 246 / 13 M65-69 Decatur, GA, USA
4:37:37
 "
382,MIDD=2207151101,Marshall University Marathon,"Huntington, WV USA","November 1, 2015","John Lesho (M47)
6:01:55 382 247 / 34 M45-49 Weirton, WV, USA
5:32:53
 "
383,MIDD=2207151101,Marshall University Marathon,"Huntington, WV USA","November 1, 2015","Andrea Spohn (F44)
6:01:55 383 136 / 29 F40-44 Powell, OH, USA
5:30:10
 "
384,MIDD=2207151101,Marshall University Marathon,"Huntington, WV USA","November 1, 2015","Edward Broadnax (M49)
6:02:17 384 248 / 35 M45-49 El Paso, TX, USA
5:27:25
 "
385,MIDD=2207151101,Marshall University Marathon,"Huntington, WV USA","November 1, 2015","Elizabeth Young (F47)
6:02:17 385 137 / 24 F45-49 Weston, WV, USA
5:18:39
 "
386,MIDD=2207151101,Marshall University Marathon,"Huntington, WV USA","November 1, 2015","Scott Davis (M49)
6:08:05 386 249 / 36 M45-49 Morgantown, WV, USA
5:32:40
 "
387,MIDD=2207151101,Marshall University Marathon,"Huntington, WV USA","November 1, 2015","ARNOLD ROBE ZUNIGA (M57)
6:12:17 387 250 / 22 M55-59 Scott Depot, WV, USA
5:12:34
 "
388,MIDD=2207151101,Marshall University Marathon,"Huntington, WV USA","November 1, 2015","Christina Thompson (F54)
6:17:15 388 138 / 15 F50-54 Prospect, KY, USA
5:03:02
 "
389,MIDD=2207151101,Marshall University Marathon,"Huntington, WV USA","November 1, 2015","Melinda Lovejoy (F28)
6:17:16 389 139 / 15 F25-29 Danville, WV, USA
6:17:16
 "
390,MIDD=2207151101,Marshall University Marathon,"Huntington, WV USA","November 1, 2015","Aravinda Nanjundappa (M44)
6:17:23 390 251 / 37 M40-44 Charleston, WV, USA
5:56:12
 "
391,MIDD=2207151101,Marshall University Marathon,"Huntington, WV USA","November 1, 2015","Kim Leverton (F55)
6:17:26 391 140 / 7 F55-59 Cleveland, OH, USA
4:59:04
 "
392,MIDD=2207151101,Marshall University Marathon,"Huntington, WV USA","November 1, 2015","Robert Carpenter (M47)
6:27:06 392 252 / 37 M45-49 Cincinnati, OH, USA
5:56:03
 "
393,MIDD=2207151101,Marshall University Marathon,"Huntington, WV USA","November 1, 2015","Phillip Ramey (M36)
6:27:27 393 253 / 31 M35-39 Hagerhill, KY, USA
6:27:03
 "
394,MIDD=2207151101,Marshall University Marathon,"Huntington, WV USA","November 1, 2015","Kristofer Hatfield (M25)
6:28:09 394 254 / 15 M25-29 Williamson, WV, USA
6:28:09
 "
395,MIDD=2207151101,Marshall University Marathon,"Huntington, WV USA","November 1, 2015","Elizabeth Hensley (F38)
6:45:05 395 141 / 23 F35-39 Ashland, KY, USA
6:32:12
 "
