,race_id,race,location,date,runners
0,MIDD=4834151115,Potomac River Run Fall Marathon,"Carderock, MD USA","November 15, 2015","

Have you run this race?Then tell us about it.

Last Name, First Name(Sex/Age)
Time OverAllPlace
Sex Place/Div Place
DIV 
City, State, Country AG Time* BQ*"
1,MIDD=4834151115,Potomac River Run Fall Marathon,"Carderock, MD USA","November 15, 2015","Brandon Thomas Mathews (M31)
2:50:08 1 1 / 1 M30-39 Locust Grove, VA, USA
2:50:08
BQ"
2,MIDD=4834151115,Potomac River Run Fall Marathon,"Carderock, MD USA","November 15, 2015","Paul L. Koepfinger (M51)
2:54:43 2 2 / 1 M50-59 King George, VA, USA
2:35:05
BQ"
3,MIDD=4834151115,Potomac River Run Fall Marathon,"Carderock, MD USA","November 15, 2015","Jeremiah Ergas (M30)
3:00:52 3 3 / 2 M30-39 Fairfax, VA, USA
3:00:52
BQ"
4,MIDD=4834151115,Potomac River Run Fall Marathon,"Carderock, MD USA","November 15, 2015","Alexandria Paige Schumach (F28)
3:01:16 4 1 / 1 F20-29 Penfield, NY, USA
3:01:16
BQ"
5,MIDD=4834151115,Potomac River Run Fall Marathon,"Carderock, MD USA","November 15, 2015","Kumwha Mun (F49)
3:10:05 5 2 / 1 F40-49 Baltimore, MD, USA
2:43:03
BQ"
6,MIDD=4834151115,Potomac River Run Fall Marathon,"Carderock, MD USA","November 15, 2015","Jeffrey Vetrano (M42)
3:13:46 6 4 / 1 M40-49 Falls Church, VA, USA
3:05:59
BQ"
7,MIDD=4834151115,Potomac River Run Fall Marathon,"Carderock, MD USA","November 15, 2015","Daniel Thomas Beaver (M30)
3:14:05 7 5 / 3 M30-39 White Hall, MD, USA
3:14:05
 "
8,MIDD=4834151115,Potomac River Run Fall Marathon,"Carderock, MD USA","November 15, 2015","Kevin Ely (M38)
3:14:29 8 6 / 4 M30-39 Geneva, IL, USA
3:12:43
 "
9,MIDD=4834151115,Potomac River Run Fall Marathon,"Carderock, MD USA","November 15, 2015","Guowei Sun (M26)
3:15:02 9 7 / 1 M20-29 College Park, MD, USA
3:15:02
 "
10,MIDD=4834151115,Potomac River Run Fall Marathon,"Carderock, MD USA","November 15, 2015","Bill Bernier (M40)
3:17:45 10 8 / 2 M40-49 Springfield, VA, USA
3:12:59
 "
11,MIDD=4834151115,Potomac River Run Fall Marathon,"Carderock, MD USA","November 15, 2015","Michael Abraham (M39)
3:24:19 11 9 / 5 M30-39 Baltimore, MD, USA
3:21:02
 "
12,MIDD=4834151115,Potomac River Run Fall Marathon,"Carderock, MD USA","November 15, 2015","Meghan Heneghan (F22)
3:25:58 12 3 / 2 F20-29 Washington, DC, USA
3:25:58
BQ"
13,MIDD=4834151115,Potomac River Run Fall Marathon,"Carderock, MD USA","November 15, 2015","Stephen Andrews (M29)
3:28:28 13 10 / 2 M20-29 Tallahassee, FL, USA
3:28:28
 "
14,MIDD=4834151115,Potomac River Run Fall Marathon,"Carderock, MD USA","November 15, 2015","Douglas R. Smith (M53)
3:30:20 14 11 / 2 M50-59 Ellicott City, MD, USA
3:03:20
 "
15,MIDD=4834151115,Potomac River Run Fall Marathon,"Carderock, MD USA","November 15, 2015","Charles Dobrosielski (M19)
3:31:46 15 12 / 1 M0-19 Bowie, MD, USA
3:26:34
 "
16,MIDD=4834151115,Potomac River Run Fall Marathon,"Carderock, MD USA","November 15, 2015","Charles Richey (M51)
3:31:59 16 13 / 3 M50-59 Ashburn, VA, USA
3:08:10
 "
17,MIDD=4834151115,Potomac River Run Fall Marathon,"Carderock, MD USA","November 15, 2015","Howard Shelanski (M51)
3:33:25 17 14 / 4 M50-59 Washington, DC, USA
3:09:26
 "
18,MIDD=4834151115,Potomac River Run Fall Marathon,"Carderock, MD USA","November 15, 2015","Susan Hilal (F39)
3:33:29 18 4 / 1 F30-39 Plymouth, MN, USA
3:25:06
BQ"
19,MIDD=4834151115,Potomac River Run Fall Marathon,"Carderock, MD USA","November 15, 2015","Benjamin Koethe (M24)
3:34:46 19 15 / 3 M20-29 Chelmsford, MA, USA
3:34:46
 "
20,MIDD=4834151115,Potomac River Run Fall Marathon,"Carderock, MD USA","November 15, 2015","Anita Trotter (F52)
3:36:07 20 5 / 1 F50-59 Damascus, MD, USA
2:58:19
BQ"
21,MIDD=4834151115,Potomac River Run Fall Marathon,"Carderock, MD USA","November 15, 2015","Katie Corradini (F31)
3:36:46 21 6 / 2 F30-39 Alexandria, VA, USA
3:36:25
 "
22,MIDD=4834151115,Potomac River Run Fall Marathon,"Carderock, MD USA","November 15, 2015","Jamey Fry Jr (M41)
3:37:30 22 16 / 3 M40-49 Gaithersburg, MD, USA
3:30:31
 "
23,MIDD=4834151115,Potomac River Run Fall Marathon,"Carderock, MD USA","November 15, 2015","Walter Barrera (M34)
3:38:47 23 17 / 6 M30-39 Washington, DC, USA
3:38:47
 "
24,MIDD=4834151115,Potomac River Run Fall Marathon,"Carderock, MD USA","November 15, 2015","Steve Kim (M52)
3:39:02 24 18 / 5 M50-59 Catonsville, MD, USA
3:12:41
 "
25,MIDD=4834151115,Potomac River Run Fall Marathon,"Carderock, MD USA","November 15, 2015","Daniel J. Riegel (M32)
3:40:45 25 19 / 7 M30-39 Takoma Park, MD, USA
3:40:45
 "
26,MIDD=4834151115,Potomac River Run Fall Marathon,"Carderock, MD USA","November 15, 2015","Robert Richie (M53)
3:44:58 26 20 / 6 M50-59 Takoma Park, MD, USA
3:16:06
 "
27,MIDD=4834151115,Potomac River Run Fall Marathon,"Carderock, MD USA","November 15, 2015","Matthew Kuniholm (M31)
3:46:04 27 21 / 8 M30-39 Washington, DC, USA
3:46:04
 "
28,MIDD=4834151115,Potomac River Run Fall Marathon,"Carderock, MD USA","November 15, 2015","Mary Catherine Bowman (F50)
3:48:32 28 7 / 2 F50-59 Silver Spring, MD, USA
3:13:32
BQ"
29,MIDD=4834151115,Potomac River Run Fall Marathon,"Carderock, MD USA","November 15, 2015","Marian Blazes (F47)
3:48:48 29 8 / 2 F40-49 Bethesda, MD, USA
3:21:15
BQ"
30,MIDD=4834151115,Potomac River Run Fall Marathon,"Carderock, MD USA","November 15, 2015","Brenda L. Olthoff (F45)
3:49:34 30 9 / 3 F40-49 Mesa, AZ, USA
3:26:55
BQ"
31,MIDD=4834151115,Potomac River Run Fall Marathon,"Carderock, MD USA","November 15, 2015","Clare Hollahan Donahue (F20)
3:50:22 31 10 / 3 F20-29 Albuquerque, NM, USA
3:50:12
 "
32,MIDD=4834151115,Potomac River Run Fall Marathon,"Carderock, MD USA","November 15, 2015","Ayumi Smith (F46)
3:50:34 32 11 / 4 F40-49 Ellicott City, MD, USA
3:25:19
BQ"
33,MIDD=4834151115,Potomac River Run Fall Marathon,"Carderock, MD USA","November 15, 2015","Mike Venezia (M24)
3:55:14 33 22 / 4 M20-29 Baltimore, MD, USA
3:55:14
 "
34,MIDD=4834151115,Potomac River Run Fall Marathon,"Carderock, MD USA","November 15, 2015","Dinny Bedard (F55)
3:56:01 34 12 / 3 F50-59 Frederick, MD, USA
3:07:01
BQ"
35,MIDD=4834151115,Potomac River Run Fall Marathon,"Carderock, MD USA","November 15, 2015","Jeffrey K. Potts (M30)
3:57:02 35 23 / 9 M30-39 Washington, DC, USA
3:57:02
 "
36,MIDD=4834151115,Potomac River Run Fall Marathon,"Carderock, MD USA","November 15, 2015","Dave Cunningham (M51)
3:57:20 36 24 / 7 M50-59 Superior, CO, USA
3:30:40
 "
37,MIDD=4834151115,Potomac River Run Fall Marathon,"Carderock, MD USA","November 15, 2015","John Rogan Ancona (M49)
3:57:29 37 25 / 4 M40-49 Kinnelon, NJ, USA
3:34:38
 "
38,MIDD=4834151115,Potomac River Run Fall Marathon,"Carderock, MD USA","November 15, 2015","Marcus Nelson (M45)
3:58:17 38 26 / 5 M40-49 McGuire AFB, NJ, USA
3:42:59
 "
39,MIDD=4834151115,Potomac River Run Fall Marathon,"Carderock, MD USA","November 15, 2015","Amy Elizabeth Kavanek (F24)
3:58:25 39 13 / 4 F20-29 Baltimore, MD, USA
3:58:25
 "
40,MIDD=4834151115,Potomac River Run Fall Marathon,"Carderock, MD USA","November 15, 2015","Maria Tornudd (F46)
4:01:46 40 14 / 5 F40-49 Rockville, MD, USA
3:35:17
 "
41,MIDD=4834151115,Potomac River Run Fall Marathon,"Carderock, MD USA","November 15, 2015","Sara Harmon (F33)
4:02:08 41 15 / 3 F30-39 Kernersville, NC, USA
4:00:36
 "
42,MIDD=4834151115,Potomac River Run Fall Marathon,"Carderock, MD USA","November 15, 2015","Rebecca Lynn Cloutier (F27)
4:06:03 42 16 / 5 F20-29 Maple Lake, MN, USA
4:06:03
 "
43,MIDD=4834151115,Potomac River Run Fall Marathon,"Carderock, MD USA","November 15, 2015","Rush Wickes (M38)
4:07:17 43 27 / 10 M30-39 Blue Diamond, NV, USA
4:05:03
 "
44,MIDD=4834151115,Potomac River Run Fall Marathon,"Carderock, MD USA","November 15, 2015","Marc Glorioso (M42)
4:09:23 44 28 / 6 M40-49 Ashburn, VA, USA
3:59:22
 "
45,MIDD=4834151115,Potomac River Run Fall Marathon,"Carderock, MD USA","November 15, 2015","Caroline Brooks (F23)
4:09:53 45 17 / 6 F20-29 Washington, DC, USA
4:09:53
 "
46,MIDD=4834151115,Potomac River Run Fall Marathon,"Carderock, MD USA","November 15, 2015","Kara Elise Silverman (F39)
4:15:37 46 18 / 4 F30-39 Glenside, PA, USA
4:05:35
 "
47,MIDD=4834151115,Potomac River Run Fall Marathon,"Carderock, MD USA","November 15, 2015","John Marshall Flynn (M40)
4:16:09 47 29 / 7 M40-49 Raleigh, NC, USA
4:09:58
 "
48,MIDD=4834151115,Potomac River Run Fall Marathon,"Carderock, MD USA","November 15, 2015","Tristan James Boughton (M30)
4:16:29 48 30 / 11 M30-39 Leesburg, VA, USA
4:16:29
 "
49,MIDD=4834151115,Potomac River Run Fall Marathon,"Carderock, MD USA","November 15, 2015","Bryson Filbert (M40)
4:17:08 49 31 / 8 M40-49 Potomac, MD, USA
4:10:56
 "
50,MIDD=4834151115,Potomac River Run Fall Marathon,"Carderock, MD USA","November 15, 2015","Michael Roberts (M38)
4:19:53 50 32 / 12 M30-39 Washington, DC, USA
4:17:32
 "
51,MIDD=4834151115,Potomac River Run Fall Marathon,"Carderock, MD USA","November 15, 2015","Eung Kim (M)
4:21:27 51 33 /    Potomac, MD, USA
 
 "
52,MIDD=4834151115,Potomac River Run Fall Marathon,"Carderock, MD USA","November 15, 2015","Ben Bowers (M36)
4:28:56 52 34 / 13 M30-39 Silver Spring, MD, USA
4:28:39
 "
53,MIDD=4834151115,Potomac River Run Fall Marathon,"Carderock, MD USA","November 15, 2015","Mark E. DeLuca (M53)
4:29:35 53 35 / 8 M50-59 Lexington Park, MD, USA
3:54:59
 "
54,MIDD=4834151115,Potomac River Run Fall Marathon,"Carderock, MD USA","November 15, 2015","Glen Stone (M46)
4:31:29 54 36 / 9 M40-49 Alexandria, VA, USA
4:11:52
 "
55,MIDD=4834151115,Potomac River Run Fall Marathon,"Carderock, MD USA","November 15, 2015","Erez Eitan (M34)
4:32:27 55 37 / 14 M30-39 Baltimore, MD, USA
4:32:27
 "
56,MIDD=4834151115,Potomac River Run Fall Marathon,"Carderock, MD USA","November 15, 2015","Michelle Lobpries (F40)
4:33:47 56 19 / 6 F40-49 Mooresville, NC, USA
4:20:48
 "
57,MIDD=4834151115,Potomac River Run Fall Marathon,"Carderock, MD USA","November 15, 2015","Sarah Nicole Thompson (F27)
4:40:49 57 20 / 7 F20-29 Capon Bridge, WV, USA
4:40:49
 "
58,MIDD=4834151115,Potomac River Run Fall Marathon,"Carderock, MD USA","November 15, 2015","Jon Alexander (M52)
4:43:20 58 38 / 9 M50-59 Shoreview, MN, USA
4:09:14
 "
59,MIDD=4834151115,Potomac River Run Fall Marathon,"Carderock, MD USA","November 15, 2015","Kristen Trivett (F29)
4:45:28 59 21 / 8 F20-29 Warrenton, VA, USA
4:45:28
 "
60,MIDD=4834151115,Potomac River Run Fall Marathon,"Carderock, MD USA","November 15, 2015","Carmen Westbrook (F35)
4:47:41 60 22 / 5 F30-39 Severna Park, MD, USA
4:43:37
 "
61,MIDD=4834151115,Potomac River Run Fall Marathon,"Carderock, MD USA","November 15, 2015","Richard Horn (M53)
4:49:04 61 39 / 10 M50-59 Potomac, MD, USA
4:11:58
 "
62,MIDD=4834151115,Potomac River Run Fall Marathon,"Carderock, MD USA","November 15, 2015","John Soscia (M51)
4:50:21 62 40 / 11 M50-59 Virginia Beach, VA, USA
4:17:44
 "
63,MIDD=4834151115,Potomac River Run Fall Marathon,"Carderock, MD USA","November 15, 2015","Nikolas Andrew Jaqua (M25)
4:50:40 63 41 / 5 M20-29 Annapolis, MD, USA
4:50:40
 "
64,MIDD=4834151115,Potomac River Run Fall Marathon,"Carderock, MD USA","November 15, 2015","Kerry Beard (F37)
4:50:48 64 23 / 6 F30-39 Myersville, MD, USA
4:43:30
 "
65,MIDD=4834151115,Potomac River Run Fall Marathon,"Carderock, MD USA","November 15, 2015","Michael Stievater (M57)
4:50:59 65 42 / 12 M50-59 Herndon, VA, USA
4:04:18
 "
66,MIDD=4834151115,Potomac River Run Fall Marathon,"Carderock, MD USA","November 15, 2015","Martin Kaestner (M45)
4:53:19 66 43 / 10 M40-49 Potomac, MD, USA
4:34:29
 "
67,MIDD=4834151115,Potomac River Run Fall Marathon,"Carderock, MD USA","November 15, 2015","Soledad Meade (F46)
4:55:01 67 24 / 7 F40-49 Milford, CT, USA
4:22:42
 "
68,MIDD=4834151115,Potomac River Run Fall Marathon,"Carderock, MD USA","November 15, 2015","Douglas L. Hazelgrove (M40)
4:55:23 68 44 / 11 M40-49 Centreville, VA, USA
4:48:15
 "
69,MIDD=4834151115,Potomac River Run Fall Marathon,"Carderock, MD USA","November 15, 2015","Kweon Mun (M51)
4:56:00 69 45 / 13 M50-59 Baltimore, MD, USA
4:22:45
 "
70,MIDD=4834151115,Potomac River Run Fall Marathon,"Carderock, MD USA","November 15, 2015","Emily Kline (F28)
5:06:37 70 25 / 9 F20-29 Hagerstown, MD, USA
5:06:37
 "
71,MIDD=4834151115,Potomac River Run Fall Marathon,"Carderock, MD USA","November 15, 2015","Cecelia F. Soscia (F52)
5:06:42 71 26 / 4 F50-59 Virginia Beach, VA, USA
4:13:03
 "
72,MIDD=4834151115,Potomac River Run Fall Marathon,"Carderock, MD USA","November 15, 2015","Jessica Hollis (F39)
5:07:52 72 27 / 7 F30-39 Middletown, MD, USA
4:55:47
 "
73,MIDD=4834151115,Potomac River Run Fall Marathon,"Carderock, MD USA","November 15, 2015","Michael Edward Nystrom (M30)
5:08:18 73 46 / 15 M30-39 Fairfax, VA, USA
5:08:18
 "
74,MIDD=4834151115,Potomac River Run Fall Marathon,"Carderock, MD USA","November 15, 2015","Carolynn Parker (F56)
5:12:56 74 28 / 5 F50-59 Harrah, OK, USA
4:04:33
 "
75,MIDD=4834151115,Potomac River Run Fall Marathon,"Carderock, MD USA","November 15, 2015","Kimberly Beaver (F29)
5:14:04 75 29 / 10 F20-29 White Hall, MD, USA
5:14:04
 "
76,MIDD=4834151115,Potomac River Run Fall Marathon,"Carderock, MD USA","November 15, 2015","Matthew Thomas Fisher (M33)
5:16:16 76 47 / 16 M30-39 Louisville, KY, USA
5:16:16
 "
77,MIDD=4834151115,Potomac River Run Fall Marathon,"Carderock, MD USA","November 15, 2015","Joseph Balinas (M31)
5:17:36 77 48 / 17 M30-39 Rockville, MD, USA
5:17:36
 "
78,MIDD=4834151115,Potomac River Run Fall Marathon,"Carderock, MD USA","November 15, 2015","Robert Leggieri (M31)
5:18:52 78 49 / 18 M30-39 Middletown, MD, USA
5:18:52
 "
79,MIDD=4834151115,Potomac River Run Fall Marathon,"Carderock, MD USA","November 15, 2015","Amy Alderson (F37)
5:20:25 79 30 / 8 F30-39 Horsham, PA, USA
5:12:22
 "
80,MIDD=4834151115,Potomac River Run Fall Marathon,"Carderock, MD USA","November 15, 2015","Jerry Irwin (M63)
5:20:25 80 50 / 1 M60-69 Manassas, VA, USA
4:13:36
 "
81,MIDD=4834151115,Potomac River Run Fall Marathon,"Carderock, MD USA","November 15, 2015","Ashley Emily Yiu (F19)
5:22:10 81 31 / 1 F0-19 Washington, DC, USA
5:20:06
 "
82,MIDD=4834151115,Potomac River Run Fall Marathon,"Carderock, MD USA","November 15, 2015","Brian Thomas Mulcahy (M58)
5:22:10 82 51 / 14 M50-59 Newton, NJ, USA
4:27:54
 "
83,MIDD=4834151115,Potomac River Run Fall Marathon,"Carderock, MD USA","November 15, 2015","Chris Cox (M45)
5:25:21 83 52 / 12 M40-49 Gastonia, NC, USA
5:04:27
 "
84,MIDD=4834151115,Potomac River Run Fall Marathon,"Carderock, MD USA","November 15, 2015","Lauren Oppenlander (F38)
5:25:40 84 32 / 9 F30-39 Portage, MI, USA
5:15:18
 "
85,MIDD=4834151115,Potomac River Run Fall Marathon,"Carderock, MD USA","November 15, 2015","Endre Laszlo Esztergomi (M43)
5:26:06 85 53 / 13 M40-49 Bethesda, MD, USA
5:10:24
 "
86,MIDD=4834151115,Potomac River Run Fall Marathon,"Carderock, MD USA","November 15, 2015","Syed Hashmi (M58)
5:31:27 86 54 / 15 M50-59 Simsbury, CT, USA
4:35:38
 "
87,MIDD=4834151115,Potomac River Run Fall Marathon,"Carderock, MD USA","November 15, 2015","Bryan J. Pearsall (M35)
5:32:26 87 55 / 19 M30-39 Centreville, VA, USA
5:32:26
 "
88,MIDD=4834151115,Potomac River Run Fall Marathon,"Carderock, MD USA","November 15, 2015","Jonathan Bialek (M36)
5:33:32 88 56 / 20 M30-39 Clarence Center, NY, USA
5:33:11
 "
89,MIDD=4834151115,Potomac River Run Fall Marathon,"Carderock, MD USA","November 15, 2015","Kathleen Kilbride Schaefe (F47)
5:33:59 89 33 / 8 F40-49 Valley Forge, PA, USA
4:53:46
 "
90,MIDD=4834151115,Potomac River Run Fall Marathon,"Carderock, MD USA","November 15, 2015","Dale Koethe (F60)
5:36:01 90 34 / 1 F60-69 Chelmsford, MA, USA
4:07:52
 "
91,MIDD=4834151115,Potomac River Run Fall Marathon,"Carderock, MD USA","November 15, 2015","Ryan Moore (M23)
5:36:46 91 57 / 6 M20-29 Arlington, VA, USA
5:36:46
 "
92,MIDD=4834151115,Potomac River Run Fall Marathon,"Carderock, MD USA","November 15, 2015","Ashley Kelly (F22)
5:39:41 92 35 / 11 F20-29 Walkersville, MD, USA
5:39:41
 "
93,MIDD=4834151115,Potomac River Run Fall Marathon,"Carderock, MD USA","November 15, 2015","Frank Kelly (M53)
5:39:45 93 58 / 16 M50-59 Walkersville, MD, USA
4:56:09
 "
94,MIDD=4834151115,Potomac River Run Fall Marathon,"Carderock, MD USA","November 15, 2015","John Chuong Nguyen (M47)
5:41:08 94 59 / 14 M40-49 Washington, DC, USA
5:13:46
 "
95,MIDD=4834151115,Potomac River Run Fall Marathon,"Carderock, MD USA","November 15, 2015","Renee Taylor (F41)
5:43:20 95 36 / 9 F40-49 Cary, NC, USA
5:23:56
 "
96,MIDD=4834151115,Potomac River Run Fall Marathon,"Carderock, MD USA","November 15, 2015","Joseph Post (M24)
5:43:28 96 60 / 7 M20-29 Riverdale, MD, USA
5:43:28
 "
97,MIDD=4834151115,Potomac River Run Fall Marathon,"Carderock, MD USA","November 15, 2015","Sue Cottrill (F53)
5:47:56 97 37 / 6 F50-59 Lynn Haven, FL, USA
4:43:17
 "
98,MIDD=4834151115,Potomac River Run Fall Marathon,"Carderock, MD USA","November 15, 2015","Ari Silver-Isenstadt (M47)
5:48:27 98 61 / 15 M40-49 Laurel, MD, USA
5:20:30
 "
99,MIDD=4834151115,Potomac River Run Fall Marathon,"Carderock, MD USA","November 15, 2015","Charles Russell Hunt (M26)
5:52:13 99 62 / 8 M20-29 Washington, DC, USA
5:52:13
 "
100,MIDD=4834151115,Potomac River Run Fall Marathon,"Carderock, MD USA","November 15, 2015","Cardell Williams (M55)
5:52:28 100 63 / 17 M50-59 Laurel, MD, USA
5:01:34
 "
101,MIDD=4834151115,Potomac River Run Fall Marathon,"Carderock, MD USA","November 15, 2015","Amy West (F44)
5:55:17 101 38 / 10 F40-49 Overland Park, KS, USA
5:24:07
 "
102,MIDD=4834151115,Potomac River Run Fall Marathon,"Carderock, MD USA","November 15, 2015","Sheree Reece (F45)
5:55:20 102 39 / 11 F40-49 Overland Park, KS, USA
5:20:17
 "
103,MIDD=4834151115,Potomac River Run Fall Marathon,"Carderock, MD USA","November 15, 2015","Ilham Khan (F43)
5:57:05 103 40 / 12 F40-49 Lorton, VA, USA
5:29:39
 "
104,MIDD=4834151115,Potomac River Run Fall Marathon,"Carderock, MD USA","November 15, 2015","Anne-Noel Occhialino (F43)
5:57:19 104 41 / 13 F40-49 Silver Spring, MD, USA
5:29:52
 "
105,MIDD=4834151115,Potomac River Run Fall Marathon,"Carderock, MD USA","November 15, 2015","Sandy Austin (F49)
5:58:34 105 42 / 14 F40-49 Greenville, SC, USA
5:07:34
 "
106,MIDD=4834151115,Potomac River Run Fall Marathon,"Carderock, MD USA","November 15, 2015","Rebecca Leggieri (F31)
5:59:35 106 43 / 10 F30-39 Middletown, MD, USA
5:59:00
 "
107,MIDD=4834151115,Potomac River Run Fall Marathon,"Carderock, MD USA","November 15, 2015","John Yancigay (M52)
6:02:27 107 64 / 18 M50-59 East Islip, NY, USA
5:18:50
 "
108,MIDD=4834151115,Potomac River Run Fall Marathon,"Carderock, MD USA","November 15, 2015","Megan Dillavou (F41)
6:05:52 108 44 / 15 F40-49 Overland Park, KS, USA
5:45:11
 "
109,MIDD=4834151115,Potomac River Run Fall Marathon,"Carderock, MD USA","November 15, 2015","Krista Stigall (F46)
6:05:54 109 45 / 16 F40-49 Overland Park, KS, USA
5:25:50
 "
110,MIDD=4834151115,Potomac River Run Fall Marathon,"Carderock, MD USA","November 15, 2015","Grace Chan (F31)
6:06:47 110 46 / 11 F30-39 Reston, VA, USA
6:06:11
 "
111,MIDD=4834151115,Potomac River Run Fall Marathon,"Carderock, MD USA","November 15, 2015","Wilfredo Franceschini (M40)
6:07:36 111 65 / 16 M40-49 Alexandria, VA, USA
5:58:44
 "
112,MIDD=4834151115,Potomac River Run Fall Marathon,"Carderock, MD USA","November 15, 2015","Sterling Scroggins (M66)
6:09:04 112 66 / 2 M60-69 Washington, DC, USA
4:43:13
 "
113,MIDD=4834151115,Potomac River Run Fall Marathon,"Carderock, MD USA","November 15, 2015","Jocelyn Frankow (F53)
6:10:28 113 47 / 7 F50-59 Calgary, AB, Canada
5:01:38
 "
114,MIDD=4834151115,Potomac River Run Fall Marathon,"Carderock, MD USA","November 15, 2015","Glenn Easley (M47)
6:13:38 114 67 / 17 M40-49 Fairfaix, VA, USA
5:43:40
 "
115,MIDD=4834151115,Potomac River Run Fall Marathon,"Carderock, MD USA","November 15, 2015","Kanita Howard (F44)
6:13:46 115 48 / 17 F40-49 Washington, DC, USA
5:40:59
 "
116,MIDD=4834151115,Potomac River Run Fall Marathon,"Carderock, MD USA","November 15, 2015","Suzanne Whitehead (F49)
6:14:05 116 49 / 18 F40-49 Memphis, TN, USA
5:20:53
 "
117,MIDD=4834151115,Potomac River Run Fall Marathon,"Carderock, MD USA","November 15, 2015","Paul Mongell (M66)
6:15:23 117 68 / 3 M60-69 Connellsville, PA, USA
4:48:04
 "
118,MIDD=4834151115,Potomac River Run Fall Marathon,"Carderock, MD USA","November 15, 2015","Joanne Lin (F46)
6:16:38 118 50 / 19 F40-49 Washington, DC, USA
5:35:23
 "
119,MIDD=4834151115,Potomac River Run Fall Marathon,"Carderock, MD USA","November 15, 2015","Hilary Katherine Beall (F30)
6:24:07 119 51 / 12 F30-39 College Park, MD, USA
6:23:57
 "
120,MIDD=4834151115,Potomac River Run Fall Marathon,"Carderock, MD USA","November 15, 2015","Grece Alliance Tegam (F38)
6:30:16 120 52 / 13 F30-39 Silver Spring, MD, USA
6:17:51
 "
121,MIDD=4834151115,Potomac River Run Fall Marathon,"Carderock, MD USA","November 15, 2015","Jamie Lynn Rivenburg (F35)
6:34:29 121 53 / 14 F30-39 Waldorf, MD, USA
6:28:55
 "
122,MIDD=4834151115,Potomac River Run Fall Marathon,"Carderock, MD USA","November 15, 2015","Jennifer Ann Milligan (F35)
6:35:49 122 54 / 15 F30-39 Kansas City, MO, USA
6:30:14
 "
123,MIDD=4834151115,Potomac River Run Fall Marathon,"Carderock, MD USA","November 15, 2015","Marisa Yearta (F39)
6:35:56 123 55 / 16 F30-39 Germantown, MD, USA
6:20:24
 "
124,MIDD=4834151115,Potomac River Run Fall Marathon,"Carderock, MD USA","November 15, 2015","Christelle Douillet (F47)
6:36:32 124 56 / 20 F40-49 Chapel Hill, NC, USA
5:48:47
 "
125,MIDD=4834151115,Potomac River Run Fall Marathon,"Carderock, MD USA","November 15, 2015","Rhya Marohn (F40)
6:38:20 125 57 / 21 F40-49 La Plata, MD, USA
6:19:27
 "
126,MIDD=4834151115,Potomac River Run Fall Marathon,"Carderock, MD USA","November 15, 2015","Patricia Dewey (F60)
6:40:45 126 58 / 2 F60-69 Memphis, TN, USA
4:55:37
 "
127,MIDD=4834151115,Potomac River Run Fall Marathon,"Carderock, MD USA","November 15, 2015","Jim Viner (M54)
6:41:03 127 69 / 19 M50-59 Bethesda, MD, USA
5:46:23
 "
128,MIDD=4834151115,Potomac River Run Fall Marathon,"Carderock, MD USA","November 15, 2015","Lauren Archibald (F26)
6:41:26 128 59 / 12 F20-29 Reston, VA, USA
6:41:26
 "
129,MIDD=4834151115,Potomac River Run Fall Marathon,"Carderock, MD USA","November 15, 2015","Tammy Jeanne Massie (F43)
6:41:33 129 60 / 22 F40-49 Gaithersburg, MD, USA
6:10:42
 "
130,MIDD=4834151115,Potomac River Run Fall Marathon,"Carderock, MD USA","November 15, 2015","Steven Archibald (M31)
6:41:45 130 70 / 21 M30-39 Reston, VA, USA
6:41:45
 "
131,MIDD=4834151115,Potomac River Run Fall Marathon,"Carderock, MD USA","November 15, 2015","Frank Fumich (M48)
6:46:06 131 71 / 18 M40-49 Arlington, VA, USA
6:10:16
 "
132,MIDD=4834151115,Potomac River Run Fall Marathon,"Carderock, MD USA","November 15, 2015","Alyssa Mitchell (F45)
7:02:36 132 61 / 23 F40-49 Ellicott City, MD, USA
6:20:55
 "
133,MIDD=4834151115,Potomac River Run Fall Marathon,"Carderock, MD USA","November 15, 2015","Catherine Kimball-Eayrs (F44)
7:06:46 133 62 / 24 F40-49 Silver Spring, MD, USA
6:29:20
 "
134,MIDD=4834151115,Potomac River Run Fall Marathon,"Carderock, MD USA","November 15, 2015","Marlon Brown (M36)
7:13:34 134 72 / 22 M30-39 Laurel, MD, USA
7:13:07
 "
135,MIDD=4834151115,Potomac River Run Fall Marathon,"Carderock, MD USA","November 15, 2015","Brittany KayLyn Artigues (F26)
7:17:04 135 63 / 13 F20-29 Chester, MD, USA
7:17:04
 "
136,MIDD=4834151115,Potomac River Run Fall Marathon,"Carderock, MD USA","November 15, 2015","Joseph D. Horton (M44)
7:21:27 136 73 / 19 M40-49 Bethesda, MD, USA
6:56:41
 "
137,MIDD=4834151115,Potomac River Run Fall Marathon,"Carderock, MD USA","November 15, 2015","Moges Abebe (M37)
7:21:30 137 74 / 23 M30-39 Crofton, MD, USA
7:19:44
 "
138,MIDD=4834151115,Potomac River Run Fall Marathon,"Carderock, MD USA","November 15, 2015","Deborah Kay White (F61)
7:31:27 138 64 / 3 F60-69 Piedmont, SC, USA
5:27:58
 "
139,MIDD=4834151115,Potomac River Run Fall Marathon,"Carderock, MD USA","November 15, 2015","Liz Santos (F45)
7:34:38 139 65 / 25 F40-49 Washington, DC, USA
6:49:48
 "
140,MIDD=4834151115,Potomac River Run Fall Marathon,"Carderock, MD USA","November 15, 2015","Cynthia Trout (F49)
7:35:03 140 66 / 26 F40-49 Frederick, MD, USA
6:30:20
 "
141,MIDD=4834151115,Potomac River Run Fall Marathon,"Carderock, MD USA","November 15, 2015","Catherine Codd (F41)
7:35:05 141 67 / 27 F40-49 Mt. Airy, MD, USA
7:09:22
 "
142,MIDD=4834151115,Potomac River Run Fall Marathon,"Carderock, MD USA","November 15, 2015","Chang Ku Kang (M57)
7:42:56 142 75 / 20 M50-59 Laurel, MD, USA
6:28:40
 "
143,MIDD=4834151115,Potomac River Run Fall Marathon,"Carderock, MD USA","November 15, 2015","Lauren Yancigay (F26)
7:47:47 143 68 / 14 F20-29 East Islip, NY, USA
7:47:47
 "
144,MIDD=4834151115,Potomac River Run Fall Marathon,"Carderock, MD USA","November 15, 2015","Soo Nam Lim (F49)
7:50:51 144 69 / 28 F40-49 Ellicott City, MD, USA
6:43:53
 "
145,MIDD=4834151115,Potomac River Run Fall Marathon,"Carderock, MD USA","November 15, 2015","Rachel Kavanagh (F40)
7:56:22 145 70 / 29 F40-49 Frederick, MD, USA
7:33:47
 "
146,MIDD=4834151115,Potomac River Run Fall Marathon,"Carderock, MD USA","November 15, 2015","John Frederick Shatto (M58)
8:02:51 146 76 / 21 M50-59 Frederick, MD, USA
6:41:32
 "
