,race_id,race,location,date,runners
0,MIDD=3741151107,Soldier Marathon,"Columbus, GA USA","November 7, 2015","

Have you run this race?Then tell us about it.

Last Name, First Name(Sex/Age)
Time OverAllPlace
Sex Place/Div Place
DIV 
City, State, Country AG Time* BQ*"
1,MIDD=3741151107,Soldier Marathon,"Columbus, GA USA","November 7, 2015","Ian Brown (M50)
2:58:54 1 1 / 1 M50-54 Americus, GA, USA
2:40:14
BQ"
2,MIDD=3741151107,Soldier Marathon,"Columbus, GA USA","November 7, 2015","Bob Vanlangenhoven (M53)
3:03:00 2 2 / 2 M50-54 T Collins, CO, USA
2:39:31
BQ"
3,MIDD=3741151107,Soldier Marathon,"Columbus, GA USA","November 7, 2015","Chad Jones (M35)
3:09:36 3 3 / 1 M35-39 fort benning, GA, USA
3:09:36
BQ"
4,MIDD=3741151107,Soldier Marathon,"Columbus, GA USA","November 7, 2015","Neil Struby (M39)
3:09:54 4 4 / 2 M35-39 Decatur, GA, USA
3:06:51
BQ"
5,MIDD=3741151107,Soldier Marathon,"Columbus, GA USA","November 7, 2015","Matthew Slocum (M23)
3:14:10 5 5 / 1 M20-24 Ft. Benning, GA, USA
3:14:10
 "
6,MIDD=3741151107,Soldier Marathon,"Columbus, GA USA","November 7, 2015","Mark Tombrink (M28)
3:14:22 6 6 / 1 M25-29 Tallahassee, FL, USA
3:14:22
 "
7,MIDD=3741151107,Soldier Marathon,"Columbus, GA USA","November 7, 2015","Francis Kung'u (M52)
3:15:25 7 7 / 3 M50-54 Alpharetta, GA, USA
2:51:54
BQ"
8,MIDD=3741151107,Soldier Marathon,"Columbus, GA USA","November 7, 2015","Martin Angulo (M39)
3:17:08 8 8 / 3 M35-39 Fort Benning, GA, USA
3:13:58
 "
9,MIDD=3741151107,Soldier Marathon,"Columbus, GA USA","November 7, 2015","Allen Leth (M40)
3:17:55 9 9 / 1 M40-44 Fort Benning, GA, USA
3:13:08
 "
10,MIDD=3741151107,Soldier Marathon,"Columbus, GA USA","November 7, 2015","Andrew Mullins (M30)
3:20:02 10 10 / 1 M30-34 Columbus, GA, USA
3:20:02
 "
11,MIDD=3741151107,Soldier Marathon,"Columbus, GA USA","November 7, 2015","Michael Blanchard (M27)
3:20:12 11 11 / 2 M25-29 Columbus, GA, USA
3:20:12
 "
12,MIDD=3741151107,Soldier Marathon,"Columbus, GA USA","November 7, 2015","Paul Schultz (M46)
3:20:59 12 12 / 1 M45-49 Peach Tree City, GA, USA
3:06:28
BQ"
13,MIDD=3741151107,Soldier Marathon,"Columbus, GA USA","November 7, 2015","Daniel Jones (M42)
3:21:09 13 13 / 2 M40-44  
3:13:05
 "
14,MIDD=3741151107,Soldier Marathon,"Columbus, GA USA","November 7, 2015","gordon warren (M44)
3:21:44 14 14 / 3 M40-44 alpharetta, GA, USA
3:10:24
 "
15,MIDD=3741151107,Soldier Marathon,"Columbus, GA USA","November 7, 2015","Steven Speakman (M42)
3:23:42 15 15 / 4 M40-44 Auburn, AL, USA
3:15:31
 "
16,MIDD=3741151107,Soldier Marathon,"Columbus, GA USA","November 7, 2015","George Barthelmes (M45)
3:24:05 16 16 / 2 M45-49 Bryceville, FL, USA
3:10:58
BQ"
17,MIDD=3741151107,Soldier Marathon,"Columbus, GA USA","November 7, 2015","Xiaodong Song (M47)
3:25:14 17 17 / 3 M45-49  
3:08:46
 "
18,MIDD=3741151107,Soldier Marathon,"Columbus, GA USA","November 7, 2015","Michael Catron (M29)
3:25:24 18 18 / 3 M25-29 Midland, GA, USA
3:25:24
 "
19,MIDD=3741151107,Soldier Marathon,"Columbus, GA USA","November 7, 2015","Scott Brannam (M50)
3:25:26 19 19 / 4 M50-54 Alexandria, VA, USA
3:04:00
BQ"
20,MIDD=3741151107,Soldier Marathon,"Columbus, GA USA","November 7, 2015","Xuan Zheng (M40)
3:26:46 20 20 / 5 M40-44 Cumming, GA, USA
3:21:47
 "
21,MIDD=3741151107,Soldier Marathon,"Columbus, GA USA","November 7, 2015","Matthew Darisse (M50)
3:27:34 21 21 / 5 M50-54 Ararat, NC, USA
3:05:55
BQ"
22,MIDD=3741151107,Soldier Marathon,"Columbus, GA USA","November 7, 2015","moses kariuki (M38)
3:29:50 22 22 / 4 M35-39 Auburn, AL, USA
3:27:56
 "
23,MIDD=3741151107,Soldier Marathon,"Columbus, GA USA","November 7, 2015","Johnattan Gonzalez (M24)
3:30:31 23 23 / 2 M20-24 Milton, FL, USA
3:30:31
 "
24,MIDD=3741151107,Soldier Marathon,"Columbus, GA USA","November 7, 2015","David Yin (M50)
3:31:05 24 24 / 6 M50-54  
3:09:04
 "
25,MIDD=3741151107,Soldier Marathon,"Columbus, GA USA","November 7, 2015","James Hill (M32)
3:31:12 25 25 / 2 M30-34 Opelika, AL, USA
3:31:12
 "
26,MIDD=3741151107,Soldier Marathon,"Columbus, GA USA","November 7, 2015","Sam Wyatt (F40)
3:31:50 26 1 / 1 F40-44 decatur, AL, USA
3:21:47
BQ"
27,MIDD=3741151107,Soldier Marathon,"Columbus, GA USA","November 7, 2015","Jack McDermott (M46)
3:34:09 27 26 / 4 M45-49 Tallahassee, FL, USA
3:18:41
 "
28,MIDD=3741151107,Soldier Marathon,"Columbus, GA USA","November 7, 2015","Brenda Hitz (F52)
3:34:19 28 2 / 1 F50-54 Columbus, GA, USA
2:56:49
BQ"
29,MIDD=3741151107,Soldier Marathon,"Columbus, GA USA","November 7, 2015","Philip Friedrich (M19)
3:35:08 29 27 / 1 M0-19 Houston, TX, USA
3:29:51
 "
30,MIDD=3741151107,Soldier Marathon,"Columbus, GA USA","November 7, 2015","Andrea Shrote (F37)
3:36:01 30 3 / 1 F35-39 Alpharetta, GA, USA
3:30:35
BQ"
31,MIDD=3741151107,Soldier Marathon,"Columbus, GA USA","November 7, 2015","Sara Stone (F34)
3:36:29 31 4 / 1 F30-34 Atlanta, GA, USA
3:34:21
 "
32,MIDD=3741151107,Soldier Marathon,"Columbus, GA USA","November 7, 2015","Shafton Fraley (M43)
3:37:07 32 28 / 6 M40-44 Mcdonough, GA, USA
3:26:40
 "
33,MIDD=3741151107,Soldier Marathon,"Columbus, GA USA","November 7, 2015","Tony Burkett (M49)
3:37:40 33 29 / 5 M45-49 Midland, GA, USA
3:16:43
 "
34,MIDD=3741151107,Soldier Marathon,"Columbus, GA USA","November 7, 2015","John Manion (M26)
3:37:41 34 30 / 4 M25-29 Columbus, GA, USA
3:37:41
 "
35,MIDD=3741151107,Soldier Marathon,"Columbus, GA USA","November 7, 2015","Dawn Hultstrom (F48)
3:37:42 35 5 / 1 F45-49 Woodstock, GA, USA
3:09:06
BQ"
36,MIDD=3741151107,Soldier Marathon,"Columbus, GA USA","November 7, 2015","David Swanson (M27)
3:40:28 36 31 / 5 M25-29 Fort Benning, GA, USA
3:40:28
 "
37,MIDD=3741151107,Soldier Marathon,"Columbus, GA USA","November 7, 2015","Colton Becker (M24)
3:40:47 37 32 / 3 M20-24 Columbus, GA, USA
3:40:47
 "
38,MIDD=3741151107,Soldier Marathon,"Columbus, GA USA","November 7, 2015","Alison Steglich (F39)
3:41:29 38 6 / 2 F35-39 Auburn, AL, USA
3:32:48
 "
39,MIDD=3741151107,Soldier Marathon,"Columbus, GA USA","November 7, 2015","Shifang Sun (M51)
3:43:03 39 33 / 7 M50-54 Alpharetta, GA, USA
3:18:00
 "
40,MIDD=3741151107,Soldier Marathon,"Columbus, GA USA","November 7, 2015","Xu Pan (M42)
3:43:04 40 34 / 7 M40-44 Marietta, GA, USA
3:34:07
 "
41,MIDD=3741151107,Soldier Marathon,"Columbus, GA USA","November 7, 2015","Rusty Burns (M46)
3:43:28 41 35 / 6 M45-49 Fayetteville, GA, USA
3:27:19
 "
42,MIDD=3741151107,Soldier Marathon,"Columbus, GA USA","November 7, 2015","Danette Betts (F51)
3:43:41 42 7 / 2 F50-54 Alpharetta, GA, USA
3:06:59
BQ"
43,MIDD=3741151107,Soldier Marathon,"Columbus, GA USA","November 7, 2015","Kim Mixon (F38)
3:44:31 43 8 / 3 F35-39 Phenix City, AL, USA
3:37:22
 "
44,MIDD=3741151107,Soldier Marathon,"Columbus, GA USA","November 7, 2015","Allen Smith (M48)
3:44:41 44 36 / 7 M45-49 Auburn, AL, USA
3:24:51
 "
45,MIDD=3741151107,Soldier Marathon,"Columbus, GA USA","November 7, 2015","Greg Yates (M51)
3:45:06 45 37 / 8 M50-54 Buford, GA, USA
3:19:49
 "
46,MIDD=3741151107,Soldier Marathon,"Columbus, GA USA","November 7, 2015","Henry Wang (M49)
3:45:43 46 38 / 8 M45-49 Johns Creek, GA, USA
3:24:00
 "
47,MIDD=3741151107,Soldier Marathon,"Columbus, GA USA","November 7, 2015","Joshua Smith (M39)
3:45:45 47 39 / 5 M35-39 Riverview, FL, USA
3:42:08
 "
48,MIDD=3741151107,Soldier Marathon,"Columbus, GA USA","November 7, 2015","Dennis Koenig (M18)
3:46:14 48 40 / 2 M0-19 Milledgeville, GA, USA
3:37:31
 "
49,MIDD=3741151107,Soldier Marathon,"Columbus, GA USA","November 7, 2015","Zhihui Yin (M51)
3:46:19 49 41 / 9 M50-54  
3:20:54
 "
50,MIDD=3741151107,Soldier Marathon,"Columbus, GA USA","November 7, 2015","Joey Benavides (M41)
3:47:10 50 42 / 8 M40-44 ft benning, GA, USA
3:39:52
 "
51,MIDD=3741151107,Soldier Marathon,"Columbus, GA USA","November 7, 2015","Adam Weinbaum (M50)
3:47:25 51 43 / 10 M50-54 Columbus, GA, USA
3:23:41
 "
52,MIDD=3741151107,Soldier Marathon,"Columbus, GA USA","November 7, 2015","John Allen (M44)
3:47:45 52 44 / 9 M40-44 Sharpsburg, GA, USA
3:34:58
 "
53,MIDD=3741151107,Soldier Marathon,"Columbus, GA USA","November 7, 2015","Jaridd Leute (M30)
3:49:12 53 45 / 3 M30-34 Columbus, GA, USA
3:49:12
 "
54,MIDD=3741151107,Soldier Marathon,"Columbus, GA USA","November 7, 2015","Daniel Albers (M34)
3:49:31 54 46 / 4 M30-34 Fort Knox, KY, USA
3:49:31
 "
55,MIDD=3741151107,Soldier Marathon,"Columbus, GA USA","November 7, 2015","Wallace Isom (M41)
3:49:48 55 47 / 10 M40-44 Pembroke, GA, USA
3:42:25
 "
56,MIDD=3741151107,Soldier Marathon,"Columbus, GA USA","November 7, 2015","Suman Silwal (M46)
3:51:34 56 48 / 9 M45-49 Pelham, AL, USA
3:34:50
 "
57,MIDD=3741151107,Soldier Marathon,"Columbus, GA USA","November 7, 2015","Samantha Cocca (F25)
3:51:47 57 9 / 1 F25-29 Columbus, GA, USA
3:51:47
 "
58,MIDD=3741151107,Soldier Marathon,"Columbus, GA USA","November 7, 2015","Joshua Rolfes (M34)
3:52:13 58 49 / 5 M30-34 columbus, GA, USA
3:52:13
 "
59,MIDD=3741151107,Soldier Marathon,"Columbus, GA USA","November 7, 2015","Mohammad Amini (M58)
3:52:24 59 50 / 1 M55-59 Peachtree City, GA, USA
3:13:15
 "
60,MIDD=3741151107,Soldier Marathon,"Columbus, GA USA","November 7, 2015","Alan Maloney (M48)
3:52:44 60 51 / 10 M45-49 Tampa, FL, USA
3:32:12
 "
61,MIDD=3741151107,Soldier Marathon,"Columbus, GA USA","November 7, 2015","Chris Jones (M22)
3:52:48 61 52 / 4 M20-24 Robins AFB, GA, USA
3:52:41
 "
62,MIDD=3741151107,Soldier Marathon,"Columbus, GA USA","November 7, 2015","Osamu Sato (M50)
3:53:43 62 53 / 11 M50-54 Marietta, GA, USA
3:29:20
 "
63,MIDD=3741151107,Soldier Marathon,"Columbus, GA USA","November 7, 2015","Casey Geringer (F43)
3:54:10 63 10 / 2 F40-44 Columbus, GA, USA
3:36:10
 "
64,MIDD=3741151107,Soldier Marathon,"Columbus, GA USA","November 7, 2015","Rhonda Bechard (F45)
3:54:10 64 11 / 2 F45-49 Midland, GA, USA
3:31:04
BQ"
65,MIDD=3741151107,Soldier Marathon,"Columbus, GA USA","November 7, 2015","Alban Norton (M36)
3:54:12 65 54 / 6 M35-39 Clarksville, TN, USA
3:53:57
 "
66,MIDD=3741151107,Soldier Marathon,"Columbus, GA USA","November 7, 2015","Matthew Littleton (M45)
3:54:40 66 55 / 11 M45-49 moultrie, GA, USA
3:39:36
 "
67,MIDD=3741151107,Soldier Marathon,"Columbus, GA USA","November 7, 2015","Kelly Brackin (F34)
3:54:42 67 12 / 2 F30-34 Phenix City, AL, USA
3:52:23
 "
68,MIDD=3741151107,Soldier Marathon,"Columbus, GA USA","November 7, 2015","Yubo Pei (M42)
3:55:01 68 56 / 11 M40-44  
3:45:35
 "
69,MIDD=3741151107,Soldier Marathon,"Columbus, GA USA","November 7, 2015","Paul Shepherd (M42)
3:55:12 69 57 / 12 M40-44 Griffin, GA, USA
3:45:46
 "
70,MIDD=3741151107,Soldier Marathon,"Columbus, GA USA","November 7, 2015","Jennifer Bartholomew (F47)
3:55:29 70 13 / 3 F45-49 Byron, GA, USA
3:27:07
 "
71,MIDD=3741151107,Soldier Marathon,"Columbus, GA USA","November 7, 2015","Richard Clayton (M22)
3:55:32 71 58 / 5 M20-24 Winter Park, FL, USA
3:55:24
 "
72,MIDD=3741151107,Soldier Marathon,"Columbus, GA USA","November 7, 2015","David Rooks (M35)
3:55:41 72 59 / 7 M35-39 Carrollton, GA, USA
3:55:41
 "
73,MIDD=3741151107,Soldier Marathon,"Columbus, GA USA","November 7, 2015","Arlene Nichols Saffian (F47)
3:55:45 73 14 / 4 F45-49 NEWNAN, GA, USA
3:27:21
 "
74,MIDD=3741151107,Soldier Marathon,"Columbus, GA USA","November 7, 2015","Dusty Hall (M39)
3:56:06 74 60 / 8 M35-39 Auburn, AL, USA
3:52:19
 "
75,MIDD=3741151107,Soldier Marathon,"Columbus, GA USA","November 7, 2015","Rob Kindrick (M50)
3:56:08 75 61 / 12 M50-54 Pine Mountain, GA, USA
3:31:30
 "
76,MIDD=3741151107,Soldier Marathon,"Columbus, GA USA","November 7, 2015","Catherine Wanyolke (F37)
3:56:57 76 15 / 4 F35-39  
3:51:00
 "
77,MIDD=3741151107,Soldier Marathon,"Columbus, GA USA","November 7, 2015","Margaret Sauve (F35)
3:57:29 77 16 / 5 F35-39 Midlothian, VA, USA
3:54:08
 "
78,MIDD=3741151107,Soldier Marathon,"Columbus, GA USA","November 7, 2015","maia paris (F28)
3:58:16 78 17 / 2 F25-29 Fort benning, GA, USA
3:58:16
 "
79,MIDD=3741151107,Soldier Marathon,"Columbus, GA USA","November 7, 2015","Emma Spencer (F34)
3:59:03 79 18 / 3 F30-34 Tallahassee, FL, USA
3:56:42
 "
80,MIDD=3741151107,Soldier Marathon,"Columbus, GA USA","November 7, 2015","Jacque Wilkins (F29)
3:59:18 80 19 / 3 F25-29 Atlanta, GA, USA
3:59:18
 "
81,MIDD=3741151107,Soldier Marathon,"Columbus, GA USA","November 7, 2015","Katie Maehlmann (F38)
3:59:26 81 20 / 6 F35-39 Madison, AL, USA
3:51:49
 "
82,MIDD=3741151107,Soldier Marathon,"Columbus, GA USA","November 7, 2015","Andrew Bond (M33)
3:59:27 82 62 / 6 M30-34 Columbus, GA, USA
3:59:27
 "
83,MIDD=3741151107,Soldier Marathon,"Columbus, GA USA","November 7, 2015","Philip Sura (M45)
3:59:29 83 63 / 12 M45-49 Tallahassee, FL, USA
3:44:06
 "
84,MIDD=3741151107,Soldier Marathon,"Columbus, GA USA","November 7, 2015","Jeff Condra (M52)
3:59:32 84 64 / 13 M50-54 White, GA, USA
3:30:43
 "
85,MIDD=3741151107,Soldier Marathon,"Columbus, GA USA","November 7, 2015","Justin White (M18)
4:01:07 85 65 / 3 M0-19 Smiths Station, AL, USA
3:51:50
 "
86,MIDD=3741151107,Soldier Marathon,"Columbus, GA USA","November 7, 2015","Justin Sparkman (M27)
4:01:20 86 66 / 6 M25-29 Conway, AR, USA
4:01:20
 "
87,MIDD=3741151107,Soldier Marathon,"Columbus, GA USA","November 7, 2015","Clement Tanaka (M53)
4:02:20 87 67 / 14 M50-54 Auburn, AL, USA
3:31:14
 "
88,MIDD=3741151107,Soldier Marathon,"Columbus, GA USA","November 7, 2015","Stephanie Kendrick (F41)
4:03:15 88 21 / 3 F40-44 Opelika, AL, USA
3:49:30
 "
89,MIDD=3741151107,Soldier Marathon,"Columbus, GA USA","November 7, 2015","David Varoskovic (M49)
4:03:38 89 68 / 13 M45-49 Warner Robins, GA, USA
3:40:11
 "
90,MIDD=3741151107,Soldier Marathon,"Columbus, GA USA","November 7, 2015","Larry McQuiston (M49)
4:03:42 90 69 / 14 M45-49  
3:40:15
 "
91,MIDD=3741151107,Soldier Marathon,"Columbus, GA USA","November 7, 2015","Nicole Leth (F37)
4:04:21 91 22 / 7 F35-39 Fort Benning, GA, USA
3:58:13
 "
92,MIDD=3741151107,Soldier Marathon,"Columbus, GA USA","November 7, 2015","Xiaojuan Song (F43)
4:05:18 92 23 / 4 F40-44  
3:46:27
 "
93,MIDD=3741151107,Soldier Marathon,"Columbus, GA USA","November 7, 2015","Maricia Parker (F37)
4:05:20 93 24 / 8 F35-39 Athens, GA, USA
3:59:10
 "
94,MIDD=3741151107,Soldier Marathon,"Columbus, GA USA","November 7, 2015","Justin Neal (M35)
4:05:52 94 70 / 9 M35-39 Roswell, GA, USA
4:05:52
 "
95,MIDD=3741151107,Soldier Marathon,"Columbus, GA USA","November 7, 2015","Nate B Hardy (M37)
4:06:20 95 71 / 10 M35-39 Auburn, AL, USA
4:05:20
 "
96,MIDD=3741151107,Soldier Marathon,"Columbus, GA USA","November 7, 2015","Mike Milford (M40)
4:06:20 96 72 / 13 M40-44 Auburn, AL, USA
4:00:23
 "
97,MIDD=3741151107,Soldier Marathon,"Columbus, GA USA","November 7, 2015","Shari Glover (F45)
4:07:16 97 25 / 5 F45-49 Auburn, AL, USA
3:42:53
 "
98,MIDD=3741151107,Soldier Marathon,"Columbus, GA USA","November 7, 2015","Geoffrey Meyer (M41)
4:07:25 98 73 / 14 M40-44  
3:59:28
 "
99,MIDD=3741151107,Soldier Marathon,"Columbus, GA USA","November 7, 2015","Rui Shi (M43)
4:07:32 99 74 / 15 M40-44 Alpharetta, GA, USA
3:55:37
 "
100,MIDD=3741151107,Soldier Marathon,"Columbus, GA USA","November 7, 2015","Carolina Margarella (F32)
4:08:22 100 26 / 4 F30-34 Smryna, GA, USA
4:07:29
 "
101,MIDD=3741151107,Soldier Marathon,"Columbus, GA USA","November 7, 2015","Jeff Smith (M51)
4:08:24 101 75 / 15 M50-54 Upatoi, GA, USA
3:40:30
 "
102,MIDD=3741151107,Soldier Marathon,"Columbus, GA USA","November 7, 2015","Lisa Plaisance (F37)
4:08:52 102 27 / 9 F35-39 Auburn, AL, USA
4:02:37
 "
103,MIDD=3741151107,Soldier Marathon,"Columbus, GA USA","November 7, 2015","Robbie Bowden (M34)
4:09:56 103 76 / 7 M30-34 Columbus, GA, USA
4:09:56
 "
104,MIDD=3741151107,Soldier Marathon,"Columbus, GA USA","November 7, 2015","Mack Cook (M42)
4:10:24 104 77 / 16 M40-44 Barnesville, GA, USA
4:00:21
 "
105,MIDD=3741151107,Soldier Marathon,"Columbus, GA USA","November 7, 2015","Greg Wilson (M50)
4:10:27 105 78 / 16 M50-54 Opelika, AL, USA
3:44:19
 "
106,MIDD=3741151107,Soldier Marathon,"Columbus, GA USA","November 7, 2015","Bradley Jones (M42)
4:10:29 106 79 / 17 M40-44 Atlanta, GA, USA
4:00:26
 "
107,MIDD=3741151107,Soldier Marathon,"Columbus, GA USA","November 7, 2015","Ben Branton (M51)
4:10:29 107 80 / 17 M50-54 Salem, AL, USA
3:42:21
 "
108,MIDD=3741151107,Soldier Marathon,"Columbus, GA USA","November 7, 2015","Kimberley Sansone (F44)
4:11:44 108 28 / 5 F40-44 Alpharetta, GA, USA
3:49:39
 "
109,MIDD=3741151107,Soldier Marathon,"Columbus, GA USA","November 7, 2015","Jeremiah Watson (M25)
4:12:16 109 81 / 7 M25-29 Columbus, GA, USA
4:12:16
 "
110,MIDD=3741151107,Soldier Marathon,"Columbus, GA USA","November 7, 2015","ABRAHAM ANDERSON (M41)
4:12:17 110 82 / 18 M40-44 WAVERLY HALL, GA, USA
4:04:11
 "
111,MIDD=3741151107,Soldier Marathon,"Columbus, GA USA","November 7, 2015","Elizabeth Mathis (F37)
4:13:26 111 29 / 10 F35-39 Waverly Hall, GA, USA
4:07:04
 "
112,MIDD=3741151107,Soldier Marathon,"Columbus, GA USA","November 7, 2015","Chris Willis (M46)
4:13:26 112 83 / 15 M45-49 Fort Benning, GA, USA
3:55:08
 "
113,MIDD=3741151107,Soldier Marathon,"Columbus, GA USA","November 7, 2015","Christopher Ewart (M26)
4:13:35 113 84 / 8 M25-29 Ormond Beach, FL, USA
4:13:35
 "
114,MIDD=3741151107,Soldier Marathon,"Columbus, GA USA","November 7, 2015","Austin Desjardin (M22)
4:13:36 114 85 / 6 M20-24  
4:13:28
 "
115,MIDD=3741151107,Soldier Marathon,"Columbus, GA USA","November 7, 2015","Albert Caluag (M33)
4:14:00 115 86 / 8 M30-34 Columbus, GA, USA
4:14:00
 "
116,MIDD=3741151107,Soldier Marathon,"Columbus, GA USA","November 7, 2015","Matthew Durdin (M42)
4:14:31 116 87 / 19 M40-44 Auburn, AL, USA
4:04:18
 "
117,MIDD=3741151107,Soldier Marathon,"Columbus, GA USA","November 7, 2015","Jenny Meier (F36)
4:15:02 117 30 / 11 F35-39 Newnan, GA, USA
4:10:08
 "
118,MIDD=3741151107,Soldier Marathon,"Columbus, GA USA","November 7, 2015","Jared Sunsdahl (M36)
4:15:26 118 88 / 11 M35-39 Fort Benning, GA, USA
4:15:10
 "
119,MIDD=3741151107,Soldier Marathon,"Columbus, GA USA","November 7, 2015","Ryan Morgan (M40)
4:15:36 119 89 / 20 M40-44 Brentwood, NH, USA
4:09:26
 "
120,MIDD=3741151107,Soldier Marathon,"Columbus, GA USA","November 7, 2015","Aaron Thomas (M44)
4:15:42 120 90 / 21 M40-44 Ranger, GA, USA
4:01:21
 "
121,MIDD=3741151107,Soldier Marathon,"Columbus, GA USA","November 7, 2015","Kristine Bignon (F34)
4:15:43 121 31 / 5 F30-34 Cumming, GA, USA
4:13:12
 "
122,MIDD=3741151107,Soldier Marathon,"Columbus, GA USA","November 7, 2015","Damion McIntosh (M37)
4:15:45 122 91 / 12 M35-39 Auburn, AL, USA
4:14:43
 "
123,MIDD=3741151107,Soldier Marathon,"Columbus, GA USA","November 7, 2015","Ma Bethzaida Ladisla (F50)
4:15:51 123 32 / 3 F50-54 Auburn, AL, USA
3:36:40
 "
124,MIDD=3741151107,Soldier Marathon,"Columbus, GA USA","November 7, 2015","Ben Bower (M35)
4:16:13 124 92 / 13 M35-39 Fort Benning, GA, USA
4:16:13
 "
125,MIDD=3741151107,Soldier Marathon,"Columbus, GA USA","November 7, 2015","Kelly Pendleton (F30)
4:16:18 125 33 / 6 F30-34 Fortson, GA, USA
4:16:11
 "
126,MIDD=3741151107,Soldier Marathon,"Columbus, GA USA","November 7, 2015","Carlos Canales (M26)
4:16:20 126 93 / 9 M25-29 Columbus, GA, USA
4:16:20
 "
127,MIDD=3741151107,Soldier Marathon,"Columbus, GA USA","November 7, 2015","Laurence Burnsed (M39)
4:16:22 127 94 / 14 M35-39  
4:12:15
 "
128,MIDD=3741151107,Soldier Marathon,"Columbus, GA USA","November 7, 2015","Salvador Villanueva (M24)
4:16:29 128 95 / 7 M20-24 Fort Benning, GA, USA
4:16:29
 "
129,MIDD=3741151107,Soldier Marathon,"Columbus, GA USA","November 7, 2015","Gary Bullard (M52)
4:16:57 129 96 / 18 M50-54 Virginia Beach, VA, USA
3:46:02
 "
130,MIDD=3741151107,Soldier Marathon,"Columbus, GA USA","November 7, 2015","Michael Keck (M37)
4:17:50 130 97 / 15 M35-39 Columbus, GA, USA
4:16:48
 "
131,MIDD=3741151107,Soldier Marathon,"Columbus, GA USA","November 7, 2015","Jenna Martin (F39)
4:18:21 131 34 / 12 F35-39 Columbus, GA, USA
4:08:13
 "
132,MIDD=3741151107,Soldier Marathon,"Columbus, GA USA","November 7, 2015","Pam Waller (F53)
4:18:42 132 35 / 4 F50-54 Tallahassee, FL, USA
3:30:38
 "
133,MIDD=3741151107,Soldier Marathon,"Columbus, GA USA","November 7, 2015","Rosa Eshoo (F31)
4:18:43 133 36 / 7 F30-34 Columbus, GA, USA
4:18:18
 "
134,MIDD=3741151107,Soldier Marathon,"Columbus, GA USA","November 7, 2015","David Knapp (M25)
4:18:53 134 98 / 10 M25-29 Seale, AL, USA
4:18:53
 "
135,MIDD=3741151107,Soldier Marathon,"Columbus, GA USA","November 7, 2015","Jessica Wingard (F35)
4:18:54 135 37 / 13 F35-39 Jenkinsburg, GA, USA
4:15:14
 "
136,MIDD=3741151107,Soldier Marathon,"Columbus, GA USA","November 7, 2015","Marianne Sanchez (F40)
4:20:23 136 38 / 6 F40-44 Newnan, GA, USA
4:08:02
 "
137,MIDD=3741151107,Soldier Marathon,"Columbus, GA USA","November 7, 2015","Tyler Brown (M35)
4:20:36 137 99 / 16 M35-39 Atlanta, GA, USA
4:20:36
 "
138,MIDD=3741151107,Soldier Marathon,"Columbus, GA USA","November 7, 2015","Blair Bodenmiller (F28)
4:20:53 138 39 / 4 F25-29  
4:20:53
 "
139,MIDD=3741151107,Soldier Marathon,"Columbus, GA USA","November 7, 2015","Othman Doubiany (M50)
4:20:57 139 100 / 19 M50-54 Aurora, CO, USA
3:53:43
 "
140,MIDD=3741151107,Soldier Marathon,"Columbus, GA USA","November 7, 2015","Ron Eaker (M57)
4:21:00 140 101 / 2 M55-59 Augusta, GA, USA
3:39:08
 "
141,MIDD=3741151107,Soldier Marathon,"Columbus, GA USA","November 7, 2015","Randy Pippin (M50)
4:21:02 141 102 / 20 M50-54 Loganville, GA, USA
3:53:48
 "
142,MIDD=3741151107,Soldier Marathon,"Columbus, GA USA","November 7, 2015","Matthew McCullough (M32)
4:21:12 142 103 / 9 M30-34  
4:21:12
 "
143,MIDD=3741151107,Soldier Marathon,"Columbus, GA USA","November 7, 2015","Marty Steine (M54)
4:21:20 143 104 / 21 M50-54 Marietta, GA, USA
3:45:42
 "
144,MIDD=3741151107,Soldier Marathon,"Columbus, GA USA","November 7, 2015","Chrissy Knoll (F36)
4:21:34 144 40 / 14 F35-39 Carrollton, GA, USA
4:16:32
 "
145,MIDD=3741151107,Soldier Marathon,"Columbus, GA USA","November 7, 2015","Amy Fingerhut (F42)
4:22:43 145 41 / 7 F40-44 atlanta, GA, USA
4:05:17
 "
146,MIDD=3741151107,Soldier Marathon,"Columbus, GA USA","November 7, 2015","Rob Fant (M37)
4:22:48 146 105 / 17 M35-39 Senoia, GA, USA
4:21:44
 "
147,MIDD=3741151107,Soldier Marathon,"Columbus, GA USA","November 7, 2015","scotty aycock (M39)
4:22:55 147 106 / 18 M35-39 Florence, AL, USA
4:18:42
 "
148,MIDD=3741151107,Soldier Marathon,"Columbus, GA USA","November 7, 2015","Nan Li (F38)
4:22:58 148 42 / 15 F35-39  
4:14:36
 "
149,MIDD=3741151107,Soldier Marathon,"Columbus, GA USA","November 7, 2015","Cheryl Brown (F39)
4:23:12 149 43 / 16 F35-39 Muscadine, AL, USA
4:12:52
 "
150,MIDD=3741151107,Soldier Marathon,"Columbus, GA USA","November 7, 2015","lori smith (F45)
4:23:51 150 44 / 6 F45-49 atlanta, GA, USA
3:57:50
 "
151,MIDD=3741151107,Soldier Marathon,"Columbus, GA USA","November 7, 2015","Scott Gallos (M38)
4:23:55 151 107 / 19 M35-39 Odenton, MD, USA
4:21:32
 "
152,MIDD=3741151107,Soldier Marathon,"Columbus, GA USA","November 7, 2015","Diana Lunsford (F48)
4:24:08 152 45 / 7 F45-49 Cumming, GA, USA
3:49:27
 "
153,MIDD=3741151107,Soldier Marathon,"Columbus, GA USA","November 7, 2015","Jesse Maddison (M35)
4:24:20 153 108 / 20 M35-39 Fort Benning, GA, USA
4:24:20
 "
154,MIDD=3741151107,Soldier Marathon,"Columbus, GA USA","November 7, 2015","Ning Ding (M48)
4:24:53 154 109 / 16 M45-49  
4:01:31
 "
155,MIDD=3741151107,Soldier Marathon,"Columbus, GA USA","November 7, 2015","Ann Tarrant (F42)
4:25:09 155 46 / 8 F40-44 Falmouth, MA, USA
4:07:34
 "
156,MIDD=3741151107,Soldier Marathon,"Columbus, GA USA","November 7, 2015","Jaylee Brendel (F30)
4:27:21 156 47 / 8 F30-34 Anchorage, AK, USA
4:27:14
 "
157,MIDD=3741151107,Soldier Marathon,"Columbus, GA USA","November 7, 2015","Rich Williams (M45)
4:27:23 157 110 / 17 M45-49 Seale, AL, USA
4:10:13
 "
158,MIDD=3741151107,Soldier Marathon,"Columbus, GA USA","November 7, 2015","ROBIN HAMMERSTONE (F36)
4:27:28 158 48 / 17 F35-39 PHENIX CITY, AL, USA
4:22:19
 "
159,MIDD=3741151107,Soldier Marathon,"Columbus, GA USA","November 7, 2015","Rachel Crafton Stiver (F28)
4:27:33 159 49 / 5 F25-29 Auburn, AL, USA
4:27:33
 "
160,MIDD=3741151107,Soldier Marathon,"Columbus, GA USA","November 7, 2015","Jeremiah Velez (M32)
4:27:49 160 111 / 10 M30-34 columbus, GA, USA
4:27:49
 "
161,MIDD=3741151107,Soldier Marathon,"Columbus, GA USA","November 7, 2015","Bob Banks (M63)
4:27:54 161 112 / 1 M60-64 Opelika, AL, USA
3:32:02
 "
162,MIDD=3741151107,Soldier Marathon,"Columbus, GA USA","November 7, 2015","Edson Sanches (M65)
4:28:16 162 113 / 1 M65-69 New York, NY, USA
3:28:00
 "
163,MIDD=3741151107,Soldier Marathon,"Columbus, GA USA","November 7, 2015","Carla Grace (F38)
4:28:24 163 50 / 18 F35-39  
4:19:51
 "
164,MIDD=3741151107,Soldier Marathon,"Columbus, GA USA","November 7, 2015","Gary Underwood (M55)
4:28:29 164 114 / 3 M55-59 Atlanta, GA, USA
3:49:42
 "
165,MIDD=3741151107,Soldier Marathon,"Columbus, GA USA","November 7, 2015","Abby Miller (F29)
4:28:39 165 51 / 6 F25-29 Columbus, GA, USA
4:28:39
 "
166,MIDD=3741151107,Soldier Marathon,"Columbus, GA USA","November 7, 2015","Stan Bellamy (M39)
4:28:41 166 115 / 21 M35-39 Kennesaw, GA, USA
4:24:23
 "
167,MIDD=3741151107,Soldier Marathon,"Columbus, GA USA","November 7, 2015","Yaquan Xu (M43)
4:28:42 167 116 / 22 M40-44 Duluth, GA, USA
4:15:46
 "
168,MIDD=3741151107,Soldier Marathon,"Columbus, GA USA","November 7, 2015","Keven Yost (M41)
4:28:42 168 117 / 23 M40-44 Auburn, AL, USA
4:20:04
 "
169,MIDD=3741151107,Soldier Marathon,"Columbus, GA USA","November 7, 2015","Claudia Ayerdi (F46)
4:28:52 169 52 / 8 F45-49 Macon, GA, USA
3:59:25
 "
170,MIDD=3741151107,Soldier Marathon,"Columbus, GA USA","November 7, 2015","Angela San Martin (F40)
4:28:55 170 53 / 9 F40-44 Smyrna, GA, USA
4:16:10
 "
171,MIDD=3741151107,Soldier Marathon,"Columbus, GA USA","November 7, 2015","Jianan Chang (F23)
4:28:55 171 54 / 1 F20-24 Providence, RI, USA
4:28:55
 "
172,MIDD=3741151107,Soldier Marathon,"Columbus, GA USA","November 7, 2015","Susan Calderon (F57)
4:29:09 172 55 / 1 F55-59 Saratoga, CA, USA
3:27:24
 "
173,MIDD=3741151107,Soldier Marathon,"Columbus, GA USA","November 7, 2015","Stacy Kiewiet (F43)
4:29:42 173 56 / 10 F40-44 Cumming, GA, USA
4:08:59
 "
174,MIDD=3741151107,Soldier Marathon,"Columbus, GA USA","November 7, 2015","Jennifer Carney (F36)
4:30:30 174 57 / 19 F35-39 Newnan, GA, USA
4:25:18
 "
175,MIDD=3741151107,Soldier Marathon,"Columbus, GA USA","November 7, 2015","Annie Lu (F45)
4:30:36 175 58 / 9 F45-49 Alpharetta, GA, USA
4:03:55
 "
176,MIDD=3741151107,Soldier Marathon,"Columbus, GA USA","November 7, 2015","April Poucher (F23)
4:30:39 176 59 / 2 F20-24 Roswell, GA, USA
4:30:39
 "
177,MIDD=3741151107,Soldier Marathon,"Columbus, GA USA","November 7, 2015","Saeko Toyozumi (F44)
4:30:39 177 60 / 11 F40-44  
4:06:54
 "
178,MIDD=3741151107,Soldier Marathon,"Columbus, GA USA","November 7, 2015","Chad Dudley (M38)
4:30:48 178 118 / 22 M35-39 Elizabethtown, KY, USA
4:28:21
 "
179,MIDD=3741151107,Soldier Marathon,"Columbus, GA USA","November 7, 2015","Daisy Weckerly (F31)
4:30:49 179 61 / 9 F30-34 Hudson, FL, USA
4:30:23
 "
180,MIDD=3741151107,Soldier Marathon,"Columbus, GA USA","November 7, 2015","Michael Foran (M38)
4:30:54 180 119 / 23 M35-39 Fortson, GA, USA
4:28:27
 "
181,MIDD=3741151107,Soldier Marathon,"Columbus, GA USA","November 7, 2015","Kristofer Killian (M32)
4:31:13 181 120 / 11 M30-34 Hoschton, GA, USA
4:31:13
 "
182,MIDD=3741151107,Soldier Marathon,"Columbus, GA USA","November 7, 2015","Joel Hendrick (M36)
4:31:16 182 121 / 24 M35-39 tuscaloosa, AL, USA
4:30:59
 "
183,MIDD=3741151107,Soldier Marathon,"Columbus, GA USA","November 7, 2015","Anthony White (M30)
4:31:53 183 122 / 12 M30-34 Columbus, GA, USA
4:31:53
 "
184,MIDD=3741151107,Soldier Marathon,"Columbus, GA USA","November 7, 2015","Autumn Pearson (F35)
4:32:07 184 62 / 20 F35-39 Pensacola, FL, USA
4:28:16
 "
185,MIDD=3741151107,Soldier Marathon,"Columbus, GA USA","November 7, 2015","Dawn Montooth (F64)
4:32:39 185 63 / 1 F60-64 Moultrie, GA, USA
3:08:32
 "
186,MIDD=3741151107,Soldier Marathon,"Columbus, GA USA","November 7, 2015","Jimmy Allegood (M63)
4:32:42 186 123 / 2 M60-64 Moultrie, GA, USA
3:35:50
 "
187,MIDD=3741151107,Soldier Marathon,"Columbus, GA USA","November 7, 2015","Nina korges (F56)
4:32:48 187 64 / 2 F55-59 Enterprise, AL, USA
3:33:11
 "
188,MIDD=3741151107,Soldier Marathon,"Columbus, GA USA","November 7, 2015","Katie Bierman (F37)
4:33:12 188 65 / 21 F35-39 Decatur, GA, USA
4:26:20
 "
189,MIDD=3741151107,Soldier Marathon,"Columbus, GA USA","November 7, 2015","Ryan Billings Reber (M28)
4:33:58 189 124 / 11 M25-29 Columbus, GA, USA
4:33:58
 "
190,MIDD=3741151107,Soldier Marathon,"Columbus, GA USA","November 7, 2015","Shannon Rogers (F40)
4:34:19 190 66 / 12 F40-44 Atlanta, GA, USA
4:21:18
 "
191,MIDD=3741151107,Soldier Marathon,"Columbus, GA USA","November 7, 2015","Loren Starr (M54)
4:34:19 191 125 / 22 M50-54 Atlanta, GA, USA
3:56:55
 "
192,MIDD=3741151107,Soldier Marathon,"Columbus, GA USA","November 7, 2015","J.R. Hughes (M40)
4:34:38 192 126 / 24 M40-44 Austell, GA, USA
4:28:00
 "
193,MIDD=3741151107,Soldier Marathon,"Columbus, GA USA","November 7, 2015","Mandy Schiller (F39)
4:35:01 193 67 / 22 F35-39 Newnan, GA, USA
4:24:14
 "
194,MIDD=3741151107,Soldier Marathon,"Columbus, GA USA","November 7, 2015","Jennifer Smith (F44)
4:35:48 194 68 / 13 F40-44 Waycross, GA, USA
4:11:36
 "
195,MIDD=3741151107,Soldier Marathon,"Columbus, GA USA","November 7, 2015","Nathan Freeburg (M40)
4:36:51 195 127 / 25 M40-44 Columbus, GA, USA
4:30:10
 "
196,MIDD=3741151107,Soldier Marathon,"Columbus, GA USA","November 7, 2015","Meghan Hopkins (F39)
4:37:00 196 69 / 23 F35-39 Cumming, GA, USA
4:26:08
 "
197,MIDD=3741151107,Soldier Marathon,"Columbus, GA USA","November 7, 2015","Heather Scullen (F36)
4:37:14 197 70 / 24 F35-39 Opelika, AL, USA
4:31:54
 "
198,MIDD=3741151107,Soldier Marathon,"Columbus, GA USA","November 7, 2015","Ryan Gerber (M28)
4:37:37 198 128 / 12 M25-29 Fort Benning, GA, USA
4:37:37
 "
199,MIDD=3741151107,Soldier Marathon,"Columbus, GA USA","November 7, 2015","Kim McKenney (F55)
4:38:01 199 71 / 3 F55-59 Atlanta, GA, USA
3:40:18
 "
200,MIDD=3741151107,Soldier Marathon,"Columbus, GA USA","November 7, 2015","Elmer Sance (M54)
4:38:21 200 129 / 23 M50-54 Snellville, GA, USA
4:00:24
 "
201,MIDD=3741151107,Soldier Marathon,"Columbus, GA USA","November 7, 2015","Russell Nagel (M50)
4:38:36 201 130 / 24 M50-54 McDonough, GA, USA
4:09:32
 "
202,MIDD=3741151107,Soldier Marathon,"Columbus, GA USA","November 7, 2015","Laxman Ramani (M50)
4:38:46 202 131 / 25 M50-54 Mcdonough, GA, USA
4:09:41
 "
203,MIDD=3741151107,Soldier Marathon,"Columbus, GA USA","November 7, 2015","Angel Liberg (F48)
4:38:54 203 72 / 10 F45-49 Peachtree City, GA, USA
4:02:16
 "
204,MIDD=3741151107,Soldier Marathon,"Columbus, GA USA","November 7, 2015","Tony Dean (M43)
4:38:58 204 132 / 26 M40-44 Opelika, AL, USA
4:25:32
 "
205,MIDD=3741151107,Soldier Marathon,"Columbus, GA USA","November 7, 2015","Michael Kohne (M25)
4:39:36 205 133 / 13 M25-29 festus, MO, USA
4:39:36
 "
206,MIDD=3741151107,Soldier Marathon,"Columbus, GA USA","November 7, 2015","Cedric Cobb (M54)
4:39:53 206 134 / 26 M50-54 Columbus, GA, USA
4:01:44
 "
207,MIDD=3741151107,Soldier Marathon,"Columbus, GA USA","November 7, 2015","Wini Stephens (F51)
4:39:54 207 73 / 5 F50-54 Peachtree City, GA, USA
3:53:59
 "
208,MIDD=3741151107,Soldier Marathon,"Columbus, GA USA","November 7, 2015","Holly Flanscha (F24)
4:40:48 208 74 / 3 F20-24 Grovetown, GA, USA
4:40:48
 "
209,MIDD=3741151107,Soldier Marathon,"Columbus, GA USA","November 7, 2015","Breslin Fitch (F24)
4:40:49 209 75 / 4 F20-24 Augusta, GA, USA
4:40:49
 "
210,MIDD=3741151107,Soldier Marathon,"Columbus, GA USA","November 7, 2015","Adam Bell (M30)
4:41:14 210 135 / 13 M30-34 Columbus, GA, USA
4:41:14
 "
211,MIDD=3741151107,Soldier Marathon,"Columbus, GA USA","November 7, 2015","Kevin Margeson (M32)
4:41:28 211 136 / 14 M30-34  
4:41:28
 "
212,MIDD=3741151107,Soldier Marathon,"Columbus, GA USA","November 7, 2015","John Luecke (M40)
4:41:32 212 137 / 27 M40-44 Ellerslie, GA, USA
4:34:44
 "
213,MIDD=3741151107,Soldier Marathon,"Columbus, GA USA","November 7, 2015","Charlie M. Conaway (M62)
4:42:00 213 138 / 3 M60-64 B'ham, AL, USA
3:45:27
 "
214,MIDD=3741151107,Soldier Marathon,"Columbus, GA USA","November 7, 2015","Earl Thomas (M68)
4:42:12 214 139 / 2 M65-69 Loganville, GA, USA
3:32:02
 "
215,MIDD=3741151107,Soldier Marathon,"Columbus, GA USA","November 7, 2015","Carol Swanson (F58)
4:42:13 215 76 / 4 F55-59 Yukon, OK, USA
3:34:24
 "
216,MIDD=3741151107,Soldier Marathon,"Columbus, GA USA","November 7, 2015","Chris Andrews (M28)
4:42:22 216 140 / 14 M25-29 Montgomery, AL, USA
4:42:22
 "
217,MIDD=3741151107,Soldier Marathon,"Columbus, GA USA","November 7, 2015","Cory Abbott (M20)
4:42:49 217 141 / 8 M20-24 Fort benning, GA, USA
4:39:16
 "
218,MIDD=3741151107,Soldier Marathon,"Columbus, GA USA","November 7, 2015","Ellen Comeaux (F37)
4:43:00 218 77 / 25 F35-39 Alpharetta, GA, USA
4:35:53
 "
219,MIDD=3741151107,Soldier Marathon,"Columbus, GA USA","November 7, 2015","Rachel Entrekin (F24)
4:43:07 219 78 / 5 F20-24 Birmingham, AL, USA
4:43:07
 "
220,MIDD=3741151107,Soldier Marathon,"Columbus, GA USA","November 7, 2015","Matt Greenwood (M34)
4:43:41 220 142 / 15 M30-34 Columbus, GA, USA
4:43:41
 "
221,MIDD=3741151107,Soldier Marathon,"Columbus, GA USA","November 7, 2015","Melanie Hall (F42)
4:44:08 221 79 / 14 F40-44 Tifton, GA, USA
4:25:17
 "
222,MIDD=3741151107,Soldier Marathon,"Columbus, GA USA","November 7, 2015","Nicole Howe (F40)
4:44:18 222 80 / 15 F40-44 Maryville, TN, USA
4:30:49
 "
223,MIDD=3741151107,Soldier Marathon,"Columbus, GA USA","November 7, 2015","Terry Newton (M48)
4:44:32 223 143 / 18 M45-49 Cataula, GA, USA
4:19:26
 "
224,MIDD=3741151107,Soldier Marathon,"Columbus, GA USA","November 7, 2015","Christine Curtin (F44)
4:44:57 224 81 / 16 F40-44 Roswell, GA, USA
4:19:57
 "
225,MIDD=3741151107,Soldier Marathon,"Columbus, GA USA","November 7, 2015","Andrew Ziffer (M46)
4:45:31 225 144 / 19 M45-49 Dunwoody, GA, USA
4:24:54
 "
226,MIDD=3741151107,Soldier Marathon,"Columbus, GA USA","November 7, 2015","Leah Watson (F45)
4:45:35 226 82 / 11 F45-49 ACWORTH, GA, USA
4:17:25
 "
227,MIDD=3741151107,Soldier Marathon,"Columbus, GA USA","November 7, 2015","Sarju Patel (M32)
4:47:14 227 145 / 16 M30-34 Warner Robins, GA, USA
4:47:14
 "
228,MIDD=3741151107,Soldier Marathon,"Columbus, GA USA","November 7, 2015","David Weiss (M40)
4:47:32 228 146 / 28 M40-44 Bay Village, OH, USA
4:40:36
 "
229,MIDD=3741151107,Soldier Marathon,"Columbus, GA USA","November 7, 2015","Carol Testa (F43)
4:47:40 229 83 / 17 F40-44 Destin, FL, USA
4:25:34
 "
230,MIDD=3741151107,Soldier Marathon,"Columbus, GA USA","November 7, 2015","Karin Andrews (F50)
4:47:54 230 84 / 6 F50-54 Watkinsville, GA, USA
4:03:49
 "
231,MIDD=3741151107,Soldier Marathon,"Columbus, GA USA","November 7, 2015","Steve Neibergall (M54)
4:48:00 231 147 / 27 M50-54 Queen Creek, AZ, USA
4:08:44
 "
232,MIDD=3741151107,Soldier Marathon,"Columbus, GA USA","November 7, 2015","Amanda Wesson (F41)
4:48:06 232 85 / 18 F40-44 Newnan, GA, USA
4:31:49
 "
233,MIDD=3741151107,Soldier Marathon,"Columbus, GA USA","November 7, 2015","James Henry (M40)
4:48:28 233 148 / 29 M40-44 Niceville, FL, USA
4:41:30
 "
234,MIDD=3741151107,Soldier Marathon,"Columbus, GA USA","November 7, 2015","Susan Brands (F48)
4:49:30 234 86 / 12 F45-49 Roswell, GA, USA
4:11:29
 "
235,MIDD=3741151107,Soldier Marathon,"Columbus, GA USA","November 7, 2015","Steve Crimmins (M58)
4:50:06 235 149 / 4 M55-59 Cumming, GA, USA
4:01:14
 "
236,MIDD=3741151107,Soldier Marathon,"Columbus, GA USA","November 7, 2015","Patrick Putzer (M45)
4:50:47 236 150 / 20 M45-49 cartersville, GA, USA
4:32:06
 "
237,MIDD=3741151107,Soldier Marathon,"Columbus, GA USA","November 7, 2015","MICHAEL BERGER (M52)
4:50:51 237 151 / 28 M50-54 BUFFALO GROVE, IL, USA
4:15:51
 "
238,MIDD=3741151107,Soldier Marathon,"Columbus, GA USA","November 7, 2015","Andrew Reeves (M16)
4:51:30 238 152 / 4 M0-19 Columbus, GA, USA
4:31:47
 "
239,MIDD=3741151107,Soldier Marathon,"Columbus, GA USA","November 7, 2015","Wendy Rodriguez (F37)
4:52:02 239 87 / 26 F35-39 Alpharetta, GA, USA
4:44:42
 "
240,MIDD=3741151107,Soldier Marathon,"Columbus, GA USA","November 7, 2015","Harlan Clark (M39)
4:52:44 240 153 / 25 M35-39 Acworth, GA, USA
4:48:02
 "
241,MIDD=3741151107,Soldier Marathon,"Columbus, GA USA","November 7, 2015","Michael Tigue (M35)
4:52:52 241 154 / 26 M35-39 PEACHTREE CITY, GA, USA
4:52:52
 "
242,MIDD=3741151107,Soldier Marathon,"Columbus, GA USA","November 7, 2015","Robert Rhodes (M50)
4:53:15 242 155 / 29 M50-54 Pittsview, AL, USA
4:22:39
 "
243,MIDD=3741151107,Soldier Marathon,"Columbus, GA USA","November 7, 2015","Emily Pickering (F32)
4:54:11 243 88 / 10 F30-34 Columbus, GA, USA
4:53:09
 "
244,MIDD=3741151107,Soldier Marathon,"Columbus, GA USA","November 7, 2015","irene watson (F44)
4:54:12 244 89 / 19 F40-44 Mobile, AL, USA
4:28:23
 "
245,MIDD=3741151107,Soldier Marathon,"Columbus, GA USA","November 7, 2015","Alan Winfield (M46)
4:54:17 245 156 / 21 M45-49 Saraland, AL, USA
4:33:02
 "
246,MIDD=3741151107,Soldier Marathon,"Columbus, GA USA","November 7, 2015","Roberto Brooks (M46)
4:54:18 246 157 / 22 M45-49 McDonough, GA, USA
4:33:03
 "
247,MIDD=3741151107,Soldier Marathon,"Columbus, GA USA","November 7, 2015","Christopher Shields (M18)
4:54:20 247 158 / 5 M0-19 GA, USA
4:43:00
 "
248,MIDD=3741151107,Soldier Marathon,"Columbus, GA USA","November 7, 2015","John Sejdinaj (M56)
4:54:52 248 159 / 5 M55-59 South Bend, IN, USA
4:09:55
 "
249,MIDD=3741151107,Soldier Marathon,"Columbus, GA USA","November 7, 2015","Jeri Rae Kendrick (F45)
4:55:17 249 90 / 13 F45-49 Fayetteville, GA, USA
4:26:10
 "
250,MIDD=3741151107,Soldier Marathon,"Columbus, GA USA","November 7, 2015","Sesi Ogunbi (F51)
4:55:51 250 91 / 7 F50-54 Montgomery, AL, USA
4:07:19
 "
251,MIDD=3741151107,Soldier Marathon,"Columbus, GA USA","November 7, 2015","Patrick Binienda (M61)
4:56:16 251 160 / 4 M60-64 Smyrna, GA, USA
3:59:14
 "
252,MIDD=3741151107,Soldier Marathon,"Columbus, GA USA","November 7, 2015","Allison Miley (F34)
4:56:32 252 92 / 11 F30-34 Cumming, GA, USA
4:53:37
 "
253,MIDD=3741151107,Soldier Marathon,"Columbus, GA USA","November 7, 2015","Maria Fe Godbey (F47)
4:56:57 253 93 / 14 F45-49 Phenix City, AL, USA
4:21:11
 "
254,MIDD=3741151107,Soldier Marathon,"Columbus, GA USA","November 7, 2015","Barbara Hook (F46)
4:57:02 254 94 / 15 F45-49 McDonough, GA, USA
4:24:30
 "
255,MIDD=3741151107,Soldier Marathon,"Columbus, GA USA","November 7, 2015","Rodney Thrift (M47)
4:57:12 255 161 / 23 M45-49 Waycross, GA, USA
4:33:21
 "
256,MIDD=3741151107,Soldier Marathon,"Columbus, GA USA","November 7, 2015","Amy Clemens (F50)
4:57:53 256 95 / 8 F50-54 McDonough, GA, USA
4:12:16
 "
257,MIDD=3741151107,Soldier Marathon,"Columbus, GA USA","November 7, 2015","Gary Leung (M49)
4:58:10 257 162 / 24 M45-49 Auburn, AL, USA
4:29:28
 "
258,MIDD=3741151107,Soldier Marathon,"Columbus, GA USA","November 7, 2015","Dawn kohn (F47)
4:58:23 258 96 / 16 F45-49 Waverly, AL, USA
4:22:27
 "
259,MIDD=3741151107,Soldier Marathon,"Columbus, GA USA","November 7, 2015","Michael Allen (M49)
4:59:18 259 163 / 25 M45-49 Midland, GA, USA
4:30:30
 "
260,MIDD=3741151107,Soldier Marathon,"Columbus, GA USA","November 7, 2015","Kim Norman (F34)
5:00:03 260 97 / 12 F30-34 Douglasville, GA, USA
4:57:06
 "
261,MIDD=3741151107,Soldier Marathon,"Columbus, GA USA","November 7, 2015","Suki Kourounis (F67)
5:00:55 261 98 / 1 F65-69  
3:16:56
 "
262,MIDD=3741151107,Soldier Marathon,"Columbus, GA USA","November 7, 2015","Michael Norton (M33)
5:01:07 262 164 / 17 M30-34 Fort Mitchell, AL, USA
5:01:07
 "
263,MIDD=3741151107,Soldier Marathon,"Columbus, GA USA","November 7, 2015","John Bell (M34)
5:01:11 263 165 / 18 M30-34 Columbus, GA, USA
5:01:11
 "
264,MIDD=3741151107,Soldier Marathon,"Columbus, GA USA","November 7, 2015","Martin Gaertner (M55)
5:01:23 264 166 / 6 M55-59 seale, AL, USA
4:17:51
 "
265,MIDD=3741151107,Soldier Marathon,"Columbus, GA USA","November 7, 2015","Janiese Gibson (F43)
5:01:58 265 99 / 20 F40-44 Newnan, GA, USA
4:38:46
 "
266,MIDD=3741151107,Soldier Marathon,"Columbus, GA USA","November 7, 2015","Earl Porter (M28)
5:02:26 266 167 / 15 M25-29 Columbus, GA, USA
5:02:26
 "
267,MIDD=3741151107,Soldier Marathon,"Columbus, GA USA","November 7, 2015","Jerry Miller (M28)
5:02:40 267 168 / 16 M25-29 Fort Benning, GA, USA
5:02:40
 "
268,MIDD=3741151107,Soldier Marathon,"Columbus, GA USA","November 7, 2015","Lucinda Davis (F33)
5:02:43 268 100 / 13 F30-34 phenix city, AL, USA
5:00:48
 "
269,MIDD=3741151107,Soldier Marathon,"Columbus, GA USA","November 7, 2015","Andrew Wamer (M38)
5:02:50 269 169 / 27 M35-39 Columbus, GA, USA
5:00:06
 "
270,MIDD=3741151107,Soldier Marathon,"Columbus, GA USA","November 7, 2015","Donald Mertz (M34)
5:03:00 270 170 / 19 M30-34 Hamilton, GA, USA
5:03:00
 "
271,MIDD=3741151107,Soldier Marathon,"Columbus, GA USA","November 7, 2015","Kay Powell (F58)
5:03:18 271 101 / 5 F55-59 Norman Park, GA, USA
3:50:25
 "
272,MIDD=3741151107,Soldier Marathon,"Columbus, GA USA","November 7, 2015","Colin Manskar (M28)
5:03:43 272 171 / 17 M25-29 Columbus, GA, USA
5:03:43
 "
273,MIDD=3741151107,Soldier Marathon,"Columbus, GA USA","November 7, 2015","Randy Stanford (M47)
5:03:44 273 172 / 26 M45-49 Mcdonough, GA, USA
4:39:22
 "
274,MIDD=3741151107,Soldier Marathon,"Columbus, GA USA","November 7, 2015","Jesse Negri (M20)
5:03:51 274 173 / 9 M20-24 Milledgeville, GA, USA
5:00:03
 "
275,MIDD=3741151107,Soldier Marathon,"Columbus, GA USA","November 7, 2015","Michael Manning (M18)
5:03:52 275 174 / 6 M0-19 roswell, GA, USA
4:52:10
 "
276,MIDD=3741151107,Soldier Marathon,"Columbus, GA USA","November 7, 2015","Michael Bearss (M26)
5:04:07 276 175 / 18 M25-29 Ellerslie, GA, USA
5:04:07
 "
277,MIDD=3741151107,Soldier Marathon,"Columbus, GA USA","November 7, 2015","Israel Cordero (M37)
5:04:20 277 176 / 28 M35-39 Phenix City, AL, USA
5:03:06
 "
278,MIDD=3741151107,Soldier Marathon,"Columbus, GA USA","November 7, 2015","Dominick Posadas (M21)
5:04:48 278 177 / 10 M20-24 Fort Benning, GA, USA
5:03:25
 "
279,MIDD=3741151107,Soldier Marathon,"Columbus, GA USA","November 7, 2015","Sandra Rios (F28)
5:05:10 279 102 / 7 F25-29 Columbus, GA, USA
5:05:10
 "
280,MIDD=3741151107,Soldier Marathon,"Columbus, GA USA","November 7, 2015","Jim Murray (M54)
5:05:57 280 178 / 30 M50-54 roswell, GA, USA
4:24:14
 "
281,MIDD=3741151107,Soldier Marathon,"Columbus, GA USA","November 7, 2015","Annette Lopez (F53)
5:06:06 281 103 / 9 F50-54 Orlando, FL, USA
4:09:13
 "
282,MIDD=3741151107,Soldier Marathon,"Columbus, GA USA","November 7, 2015","Angela Hammack (F48)
5:06:48 282 104 / 17 F45-49 Terry, MS, USA
4:26:31
 "
283,MIDD=3741151107,Soldier Marathon,"Columbus, GA USA","November 7, 2015","Eric Crenshaw (M64)
5:08:00 283 179 / 5 M60-64 Columbus, GA, USA
4:01:19
 "
284,MIDD=3741151107,Soldier Marathon,"Columbus, GA USA","November 7, 2015","Miguel Moreira (M24)
5:08:03 284 180 / 11 M20-24 Fort Benning, GA, USA
5:08:03
 "
285,MIDD=3741151107,Soldier Marathon,"Columbus, GA USA","November 7, 2015","Sandy Freeman (F42)
5:08:25 285 105 / 21 F40-44 Alma, AR, USA
4:47:58
 "
286,MIDD=3741151107,Soldier Marathon,"Columbus, GA USA","November 7, 2015","Billy Whitley (M44)
5:08:27 286 181 / 30 M40-44 Conyers, GA, USA
4:51:08
 "
287,MIDD=3741151107,Soldier Marathon,"Columbus, GA USA","November 7, 2015","Michael Cabaloza (M28)
5:08:35 287 182 / 19 M25-29 Fort Benning, GA, USA
5:08:35
 "
288,MIDD=3741151107,Soldier Marathon,"Columbus, GA USA","November 7, 2015","Cindi Goodson (F51)
5:08:56 288 106 / 10 F50-54 Tallahassee, FL, USA
4:18:16
 "
289,MIDD=3741151107,Soldier Marathon,"Columbus, GA USA","November 7, 2015","Jennifer Shafer (F47)
5:08:57 289 107 / 18 F45-49 Tallahassee, FL, USA
4:31:45
 "
290,MIDD=3741151107,Soldier Marathon,"Columbus, GA USA","November 7, 2015","Doug Saylor (M54)
5:09:20 290 183 / 31 M50-54 Waverly Hall, GA, USA
4:27:10
 "
291,MIDD=3741151107,Soldier Marathon,"Columbus, GA USA","November 7, 2015","Jack Hunter (M46)
5:09:28 291 184 / 27 M45-49 Prattville, AL, USA
4:47:07
 "
292,MIDD=3741151107,Soldier Marathon,"Columbus, GA USA","November 7, 2015","Annika Bearss (F50)
5:09:37 292 108 / 11 F50-54 Ellerslie, GA, USA
4:22:12
 "
293,MIDD=3741151107,Soldier Marathon,"Columbus, GA USA","November 7, 2015","Justin Pickering (M37)
5:09:40 293 185 / 29 M35-39 Columbus, GA, USA
5:08:25
 "
294,MIDD=3741151107,Soldier Marathon,"Columbus, GA USA","November 7, 2015","Corona Horton (F47)
5:10:02 294 109 / 19 F45-49 Mableton, GA, USA
4:32:42
 "
295,MIDD=3741151107,Soldier Marathon,"Columbus, GA USA","November 7, 2015","Yvette Webb (F50)
5:10:02 295 110 / 12 F50-54 Roswell, GA, USA
4:22:34
 "
296,MIDD=3741151107,Soldier Marathon,"Columbus, GA USA","November 7, 2015","Liz Layton (F45)
5:10:41 296 111 / 20 F45-49 Mcdonugh, GA, USA
4:40:02
 "
297,MIDD=3741151107,Soldier Marathon,"Columbus, GA USA","November 7, 2015","Jennifer Rocha (F46)
5:10:48 297 112 / 21 F45-49 Labadie, MO, USA
4:36:46
 "
298,MIDD=3741151107,Soldier Marathon,"Columbus, GA USA","November 7, 2015","Laura Meadows (F44)
5:10:52 298 113 / 22 F40-44 Atlanta, GA, USA
4:43:36
 "
299,MIDD=3741151107,Soldier Marathon,"Columbus, GA USA","November 7, 2015","Kathy Richardson (F54)
5:11:37 299 114 / 13 F50-54 Kennesaw, GA, USA
4:10:19
 "
300,MIDD=3741151107,Soldier Marathon,"Columbus, GA USA","November 7, 2015","warren everett (M70)
5:11:41 300 186 / 1 M70-74 Huntsville, AL, USA
3:49:10
 "
301,MIDD=3741151107,Soldier Marathon,"Columbus, GA USA","November 7, 2015","Robin Spoon (F50)
5:11:46 301 115 / 14 F50-54 Jacksonville, AL, USA
4:24:02
 "
302,MIDD=3741151107,Soldier Marathon,"Columbus, GA USA","November 7, 2015","Alan Pinsker (M55)
5:12:08 302 187 / 7 M55-59 Atlanta, GA, USA
4:27:03
 "
303,MIDD=3741151107,Soldier Marathon,"Columbus, GA USA","November 7, 2015","david kolodkin (M56)
5:12:10 303 188 / 8 M55-59 atlanta, GA, USA
4:24:35
 "
304,MIDD=3741151107,Soldier Marathon,"Columbus, GA USA","November 7, 2015","Cory Bryan (M35)
5:12:12 304 189 / 30 M35-39 Andalusia, AL, USA
5:12:12
 "
305,MIDD=3741151107,Soldier Marathon,"Columbus, GA USA","November 7, 2015","Paul Callaghan (M63)
5:12:21 305 190 / 6 M60-64 Hasselager
4:07:13
 "
306,MIDD=3741151107,Soldier Marathon,"Columbus, GA USA","November 7, 2015","Mary Uszynski (F43)
5:12:47 306 116 / 23 F40-44 Peachtree City, GA, USA
4:48:45
 "
307,MIDD=3741151107,Soldier Marathon,"Columbus, GA USA","November 7, 2015","Tonja Parker (F51)
5:12:54 307 117 / 15 F50-54  
4:21:35
 "
308,MIDD=3741151107,Soldier Marathon,"Columbus, GA USA","November 7, 2015","Frank Cohn (M31)
5:13:00 308 191 / 20 M30-34 Columbus, GA, USA
5:13:00
 "
309,MIDD=3741151107,Soldier Marathon,"Columbus, GA USA","November 7, 2015","Kelly Pope (M49)
5:13:08 309 192 / 28 M45-49 Warner Robins, GA, USA
4:43:00
 "
310,MIDD=3741151107,Soldier Marathon,"Columbus, GA USA","November 7, 2015","Liana Tierney (F29)
5:13:13 310 118 / 8 F25-29 Waltham, MA, USA
5:13:13
 "
311,MIDD=3741151107,Soldier Marathon,"Columbus, GA USA","November 7, 2015","Katie Eason (F37)
5:13:30 311 119 / 27 F35-39 Ft Benning, GA, USA
5:05:37
 "
312,MIDD=3741151107,Soldier Marathon,"Columbus, GA USA","November 7, 2015","Jewyl Stevens (F60)
5:13:51 312 120 / 2 F60-64 Boynton Beach, FL, USA
3:51:31
 "
313,MIDD=3741151107,Soldier Marathon,"Columbus, GA USA","November 7, 2015","Jessica Peterson (F37)
5:14:24 313 121 / 28 F35-39 Monroe, GA, USA
5:06:30
 "
314,MIDD=3741151107,Soldier Marathon,"Columbus, GA USA","November 7, 2015","Alan Brands (M50)
5:14:59 314 193 / 32 M50-54 Roswell, GA, USA
4:42:07
 "
315,MIDD=3741151107,Soldier Marathon,"Columbus, GA USA","November 7, 2015","Catherine Piper (F49)
5:15:26 315 122 / 22 F45-49 Marietta, GA, USA
4:30:34
 "
316,MIDD=3741151107,Soldier Marathon,"Columbus, GA USA","November 7, 2015","Larry W. Carpenter (M59)
5:15:30 316 194 / 9 M55-59 Lizella, GA, USA
4:19:50
 "
317,MIDD=3741151107,Soldier Marathon,"Columbus, GA USA","November 7, 2015","Donald VanOteghem (M61)
5:15:49 317 195 / 7 M60-64 Leesburg, GA, USA
4:15:01
 "
318,MIDD=3741151107,Soldier Marathon,"Columbus, GA USA","November 7, 2015","Dawn Messina (F42)
5:16:14 318 123 / 24 F40-44 Roswell, GA, USA
4:55:16
 "
319,MIDD=3741151107,Soldier Marathon,"Columbus, GA USA","November 7, 2015","Li Merges (F48)
5:16:18 319 124 / 23 F45-49 Milledgeville, GA, USA
4:34:46
 "
320,MIDD=3741151107,Soldier Marathon,"Columbus, GA USA","November 7, 2015","David Trammel (M67)
5:16:28 320 196 / 3 M65-69 Smyrna, TN, USA
4:00:19
 "
321,MIDD=3741151107,Soldier Marathon,"Columbus, GA USA","November 7, 2015","David Meltzer (M57)
5:16:29 321 197 / 10 M55-59 Roswell, GA, USA
4:25:43
 "
322,MIDD=3741151107,Soldier Marathon,"Columbus, GA USA","November 7, 2015","Kimberly Cavicchi (F48)
5:16:42 322 125 / 24 F45-49 Coral Springs, FL, USA
4:35:07
 "
323,MIDD=3741151107,Soldier Marathon,"Columbus, GA USA","November 7, 2015","Jennifer Williams Trowell (F33)
5:16:47 323 126 / 14 F30-34 Ponte Vedra, FL, USA
5:14:47
 "
324,MIDD=3741151107,Soldier Marathon,"Columbus, GA USA","November 7, 2015","Kevin Schied (M45)
5:17:01 324 198 / 29 M45-49 Columbus, GA, USA
4:56:39
 "
325,MIDD=3741151107,Soldier Marathon,"Columbus, GA USA","November 7, 2015","Marshall Helms (M19)
5:17:09 325 199 / 7 M0-19 Woodstock, GA, USA
5:09:22
 "
326,MIDD=3741151107,Soldier Marathon,"Columbus, GA USA","November 7, 2015","Lindsey Helms (F22)
5:17:09 326 127 / 6 F20-24 Woodstock, GA, USA
5:17:09
 "
327,MIDD=3741151107,Soldier Marathon,"Columbus, GA USA","November 7, 2015","Orrie McCrea (M53)
5:17:43 327 200 / 33 M50-54 Waycross, GA, USA
4:36:57
 "
328,MIDD=3741151107,Soldier Marathon,"Columbus, GA USA","November 7, 2015","Teresa Tracee Fleming (F48)
5:17:59 328 128 / 25 F45-49 Ormond Beach, FL, USA
4:36:13
 "
329,MIDD=3741151107,Soldier Marathon,"Columbus, GA USA","November 7, 2015","Yanira Wardlaw (F29)
5:18:46 329 129 / 9 F25-29 Columbus, GA, USA
5:18:46
 "
330,MIDD=3741151107,Soldier Marathon,"Columbus, GA USA","November 7, 2015","Kevin Langston (M54)
5:19:14 330 201 / 34 M50-54 Norcross, GA, USA
4:35:43
 "
331,MIDD=3741151107,Soldier Marathon,"Columbus, GA USA","November 7, 2015","Rich Harris (M60)
5:19:14 331 202 / 8 M60-64 Marietta, GA, USA
4:20:20
 "
332,MIDD=3741151107,Soldier Marathon,"Columbus, GA USA","November 7, 2015","Lindsay Isaacs (F39)
5:19:14 332 130 / 29 F35-39 Decatur, GA, USA
5:06:43
 "
333,MIDD=3741151107,Soldier Marathon,"Columbus, GA USA","November 7, 2015","Kim Bulger (F45)
5:20:20 333 131 / 26 F45-49 Port Orange, FL, USA
4:48:44
 "
334,MIDD=3741151107,Soldier Marathon,"Columbus, GA USA","November 7, 2015","Vicki Tribick (F44)
5:20:26 334 132 / 25 F40-44 Roswell, GA, USA
4:52:19
 "
335,MIDD=3741151107,Soldier Marathon,"Columbus, GA USA","November 7, 2015","Lisa Shores (F45)
5:20:30 335 133 / 27 F45-49 Smiths Station, AL, USA
4:48:53
 "
336,MIDD=3741151107,Soldier Marathon,"Columbus, GA USA","November 7, 2015","Joan Palatto (F66)
5:20:43 336 134 / 2 F65-69 Lilburn, GA, USA
3:33:57
 "
337,MIDD=3741151107,Soldier Marathon,"Columbus, GA USA","November 7, 2015","Brandie Mcghee (F39)
5:20:58 337 135 / 30 F35-39 Villa Rica, GA, USA
5:08:23
 "
338,MIDD=3741151107,Soldier Marathon,"Columbus, GA USA","November 7, 2015","Lindsey Boyce (F35)
5:21:04 338 136 / 31 F35-39 Phenix City
5:16:32
 "
339,MIDD=3741151107,Soldier Marathon,"Columbus, GA USA","November 7, 2015","Char Heiney (F54)
5:21:16 339 137 / 16 F50-54 Bechtelsville, PA, USA
4:18:04
 "
340,MIDD=3741151107,Soldier Marathon,"Columbus, GA USA","November 7, 2015","Yocunda Clayton (F41)
5:21:29 340 138 / 26 F40-44 irondale, AL, USA
5:03:19
 "
341,MIDD=3741151107,Soldier Marathon,"Columbus, GA USA","November 7, 2015","Amy Watkiss (F38)
5:21:42 341 139 / 32 F35-39 Fayetteville, GA, USA
5:11:28
 "
342,MIDD=3741151107,Soldier Marathon,"Columbus, GA USA","November 7, 2015","Donald Cleveland (M64)
5:22:31 342 203 / 9 M60-64 West Point, GA, USA
4:12:41
 "
343,MIDD=3741151107,Soldier Marathon,"Columbus, GA USA","November 7, 2015","Jeff Struecker (M46)
5:22:42 343 204 / 30 M45-49 Columbus, GA, USA
4:59:24
 "
344,MIDD=3741151107,Soldier Marathon,"Columbus, GA USA","November 7, 2015","Michael Woods (M20)
5:23:03 344 205 / 12 M20-24 Rensselaer, NY, USA
5:19:00
 "
345,MIDD=3741151107,Soldier Marathon,"Columbus, GA USA","November 7, 2015","Heather Hogan (F37)
5:23:39 345 140 / 33 F35-39 Montgomery, AL, USA
5:15:31
 "
346,MIDD=3741151107,Soldier Marathon,"Columbus, GA USA","November 7, 2015","Elisabeth Hailes (F46)
5:23:41 346 141 / 28 F45-49 Montgomery, AL, USA
4:48:14
 "
347,MIDD=3741151107,Soldier Marathon,"Columbus, GA USA","November 7, 2015","Erin Consuegra (F33)
5:23:59 347 142 / 15 F30-34  
5:21:56
 "
348,MIDD=3741151107,Soldier Marathon,"Columbus, GA USA","November 7, 2015","Angelia Sharpe (F37)
5:24:03 348 143 / 34 F35-39 Columbus, GA, USA
5:15:54
 "
349,MIDD=3741151107,Soldier Marathon,"Columbus, GA USA","November 7, 2015","Patrick Garner (M39)
5:24:33 349 206 / 31 M35-39 Albany, GA, USA
5:19:21
 "
350,MIDD=3741151107,Soldier Marathon,"Columbus, GA USA","November 7, 2015","Charli Wrenn (F29)
5:24:35 350 144 / 10 F25-29  
5:24:35
 "
351,MIDD=3741151107,Soldier Marathon,"Columbus, GA USA","November 7, 2015","Tammy Gorum (F53)
5:24:37 351 145 / 17 F50-54 Columbus, GA, USA
4:24:18
 "
352,MIDD=3741151107,Soldier Marathon,"Columbus, GA USA","November 7, 2015","phil Lafleche (M53)
5:24:38 352 207 / 35 M50-54 alpharetta, GA, USA
4:42:58
 "
353,MIDD=3741151107,Soldier Marathon,"Columbus, GA USA","November 7, 2015","Gary Wood (M56)
5:24:39 353 208 / 11 M55-59 Valdosta, GA, USA
4:35:10
 "
354,MIDD=3741151107,Soldier Marathon,"Columbus, GA USA","November 7, 2015","Lynette Watts (F47)
5:24:48 354 146 / 29 F45-49 Prattville, AL, USA
4:45:41
 "
355,MIDD=3741151107,Soldier Marathon,"Columbus, GA USA","November 7, 2015","Gary Evans (M65)
5:24:50 355 209 / 4 M65-69 Suwanee, GA, USA
4:11:52
 "
356,MIDD=3741151107,Soldier Marathon,"Columbus, GA USA","November 7, 2015","Toni Matlasz (F36)
5:26:22 356 147 / 35 F35-39 Stone mountain, GA, USA
5:20:06
 "
357,MIDD=3741151107,Soldier Marathon,"Columbus, GA USA","November 7, 2015","Evan Rowe (M37)
5:26:48 357 210 / 32 M35-39 Columbus, GA, USA
5:25:29
 "
358,MIDD=3741151107,Soldier Marathon,"Columbus, GA USA","November 7, 2015","Zach Wood (M49)
5:26:49 358 211 / 31 M45-49 Columbus, GA, USA
4:55:22
 "
359,MIDD=3741151107,Soldier Marathon,"Columbus, GA USA","November 7, 2015","Nathan Crutchfield (M19)
5:27:01 359 212 / 8 M0-19 ACWORTH, GA, USA
5:19:00
 "
360,MIDD=3741151107,Soldier Marathon,"Columbus, GA USA","November 7, 2015","Jennifer Cooper (F43)
5:27:07 360 148 / 27 F40-44  
5:01:59
 "
361,MIDD=3741151107,Soldier Marathon,"Columbus, GA USA","November 7, 2015","Jill Bidwell (F52)
5:27:07 361 149 / 18 F50-54 Decatur, GA, USA
4:29:54
 "
362,MIDD=3741151107,Soldier Marathon,"Columbus, GA USA","November 7, 2015","Melanie Winstanley (F41)
5:27:19 362 150 / 28 F40-44 Monroe, GA, USA
5:08:49
 "
363,MIDD=3741151107,Soldier Marathon,"Columbus, GA USA","November 7, 2015","Tracy Medina (F43)
5:28:25 363 151 / 29 F40-44 columbus, GA, USA
5:03:11
 "
364,MIDD=3741151107,Soldier Marathon,"Columbus, GA USA","November 7, 2015","Ria Story (F35)
5:29:28 364 152 / 36 F35-39 Auburn, AL, USA
5:24:49
 "
365,MIDD=3741151107,Soldier Marathon,"Columbus, GA USA","November 7, 2015","George Southgate (M69)
5:29:37 365 213 / 5 M65-69  
4:05:02
 "
366,MIDD=3741151107,Soldier Marathon,"Columbus, GA USA","November 7, 2015","Pearsall Lemuel (M42)
5:29:42 366 214 / 31 M40-44 columbus, GA, USA
5:16:28
 "
367,MIDD=3741151107,Soldier Marathon,"Columbus, GA USA","November 7, 2015","James Slick (M60)
5:30:18 367 215 / 10 M60-64 Kennesaw, GA, USA
4:29:21
 "
368,MIDD=3741151107,Soldier Marathon,"Columbus, GA USA","November 7, 2015","Jason Beaulieu (M42)
5:30:19 368 216 / 32 M40-44 Acworth, GA, USA
5:17:04
 "
369,MIDD=3741151107,Soldier Marathon,"Columbus, GA USA","November 7, 2015","deborah shutter (F52)
5:30:24 369 153 / 19 F50-54 Mundelein, IL, USA
4:32:36
 "
370,MIDD=3741151107,Soldier Marathon,"Columbus, GA USA","November 7, 2015","Julie Mitchell (F36)
5:30:25 370 154 / 37 F35-39 Taylors, SC, USA
5:24:04
 "
371,MIDD=3741151107,Soldier Marathon,"Columbus, GA USA","November 7, 2015","Kevin Bradley (M46)
5:31:17 371 217 / 32 M45-49 Fayetteville, AR, USA
5:07:21
 "
372,MIDD=3741151107,Soldier Marathon,"Columbus, GA USA","November 7, 2015","Shaliah Armstrong (F60)
5:31:29 372 155 / 3 F60-64 Auburn, AL, USA
4:04:32
 "
373,MIDD=3741151107,Soldier Marathon,"Columbus, GA USA","November 7, 2015","Jade Whitaker (F21)
5:31:55 373 156 / 7 F20-24 Auburn, AL, USA
5:31:55
 "
374,MIDD=3741151107,Soldier Marathon,"Columbus, GA USA","November 7, 2015","Becky Wilks (F51)
5:32:29 374 157 / 20 F50-54 Columbia, MS, USA
4:37:57
 "
375,MIDD=3741151107,Soldier Marathon,"Columbus, GA USA","November 7, 2015","JoAnne Hammermaster (F49)
5:32:40 375 158 / 30 F45-49 Marietta, GA, USA
4:45:21
 "
376,MIDD=3741151107,Soldier Marathon,"Columbus, GA USA","November 7, 2015","Terry Shaw (M53)
5:33:24 376 218 / 36 M50-54 Knoxville, TN, USA
4:50:37
 "
377,MIDD=3741151107,Soldier Marathon,"Columbus, GA USA","November 7, 2015","Charles Hoffman (M34)
5:34:45 377 219 / 21 M30-34 Sanford, FL, USA
5:34:45
 "
378,MIDD=3741151107,Soldier Marathon,"Columbus, GA USA","November 7, 2015","Troy Buenteo (M36)
5:34:51 378 220 / 33 M35-39 Ft benning, GA, USA
5:34:30
 "
379,MIDD=3741151107,Soldier Marathon,"Columbus, GA USA","November 7, 2015","Francisco Rodriquez (M53)
5:34:52 379 221 / 37 M50-54 Fort Benning, GA, USA
4:51:54
 "
380,MIDD=3741151107,Soldier Marathon,"Columbus, GA USA","November 7, 2015","Lee Hollingsworth (M62)
5:35:00 380 222 / 11 M60-64 madison, AL, USA
4:27:49
 "
381,MIDD=3741151107,Soldier Marathon,"Columbus, GA USA","November 7, 2015","Trevor Fitch (M20)
5:35:32 381 223 / 13 M20-24 Myrtle Beach, SC, USA
5:31:20
 "
382,MIDD=3741151107,Soldier Marathon,"Columbus, GA USA","November 7, 2015","Mary Neiberger (F63)
5:35:50 382 159 / 4 F60-64 Gainesville, FL, USA
3:56:13
 "
383,MIDD=3741151107,Soldier Marathon,"Columbus, GA USA","November 7, 2015","Aaron Ruckman (M40)
5:36:29 383 224 / 33 M40-44 Fort Benning, GA, USA
5:28:22
 "
384,MIDD=3741151107,Soldier Marathon,"Columbus, GA USA","November 7, 2015","Kate Cochran (F33)
5:36:58 384 160 / 16 F30-34 Decatur, GA, USA
5:34:50
 "
385,MIDD=3741151107,Soldier Marathon,"Columbus, GA USA","November 7, 2015","Stefanie Roberts (F42)
5:37:12 385 161 / 30 F40-44 Cumming, GA, USA
5:14:50
 "
386,MIDD=3741151107,Soldier Marathon,"Columbus, GA USA","November 7, 2015","Matthew Fess (M20)
5:37:15 386 225 / 14 M20-24 Wilson, NC, USA
5:33:02
 "
387,MIDD=3741151107,Soldier Marathon,"Columbus, GA USA","November 7, 2015","Kayla Minkler (F21)
5:37:20 387 162 / 8 F20-24 Pensacola, FL, USA
5:37:20
 "
388,MIDD=3741151107,Soldier Marathon,"Columbus, GA USA","November 7, 2015","Harry Goslow (M47)
5:37:38 388 226 / 33 M45-49 Austell, GA, USA
5:10:33
 "
389,MIDD=3741151107,Soldier Marathon,"Columbus, GA USA","November 7, 2015","Craig Costa (M53)
5:38:05 389 227 / 38 M50-54 Dacula, GA, USA
4:54:42
 "
390,MIDD=3741151107,Soldier Marathon,"Columbus, GA USA","November 7, 2015","Christopher Ward (M34)
5:38:15 390 228 / 22 M30-34 Little Mountain, SC, USA
5:38:15
 "
391,MIDD=3741151107,Soldier Marathon,"Columbus, GA USA","November 7, 2015","ronald morgan (M39)
5:38:48 391 229 / 34 M35-39 ashland city, TN, USA
5:33:22
 "
392,MIDD=3741151107,Soldier Marathon,"Columbus, GA USA","November 7, 2015","Amanda Claytor (F34)
5:39:17 392 163 / 17 F30-34 McDonough, GA, USA
5:35:57
 "
393,MIDD=3741151107,Soldier Marathon,"Columbus, GA USA","November 7, 2015","Andrea Denton (F36)
5:39:22 393 164 / 38 F35-39 Bishop, GA, USA
5:32:51
 "
394,MIDD=3741151107,Soldier Marathon,"Columbus, GA USA","November 7, 2015","Lavern Arnold (F41)
5:39:32 394 165 / 31 F40-44 Loganville, GA, USA
5:20:20
 "
395,MIDD=3741151107,Soldier Marathon,"Columbus, GA USA","November 7, 2015","Arthur Walker (M32)
5:39:34 395 230 / 23 M30-34 Midway, AL, USA
5:39:34
 "
396,MIDD=3741151107,Soldier Marathon,"Columbus, GA USA","November 7, 2015","Michael Walsh (M70)
5:40:35 396 231 / 2 M70-74 Auburn, AL, USA
4:10:25
 "
397,MIDD=3741151107,Soldier Marathon,"Columbus, GA USA","November 7, 2015","Richard Estes (M31)
5:40:46 397 232 / 24 M30-34 McDonough, GA, USA
5:40:46
 "
398,MIDD=3741151107,Soldier Marathon,"Columbus, GA USA","November 7, 2015","Joseph Morency (M56)
5:40:47 398 233 / 12 M55-59 Douglasville, GA, USA
4:48:50
 "
399,MIDD=3741151107,Soldier Marathon,"Columbus, GA USA","November 7, 2015","Tim Etterling (M46)
5:41:03 399 234 / 34 M45-49 Snellville, GA, USA
5:16:25
 "
400,MIDD=3741151107,Soldier Marathon,"Columbus, GA USA","November 7, 2015","Jennifer Woodson (F38)
5:41:13 400 166 / 39 F35-39 Macon, GA, USA
5:30:21
 "
401,MIDD=3741151107,Soldier Marathon,"Columbus, GA USA","November 7, 2015","Elizabeth Hanselman (F66)
5:41:23 401 167 / 3 F65-69  
3:47:44
 "
402,MIDD=3741151107,Soldier Marathon,"Columbus, GA USA","November 7, 2015","Ralph Simmons (M45)
5:41:43 402 235 / 35 M45-49 Phenix City, AL, USA
5:19:46
 "
403,MIDD=3741151107,Soldier Marathon,"Columbus, GA USA","November 7, 2015","Catherine Situma (F37)
5:41:49 403 168 / 40 F35-39 Auburn, AL, USA
5:33:14
 "
404,MIDD=3741151107,Soldier Marathon,"Columbus, GA USA","November 7, 2015","Mark Stone (M52)
5:41:55 404 236 / 39 M50-54 Buffalo Grove, IL, USA
5:00:47
 "
405,MIDD=3741151107,Soldier Marathon,"Columbus, GA USA","November 7, 2015","Gary Klawans (M55)
5:41:56 405 237 / 13 M55-59 Lake Zurich, IL, USA
4:52:33
 "
406,MIDD=3741151107,Soldier Marathon,"Columbus, GA USA","November 7, 2015","kenneth welch (M52)
5:43:24 406 238 / 40 M50-54 wadsworth, OH, USA
5:02:05
 "
407,MIDD=3741151107,Soldier Marathon,"Columbus, GA USA","November 7, 2015","Scott Pearson (M30)
5:43:33 407 239 / 25 M30-34 Pace, FL, USA
5:43:33
 "
408,MIDD=3741151107,Soldier Marathon,"Columbus, GA USA","November 7, 2015","Jason Reeves (M40)
5:43:43 408 240 / 34 M40-44 Columbus, GA, USA
5:35:25
 "
409,MIDD=3741151107,Soldier Marathon,"Columbus, GA USA","November 7, 2015","Anthony Rodriguez (M53)
5:44:00 409 241 / 41 M50-54  
4:59:51
 "
410,MIDD=3741151107,Soldier Marathon,"Columbus, GA USA","November 7, 2015","Donna Vogtman (F50)
5:44:19 410 169 / 21 F50-54 Midland, GA, USA
4:51:36
 "
411,MIDD=3741151107,Soldier Marathon,"Columbus, GA USA","November 7, 2015","Angie Hogeland (F41)
5:44:37 411 170 / 32 F40-44 Oneonta, AL, USA
5:25:08
 "
412,MIDD=3741151107,Soldier Marathon,"Columbus, GA USA","November 7, 2015","Hallie Cheek (F36)
5:45:05 412 171 / 41 F35-39 Hull, GA, USA
5:38:27
 "
413,MIDD=3741151107,Soldier Marathon,"Columbus, GA USA","November 7, 2015","George Martin (M53)
5:48:33 413 242 / 42 M50-54 Birmingham, AL, USA
5:03:49
 "
414,MIDD=3741151107,Soldier Marathon,"Columbus, GA USA","November 7, 2015","Christa Petersen (F39)
5:48:36 414 172 / 42 F35-39 Columbus, GA, USA
5:34:56
 "
415,MIDD=3741151107,Soldier Marathon,"Columbus, GA USA","November 7, 2015","Nicholas August (M28)
5:48:44 415 243 / 20 M25-29 Columbus, GA, USA
5:48:44
 "
416,MIDD=3741151107,Soldier Marathon,"Columbus, GA USA","November 7, 2015","Lauren Wise (F32)
5:49:02 416 173 / 18 F30-34 Peachtree City, GA, USA
5:47:48
 "
417,MIDD=3741151107,Soldier Marathon,"Columbus, GA USA","November 7, 2015","Cathy Saylor (F53)
5:49:29 417 174 / 22 F50-54 Waverly Hall, GA, USA
4:44:32
 "
418,MIDD=3741151107,Soldier Marathon,"Columbus, GA USA","November 7, 2015","Johnny Creel (M61)
5:49:37 418 244 / 12 M60-64 Albany, GA, USA
4:42:18
 "
419,MIDD=3741151107,Soldier Marathon,"Columbus, GA USA","November 7, 2015","Traci Taylor (F47)
5:49:59 419 175 / 31 F45-49 Alma, AR, USA
5:07:50
 "
420,MIDD=3741151107,Soldier Marathon,"Columbus, GA USA","November 7, 2015","Ismael Escobar (M41)
5:50:03 420 245 / 35 M40-44 Fort Benning, GA, USA
5:38:48
 "
421,MIDD=3741151107,Soldier Marathon,"Columbus, GA USA","November 7, 2015","Daniel Hagan (M53)
5:50:23 421 246 / 43 M50-54  
5:05:25
 "
422,MIDD=3741151107,Soldier Marathon,"Columbus, GA USA","November 7, 2015","Timothy Kourounis (M77)
5:50:23 422 247 / 1 M75-79  
3:52:47
 "
423,MIDD=3741151107,Soldier Marathon,"Columbus, GA USA","November 7, 2015","Tom Turkington (M50)
5:51:14 423 248 / 44 M50-54 Opelika, AL, USA
5:14:35
 "
424,MIDD=3741151107,Soldier Marathon,"Columbus, GA USA","November 7, 2015","Thomas Rivas (M56)
5:51:32 424 249 / 14 M55-59 Stockbridge, GA, USA
4:57:57
 "
425,MIDD=3741151107,Soldier Marathon,"Columbus, GA USA","November 7, 2015","Rhonda Cagle (F44)
5:51:33 425 176 / 33 F40-44 Mcdonough, GA, USA
5:20:43
 "
426,MIDD=3741151107,Soldier Marathon,"Columbus, GA USA","November 7, 2015","Phil Min (M60)
5:52:07 426 250 / 13 M60-64 Mt. Olive, AL, USA
4:47:09
 "
427,MIDD=3741151107,Soldier Marathon,"Columbus, GA USA","November 7, 2015","Bill Wooten (M45)
5:52:38 427 251 / 36 M45-49 Alpharetta, GA, USA
5:29:59
 "
428,MIDD=3741151107,Soldier Marathon,"Columbus, GA USA","November 7, 2015","Victoria Walker (F42)
5:53:22 428 177 / 34 F40-44 Lagrange, GA, USA
5:29:56
 "
429,MIDD=3741151107,Soldier Marathon,"Columbus, GA USA","November 7, 2015","Jennifer Johnson (F37)
5:53:27 429 178 / 43 F35-39 Camilla, GA, USA
5:44:34
 "
430,MIDD=3741151107,Soldier Marathon,"Columbus, GA USA","November 7, 2015","Andrea Ward (F36)
5:54:24 430 179 / 44 F35-39 Little Mountain, SC, USA
5:47:35
 "
431,MIDD=3741151107,Soldier Marathon,"Columbus, GA USA","November 7, 2015","tanya rasnick (F40)
5:54:47 431 180 / 35 F40-44 Warm Springs, GA, USA
5:37:57
 "
432,MIDD=3741151107,Soldier Marathon,"Columbus, GA USA","November 7, 2015","Rebecca Bishop (F37)
5:54:47 432 181 / 45 F35-39 Warm Springs, GA, USA
5:45:52
 "
433,MIDD=3741151107,Soldier Marathon,"Columbus, GA USA","November 7, 2015","William McGrath (M36)
5:54:53 433 252 / 35 M35-39 Midland, GA, USA
5:54:31
 "
434,MIDD=3741151107,Soldier Marathon,"Columbus, GA USA","November 7, 2015","Dave Bell (M53)
5:54:55 434 253 / 45 M50-54 Highlands ranch, CO, USA
5:09:22
 "
435,MIDD=3741151107,Soldier Marathon,"Columbus, GA USA","November 7, 2015","Laura Ceraolo (F46)
5:55:35 435 182 / 32 F45-49 Lincoln, NE, USA
5:16:38
 "
436,MIDD=3741151107,Soldier Marathon,"Columbus, GA USA","November 7, 2015","Natalie Sibley (F43)
5:55:50 436 183 / 36 F40-44 Sharpsburg, GA, USA
5:28:30
 "
437,MIDD=3741151107,Soldier Marathon,"Columbus, GA USA","November 7, 2015","Scott Krasko (M32)
5:56:18 437 254 / 26 M30-34 Fort Benning, GA, USA
5:56:18
 "
438,MIDD=3741151107,Soldier Marathon,"Columbus, GA USA","November 7, 2015","Jim Alexander (M67)
5:56:36 438 255 / 6 M65-69 Jacksonville, IL, USA
4:30:48
 "
439,MIDD=3741151107,Soldier Marathon,"Columbus, GA USA","November 7, 2015","Michael Dunn (M76)
5:56:56 439 256 / 2 M75-79 Eatonton, GA, USA
4:01:30
 "
440,MIDD=3741151107,Soldier Marathon,"Columbus, GA USA","November 7, 2015","Brandon Guthrie (M21)
5:57:11 440 257 / 15 M20-24 Cataula, GA, USA
5:55:34
 "
441,MIDD=3741151107,Soldier Marathon,"Columbus, GA USA","November 7, 2015","Wendy Mitchell (F41)
5:57:53 441 184 / 37 F40-44 Loganville, GA, USA
5:37:39
 "
442,MIDD=3741151107,Soldier Marathon,"Columbus, GA USA","November 7, 2015","Jena Dotson (F48)
5:58:09 442 185 / 33 F45-49 Loganville, GA, USA
5:11:07
 "
443,MIDD=3741151107,Soldier Marathon,"Columbus, GA USA","November 7, 2015","Heather Shoemaker (F30)
5:58:14 443 186 / 19 F30-34 Alpharetta, GA, USA
5:58:05
 "
444,MIDD=3741151107,Soldier Marathon,"Columbus, GA USA","November 7, 2015","Scott Madden (M44)
5:58:20 444 258 / 36 M40-44 Miamisburg, OH, USA
5:38:13
 "
445,MIDD=3741151107,Soldier Marathon,"Columbus, GA USA","November 7, 2015","Lacey Hegwood (F30)
5:58:34 445 187 / 20 F30-34 Mcdonough, GA, USA
5:58:25
 "
446,MIDD=3741151107,Soldier Marathon,"Columbus, GA USA","November 7, 2015","Floyd Crawford (M49)
5:58:47 446 259 / 37 M45-49 Alexandria, VA, USA
5:24:16
 "
447,MIDD=3741151107,Soldier Marathon,"Columbus, GA USA","November 7, 2015","Alvin Smith (M55)
5:58:57 447 260 / 15 M55-59 Donalsonville, GA, USA
5:07:07
 "
448,MIDD=3741151107,Soldier Marathon,"Columbus, GA USA","November 7, 2015","Kristen Powell (F43)
5:59:50 448 188 / 38 F40-44 Milton, GA, USA
5:32:11
 "
449,MIDD=3741151107,Soldier Marathon,"Columbus, GA USA","November 7, 2015","Harry Walpole (M38)
5:59:57 449 261 / 36 M35-39 Fort Benning, GA, USA
5:56:42
 "
450,MIDD=3741151107,Soldier Marathon,"Columbus, GA USA","November 7, 2015","Chris Cox (M37)
6:01:32 450 262 / 37 M35-39 Opelika, AL, USA
6:00:05
 "
451,MIDD=3741151107,Soldier Marathon,"Columbus, GA USA","November 7, 2015","Ami Payne (F39)
6:01:39 451 189 / 46 F35-39 Warner Robins, GA, USA
5:47:28
 "
452,MIDD=3741151107,Soldier Marathon,"Columbus, GA USA","November 7, 2015","Allyson Smith (F42)
6:01:44 452 190 / 39 F40-44 Lawrenceville, GA, USA
5:37:45
 "
453,MIDD=3741151107,Soldier Marathon,"Columbus, GA USA","November 7, 2015","Brooke Willis (F34)
6:02:33 453 191 / 21 F30-34 Evans, GA, USA
5:58:59
 "
454,MIDD=3741151107,Soldier Marathon,"Columbus, GA USA","November 7, 2015","Kimberly Kuhn (F55)
6:02:48 454 192 / 6 F55-59  
4:47:28
 "
455,MIDD=3741151107,Soldier Marathon,"Columbus, GA USA","November 7, 2015","Cecelia Sims (F48)
6:02:51 455 193 / 34 F45-49 Alabaster, AL, USA
5:15:12
 "
456,MIDD=3741151107,Soldier Marathon,"Columbus, GA USA","November 7, 2015","Joseph Patrick (M32)
6:03:02 456 263 / 27 M30-34 Milledgeville, GA, USA
6:03:02
 "
457,MIDD=3741151107,Soldier Marathon,"Columbus, GA USA","November 7, 2015","Rey Letada (M49)
6:03:09 457 264 / 38 M45-49 Grayslake, IL, USA
5:28:12
 "
458,MIDD=3741151107,Soldier Marathon,"Columbus, GA USA","November 7, 2015","Angel Cotte (M33)
6:05:31 458 265 / 28 M30-34 Fort Benning, GA, USA
6:05:31
 "
459,MIDD=3741151107,Soldier Marathon,"Columbus, GA USA","November 7, 2015","Jeff Goedert (M50)
6:05:53 459 266 / 46 M50-54 Midland, GA, USA
5:27:43
 "
460,MIDD=3741151107,Soldier Marathon,"Columbus, GA USA","November 7, 2015","Richard Pearson (M63)
6:06:06 460 267 / 14 M60-64 Pace, FL, USA
4:49:46
 "
461,MIDD=3741151107,Soldier Marathon,"Columbus, GA USA","November 7, 2015","Rodney Fortune (M46)
6:06:11 461 268 / 39 M45-49 Gainesville, GA, USA
5:39:44
 "
462,MIDD=3741151107,Soldier Marathon,"Columbus, GA USA","November 7, 2015","Meghan Kennedy (F33)
6:06:24 462 194 / 22 F30-34 Columbus, GA, USA
6:04:05
 "
463,MIDD=3741151107,Soldier Marathon,"Columbus, GA USA","November 7, 2015","Margaret DeGrace (F25)
6:07:24 463 195 / 11 F25-29 Tucker, GA, USA
6:07:24
 "
464,MIDD=3741151107,Soldier Marathon,"Columbus, GA USA","November 7, 2015","Lisa Fox (F52)
6:07:24 464 196 / 23 F50-54 Tucker, GA, USA
5:03:08
 "
465,MIDD=3741151107,Soldier Marathon,"Columbus, GA USA","November 7, 2015","michael bishop (M41)
6:08:23 465 269 / 37 M40-44 warm springs, GA, USA
5:56:33
 "
466,MIDD=3741151107,Soldier Marathon,"Columbus, GA USA","November 7, 2015","Mike Johnson (M43)
6:08:33 466 270 / 38 M40-44 Daphne, AL, USA
5:50:49
 "
467,MIDD=3741151107,Soldier Marathon,"Columbus, GA USA","November 7, 2015","Paul Barnes (M55)
6:09:16 467 271 / 16 M55-59 Prattville, AL, USA
5:15:56
 "
468,MIDD=3741151107,Soldier Marathon,"Columbus, GA USA","November 7, 2015","Wesley Hardacre (M35)
6:09:26 468 272 / 38 M35-39 Flora, MS, USA
6:09:26
 "
469,MIDD=3741151107,Soldier Marathon,"Columbus, GA USA","November 7, 2015","Whitney Chandler (F28)
6:09:37 469 197 / 12 F25-29 Acworth, GA, USA
6:09:37
 "
470,MIDD=3741151107,Soldier Marathon,"Columbus, GA USA","November 7, 2015","Stephen Ruiz (M60)
6:10:23 470 273 / 15 M60-64 Millbrook, AL, USA
5:02:02
 "
471,MIDD=3741151107,Soldier Marathon,"Columbus, GA USA","November 7, 2015","Andrew Flor (M39)
6:10:23 471 274 / 39 M35-39 Charlottesville, VA, USA
6:04:27
 "
472,MIDD=3741151107,Soldier Marathon,"Columbus, GA USA","November 7, 2015","Jay Thoman (M41)
6:10:23 472 275 / 39 M40-44 Ft Benning, GA, USA
5:58:29
 "
473,MIDD=3741151107,Soldier Marathon,"Columbus, GA USA","November 7, 2015","Larry Haddix (M48)
6:11:53 473 276 / 40 M45-49 Fortson, GA, USA
5:39:04
 "
474,MIDD=3741151107,Soldier Marathon,"Columbus, GA USA","November 7, 2015","Cassi Haddix (F43)
6:11:54 474 198 / 40 F40-44 Fortson, GA, USA
5:43:20
 "
475,MIDD=3741151107,Soldier Marathon,"Columbus, GA USA","November 7, 2015","Gloria Douglas (F62)
6:12:47 475 199 / 5 F60-64 Snellville, GA, USA
4:26:34
 "
476,MIDD=3741151107,Soldier Marathon,"Columbus, GA USA","November 7, 2015","Jacob Hewell (M23)
6:14:38 476 277 / 16 M20-24 Smyrna, GA, USA
6:14:38
 "
477,MIDD=3741151107,Soldier Marathon,"Columbus, GA USA","November 7, 2015","Susan Connery (F44)
6:15:17 477 200 / 41 F40-44 Columbus, GA, USA
5:42:22
 "
478,MIDD=3741151107,Soldier Marathon,"Columbus, GA USA","November 7, 2015","Tom Knowles (M58)
6:15:17 478 278 / 17 M55-59 dahlonega, GA, USA
5:12:05
 "
479,MIDD=3741151107,Soldier Marathon,"Columbus, GA USA","November 7, 2015","John White (M67)
6:15:27 479 279 / 7 M65-69 Windcrest, TX, USA
4:45:07
 "
480,MIDD=3741151107,Soldier Marathon,"Columbus, GA USA","November 7, 2015","Emily Smith (F41)
6:16:06 480 201 / 42 F40-44 Roswell, GA, USA
5:54:51
 "
481,MIDD=3741151107,Soldier Marathon,"Columbus, GA USA","November 7, 2015","Todd Sentell (M54)
6:16:34 481 280 / 47 M50-54 Alpharetta, GA, USA
5:25:14
 "
482,MIDD=3741151107,Soldier Marathon,"Columbus, GA USA","November 7, 2015","Michael Gorum (M55)
6:16:39 482 281 / 18 M55-59 Columbus, GA, USA
5:22:15
 "
483,MIDD=3741151107,Soldier Marathon,"Columbus, GA USA","November 7, 2015","Mellody Hughes (F52)
6:17:22 483 202 / 24 F50-54 DeFuniak Springs, FL, USA
5:11:21
 "
484,MIDD=3741151107,Soldier Marathon,"Columbus, GA USA","November 7, 2015","Katrina Hanks (F37)
6:17:38 484 203 / 47 F35-39 Auburn, AL, USA
6:08:09
 "
485,MIDD=3741151107,Soldier Marathon,"Columbus, GA USA","November 7, 2015","Coleen Wooten (F43)
6:17:53 485 204 / 43 F40-44 Alpharetta, GA, USA
5:48:51
 "
486,MIDD=3741151107,Soldier Marathon,"Columbus, GA USA","November 7, 2015","Evelyn Rached (F38)
6:17:54 486 205 / 48 F35-39 ALpharetta, GA, USA
6:05:52
 "
487,MIDD=3741151107,Soldier Marathon,"Columbus, GA USA","November 7, 2015","Denise Creamer (F52)
6:19:35 487 206 / 25 F50-54 Suwanee, GA, USA
5:13:11
 "
488,MIDD=3741151107,Soldier Marathon,"Columbus, GA USA","November 7, 2015","Amanda Wrenn (F31)
6:19:36 488 207 / 23 F30-34  
6:18:59
 "
489,MIDD=3741151107,Soldier Marathon,"Columbus, GA USA","November 7, 2015","Elizabeth Chaffin (F32)
6:22:40 489 208 / 24 F30-34 Lotz, FL, USA
6:21:19
 "
490,MIDD=3741151107,Soldier Marathon,"Columbus, GA USA","November 7, 2015","Deborah Bratten (F31)
6:22:40 490 209 / 25 F30-34 Reddick, FL, USA
6:22:03
 "
491,MIDD=3741151107,Soldier Marathon,"Columbus, GA USA","November 7, 2015","Erika Pickren (F41)
6:23:29 491 210 / 44 F40-44 Buena Vista, GA, USA
6:01:48
 "
492,MIDD=3741151107,Soldier Marathon,"Columbus, GA USA","November 7, 2015","Cindy Howard (F49)
6:24:26 492 211 / 35 F45-49 Phenix City, AL, USA
5:29:46
 "
493,MIDD=3741151107,Soldier Marathon,"Columbus, GA USA","November 7, 2015","David Campbell (M53)
6:24:34 493 282 / 48 M50-54 Lakeland, FL, USA
5:35:13
 "
494,MIDD=3741151107,Soldier Marathon,"Columbus, GA USA","November 7, 2015","DJ Bridgers (M47)
6:27:26 494 283 / 41 M45-49 ATLANTA, GA, USA
5:56:21
 "
495,MIDD=3741151107,Soldier Marathon,"Columbus, GA USA","November 7, 2015","tim cook (M44)
6:28:11 495 284 / 40 M40-44 macon, GA, USA
6:06:24
 "
496,MIDD=3741151107,Soldier Marathon,"Columbus, GA USA","November 7, 2015","Alvis Domerese (M40)
6:28:29 496 285 / 41 M40-44 Bradenton, FL, USA
6:19:07
 "
497,MIDD=3741151107,Soldier Marathon,"Columbus, GA USA","November 7, 2015","Hendrix Scanlan (M34)
6:32:15 497 286 / 29 M30-34 Phenix City, AL, USA
6:32:15
 "
498,MIDD=3741151107,Soldier Marathon,"Columbus, GA USA","November 7, 2015","Karen Collier (F38)
6:32:18 498 212 / 49 F35-39  
6:19:49
 "
499,MIDD=3741151107,Soldier Marathon,"Columbus, GA USA","November 7, 2015","Jennifer Douglass (F52)
6:32:19 499 213 / 26 F50-54 Kathleen, GA, USA
5:23:42
 "
500,MIDD=3741151107,Soldier Marathon,"Columbus, GA USA","November 7, 2015","Shaye Bradley (F52)
6:32:51 500 214 / 27 F50-54 Mobile, AL, USA
5:24:08
 "
501,MIDD=3741151107,Soldier Marathon,"Columbus, GA USA","November 7, 2015","Angie Lindley (F38)
6:33:26 501 215 / 50 F35-39 Newnan, GA, USA
6:20:55
 "
502,MIDD=3741151107,Soldier Marathon,"Columbus, GA USA","November 7, 2015","Leighann Pruiksma (F36)
6:33:26 502 216 / 51 F35-39  
6:25:52
 "
503,MIDD=3741151107,Soldier Marathon,"Columbus, GA USA","November 7, 2015","Elyn Macek (F54)
6:34:55 503 217 / 28 F50-54 Atlanta, GA, USA
5:17:14
 "
504,MIDD=3741151107,Soldier Marathon,"Columbus, GA USA","November 7, 2015","Darlene Bohanon (F42)
6:34:55 504 218 / 45 F40-44 Atlanta, GA, USA
6:08:44
 "
505,MIDD=3741151107,Soldier Marathon,"Columbus, GA USA","November 7, 2015","Michael Barnett (M58)
6:34:59 505 287 / 19 M55-59 Atlanta, GA, USA
5:28:28
 "
506,MIDD=3741151107,Soldier Marathon,"Columbus, GA USA","November 7, 2015","Ashleigh Floody (M21)
6:35:16 506 288 / 17 M20-24 Alpharetta, GA, USA
6:33:29
 "
507,MIDD=3741151107,Soldier Marathon,"Columbus, GA USA","November 7, 2015","Stobhan Robinson (F36)
6:38:11 507 219 / 52 F35-39 columbus, GA, USA
6:30:32
 "
508,MIDD=3741151107,Soldier Marathon,"Columbus, GA USA","November 7, 2015","Veverlyn Ealy (F40)
6:38:33 508 220 / 46 F40-44 Smiths Station, AL, USA
6:19:39
 "
509,MIDD=3741151107,Soldier Marathon,"Columbus, GA USA","November 7, 2015","Brian Hayden (M42)
6:42:04 509 289 / 42 M40-44 Columbus, GA, USA
6:25:56
 "
510,MIDD=3741151107,Soldier Marathon,"Columbus, GA USA","November 7, 2015","Liz Roberts (F55)
6:44:53 510 221 / 7 F55-59 Wylie, TX, USA
5:20:49
 "
511,MIDD=3741151107,Soldier Marathon,"Columbus, GA USA","November 7, 2015","John Tull (M47)
6:47:00 511 290 / 42 M45-49 Byron, GA, USA
6:14:21
 "
512,MIDD=3741151107,Soldier Marathon,"Columbus, GA USA","November 7, 2015","Luz Navarrete (F41)
6:52:28 512 222 / 47 F40-44 Cartersville, GA, USA
6:29:09
 "
513,MIDD=3741151107,Soldier Marathon,"Columbus, GA USA","November 7, 2015","Dennis Dunn (M59)
6:52:59 513 291 / 20 M55-59 Anniston, AL, USA
5:40:07
 "
514,MIDD=3741151107,Soldier Marathon,"Columbus, GA USA","November 7, 2015","Gina Redondo (F51)
6:54:12 514 223 / 29 F50-54 Columbus, GA, USA
5:46:16
 "
515,MIDD=3741151107,Soldier Marathon,"Columbus, GA USA","November 7, 2015","Catherine Alfaro (F46)
6:58:39 515 224 / 36 F45-49 Marietta, GA, USA
6:12:48
 "
516,MIDD=3741151107,Soldier Marathon,"Columbus, GA USA","November 7, 2015","Jason Winters (M40)
6:58:39 516 292 / 43 M40-44 Columbus, GA, USA
6:48:33
 "
517,MIDD=3741151107,Soldier Marathon,"Columbus, GA USA","November 7, 2015","Christine Hall (F52)
6:59:04 517 225 / 30 F50-54 Atlanta, GA, USA
5:45:46
 "
518,MIDD=3741151107,Soldier Marathon,"Columbus, GA USA","November 7, 2015","Cherie Dortch (F42)
6:59:39 518 226 / 48 F40-44  
6:31:49
 "
519,MIDD=3741151107,Soldier Marathon,"Columbus, GA USA","November 7, 2015","Shari Dawson (F50)
7:03:01 519 227 / 31 F50-54 stockbridge, GA, USA
5:58:15
 "
520,MIDD=3741151107,Soldier Marathon,"Columbus, GA USA","November 7, 2015","Jackie Arnold (F56)
7:03:04 520 228 / 8 F55-59 Decatur, GA, USA
5:30:37
 "
521,MIDD=3741151107,Soldier Marathon,"Columbus, GA USA","November 7, 2015","Antoinette Casselberry (F66)
7:09:43 521 229 / 4 F65-69 santa cruz, CA, USA
4:46:39
 "
522,MIDD=3741151107,Soldier Marathon,"Columbus, GA USA","November 7, 2015","Ray Cousins (M72)
7:16:50 522 293 / 3 M70-74 Washington, MO, USA
5:13:51
 "
523,MIDD=3741151107,Soldier Marathon,"Columbus, GA USA","November 7, 2015","Shannon Ruckman (F39)
7:43:07 523 230 / 53 F35-39 Fort Benning, GA, USA
7:24:57
 "
