,race_id,race,location,date,runners
0,MIDD=3598151025,Paso Robles Harvest Marathon,"Paso Robles, CA USA","October 25, 2015","

Have you run this race?Then tell us about it.

Last Name, First Name(Sex/Age)
Time OverAllPlace
Sex Place/Div Place
DIV Net Time 
City, State, Country AG Time* BQ*"
1,MIDD=3598151025,Paso Robles Harvest Marathon,"Paso Robles, CA USA","October 25, 2015","Kevin Wolf (M33)
3:02:37 1 1 / 1 M30-39
3:02:37
Atascadero, CA, USA
3:02:37
BQ"
2,MIDD=3598151025,Paso Robles Harvest Marathon,"Paso Robles, CA USA","October 25, 2015","javier cruz (M53)
3:04:01 2 2 / 1 M50-59
3:04:01
bakersfield, CA, USA
2:40:24
BQ"
3,MIDD=3598151025,Paso Robles Harvest Marathon,"Paso Robles, CA USA","October 25, 2015","Greg Saiki (M36)
3:04:22 3 3 / 2 M30-39
3:04:22
Bakersfield, CA, USA
3:04:10
BQ"
4,MIDD=3598151025,Paso Robles Harvest Marathon,"Paso Robles, CA USA","October 25, 2015","An-Li Herring (F26)
3:20:57 4 1 / 1 F20-29
3:20:56
Stanford, CA, USA
3:20:56
BQ"
5,MIDD=3598151025,Paso Robles Harvest Marathon,"Paso Robles, CA USA","October 25, 2015","Joel Fenlason (M42)
3:25:47 5 4 / 1 M40-49
3:25:46
Santa Maria, CA, USA
3:17:30
 "
6,MIDD=3598151025,Paso Robles Harvest Marathon,"Paso Robles, CA USA","October 25, 2015","Matthew Scribner (M48)
3:30:11 6 5 / 2 M40-49
3:30:11
Santa Barbara, CA, USA
3:11:38
 "
7,MIDD=3598151025,Paso Robles Harvest Marathon,"Paso Robles, CA USA","October 25, 2015","Mi Lam (F43)
3:30:42 7 2 / 1 F40-49
3:30:42
Vacaville, CA, USA
3:14:31
BQ"
8,MIDD=3598151025,Paso Robles Harvest Marathon,"Paso Robles, CA USA","October 25, 2015","Caleb Sponholtz (M41)
3:41:44 8 6 / 3 M40-49
3:41:40
Paso Robles, CA, USA
3:34:33
 "
9,MIDD=3598151025,Paso Robles Harvest Marathon,"Paso Robles, CA USA","October 25, 2015","John Siegel (M54)
3:42:50 9 7 / 2 M50-59
3:42:47
Atascadero, CA, USA
3:12:25
 "
10,MIDD=3598151025,Paso Robles Harvest Marathon,"Paso Robles, CA USA","October 25, 2015","Donald Wilson (M39)
3:45:18 10 8 / 3 M30-39
3:45:12
Santa Maria, CA, USA
3:41:35
 "
11,MIDD=3598151025,Paso Robles Harvest Marathon,"Paso Robles, CA USA","October 25, 2015","Mark Mooney (M58)
3:51:36 11 9 / 3 M50-59
3:51:35
San Bruno, CA, USA
3:12:35
 "
12,MIDD=3598151025,Paso Robles Harvest Marathon,"Paso Robles, CA USA","October 25, 2015","Yolanda Martinez (F43)
3:53:47 12 3 / 2 F40-49
3:53:47
Bakersfield, CA, USA
3:35:49
 "
13,MIDD=3598151025,Paso Robles Harvest Marathon,"Paso Robles, CA USA","October 25, 2015","Kelly Uchiumi (F23)
3:57:22 13 4 / 2 F20-29
3:57:22
Fremont, CA, USA
3:57:22
 "
14,MIDD=3598151025,Paso Robles Harvest Marathon,"Paso Robles, CA USA","October 25, 2015","George Korn (M38)
3:57:50 14 10 / 4 M30-39
3:57:30
Orcutt, CA, USA
3:55:21
 "
15,MIDD=3598151025,Paso Robles Harvest Marathon,"Paso Robles, CA USA","October 25, 2015","Nate Lytle (M30)
3:59:28 15 11 / 5 M30-39
3:59:28
Thousand Oaks, CA, USA
3:59:28
 "
16,MIDD=3598151025,Paso Robles Harvest Marathon,"Paso Robles, CA USA","October 25, 2015","Kelly Joiner (F54)
3:59:30 16 5 / 1 F50-59
3:59:28
Atascadero, CA, USA
3:12:21
BQ"
17,MIDD=3598151025,Paso Robles Harvest Marathon,"Paso Robles, CA USA","October 25, 2015","Larry Wormser (M46)
3:59:56 17 12 / 4 M40-49
3:59:56
Redondo Beach, CA, USA
3:42:36
 "
18,MIDD=3598151025,Paso Robles Harvest Marathon,"Paso Robles, CA USA","October 25, 2015","Allen Smith (M57)
4:07:08 18 13 / 4 M50-59
4:07:04
Anaheim, CA, USA
3:27:26
 "
19,MIDD=3598151025,Paso Robles Harvest Marathon,"Paso Robles, CA USA","October 25, 2015","Liz Williams (F53)
4:11:37 19 6 / 2 F50-59
4:11:32
Corning, CA, USA
3:24:47
 "
20,MIDD=3598151025,Paso Robles Harvest Marathon,"Paso Robles, CA USA","October 25, 2015","Kaitlin O'Donnell (F27)
4:12:42 20 7 / 3 F20-29
4:12:41
San Francisco, CA, USA
4:12:41
 "
21,MIDD=3598151025,Paso Robles Harvest Marathon,"Paso Robles, CA USA","October 25, 2015","Tara Santos (F36)
4:14:34 21 8 / 1 F30-39
4:14:34
Vandenberg AFB, CA, USA
4:09:40
 "
22,MIDD=3598151025,Paso Robles Harvest Marathon,"Paso Robles, CA USA","October 25, 2015","Peter Jones (M49)
4:15:40 22 14 / 5 M40-49
4:15:36
Petaluma, CA, USA
3:51:00
 "
23,MIDD=3598151025,Paso Robles Harvest Marathon,"Paso Robles, CA USA","October 25, 2015","Sandra Price (F48)
4:18:45 23 9 / 3 F40-49
4:18:41
Templeton, CA, USA
3:44:43
 "
24,MIDD=3598151025,Paso Robles Harvest Marathon,"Paso Robles, CA USA","October 25, 2015","Sharon Loe (F51)
4:18:51 24 10 / 3 F50-59
4:18:46
College Station, CA, USA
3:36:19
 "
25,MIDD=3598151025,Paso Robles Harvest Marathon,"Paso Robles, CA USA","October 25, 2015","Michael Anderson (M49)
4:19:02 25 15 / 6 M40-49
4:18:56
Fresno, CA, USA
3:54:01
 "
26,MIDD=3598151025,Paso Robles Harvest Marathon,"Paso Robles, CA USA","October 25, 2015","Jennifer Hall (F39)
4:21:06 26 11 / 2 F30-39
4:21:02
Missoula, MT, USA
4:10:48
 "
27,MIDD=3598151025,Paso Robles Harvest Marathon,"Paso Robles, CA USA","October 25, 2015","Jill Gerdrum (F41)
4:21:07 27 12 / 4 F40-49
4:21:02
Missoula, MT, USA
4:06:17
 "
28,MIDD=3598151025,Paso Robles Harvest Marathon,"Paso Robles, CA USA","October 25, 2015","Shawna Brainard (F47)
4:22:39 28 13 / 5 F40-49
4:22:34
Hanford, CA, USA
3:50:57
 "
29,MIDD=3598151025,Paso Robles Harvest Marathon,"Paso Robles, CA USA","October 25, 2015","Joe Mays (M46)
4:23:28 29 16 / 7 M40-49
4:23:26
Paso Robles, CA, USA
4:04:24
 "
30,MIDD=3598151025,Paso Robles Harvest Marathon,"Paso Robles, CA USA","October 25, 2015","Brian King (M39)
4:24:29 30 17 / 6 M30-39
4:24:29
Arroyo Grande, CA, USA
4:20:15
 "
31,MIDD=3598151025,Paso Robles Harvest Marathon,"Paso Robles, CA USA","October 25, 2015","Rosa Garcia (F38)
4:26:26 31 14 / 3 F30-39
4:26:25
Los Angeles, CA, USA
4:17:56
 "
32,MIDD=3598151025,Paso Robles Harvest Marathon,"Paso Robles, CA USA","October 25, 2015","Kalani Livoti (F31)
4:29:08 32 15 / 4 F30-39
4:29:06
Vandenberg AFB, CA, USA
4:28:40
 "
33,MIDD=3598151025,Paso Robles Harvest Marathon,"Paso Robles, CA USA","October 25, 2015","Abigail Argonza (F29)
4:29:08 33 16 / 4 F20-29
4:29:07
Lompoc, CA, USA
4:29:07
 "
34,MIDD=3598151025,Paso Robles Harvest Marathon,"Paso Robles, CA USA","October 25, 2015","Todd Larraux (M17)
4:30:21 34 18 / 1 M0-19
4:30:16
San Jose, CA, USA
4:16:04
 "
35,MIDD=3598151025,Paso Robles Harvest Marathon,"Paso Robles, CA USA","October 25, 2015","JONATHAN SIMPSON (M34)
4:31:40 35 19 / 7 M30-39
4:31:40
Lompoc, CA, USA
4:31:40
 "
36,MIDD=3598151025,Paso Robles Harvest Marathon,"Paso Robles, CA USA","October 25, 2015","Shannon Malcolm (M38)
4:37:53 36 20 / 8 M30-39
4:37:49
Scotts Valley, CA, USA
4:35:18
 "
37,MIDD=3598151025,Paso Robles Harvest Marathon,"Paso Robles, CA USA","October 25, 2015","Muammer Joseph Temel (M59)
4:38:05 37 21 / 5 M50-59
4:38:04
Bakersfield, CA, USA
3:49:00
 "
38,MIDD=3598151025,Paso Robles Harvest Marathon,"Paso Robles, CA USA","October 25, 2015","J Taniguchi (M55)
4:44:25 38 22 / 6 M50-59
4:44:10
Huntington Beach, CA, USA
4:03:07
 "
39,MIDD=3598151025,Paso Robles Harvest Marathon,"Paso Robles, CA USA","October 25, 2015","Tari Heslop (F45)
4:47:54 39 17 / 6 F40-49
4:47:48
Guadalupe, CA, USA
4:19:25
 "
40,MIDD=3598151025,Paso Robles Harvest Marathon,"Paso Robles, CA USA","October 25, 2015","Cody Wright (M20)
4:49:50 40 23 / 1 M20-29
4:49:47
Oceano, CA, USA
4:46:09
 "
41,MIDD=3598151025,Paso Robles Harvest Marathon,"Paso Robles, CA USA","October 25, 2015","Greg Myers (M32)
4:50:35 41 24 / 9 M30-39
4:50:29
Campbell, CA, USA
4:50:29
 "
42,MIDD=3598151025,Paso Robles Harvest Marathon,"Paso Robles, CA USA","October 25, 2015","Christine Nishimura (F31)
5:07:19 42 18 / 5 F30-39
5:07:11
Austin, TX, USA
5:06:41
 "
43,MIDD=3598151025,Paso Robles Harvest Marathon,"Paso Robles, CA USA","October 25, 2015","Gregory Florick (M55)
5:07:20 43 25 / 7 M50-59
5:07:12
Camarillo, CA, USA
4:22:50
 "
44,MIDD=3598151025,Paso Robles Harvest Marathon,"Paso Robles, CA USA","October 25, 2015","Philip Eulie (M57)
5:09:31 44 26 / 8 M50-59
5:09:23
Rancho Cordova, CA, USA
4:19:45
 "
45,MIDD=3598151025,Paso Robles Harvest Marathon,"Paso Robles, CA USA","October 25, 2015","Walter Bullock (M58)
5:21:57 45 27 / 9 M50-59
5:21:41
West Sacramento, CA, USA
4:27:30
 "
46,MIDD=3598151025,Paso Robles Harvest Marathon,"Paso Robles, CA USA","October 25, 2015","Julie St Louis Quimby (F52)
5:24:11 46 19 / 4 F50-59
5:24:11
Boulder, CO, USA
4:27:29
 "
47,MIDD=3598151025,Paso Robles Harvest Marathon,"Paso Robles, CA USA","October 25, 2015","James Ferraro (M53)
5:28:13 47 28 / 10 M50-59
5:28:07
Riverside, CA, USA
4:46:01
 "
48,MIDD=3598151025,Paso Robles Harvest Marathon,"Paso Robles, CA USA","October 25, 2015","Ian Mayes (M42)
5:33:20 48 29 / 8 M40-49
5:33:19
Salinas, CA, USA
5:19:57
 "
49,MIDD=3598151025,Paso Robles Harvest Marathon,"Paso Robles, CA USA","October 25, 2015","chung seok (M63)
5:39:32 49 30 / 1 M60-99
5:39:27
camarillo, CA, USA
4:28:40
 "
50,MIDD=3598151025,Paso Robles Harvest Marathon,"Paso Robles, CA USA","October 25, 2015","Cyndie Cervantes (F22)
5:57:16 50 20 / 5 F20-29
5:57:07
San Luis obispo, CA, USA
5:57:07
 "
51,MIDD=3598151025,Paso Robles Harvest Marathon,"Paso Robles, CA USA","October 25, 2015","Brittany Coté (F26)
5:59:36 51 21 / 6 F20-29
5:59:30
Goleta, CA, USA
5:59:30
 "
52,MIDD=3598151025,Paso Robles Harvest Marathon,"Paso Robles, CA USA","October 25, 2015","Amanda Quimby-Seyferth (F25)
6:18:06 52 22 / 7 F20-29
6:18:04
Boulder, CO, USA
6:18:04
 "
