,race_id,race,location,date,runners
0,MIDD=2487151108,Inland Trail Marathon,"Elyria, OH USA","November 8, 2015","

Have you run this race?Then tell us about it.

Last Name, First Name(Sex/Age)
Time OverAllPlace
Sex Place
AG Time* BQ*"
1,MIDD=2487151108,Inland Trail Marathon,"Elyria, OH USA","November 8, 2015","Joe Francescangeli (M29)
3:04:24 1 1
3:04:24
BQ"
2,MIDD=2487151108,Inland Trail Marathon,"Elyria, OH USA","November 8, 2015","John Horrigan (M46)
3:14:18 2 3
3:00:17
BQ"
3,MIDD=2487151108,Inland Trail Marathon,"Elyria, OH USA","November 8, 2015","David Gudat (M47)
3:14:57 3 4
2:59:19
BQ"
4,MIDD=2487151108,Inland Trail Marathon,"Elyria, OH USA","November 8, 2015","John Dillon (M47)
3:17:31 4 5
3:01:41
BQ"
5,MIDD=2487151108,Inland Trail Marathon,"Elyria, OH USA","November 8, 2015","Nancy Citriglia (F41)
3:17:42 5 1
3:06:32
BQ"
6,MIDD=2487151108,Inland Trail Marathon,"Elyria, OH USA","November 8, 2015","Luke West (M25)
3:17:46 6 6
3:17:46
 "
7,MIDD=2487151108,Inland Trail Marathon,"Elyria, OH USA","November 8, 2015","Robert McCarty (M54)
3:25:47 7 7
2:57:44
BQ"
8,MIDD=2487151108,Inland Trail Marathon,"Elyria, OH USA","November 8, 2015","Jason Lehrer (M43)
3:26:04 8 8
3:16:10
 "
9,MIDD=2487151108,Inland Trail Marathon,"Elyria, OH USA","November 8, 2015","Todd Jaros (M48)
3:26:15 9 9
3:08:03
 "
10,MIDD=2487151108,Inland Trail Marathon,"Elyria, OH USA","November 8, 2015","Lance Melin (M56)
3:26:50 10 10
2:55:19
BQ"
11,MIDD=2487151108,Inland Trail Marathon,"Elyria, OH USA","November 8, 2015","Connie Gardner (F52)
3:28:18 11 2
2:51:52
BQ"
12,MIDD=2487151108,Inland Trail Marathon,"Elyria, OH USA","November 8, 2015","Frank Reagan (M49)
3:28:28 12 11
3:08:25
 "
13,MIDD=2487151108,Inland Trail Marathon,"Elyria, OH USA","November 8, 2015","Alicia Eno (F38)
3:29:09 13 3
3:22:30
BQ"
14,MIDD=2487151108,Inland Trail Marathon,"Elyria, OH USA","November 8, 2015","John Pavlick (M54)
3:30:06 14 12
3:01:27
 "
15,MIDD=2487151108,Inland Trail Marathon,"Elyria, OH USA","November 8, 2015","Anthony Collins (M38)
3:31:20 15 13
3:29:26
 "
16,MIDD=2487151108,Inland Trail Marathon,"Elyria, OH USA","November 8, 2015","Mahesh Inu (M39)
3:33:49 16 14
3:30:24
 "
17,MIDD=2487151108,Inland Trail Marathon,"Elyria, OH USA","November 8, 2015","John Ebel (M55)
3:35:07 17 15
3:04:03
BQ"
18,MIDD=2487151108,Inland Trail Marathon,"Elyria, OH USA","November 8, 2015","Paul Sheridan (M60)
3:39:58 18 16
2:59:23
BQ"
19,MIDD=2487151108,Inland Trail Marathon,"Elyria, OH USA","November 8, 2015","Debbie Scheel (F44)
3:40:48 19 4
3:21:26
BQ"
20,MIDD=2487151108,Inland Trail Marathon,"Elyria, OH USA","November 8, 2015","Scott Hale (M47)
3:42:06 20 17
3:24:17
 "
21,MIDD=2487151108,Inland Trail Marathon,"Elyria, OH USA","November 8, 2015","Steven Wagner (M47)
3:43:01 21 18
3:25:08
 "
22,MIDD=2487151108,Inland Trail Marathon,"Elyria, OH USA","November 8, 2015","Ted Popiel (M54)
3:44:26 22 19
3:13:50
 "
23,MIDD=2487151108,Inland Trail Marathon,"Elyria, OH USA","November 8, 2015","Erin Fulton (F35)
3:45:15 23 5
3:42:05
 "
24,MIDD=2487151108,Inland Trail Marathon,"Elyria, OH USA","November 8, 2015","Edward Bates (M67)
3:45:55 24 20
2:51:34
BQ"
25,MIDD=2487151108,Inland Trail Marathon,"Elyria, OH USA","November 8, 2015","Jennifer Puster (F40)
3:46:27 25 6
3:35:43
 "
26,MIDD=2487151108,Inland Trail Marathon,"Elyria, OH USA","November 8, 2015","Jason Rupe (M41)
3:47:04 26 21
3:39:47
 "
27,MIDD=2487151108,Inland Trail Marathon,"Elyria, OH USA","November 8, 2015","Peter Nelson (M52)
3:49:44 27 22
3:22:05
 "
28,MIDD=2487151108,Inland Trail Marathon,"Elyria, OH USA","November 8, 2015","Bill Morrison (M30)
3:50:06 28 23
3:50:06
 "
29,MIDD=2487151108,Inland Trail Marathon,"Elyria, OH USA","November 8, 2015","TJ Watts (M22)
3:50:37 29 24
3:50:30
 "
30,MIDD=2487151108,Inland Trail Marathon,"Elyria, OH USA","November 8, 2015","Joe Jurczyk (M51)
3:51:23 30 25
3:25:24
 "
31,MIDD=2487151108,Inland Trail Marathon,"Elyria, OH USA","November 8, 2015","Ron Krystek (M60)
3:52:46 31 26
3:09:49
BQ"
32,MIDD=2487151108,Inland Trail Marathon,"Elyria, OH USA","November 8, 2015","Kelly Mendelson (F39)
3:53:48 32 7
3:44:38
 "
33,MIDD=2487151108,Inland Trail Marathon,"Elyria, OH USA","November 8, 2015","Thomas Sneeringer (M60)
3:53:54 33 27
3:10:44
BQ"
34,MIDD=2487151108,Inland Trail Marathon,"Elyria, OH USA","November 8, 2015","Jim O'Connor (M53)
3:53:55 34 28
3:23:54
 "
35,MIDD=2487151108,Inland Trail Marathon,"Elyria, OH USA","November 8, 2015","Bridget Hurtuk (F23)
3:54:47 35 8
3:54:47
 "
36,MIDD=2487151108,Inland Trail Marathon,"Elyria, OH USA","November 8, 2015","Rita Barnes (F59)
4:00:53 36 9
3:00:22
BQ"
37,MIDD=2487151108,Inland Trail Marathon,"Elyria, OH USA","November 8, 2015","Chris Smith (M58)
4:05:30 37 29
3:24:09
 "
38,MIDD=2487151108,Inland Trail Marathon,"Elyria, OH USA","November 8, 2015","Jonathan Boyer (M41)
4:07:35 38 30
3:59:39
 "
39,MIDD=2487151108,Inland Trail Marathon,"Elyria, OH USA","November 8, 2015","Wing-Kwong Keung (M64)
4:08:35 39 31
3:14:46
 "
40,MIDD=2487151108,Inland Trail Marathon,"Elyria, OH USA","November 8, 2015","Matthew Sedivy (M45)
4:11:18 40 32
3:55:10
 "
41,MIDD=2487151108,Inland Trail Marathon,"Elyria, OH USA","November 8, 2015","Bob Common (M57)
4:11:52 41 33
3:31:28
 "
42,MIDD=2487151108,Inland Trail Marathon,"Elyria, OH USA","November 8, 2015","Biljana Sedivy (F47)
4:13:04 42 10
3:42:36
 "
43,MIDD=2487151108,Inland Trail Marathon,"Elyria, OH USA","November 8, 2015","Gary Bell (M72)
4:15:58 43 34
3:03:55
BQ"
44,MIDD=2487151108,Inland Trail Marathon,"Elyria, OH USA","November 8, 2015","Brian Zupanc (M47)
4:19:02 44 35
3:58:16
 "
45,MIDD=2487151108,Inland Trail Marathon,"Elyria, OH USA","November 8, 2015","Amy Patrick-Melin (F51)
4:22:58 45 11
3:39:50
 "
46,MIDD=2487151108,Inland Trail Marathon,"Elyria, OH USA","November 8, 2015","Bonnie Kimpling-Kelly (F47)
4:24:17 46 12
3:52:28
 "
47,MIDD=2487151108,Inland Trail Marathon,"Elyria, OH USA","November 8, 2015","Marti Stuedle (F41)
4:24:21 47 13
4:09:25
 "
48,MIDD=2487151108,Inland Trail Marathon,"Elyria, OH USA","November 8, 2015","Sarah Smith (F32)
4:24:47 48 14
4:23:51
 "
49,MIDD=2487151108,Inland Trail Marathon,"Elyria, OH USA","November 8, 2015","Christine McKay (F50)
4:45:06 49 15
4:01:27
 "
50,MIDD=2487151108,Inland Trail Marathon,"Elyria, OH USA","November 8, 2015","Tonya Herne (F50)
4:47:00 50 16
4:03:04
 "
51,MIDD=2487151108,Inland Trail Marathon,"Elyria, OH USA","November 8, 2015","Ira Hager (M47)
4:54:38 51 36
4:31:00
 "
52,MIDD=2487151108,Inland Trail Marathon,"Elyria, OH USA","November 8, 2015","Veronica Seman (F34)
5:15:43 52 17
5:12:37
 "
53,MIDD=2487151108,Inland Trail Marathon,"Elyria, OH USA","November 8, 2015","Marsha Seuero (F68)
5:43:49 53 18
3:40:37
 "
54,MIDD=2487151108,Inland Trail Marathon,"Elyria, OH USA","November 8, 2015","Corney Biggs (F19)
5:57:47 54 19
5:55:30
 "
55,MIDD=2487151108,Inland Trail Marathon,"Elyria, OH USA","November 8, 2015","Gregory Doyle (M69)
6:30:22 55 37
4:50:12
 "
