,race_id,race,location,date,runners
0,MIDD=571151031,Stinson Beach Marathon,"Stinson Beach, CA USA","October 31, 2015","

Have you run this race?Then tell us about it.

Last Name, First Name(Sex/Age)
Time OverAllPlace
Sex Place/Div Place
DIV 
City, State, Country AG Time*"
1,MIDD=571151031,Stinson Beach Marathon,"Stinson Beach, CA USA","October 31, 2015","Adam Dell (M33)
3:53:47 1 1 / 1 M30-34 Palo Alto, CA, USA
3:53:47"
2,MIDD=571151031,Stinson Beach Marathon,"Stinson Beach, CA USA","October 31, 2015","Robert Ellerbruch (M41)
4:02:19 2 2 / 1 M40-44 Farmington, UT, USA
3:54:32"
3,MIDD=571151031,Stinson Beach Marathon,"Stinson Beach, CA USA","October 31, 2015","Andrew Dempsey (M33)
4:21:26 3 3 / 2 M30-34 San Francisco, CA, USA
4:21:26"
4,MIDD=571151031,Stinson Beach Marathon,"Stinson Beach, CA USA","October 31, 2015","Donald Morgan (M39)
4:32:34 4 4 / 1 M35-39 Pleasanton, CA, USA
4:28:12"
5,MIDD=571151031,Stinson Beach Marathon,"Stinson Beach, CA USA","October 31, 2015","Isabel Diaz (F31)
4:38:34 5 1 / 1 F30-34 San Rafael, CA, USA
4:38:07"
6,MIDD=571151031,Stinson Beach Marathon,"Stinson Beach, CA USA","October 31, 2015","Jh Mintz (M49)
4:43:15 6 5 / 1 M45-49 Hercules, CA, USA
4:16:00"
7,MIDD=571151031,Stinson Beach Marathon,"Stinson Beach, CA USA","October 31, 2015","Geremias Ramos (M28)
4:43:39 7 6 / 1 M25-29 San Rafael, CA, USA
4:43:39"
8,MIDD=571151031,Stinson Beach Marathon,"Stinson Beach, CA USA","October 31, 2015","Jose Maria Lozano (M41)
4:57:58 8 7 / 2 M40-44 Alameda, CA, USA
4:48:24"
9,MIDD=571151031,Stinson Beach Marathon,"Stinson Beach, CA USA","October 31, 2015","Aaron Gannon (M45)
5:05:49 9 8 / 2 M45-49 San Francisco, CA, USA
4:46:10"
10,MIDD=571151031,Stinson Beach Marathon,"Stinson Beach, CA USA","October 31, 2015","Steven Taylor (M43)
5:15:54 10 9 / 3 M40-44 Washington, DC, USA
5:00:42"
11,MIDD=571151031,Stinson Beach Marathon,"Stinson Beach, CA USA","October 31, 2015","Vladimir Gusiatnikov (M42)
5:20:08 11 10 / 4 M40-44 San Francisco, CA, USA
5:07:17"
12,MIDD=571151031,Stinson Beach Marathon,"Stinson Beach, CA USA","October 31, 2015","Alicia Mcdaniel (F34)
5:24:40 12 2 / 2 F30-34 Murphys, CA, USA
5:21:29"
13,MIDD=571151031,Stinson Beach Marathon,"Stinson Beach, CA USA","October 31, 2015","Martin Baldwin (M44)
5:29:45 13 11 / 5 M40-44 Los Gatos, CA, USA
5:11:15"
14,MIDD=571151031,Stinson Beach Marathon,"Stinson Beach, CA USA","October 31, 2015","Eric Jimenez (M24)
5:36:50 14 12 / 1 M20-24 Concord, CA, USA
5:36:50"
15,MIDD=571151031,Stinson Beach Marathon,"Stinson Beach, CA USA","October 31, 2015","Susanne Spiegelberg (F43)
5:38:36 15 3 / 1 F40-44 San Mateo, CA, USA
5:12:35"
16,MIDD=571151031,Stinson Beach Marathon,"Stinson Beach, CA USA","October 31, 2015","Ryan Six (M34)
5:42:30 16 13 / 3 M30-34 Seattle, WA, USA
5:42:30"
17,MIDD=571151031,Stinson Beach Marathon,"Stinson Beach, CA USA","October 31, 2015","Theo Daniels (M49)
5:47:33 17 14 / 3 M45-49 Roseville, CA, USA
5:14:06"
18,MIDD=571151031,Stinson Beach Marathon,"Stinson Beach, CA USA","October 31, 2015","Miana Degardeyn (F37)
5:52:10 18 4 / 1 F35-39 Chicago, IL, USA
5:43:19"
19,MIDD=571151031,Stinson Beach Marathon,"Stinson Beach, CA USA","October 31, 2015","Jenny Smith (F32)
5:53:05 19 5 / 3 F30-34 Mountain House, CA, USA
5:51:50"
20,MIDD=571151031,Stinson Beach Marathon,"Stinson Beach, CA USA","October 31, 2015","Anabela Diaz (F37)
5:53:40 21 6 / 2 F35-39 San Rafael, CA, USA
5:44:47"
21,MIDD=571151031,Stinson Beach Marathon,"Stinson Beach, CA USA","October 31, 2015","Casey Peterson (F40)
5:58:30 22 7 / 2 F40-44 San Rafael, CA, USA
5:41:30"
22,MIDD=571151031,Stinson Beach Marathon,"Stinson Beach, CA USA","October 31, 2015","Michelle Crouch (F49)
6:08:30 23 8 / 1 F45-49 Western Springs, IL, USA
5:16:05"
23,MIDD=571151031,Stinson Beach Marathon,"Stinson Beach, CA USA","October 31, 2015","James Obrien (M55)
6:10:33 24 16 / 1 M55-59 Western Springs, IL, USA
5:17:02"
