,race_id,race,location,date,runners
0,MIDD=2740151101,City of Oaks Marathon & Half Marathon,"Raleigh, NC USA","November 1, 2015","

Have you run this race?Then tell us about it.

Last Name, First Name(Sex/Age)
Time OverAllPlace
Sex Place
Net Time 
City, State, Country AG Time* BQ*"
1,MIDD=2740151101,City of Oaks Marathon & Half Marathon,"Raleigh, NC USA","November 1, 2015","Caleb Masland (M34)
2:34:33 1 1
2:34:31
Boone, NC, USA
2:34:31
BQ"
2,MIDD=2740151101,City of Oaks Marathon & Half Marathon,"Raleigh, NC USA","November 1, 2015","Tim Surface (M37)
2:38:53 2 2
2:38:51
Raleigh, NC, USA
2:38:12
BQ"
3,MIDD=2740151101,City of Oaks Marathon & Half Marathon,"Raleigh, NC USA","November 1, 2015","Victor Ornelas (M30)
2:40:31 3 3
2:40:28
Durham, NC, USA
2:40:28
BQ"
4,MIDD=2740151101,City of Oaks Marathon & Half Marathon,"Raleigh, NC USA","November 1, 2015","Dean Goodison (M44)
2:45:43 4 4
2:45:42
Clayton, NC, USA
2:36:24
BQ"
5,MIDD=2740151101,City of Oaks Marathon & Half Marathon,"Raleigh, NC USA","November 1, 2015","Glenn Bailey (M21)
2:51:44 5 5
2:51:40
Raleigh, NC, USA
2:50:53
BQ"
6,MIDD=2740151101,City of Oaks Marathon & Half Marathon,"Raleigh, NC USA","November 1, 2015","Jose Mora (M24)
2:55:07 6 6
2:55:02
Rocky Mount, NC, USA
2:55:02
BQ"
7,MIDD=2740151101,City of Oaks Marathon & Half Marathon,"Raleigh, NC USA","November 1, 2015","Jeff Lynch (M40)
3:00:38 7 7
3:00:35
Raleigh, NC, USA
2:56:13
BQ"
8,MIDD=2740151101,City of Oaks Marathon & Half Marathon,"Raleigh, NC USA","November 1, 2015","Jeffrey Browne (M39)
3:01:01 8 8
3:00:59
Raleigh, NC, USA
2:58:05
BQ"
9,MIDD=2740151101,City of Oaks Marathon & Half Marathon,"Raleigh, NC USA","November 1, 2015","Shawanna White (F35)
3:01:29 9 1
3:01:27
Columbia, SC, USA
2:58:53
BQ"
10,MIDD=2740151101,City of Oaks Marathon & Half Marathon,"Raleigh, NC USA","November 1, 2015","Marius Rutkevicius (M26)
3:04:04 10 9
3:04:01
Raleigh, NC, USA
3:04:01
BQ"
11,MIDD=2740151101,City of Oaks Marathon & Half Marathon,"Raleigh, NC USA","November 1, 2015","Joseph Rabiega (M39)
3:05:21 11 10
3:05:19
Raleigh, NC, USA
3:02:21
BQ"
12,MIDD=2740151101,City of Oaks Marathon & Half Marathon,"Raleigh, NC USA","November 1, 2015","Ryan Matthews (M33)
3:08:32 12 11
3:08:25
Holly Springs, NC, USA
3:08:25
 "
13,MIDD=2740151101,City of Oaks Marathon & Half Marathon,"Raleigh, NC USA","November 1, 2015","David Hartmann (M27)
3:09:11 13 12
3:08:51
Seaside, CA, USA
3:08:51
 "
14,MIDD=2740151101,City of Oaks Marathon & Half Marathon,"Raleigh, NC USA","November 1, 2015","Matthew Seering (M35)
3:09:33 14 13
3:09:33
Wake Forest, NC, USA
3:09:33
BQ"
15,MIDD=2740151101,City of Oaks Marathon & Half Marathon,"Raleigh, NC USA","November 1, 2015","Andrew Adkins (M40)
3:10:36 15 14
3:10:27
Greensboro, NC, USA
3:05:51
BQ"
16,MIDD=2740151101,City of Oaks Marathon & Half Marathon,"Raleigh, NC USA","November 1, 2015","Richard Offield (M40)
3:10:50 16 15
3:10:48
Durham, NC, USA
3:06:12
BQ"
17,MIDD=2740151101,City of Oaks Marathon & Half Marathon,"Raleigh, NC USA","November 1, 2015","Mark Woodwell (M35)
3:10:51 17 16
3:10:44
Raleigh, NC, USA
3:10:44
 "
18,MIDD=2740151101,City of Oaks Marathon & Half Marathon,"Raleigh, NC USA","November 1, 2015","Dylan Mathews (M24)
3:12:18 18 17
3:12:13
Pittsboro, NC, USA
3:12:13
 "
19,MIDD=2740151101,City of Oaks Marathon & Half Marathon,"Raleigh, NC USA","November 1, 2015","Meredith Bazemore (F40)
3:12:38 19 2
3:12:30
Chapel Hill, NC, USA
3:03:22
BQ"
20,MIDD=2740151101,City of Oaks Marathon & Half Marathon,"Raleigh, NC USA","November 1, 2015","Amanda Knapp (F23)
3:12:55 20 3
3:12:49
Youngsville, NC, USA
3:12:49
BQ"
21,MIDD=2740151101,City of Oaks Marathon & Half Marathon,"Raleigh, NC USA","November 1, 2015","Nancy Jurgens (F37)
3:13:03 21 4
3:12:56
Apex, NC, USA
3:08:05
BQ"
22,MIDD=2740151101,City of Oaks Marathon & Half Marathon,"Raleigh, NC USA","November 1, 2015","Jennifer Han (F26)
3:14:11 22 5
3:13:53
Southern Pines, NC, USA
3:13:53
BQ"
23,MIDD=2740151101,City of Oaks Marathon & Half Marathon,"Raleigh, NC USA","November 1, 2015","Norman Carew (M47)
3:14:38 23 18
3:14:09
Durham, NC, USA
2:58:34
BQ"
24,MIDD=2740151101,City of Oaks Marathon & Half Marathon,"Raleigh, NC USA","November 1, 2015","Christine Rockey (F45)
3:15:10 24 6
3:14:58
Conway, SC, USA
2:55:44
BQ"
25,MIDD=2740151101,City of Oaks Marathon & Half Marathon,"Raleigh, NC USA","November 1, 2015","Christin Newman (F24)
3:15:22 25 7
3:15:15
Greensboro, NC, USA
3:15:15
BQ"
26,MIDD=2740151101,City of Oaks Marathon & Half Marathon,"Raleigh, NC USA","November 1, 2015","Benjamin Campbell (M36)
3:15:32 26 19
3:15:21
Raleigh, NC, USA
3:15:09
 "
27,MIDD=2740151101,City of Oaks Marathon & Half Marathon,"Raleigh, NC USA","November 1, 2015","Matthew Loeffler (M23)
3:16:20 27 20
3:16:16
Fuquay Varina, NC, USA
3:16:16
 "
28,MIDD=2740151101,City of Oaks Marathon & Half Marathon,"Raleigh, NC USA","November 1, 2015","Jason Brooks (M37)
3:17:19 28 21
3:17:15
Wake Forest, NC, USA
3:16:27
 "
29,MIDD=2740151101,City of Oaks Marathon & Half Marathon,"Raleigh, NC USA","November 1, 2015","Andre Palpant (M19)
3:17:57 29 22
3:17:31
Elburn, IL, USA
3:12:40
 "
30,MIDD=2740151101,City of Oaks Marathon & Half Marathon,"Raleigh, NC USA","November 1, 2015","Dave Kjonass (M38)
3:17:57 30 23
3:17:52
Centerville, MN, USA
3:16:05
 "
31,MIDD=2740151101,City of Oaks Marathon & Half Marathon,"Raleigh, NC USA","November 1, 2015","Jason Tischer (M40)
3:18:03 31 24
3:17:58
Raleigh, NC, USA
3:13:11
 "
32,MIDD=2740151101,City of Oaks Marathon & Half Marathon,"Raleigh, NC USA","November 1, 2015","Jiang Lin (M40)
3:18:54 32 25
3:18:46
Chapel Hill, NC, USA
3:13:58
 "
33,MIDD=2740151101,City of Oaks Marathon & Half Marathon,"Raleigh, NC USA","November 1, 2015","Lori Chong (F26)
3:19:02 33 8
3:18:51
Raleigh, NC, USA
3:18:51
BQ"
34,MIDD=2740151101,City of Oaks Marathon & Half Marathon,"Raleigh, NC USA","November 1, 2015","Tammy Slusser (F50)
3:19:48 34 9
3:19:46
Monroeville, PA, USA
2:49:10
BQ"
35,MIDD=2740151101,City of Oaks Marathon & Half Marathon,"Raleigh, NC USA","November 1, 2015","John Grimes (M49)
3:19:49 35 26
3:19:35
Raleigh, NC, USA
3:00:23
BQ"
36,MIDD=2740151101,City of Oaks Marathon & Half Marathon,"Raleigh, NC USA","November 1, 2015","Tom Steinbach (M50)
3:20:24 36 27
3:20:07
Apex, NC, USA
2:59:14
BQ"
37,MIDD=2740151101,City of Oaks Marathon & Half Marathon,"Raleigh, NC USA","November 1, 2015","Evan Anderson (M20)
3:21:05 37 28
3:20:55
Clayton, NC, USA
3:18:24
 "
38,MIDD=2740151101,City of Oaks Marathon & Half Marathon,"Raleigh, NC USA","November 1, 2015","Myron Coulson (M51)
3:21:26 38 29
3:21:19
Winston Salem, NC, USA
2:58:42
BQ"
39,MIDD=2740151101,City of Oaks Marathon & Half Marathon,"Raleigh, NC USA","November 1, 2015","John Zarbock (M20)
3:21:38 39 30
3:21:24
Boone, NC, USA
3:18:52
 "
40,MIDD=2740151101,City of Oaks Marathon & Half Marathon,"Raleigh, NC USA","November 1, 2015","Ken Matthews (M48)
3:21:39 40 31
3:21:31
Raleigh, NC, USA
3:03:44
BQ"
41,MIDD=2740151101,City of Oaks Marathon & Half Marathon,"Raleigh, NC USA","November 1, 2015","Benjamin Kuo (M27)
3:22:12 41 32
3:21:54
Durham, NC, USA
3:21:54
 "
42,MIDD=2740151101,City of Oaks Marathon & Half Marathon,"Raleigh, NC USA","November 1, 2015","William Barry (M44)
3:23:29 42 33
3:23:17
Beaverton, OR, USA
3:11:52
 "
43,MIDD=2740151101,City of Oaks Marathon & Half Marathon,"Raleigh, NC USA","November 1, 2015","Robert Watling (M40)
3:24:20 43 34
3:24:16
Cary, NC, USA
3:19:20
 "
44,MIDD=2740151101,City of Oaks Marathon & Half Marathon,"Raleigh, NC USA","November 1, 2015","Deukwoo Kwon (M46)
3:25:16 44 35
3:25:13
Miami, FL, USA
3:10:24
 "
45,MIDD=2740151101,City of Oaks Marathon & Half Marathon,"Raleigh, NC USA","November 1, 2015","Jian Wu (M32)
3:26:13 45 36
3:26:09
Suzhou, --
3:26:09
 "
46,MIDD=2740151101,City of Oaks Marathon & Half Marathon,"Raleigh, NC USA","November 1, 2015","Robert Jones (M43)
3:26:45 46 37
3:26:11
Winston-Salem, NC, USA
3:16:15
 "
47,MIDD=2740151101,City of Oaks Marathon & Half Marathon,"Raleigh, NC USA","November 1, 2015","Alan Kelly (M46)
3:27:27 47 38
3:27:15
Morrisville, NC, USA
3:12:17
 "
48,MIDD=2740151101,City of Oaks Marathon & Half Marathon,"Raleigh, NC USA","November 1, 2015","Alexander Dworjan (M28)
3:27:31 48 39
3:27:08
Raleigh, NC, USA
3:27:08
 "
49,MIDD=2740151101,City of Oaks Marathon & Half Marathon,"Raleigh, NC USA","November 1, 2015","Pete Louis (M50)
3:29:26 49 40
3:29:17
Apex, NC, USA
3:07:27
BQ"
50,MIDD=2740151101,City of Oaks Marathon & Half Marathon,"Raleigh, NC USA","November 1, 2015","Aregia Girmay (M56)
3:29:38 50 41
3:29:13
Gastonia, NC, USA
2:57:19
BQ"
51,MIDD=2740151101,City of Oaks Marathon & Half Marathon,"Raleigh, NC USA","November 1, 2015","Steven Chung (M28)
3:29:42 51 42
3:29:05
New York, NY, USA
3:29:05
 "
52,MIDD=2740151101,City of Oaks Marathon & Half Marathon,"Raleigh, NC USA","November 1, 2015","Jonathan Rowe (M37)
3:30:07 52 43
3:29:57
Denver, CO, USA
3:29:06
 "
53,MIDD=2740151101,City of Oaks Marathon & Half Marathon,"Raleigh, NC USA","November 1, 2015","Hannah Safford (F24)
3:30:12 53 10
3:29:54
Arlington, VA, USA
3:29:54
BQ"
54,MIDD=2740151101,City of Oaks Marathon & Half Marathon,"Raleigh, NC USA","November 1, 2015","Pete Leuchtmann (M42)
3:30:19 54 44
3:30:06
Raleigh, NC, USA
3:21:40
 "
55,MIDD=2740151101,City of Oaks Marathon & Half Marathon,"Raleigh, NC USA","November 1, 2015","Roberto Hernandez (M42)
3:30:29 55 45
3:29:42
Garner, NC, USA
3:21:17
 "
56,MIDD=2740151101,City of Oaks Marathon & Half Marathon,"Raleigh, NC USA","November 1, 2015","Mitchell Dudley (M19)
3:30:37 56 46
3:30:32
Raleigh, NC, USA
3:25:22
 "
57,MIDD=2740151101,City of Oaks Marathon & Half Marathon,"Raleigh, NC USA","November 1, 2015","Jaret Preston (M38)
3:30:58 57 47
3:29:39
Cary, NC, USA
3:27:45
 "
58,MIDD=2740151101,City of Oaks Marathon & Half Marathon,"Raleigh, NC USA","November 1, 2015","Kenneth Holt (M48)
3:32:09 58 48
3:31:39
Raleigh, NC, USA
3:12:58
 "
59,MIDD=2740151101,City of Oaks Marathon & Half Marathon,"Raleigh, NC USA","November 1, 2015","David Swingle (M50)
3:32:49 59 49
3:32:13
Cary, NC, USA
3:10:04
 "
60,MIDD=2740151101,City of Oaks Marathon & Half Marathon,"Raleigh, NC USA","November 1, 2015","Douglas Flagg (M24)
3:33:00 60 50
3:32:39
Cary, NC, USA
3:32:39
 "
61,MIDD=2740151101,City of Oaks Marathon & Half Marathon,"Raleigh, NC USA","November 1, 2015","Rachael Hamm (F19)
3:33:19 61 11
3:32:34
Conover, NC, USA
3:31:12
BQ"
62,MIDD=2740151101,City of Oaks Marathon & Half Marathon,"Raleigh, NC USA","November 1, 2015","Daniel Elliott (M33)
3:33:29 62 51
3:33:24
Raleigh, NC, USA
3:33:24
 "
63,MIDD=2740151101,City of Oaks Marathon & Half Marathon,"Raleigh, NC USA","November 1, 2015","David Williams (M39)
3:35:00 63 52
3:34:36
Fayetteville, NC, USA
3:31:09
 "
64,MIDD=2740151101,City of Oaks Marathon & Half Marathon,"Raleigh, NC USA","November 1, 2015","Daniel Pratt (M53)
3:35:28 64 53
3:35:19
Cary, NC, USA
3:07:41
 "
65,MIDD=2740151101,City of Oaks Marathon & Half Marathon,"Raleigh, NC USA","November 1, 2015","Everett Grimley (M24)
3:35:36 65 54
3:35:19
Raleigh, NC, USA
3:35:19
 "
66,MIDD=2740151101,City of Oaks Marathon & Half Marathon,"Raleigh, NC USA","November 1, 2015","Ivan Tomal (M29)
3:35:57 66 55
3:35:14
Durham, NC, USA
3:35:14
 "
67,MIDD=2740151101,City of Oaks Marathon & Half Marathon,"Raleigh, NC USA","November 1, 2015","Gregory Bell (M39)
3:36:00 67 56
3:35:37
Greensboro, NC, USA
3:32:10
 "
68,MIDD=2740151101,City of Oaks Marathon & Half Marathon,"Raleigh, NC USA","November 1, 2015","Eric Doyle (M36)
3:36:42 68 57
3:35:46
Holly Springs, NC, USA
3:35:33
 "
69,MIDD=2740151101,City of Oaks Marathon & Half Marathon,"Raleigh, NC USA","November 1, 2015","Mike Kennison (M26)
3:36:51 69 58
3:34:26
Wrightsville Beach, NC, USA
3:34:26
 "
70,MIDD=2740151101,City of Oaks Marathon & Half Marathon,"Raleigh, NC USA","November 1, 2015","Victoria Ballestero (F25)
3:37:09 70 12
3:35:43
Baltimore, MD, USA
3:35:43
 "
71,MIDD=2740151101,City of Oaks Marathon & Half Marathon,"Raleigh, NC USA","November 1, 2015","Chuck Askew (M36)
3:37:51 71 59
3:37:48
Raleigh, NC, USA
3:37:34
 "
72,MIDD=2740151101,City of Oaks Marathon & Half Marathon,"Raleigh, NC USA","November 1, 2015","Nathan Brunson (M26)
3:38:36 72 60
3:36:07
Garner, NC, USA
3:36:07
 "
73,MIDD=2740151101,City of Oaks Marathon & Half Marathon,"Raleigh, NC USA","November 1, 2015","Todd Simmons (M30)
3:39:11 73 61
3:38:51
Spring Lake, NC, USA
3:38:51
 "
74,MIDD=2740151101,City of Oaks Marathon & Half Marathon,"Raleigh, NC USA","November 1, 2015","Devon Genua (F19)
3:39:19 74 13
3:38:01
Apex, NC, USA
3:36:37
 "
75,MIDD=2740151101,City of Oaks Marathon & Half Marathon,"Raleigh, NC USA","November 1, 2015","Katelyn Sheets (F26)
3:39:52 75 14
3:38:05
High Point, NC, USA
3:38:05
 "
76,MIDD=2740151101,City of Oaks Marathon & Half Marathon,"Raleigh, NC USA","November 1, 2015","Stacey Richardson (F43)
3:39:57 76 15
3:39:38
Chapel Hill, NC, USA
3:22:45
BQ"
77,MIDD=2740151101,City of Oaks Marathon & Half Marathon,"Raleigh, NC USA","November 1, 2015","Ryan Liska (M29)
3:40:17 77 62
3:40:05
Raleigh, NC, USA
3:40:05
 "
78,MIDD=2740151101,City of Oaks Marathon & Half Marathon,"Raleigh, NC USA","November 1, 2015","Michael Barak (M33)
3:41:42 78 63
3:41:06
North Chesterfield, VA, USA
3:41:06
 "
79,MIDD=2740151101,City of Oaks Marathon & Half Marathon,"Raleigh, NC USA","November 1, 2015","Tyrone Sampson (M26)
3:41:47 79 64
3:40:58
Atlanta, GA, USA
3:40:58
 "
80,MIDD=2740151101,City of Oaks Marathon & Half Marathon,"Raleigh, NC USA","November 1, 2015","Mike Barry (M48)
3:42:00 80 65
3:42:00
San Antonio, TX, USA
3:22:25
 "
81,MIDD=2740151101,City of Oaks Marathon & Half Marathon,"Raleigh, NC USA","November 1, 2015","Kyle Boggess (M34)
3:42:04 81 66
3:38:33
Raleigh, NC, USA
3:38:33
 "
82,MIDD=2740151101,City of Oaks Marathon & Half Marathon,"Raleigh, NC USA","November 1, 2015","Jessica Broglie (F31)
3:42:33 82 16
3:42:18
Raleigh, NC, USA
3:41:56
 "
83,MIDD=2740151101,City of Oaks Marathon & Half Marathon,"Raleigh, NC USA","November 1, 2015","Graham Brosnan (M44)
3:42:45 83 67
3:42:28
Durham, NC, USA
3:29:59
 "
84,MIDD=2740151101,City of Oaks Marathon & Half Marathon,"Raleigh, NC USA","November 1, 2015","MacKenzie Norman (F23)
3:42:57 84 17
3:41:31
Baltimore, MD, USA
3:41:31
 "
85,MIDD=2740151101,City of Oaks Marathon & Half Marathon,"Raleigh, NC USA","November 1, 2015","Bryan Ward (M27)
3:42:57 85 68
3:41:06
Chapel Hill, NC, USA
3:41:06
 "
86,MIDD=2740151101,City of Oaks Marathon & Half Marathon,"Raleigh, NC USA","November 1, 2015","David Margolis (M28)
3:43:35 86 69
3:41:37
Raleigh, NC, USA
3:41:37
 "
87,MIDD=2740151101,City of Oaks Marathon & Half Marathon,"Raleigh, NC USA","November 1, 2015","Jill Laplante (F29)
3:43:38 87 18
3:43:14
Candler, NC, USA
3:43:14
 "
88,MIDD=2740151101,City of Oaks Marathon & Half Marathon,"Raleigh, NC USA","November 1, 2015","Martin Harte (M48)
3:43:50 88 70
3:43:28
Clayton, NC, USA
3:23:45
 "
89,MIDD=2740151101,City of Oaks Marathon & Half Marathon,"Raleigh, NC USA","November 1, 2015","Kevin Gauger (M41)
3:43:58 89 71
3:43:13
Holly Springs, NC, USA
3:36:03
 "
90,MIDD=2740151101,City of Oaks Marathon & Half Marathon,"Raleigh, NC USA","November 1, 2015","Bryan Cox (M41)
3:44:13 90 72
3:42:58
Crofton, MD, USA
3:35:48
 "
91,MIDD=2740151101,City of Oaks Marathon & Half Marathon,"Raleigh, NC USA","November 1, 2015","James Grau (M58)
3:44:47 91 73
3:43:16
College Station, TX, USA
3:05:40
 "
92,MIDD=2740151101,City of Oaks Marathon & Half Marathon,"Raleigh, NC USA","November 1, 2015","Andrew Hennessy-Strahs (M29)
3:44:51 92 74
3:43:44
Raleigh, NC, USA
3:43:44
 "
93,MIDD=2740151101,City of Oaks Marathon & Half Marathon,"Raleigh, NC USA","November 1, 2015","Joseph Werner (M47)
3:44:53 93 75
3:44:34
Cary, NC, USA
3:26:33
 "
94,MIDD=2740151101,City of Oaks Marathon & Half Marathon,"Raleigh, NC USA","November 1, 2015","Ryan Granat (M30)
3:44:55 94 76
3:44:09
Holly Springs, NC, USA
3:44:09
 "
95,MIDD=2740151101,City of Oaks Marathon & Half Marathon,"Raleigh, NC USA","November 1, 2015","Jordon Sherer (M26)
3:44:55 95 77
3:44:12
Winston Salem, NC, USA
3:44:12
 "
96,MIDD=2740151101,City of Oaks Marathon & Half Marathon,"Raleigh, NC USA","November 1, 2015","Cameron Lawson (M22)
3:45:40 96 78
3:45:13
Winston Salem, NC, USA
3:45:06
 "
97,MIDD=2740151101,City of Oaks Marathon & Half Marathon,"Raleigh, NC USA","November 1, 2015","Eric Lee (M24)
3:46:06 97 79
3:44:23
Benson, NC, USA
3:44:23
 "
98,MIDD=2740151101,City of Oaks Marathon & Half Marathon,"Raleigh, NC USA","November 1, 2015","Neil Demarse (M40)
3:46:53 98 80
3:46:07
Cary, NC, USA
3:40:40
 "
99,MIDD=2740151101,City of Oaks Marathon & Half Marathon,"Raleigh, NC USA","November 1, 2015","Amanda Poppleton (F26)
3:47:05 99 19
3:46:55
Raleigh, NC, USA
3:46:55
 "
100,MIDD=2740151101,City of Oaks Marathon & Half Marathon,"Raleigh, NC USA","November 1, 2015","Alexandra Wiatr (F24)
3:47:11 100 20
3:46:55
Columbus, OH, USA
3:46:55
 "
101,MIDD=2740151101,City of Oaks Marathon & Half Marathon,"Raleigh, NC USA","November 1, 2015","Vern Wagner (M41)
3:48:35 101 81
3:47:38
Moncure, NC, USA
3:40:19
 "
102,MIDD=2740151101,City of Oaks Marathon & Half Marathon,"Raleigh, NC USA","November 1, 2015","Mandy Howard (F34)
3:48:37 102 21
3:48:13
North Syracuse, NY, USA
3:45:58
 "
103,MIDD=2740151101,City of Oaks Marathon & Half Marathon,"Raleigh, NC USA","November 1, 2015","Matthew Heimbach (M36)
3:48:38 103 82
3:48:12
Durham, NC, USA
3:47:58
 "
104,MIDD=2740151101,City of Oaks Marathon & Half Marathon,"Raleigh, NC USA","November 1, 2015","Justin Grich (M28)
3:48:45 104 83
3:47:51
Raleigh, NC, USA
3:47:51
 "
105,MIDD=2740151101,City of Oaks Marathon & Half Marathon,"Raleigh, NC USA","November 1, 2015","Jordan Hall (M24)
3:48:47 105 84
3:47:19
Middletown, MD, USA
3:47:19
 "
106,MIDD=2740151101,City of Oaks Marathon & Half Marathon,"Raleigh, NC USA","November 1, 2015","Michael Merrit (M39)
3:49:14 106 85
3:48:49
Glen Allen, NC, USA
3:45:09
 "
107,MIDD=2740151101,City of Oaks Marathon & Half Marathon,"Raleigh, NC USA","November 1, 2015","Michael Wanderski (M40)
3:49:47 107 86
3:48:22
Chapel Hill, NC, USA
3:42:51
 "
108,MIDD=2740151101,City of Oaks Marathon & Half Marathon,"Raleigh, NC USA","November 1, 2015","Rusty Anderson (M56)
3:50:08 108 87
3:49:32
Clayton, NC, USA
3:14:33
 "
109,MIDD=2740151101,City of Oaks Marathon & Half Marathon,"Raleigh, NC USA","November 1, 2015","Holly Burwinkle (F29)
3:50:21 109 22
3:49:09
Charlotte, NC, USA
3:49:09
 "
110,MIDD=2740151101,City of Oaks Marathon & Half Marathon,"Raleigh, NC USA","November 1, 2015","Carlos Candelaria (M44)
3:50:21 110 88
3:48:12
Cary, NC, USA
3:35:23
 "
111,MIDD=2740151101,City of Oaks Marathon & Half Marathon,"Raleigh, NC USA","November 1, 2015","Jay Tolin (M41)
3:50:42 111 89
3:48:52
Winston-Salem, NC, USA
3:41:31
 "
112,MIDD=2740151101,City of Oaks Marathon & Half Marathon,"Raleigh, NC USA","November 1, 2015","David Tyndall (M47)
3:51:08 112 90
3:50:34
Cary, NC, USA
3:32:04
 "
113,MIDD=2740151101,City of Oaks Marathon & Half Marathon,"Raleigh, NC USA","November 1, 2015","Archangel Muscato (M28)
3:51:13 113 91
3:49:29
Raeford, NC, USA
3:49:29
 "
114,MIDD=2740151101,City of Oaks Marathon & Half Marathon,"Raleigh, NC USA","November 1, 2015","Alexandra Cagan (F25)
3:51:19 114 23
3:49:44
Raleigh, NC, USA
3:49:44
 "
115,MIDD=2740151101,City of Oaks Marathon & Half Marathon,"Raleigh, NC USA","November 1, 2015","Tom Mitchell (M66)
3:51:28 115 92
3:50:40
Cary, NC, USA
2:57:00
BQ"
116,MIDD=2740151101,City of Oaks Marathon & Half Marathon,"Raleigh, NC USA","November 1, 2015","Kevin Theobald (M52)
3:51:52 116 93
3:51:06
Holly Springs, NC, USA
3:23:17
 "
117,MIDD=2740151101,City of Oaks Marathon & Half Marathon,"Raleigh, NC USA","November 1, 2015","Kent Passingham (M36)
3:51:55 117 94
3:51:14
Raleigh, NC, USA
3:51:00
 "
118,MIDD=2740151101,City of Oaks Marathon & Half Marathon,"Raleigh, NC USA","November 1, 2015","Brad Smythe (M37)
3:51:56 118 95
3:51:14
Raleigh, NC, USA
3:50:18
 "
119,MIDD=2740151101,City of Oaks Marathon & Half Marathon,"Raleigh, NC USA","November 1, 2015","Sean O'Toole (M31)
3:52:28 119 96
3:50:28
Raeford, NC, USA
3:50:28
 "
120,MIDD=2740151101,City of Oaks Marathon & Half Marathon,"Raleigh, NC USA","November 1, 2015","Matt Hale (M38)
3:53:01 120 97
3:51:57
Danville, NH, USA
3:49:51
 "
121,MIDD=2740151101,City of Oaks Marathon & Half Marathon,"Raleigh, NC USA","November 1, 2015","Randy Purol (M43)
3:53:02 121 98
3:51:48
Ortonville, MI, USA
3:40:39
 "
122,MIDD=2740151101,City of Oaks Marathon & Half Marathon,"Raleigh, NC USA","November 1, 2015","Debby Webb (F37)
3:53:08 122 24
3:51:21
Jamestown, NC, USA
3:45:32
 "
123,MIDD=2740151101,City of Oaks Marathon & Half Marathon,"Raleigh, NC USA","November 1, 2015","Philip Angarole (M28)
3:53:11 123 99
3:51:41
Raleigh, NC, USA
3:51:41
 "
124,MIDD=2740151101,City of Oaks Marathon & Half Marathon,"Raleigh, NC USA","November 1, 2015","Grayson Hodges (M29)
3:53:11 124 100
3:51:41
Raleigh, NC, USA
3:51:41
 "
125,MIDD=2740151101,City of Oaks Marathon & Half Marathon,"Raleigh, NC USA","November 1, 2015","Suzanne Marrone (F41)
3:53:16 125 25
3:52:58
Raleigh, NC, USA
3:39:48
 "
126,MIDD=2740151101,City of Oaks Marathon & Half Marathon,"Raleigh, NC USA","November 1, 2015","Michael Suarez (M27)
3:53:49 126 101
3:52:33
Durham, NC, USA
3:52:33
 "
127,MIDD=2740151101,City of Oaks Marathon & Half Marathon,"Raleigh, NC USA","November 1, 2015","Grant Emerson (M31)
3:53:57 127 102
3:52:01
Raleigh, NC, USA
3:52:01
 "
128,MIDD=2740151101,City of Oaks Marathon & Half Marathon,"Raleigh, NC USA","November 1, 2015","Tatyana Petrova (F39)
3:54:02 128 26
3:52:04
Cary, NC, USA
3:42:58
 "
129,MIDD=2740151101,City of Oaks Marathon & Half Marathon,"Raleigh, NC USA","November 1, 2015","Katherine Teuschler (F39)
3:54:40 129 27
3:53:33
East Bend, NC, USA
3:44:23
 "
130,MIDD=2740151101,City of Oaks Marathon & Half Marathon,"Raleigh, NC USA","November 1, 2015","Wendy Wang (F23)
3:55:21 130 28
3:54:02
Raleigh, NC, USA
3:54:02
 "
131,MIDD=2740151101,City of Oaks Marathon & Half Marathon,"Raleigh, NC USA","November 1, 2015","Vivek Raval (M35)
3:55:28 131 103
3:55:06
Chapel Hill, NC, USA
3:55:06
 "
132,MIDD=2740151101,City of Oaks Marathon & Half Marathon,"Raleigh, NC USA","November 1, 2015","Kelsee Gomes (F31)
3:55:59 132 29
3:55:43
Chapel Hill, NC, USA
3:55:20
 "
133,MIDD=2740151101,City of Oaks Marathon & Half Marathon,"Raleigh, NC USA","November 1, 2015","Megan Simpson (F30)
3:56:29 133 30
3:55:03
Cary, NC, USA
3:54:57
 "
134,MIDD=2740151101,City of Oaks Marathon & Half Marathon,"Raleigh, NC USA","November 1, 2015","Scott Jackson (M40)
3:56:35 134 104
3:54:30
Durham, NC, USA
3:48:50
 "
135,MIDD=2740151101,City of Oaks Marathon & Half Marathon,"Raleigh, NC USA","November 1, 2015","Ralph Anthenien (M44)
3:56:54 135 105
3:56:07
Pittsboro, NC, USA
3:42:52
 "
136,MIDD=2740151101,City of Oaks Marathon & Half Marathon,"Raleigh, NC USA","November 1, 2015","Matt Molly (M36)
3:56:59 136 106
3:55:42
Pinehurst, NC, USA
3:55:27
 "
137,MIDD=2740151101,City of Oaks Marathon & Half Marathon,"Raleigh, NC USA","November 1, 2015","Patrick Balatbat (M34)
3:57:13 137 107
3:56:04
Fair Lawn, NJ, USA
3:56:04
 "
138,MIDD=2740151101,City of Oaks Marathon & Half Marathon,"Raleigh, NC USA","November 1, 2015","Steven Benko (M41)
3:57:15 138 108
3:54:59
Raleigh, NC, USA
3:47:26
 "
139,MIDD=2740151101,City of Oaks Marathon & Half Marathon,"Raleigh, NC USA","November 1, 2015","Riley Gaines (F27)
3:57:17 139 31
3:55:13
Durham, NC, USA
3:55:13
 "
140,MIDD=2740151101,City of Oaks Marathon & Half Marathon,"Raleigh, NC USA","November 1, 2015","Elster Bartley (M47)
3:57:24 140 109
3:52:39
Garner, NC, USA
3:33:59
 "
141,MIDD=2740151101,City of Oaks Marathon & Half Marathon,"Raleigh, NC USA","November 1, 2015","Tim Graper (M56)
3:57:26 141 110
3:55:37
Garner, NC, USA
3:19:42
 "
142,MIDD=2740151101,City of Oaks Marathon & Half Marathon,"Raleigh, NC USA","November 1, 2015","Christopher Angell (M46)
3:57:30 142 111
3:57:13
Cary, NC, USA
3:40:05
 "
143,MIDD=2740151101,City of Oaks Marathon & Half Marathon,"Raleigh, NC USA","November 1, 2015","Alison Martlew (F41)
3:57:45 143 32
3:55:55
Durham, NC, USA
3:42:35
 "
144,MIDD=2740151101,City of Oaks Marathon & Half Marathon,"Raleigh, NC USA","November 1, 2015","Marvin Alston (M45)
3:57:53 144 112
3:57:27
Cary, NC, USA
3:42:12
 "
145,MIDD=2740151101,City of Oaks Marathon & Half Marathon,"Raleigh, NC USA","November 1, 2015","Del Alley (M67)
3:58:12 145 113
3:56:10
Apex, NC, USA
2:59:20
BQ"
146,MIDD=2740151101,City of Oaks Marathon & Half Marathon,"Raleigh, NC USA","November 1, 2015","Michael Hyer (M49)
3:58:14 146 114
3:56:20
Raleigh, NC, USA
3:33:35
 "
147,MIDD=2740151101,City of Oaks Marathon & Half Marathon,"Raleigh, NC USA","November 1, 2015","Bill Dieter (M44)
3:58:31 147 115
3:58:23
Plymouth, MI, USA
3:45:00
 "
148,MIDD=2740151101,City of Oaks Marathon & Half Marathon,"Raleigh, NC USA","November 1, 2015","Sara Schmidt (F34)
3:58:34 148 33
3:56:48
Cleveland, OH, USA
3:54:28
 "
149,MIDD=2740151101,City of Oaks Marathon & Half Marathon,"Raleigh, NC USA","November 1, 2015","Peter Vandeberg (M48)
3:58:39 149 116
3:58:16
Apex, NC, USA
3:37:15
 "
150,MIDD=2740151101,City of Oaks Marathon & Half Marathon,"Raleigh, NC USA","November 1, 2015","Evan Johnson (M22)
3:58:43 150 117
3:56:52
Greensboro, NC, USA
3:56:44
 "
151,MIDD=2740151101,City of Oaks Marathon & Half Marathon,"Raleigh, NC USA","November 1, 2015","Ethan Chlebowski (M22)
3:58:43 151 118
3:56:53
Raleigh, NC, USA
3:56:45
 "
152,MIDD=2740151101,City of Oaks Marathon & Half Marathon,"Raleigh, NC USA","November 1, 2015","Brian Eller (M29)
3:58:50 152 119
3:58:15
Cary, NC, USA
3:58:15
 "
153,MIDD=2740151101,City of Oaks Marathon & Half Marathon,"Raleigh, NC USA","November 1, 2015","Caitlin Ortiz (F25)
3:58:52 153 34
3:57:31
Raleigh, NC, USA
3:57:31
 "
154,MIDD=2740151101,City of Oaks Marathon & Half Marathon,"Raleigh, NC USA","November 1, 2015","Joseph Mendolla (M47)
3:59:00 154 120
3:57:29
Milwaukee, WI, USA
3:38:26
 "
155,MIDD=2740151101,City of Oaks Marathon & Half Marathon,"Raleigh, NC USA","November 1, 2015","Mike Kelley (M55)
3:59:14 155 121
3:57:40
Chapel Hill, NC, USA
3:23:20
 "
156,MIDD=2740151101,City of Oaks Marathon & Half Marathon,"Raleigh, NC USA","November 1, 2015","Keith Walkowiak (M40)
3:59:20 156 122
3:58:12
Raleigh, NC, USA
3:52:27
 "
157,MIDD=2740151101,City of Oaks Marathon & Half Marathon,"Raleigh, NC USA","November 1, 2015","Dylan Ralston (M43)
3:59:39 157 123
3:57:22
Suffolk, VA, USA
3:45:56
 "
158,MIDD=2740151101,City of Oaks Marathon & Half Marathon,"Raleigh, NC USA","November 1, 2015","Adam Kazin (M39)
3:59:44 158 124
3:58:10
Fort Leavenworth, KS, USA
3:54:21
 "
159,MIDD=2740151101,City of Oaks Marathon & Half Marathon,"Raleigh, NC USA","November 1, 2015","Rick Hoyle (M59)
4:00:11 159 125
3:59:05
Cary, NC, USA
3:16:54
 "
160,MIDD=2740151101,City of Oaks Marathon & Half Marathon,"Raleigh, NC USA","November 1, 2015","Michael Danowski (M49)
4:00:27 160 126
3:59:02
Raleigh, NC, USA
3:36:02
 "
161,MIDD=2740151101,City of Oaks Marathon & Half Marathon,"Raleigh, NC USA","November 1, 2015","Mark Solomon (M46)
4:00:43 161 127
3:59:36
Hillsborough, NC, USA
3:42:18
 "
162,MIDD=2740151101,City of Oaks Marathon & Half Marathon,"Raleigh, NC USA","November 1, 2015","Jonathan Rickard (M41)
4:01:15 162 128
3:56:35
Durham, NC, USA
3:48:59
 "
163,MIDD=2740151101,City of Oaks Marathon & Half Marathon,"Raleigh, NC USA","November 1, 2015","Fred Ostrowski (M57)
4:01:23 163 129
4:00:39
Bahama, NC, USA
3:22:02
 "
164,MIDD=2740151101,City of Oaks Marathon & Half Marathon,"Raleigh, NC USA","November 1, 2015","Danny Jessup (M53)
4:01:25 164 130
4:00:34
Raleigh, NC, USA
3:29:42
 "
165,MIDD=2740151101,City of Oaks Marathon & Half Marathon,"Raleigh, NC USA","November 1, 2015","James Hummel (M40)
4:01:31 165 131
4:00:38
Cary, NC, USA
3:54:50
 "
166,MIDD=2740151101,City of Oaks Marathon & Half Marathon,"Raleigh, NC USA","November 1, 2015","Elissa Tubergen (F31)
4:01:37 166 35
3:59:41
Hillsborough, NC, USA
3:59:17
 "
167,MIDD=2740151101,City of Oaks Marathon & Half Marathon,"Raleigh, NC USA","November 1, 2015","Ryan Sacko (M34)
4:02:18 167 132
4:01:37
Columbia, SC, USA
4:01:37
 "
168,MIDD=2740151101,City of Oaks Marathon & Half Marathon,"Raleigh, NC USA","November 1, 2015","Molly Corrigan (F26)
4:02:46 168 36
4:01:41
Raleigh, NC, USA
4:01:41
 "
169,MIDD=2740151101,City of Oaks Marathon & Half Marathon,"Raleigh, NC USA","November 1, 2015","Garrett Marschner (M29)
4:03:32 169 133
4:02:06
Baltimore, MD, USA
4:02:06
 "
170,MIDD=2740151101,City of Oaks Marathon & Half Marathon,"Raleigh, NC USA","November 1, 2015","Christopher Mulch (M33)
4:03:34 170 134
3:59:23
Mililani, HI, USA
3:59:23
 "
171,MIDD=2740151101,City of Oaks Marathon & Half Marathon,"Raleigh, NC USA","November 1, 2015","Chris Loranger (M34)
4:03:42 171 135
4:03:33
Spring Lake, NC, USA
4:03:33
 "
172,MIDD=2740151101,City of Oaks Marathon & Half Marathon,"Raleigh, NC USA","November 1, 2015","Giovanni Price (F33)
4:03:48 172 37
4:02:10
Raleigh, NC, USA
4:00:38
 "
173,MIDD=2740151101,City of Oaks Marathon & Half Marathon,"Raleigh, NC USA","November 1, 2015","Jennifer Craft (F19)
4:04:49 173 38
4:02:23
Hickory, NC, USA
4:00:49
 "
174,MIDD=2740151101,City of Oaks Marathon & Half Marathon,"Raleigh, NC USA","November 1, 2015","Benson Karanja (M44)
4:05:01 174 136
4:03:17
Willow Spring, NC, USA
3:49:38
 "
175,MIDD=2740151101,City of Oaks Marathon & Half Marathon,"Raleigh, NC USA","November 1, 2015","Lianghong Liu (M44)
4:05:28 175 137
4:03:31
Raleigh, NC, USA
3:49:51
 "
176,MIDD=2740151101,City of Oaks Marathon & Half Marathon,"Raleigh, NC USA","November 1, 2015","Maria Pereda (F46)
4:05:47 176 39
4:02:55
Raleigh, NC, USA
3:36:19
 "
177,MIDD=2740151101,City of Oaks Marathon & Half Marathon,"Raleigh, NC USA","November 1, 2015","Damian Floyd (M21)
4:05:55 177 138
4:01:24
Madison Heights, VA, USA
4:00:18
 "
178,MIDD=2740151101,City of Oaks Marathon & Half Marathon,"Raleigh, NC USA","November 1, 2015","John West (M43)
4:06:19 178 139
4:03:42
Arvada, CO, USA
3:51:58
 "
179,MIDD=2740151101,City of Oaks Marathon & Half Marathon,"Raleigh, NC USA","November 1, 2015","Margie Starr Lawrence (F59)
4:06:36 179 40
4:06:13
Plano, TX, USA
3:04:22
BQ"
180,MIDD=2740151101,City of Oaks Marathon & Half Marathon,"Raleigh, NC USA","November 1, 2015","Brent Brockschmidt (M51)
4:06:46 180 140
4:05:21
Raleigh, NC, USA
3:37:47
 "
181,MIDD=2740151101,City of Oaks Marathon & Half Marathon,"Raleigh, NC USA","November 1, 2015","Chris Villanueva (M28)
4:06:49 181 141
4:04:15
Cary, NC, USA
4:04:15
 "
182,MIDD=2740151101,City of Oaks Marathon & Half Marathon,"Raleigh, NC USA","November 1, 2015","Sandor Kasza (M38)
4:07:04 182 142
4:05:33
Raleigh, NC, USA
4:03:20
 "
183,MIDD=2740151101,City of Oaks Marathon & Half Marathon,"Raleigh, NC USA","November 1, 2015","Ruthie Kreuzer (F34)
4:07:09 183 41
4:02:59
Yorktown, VA, USA
4:00:36
 "
184,MIDD=2740151101,City of Oaks Marathon & Half Marathon,"Raleigh, NC USA","November 1, 2015","Jeffery Brown (M40)
4:07:11 184 143
4:05:33
Godwin, NC, USA
3:59:37
 "
185,MIDD=2740151101,City of Oaks Marathon & Half Marathon,"Raleigh, NC USA","November 1, 2015","Nathan St. Denny (M32)
4:07:34 185 144
4:06:58
Raleigh, NC, USA
4:06:58
 "
186,MIDD=2740151101,City of Oaks Marathon & Half Marathon,"Raleigh, NC USA","November 1, 2015","James Ormand (M49)
4:07:35 186 145
4:06:34
Cary, NC, USA
3:42:50
 "
187,MIDD=2740151101,City of Oaks Marathon & Half Marathon,"Raleigh, NC USA","November 1, 2015","John Crumpton (M27)
4:07:37 187 146
4:03:11
Raleigh, NC, USA
4:03:11
 "
188,MIDD=2740151101,City of Oaks Marathon & Half Marathon,"Raleigh, NC USA","November 1, 2015","Matt Weiser (M32)
4:08:32 188 147
4:08:20
Winston-Salem, NC, USA
4:08:20
 "
189,MIDD=2740151101,City of Oaks Marathon & Half Marathon,"Raleigh, NC USA","November 1, 2015","David Defranza (M32)
4:08:48 189 148
4:07:21
Carrboro, NC, USA
4:07:21
 "
190,MIDD=2740151101,City of Oaks Marathon & Half Marathon,"Raleigh, NC USA","November 1, 2015","Shane Richardson (M45)
4:08:54 190 149
4:08:34
Cary, NC, USA
3:52:36
 "
191,MIDD=2740151101,City of Oaks Marathon & Half Marathon,"Raleigh, NC USA","November 1, 2015","Alston Alston (F27)
4:09:10 191 42
4:07:22
Cary, NC, USA
4:07:22
 "
192,MIDD=2740151101,City of Oaks Marathon & Half Marathon,"Raleigh, NC USA","November 1, 2015","Eve Prince (F33)
4:09:11 192 43
4:06:56
Raleigh, NC, USA
4:05:22
 "
193,MIDD=2740151101,City of Oaks Marathon & Half Marathon,"Raleigh, NC USA","November 1, 2015","Sydney Schieffer (F22)
4:09:20 193 44
4:08:06
Cary, NC, USA
4:08:06
 "
194,MIDD=2740151101,City of Oaks Marathon & Half Marathon,"Raleigh, NC USA","November 1, 2015","Alan Laws (M29)
4:09:22 194 150
4:08:46
Raleigh, NC, USA
4:08:46
 "
195,MIDD=2740151101,City of Oaks Marathon & Half Marathon,"Raleigh, NC USA","November 1, 2015","Ben Wright (M28)
4:10:12 195 151
4:07:38
Raleigh, NC, USA
4:07:38
 "
196,MIDD=2740151101,City of Oaks Marathon & Half Marathon,"Raleigh, NC USA","November 1, 2015","Sarah Wilson (F29)
4:10:22 196 45
4:06:17
Raleigh, NC, USA
4:06:17
 "
197,MIDD=2740151101,City of Oaks Marathon & Half Marathon,"Raleigh, NC USA","November 1, 2015","Ryan Michael (M27)
4:10:23 197 152
4:07:57
Woodleaf, NC, USA
4:07:57
 "
198,MIDD=2740151101,City of Oaks Marathon & Half Marathon,"Raleigh, NC USA","November 1, 2015","Allen Moore (M44)
4:10:41 198 153
4:06:56
Lynchburg, VA, USA
3:53:04
 "
199,MIDD=2740151101,City of Oaks Marathon & Half Marathon,"Raleigh, NC USA","November 1, 2015","Justin Landers (M27)
4:10:44 199 154
4:07:58
Highlands Ranch, CO, USA
4:07:58
 "
200,MIDD=2740151101,City of Oaks Marathon & Half Marathon,"Raleigh, NC USA","November 1, 2015","Mary Buckley (F24)
4:10:51 200 46
4:09:38
Chicago, IL, USA
4:09:38
 "
201,MIDD=2740151101,City of Oaks Marathon & Half Marathon,"Raleigh, NC USA","November 1, 2015","McKenzie Calhoun (F22)
4:11:01 201 47
4:08:16
Fayetteville, NC, USA
4:08:16
 "
202,MIDD=2740151101,City of Oaks Marathon & Half Marathon,"Raleigh, NC USA","November 1, 2015","Richard Bailey (M50)
4:11:13 202 155
4:09:33
Dodgeville, WI, USA
3:43:31
 "
203,MIDD=2740151101,City of Oaks Marathon & Half Marathon,"Raleigh, NC USA","November 1, 2015","Laura Drake (F26)
4:11:24 203 48
4:09:47
Arlington, VA, USA
4:09:47
 "
204,MIDD=2740151101,City of Oaks Marathon & Half Marathon,"Raleigh, NC USA","November 1, 2015","Thomas Humble (M23)
4:11:26 204 156
4:09:54
Chapel Hill, NC, USA
4:09:54
 "
205,MIDD=2740151101,City of Oaks Marathon & Half Marathon,"Raleigh, NC USA","November 1, 2015","Brian Wiggs (M32)
4:12:15 205 157
4:10:55
Carrboro, NC, USA
4:10:55
 "
206,MIDD=2740151101,City of Oaks Marathon & Half Marathon,"Raleigh, NC USA","November 1, 2015","Jim Humble (M58)
4:12:30 206 158
4:10:59
Asheville, NC, USA
3:28:43
 "
207,MIDD=2740151101,City of Oaks Marathon & Half Marathon,"Raleigh, NC USA","November 1, 2015","Ra Shawn Lee (F41)
4:12:33 207 49
4:10:56
Indian Trail, NC, USA
3:56:45
 "
208,MIDD=2740151101,City of Oaks Marathon & Half Marathon,"Raleigh, NC USA","November 1, 2015","Mark Voigt (M57)
4:12:36 208 159
4:12:01
Julian, NC, USA
3:31:35
 "
209,MIDD=2740151101,City of Oaks Marathon & Half Marathon,"Raleigh, NC USA","November 1, 2015","Nicholas Alvaro (M47)
4:12:45 209 160
4:12:14
Fletcher, NC, USA
3:52:00
 "
210,MIDD=2740151101,City of Oaks Marathon & Half Marathon,"Raleigh, NC USA","November 1, 2015","Brian Burk (M50)
4:12:47 210 161
4:11:05
Louisburg, NC, USA
3:44:53
 "
211,MIDD=2740151101,City of Oaks Marathon & Half Marathon,"Raleigh, NC USA","November 1, 2015","Kate Seaber (F44)
4:12:54 211 50
4:11:04
Hillborough, NC, USA
3:49:02
 "
212,MIDD=2740151101,City of Oaks Marathon & Half Marathon,"Raleigh, NC USA","November 1, 2015","Declan O'Shaughnessy (M39)
4:12:55 212 162
4:12:38
Raleigh, NC, USA
4:08:35
 "
213,MIDD=2740151101,City of Oaks Marathon & Half Marathon,"Raleigh, NC USA","November 1, 2015","Octavio Licea Leon (M32)
4:13:02 213 163
4:10:00
Cary, NC, USA
4:10:00
 "
214,MIDD=2740151101,City of Oaks Marathon & Half Marathon,"Raleigh, NC USA","November 1, 2015","Tracie Shere (F40)
4:13:03 214 51
4:12:32
Apex, NC, USA
4:00:33
 "
215,MIDD=2740151101,City of Oaks Marathon & Half Marathon,"Raleigh, NC USA","November 1, 2015","Jocell Flores (F43)
4:13:07 215 52
4:09:48
Clayton, NC, USA
3:50:36
 "
216,MIDD=2740151101,City of Oaks Marathon & Half Marathon,"Raleigh, NC USA","November 1, 2015","Dan Gretsch (M47)
4:13:26 216 164
4:12:25
Cary, NC, USA
3:52:10
 "
217,MIDD=2740151101,City of Oaks Marathon & Half Marathon,"Raleigh, NC USA","November 1, 2015","Mark Long (M56)
4:13:33 217 165
4:11:38
Hamlet, NC, USA
3:33:17
 "
218,MIDD=2740151101,City of Oaks Marathon & Half Marathon,"Raleigh, NC USA","November 1, 2015","Hyun Ik Shin (M63)
4:13:45 218 166
4:13:36
Raleigh, NC, USA
3:20:43
 "
219,MIDD=2740151101,City of Oaks Marathon & Half Marathon,"Raleigh, NC USA","November 1, 2015","Damon Neanover (M25)
4:13:52 219 167
4:13:42
Durham, NC, USA
4:13:42
 "
220,MIDD=2740151101,City of Oaks Marathon & Half Marathon,"Raleigh, NC USA","November 1, 2015","Scott Cunningham (M49)
4:14:01 220 168
4:11:37
Apex, NC, USA
3:47:24
 "
221,MIDD=2740151101,City of Oaks Marathon & Half Marathon,"Raleigh, NC USA","November 1, 2015","Campbell McNutt (M50)
4:14:02 221 169
4:12:30
Raleigh, NC, USA
3:46:09
 "
222,MIDD=2740151101,City of Oaks Marathon & Half Marathon,"Raleigh, NC USA","November 1, 2015","Hannah Bornhofen (F21)
4:14:07 222 53
4:12:21
Raleigh, NC, USA
4:12:21
 "
223,MIDD=2740151101,City of Oaks Marathon & Half Marathon,"Raleigh, NC USA","November 1, 2015","Amy Hewitt (F28)
4:14:37 223 54
4:11:51
Greensboro, NC, USA
4:11:51
 "
224,MIDD=2740151101,City of Oaks Marathon & Half Marathon,"Raleigh, NC USA","November 1, 2015","Valerie Soon (F24)
4:14:41 224 55
4:10:13
Durham, NC, USA
4:10:13
 "
225,MIDD=2740151101,City of Oaks Marathon & Half Marathon,"Raleigh, NC USA","November 1, 2015","Roland Salazar (M27)
4:14:54 225 170
4:13:37
Fayetteville, NC, USA
4:13:37
 "
226,MIDD=2740151101,City of Oaks Marathon & Half Marathon,"Raleigh, NC USA","November 1, 2015","Craig MacKinnon (M49)
4:15:11 226 171
4:13:37
Raleigh, NC, USA
3:49:13
 "
227,MIDD=2740151101,City of Oaks Marathon & Half Marathon,"Raleigh, NC USA","November 1, 2015","Cj Young (M25)
4:15:17 227 172
4:12:45
Raleigh, NC, USA
4:12:45
 "
228,MIDD=2740151101,City of Oaks Marathon & Half Marathon,"Raleigh, NC USA","November 1, 2015","David Dudley (M46)
4:15:19 228 173
4:12:54
Garner, NC, USA
3:54:38
 "
229,MIDD=2740151101,City of Oaks Marathon & Half Marathon,"Raleigh, NC USA","November 1, 2015","Ed Martin (M54)
4:15:25 229 174
4:12:55
Raleigh, NC, USA
3:38:26
 "
230,MIDD=2740151101,City of Oaks Marathon & Half Marathon,"Raleigh, NC USA","November 1, 2015","Kaitlin Turnley (F29)
4:15:33 230 56
4:14:23
Wexford, PA, USA
4:14:23
 "
231,MIDD=2740151101,City of Oaks Marathon & Half Marathon,"Raleigh, NC USA","November 1, 2015","Brian Holloway (M32)
4:15:49 231 175
4:14:07
Chapel Hill, NC, USA
4:14:07
 "
232,MIDD=2740151101,City of Oaks Marathon & Half Marathon,"Raleigh, NC USA","November 1, 2015","Allison Blanchard (F20)
4:16:09 232 57
4:13:23
Fayetteville, NC, USA
4:13:12
 "
233,MIDD=2740151101,City of Oaks Marathon & Half Marathon,"Raleigh, NC USA","November 1, 2015","Tim Smith (M34)
4:16:20 233 176
4:14:08
Knightdale, NC, USA
4:14:08
 "
234,MIDD=2740151101,City of Oaks Marathon & Half Marathon,"Raleigh, NC USA","November 1, 2015","Brandon Callahan (M30)
4:16:31 234 177
4:14:39
Apex, NC, USA
4:14:39
 "
235,MIDD=2740151101,City of Oaks Marathon & Half Marathon,"Raleigh, NC USA","November 1, 2015","Gregory Slang (M37)
4:16:48 235 178
4:15:24
Oakton, VA, USA
4:14:22
 "
236,MIDD=2740151101,City of Oaks Marathon & Half Marathon,"Raleigh, NC USA","November 1, 2015","Fabiula Unger (F38)
4:17:10 236 58
4:15:54
Chapel Hill, NC, USA
4:07:45
 "
237,MIDD=2740151101,City of Oaks Marathon & Half Marathon,"Raleigh, NC USA","November 1, 2015","Amanda Henry (F36)
4:18:08 237 59
4:15:24
Cary, NC, USA
4:10:29
 "
238,MIDD=2740151101,City of Oaks Marathon & Half Marathon,"Raleigh, NC USA","November 1, 2015","Michael Dudek (M56)
4:18:32 238 179
4:17:34
Cary, NC, USA
3:38:18
 "
239,MIDD=2740151101,City of Oaks Marathon & Half Marathon,"Raleigh, NC USA","November 1, 2015","Greg Lee (M42)
4:18:32 239 180
4:16:07
Chapel Hill, NC, USA
4:05:50
 "
240,MIDD=2740151101,City of Oaks Marathon & Half Marathon,"Raleigh, NC USA","November 1, 2015","Diane Hanson (F50)
4:18:51 240 60
4:16:42
Fonda, NY, USA
3:37:23
 "
241,MIDD=2740151101,City of Oaks Marathon & Half Marathon,"Raleigh, NC USA","November 1, 2015","Andrew Tysinger (M19)
4:18:52 241 181
4:14:26
Raleigh, NC, USA
4:08:11
 "
242,MIDD=2740151101,City of Oaks Marathon & Half Marathon,"Raleigh, NC USA","November 1, 2015","David Glenn (M20)
4:18:52 242 182
4:14:26
Raleigh, NC, USA
4:11:15
 "
243,MIDD=2740151101,City of Oaks Marathon & Half Marathon,"Raleigh, NC USA","November 1, 2015","Lamar Cantelou (M29)
4:18:53 243 183
4:14:27
Raleigh, NC, USA
4:14:27
 "
244,MIDD=2740151101,City of Oaks Marathon & Half Marathon,"Raleigh, NC USA","November 1, 2015","Thomas Vanderkin (M46)
4:19:42 244 184
4:18:41
Raleigh, NC, USA
4:00:00
 "
245,MIDD=2740151101,City of Oaks Marathon & Half Marathon,"Raleigh, NC USA","November 1, 2015","Michael Cash (M57)
4:19:48 245 185
4:16:52
Durham, NC, USA
3:35:39
 "
246,MIDD=2740151101,City of Oaks Marathon & Half Marathon,"Raleigh, NC USA","November 1, 2015","Whayong Yi (M72)
4:20:09 246 186
4:19:39
Totowa, NJ, USA
3:06:33
BQ"
247,MIDD=2740151101,City of Oaks Marathon & Half Marathon,"Raleigh, NC USA","November 1, 2015","Geoff Bolton (M62)
4:20:16 247 187
4:17:12
Raleigh, NC, USA
3:25:37
 "
248,MIDD=2740151101,City of Oaks Marathon & Half Marathon,"Raleigh, NC USA","November 1, 2015","Leah Forster (F23)
4:20:16 248 61
4:17:12
Raleigh, NC, USA
4:17:12
 "
249,MIDD=2740151101,City of Oaks Marathon & Half Marathon,"Raleigh, NC USA","November 1, 2015","Christopher Lee (M42)
4:20:48 249 188
4:20:28
Chapel Hill, NC, USA
4:10:01
 "
250,MIDD=2740151101,City of Oaks Marathon & Half Marathon,"Raleigh, NC USA","November 1, 2015","Tai Seay (M25)
4:20:50 250 189
4:19:11
Raleigh, NC, USA
4:19:11
 "
251,MIDD=2740151101,City of Oaks Marathon & Half Marathon,"Raleigh, NC USA","November 1, 2015","Dave Karls (M49)
4:21:00 251 190
4:19:30
Fuquay Varina, NC, USA
3:54:32
 "
252,MIDD=2740151101,City of Oaks Marathon & Half Marathon,"Raleigh, NC USA","November 1, 2015","Dan Kieling (M54)
4:21:12 252 191
4:18:53
Kenmore, WA, USA
3:43:35
 "
253,MIDD=2740151101,City of Oaks Marathon & Half Marathon,"Raleigh, NC USA","November 1, 2015","Jen Cipriano (F29)
4:21:15 253 62
4:19:19
Raleigh, NC, USA
4:19:19
 "
254,MIDD=2740151101,City of Oaks Marathon & Half Marathon,"Raleigh, NC USA","November 1, 2015","Miles Horton (M26)
4:21:18 254 192
4:20:30
Raleigh, NC, USA
4:20:30
 "
255,MIDD=2740151101,City of Oaks Marathon & Half Marathon,"Raleigh, NC USA","November 1, 2015","Erin Lally (F31)
4:21:21 255 63
4:19:03
Durham, NC, USA
4:18:38
 "
256,MIDD=2740151101,City of Oaks Marathon & Half Marathon,"Raleigh, NC USA","November 1, 2015","Lois Elbert (F35)
4:21:47 256 64
4:19:20
Middlesex, NC, USA
4:15:40
 "
257,MIDD=2740151101,City of Oaks Marathon & Half Marathon,"Raleigh, NC USA","November 1, 2015","Matthew Thompson (M45)
4:22:06 257 193
4:19:59
Durham, NC, USA
4:03:17
 "
258,MIDD=2740151101,City of Oaks Marathon & Half Marathon,"Raleigh, NC USA","November 1, 2015","Sean Endres (M21)
4:22:11 258 194
4:21:09
Raleigh, NC, USA
4:19:58
 "
259,MIDD=2740151101,City of Oaks Marathon & Half Marathon,"Raleigh, NC USA","November 1, 2015","Mark Werner (M57)
4:22:40 259 195
4:22:12
Minneapolis, MN, USA
3:40:08
 "
260,MIDD=2740151101,City of Oaks Marathon & Half Marathon,"Raleigh, NC USA","November 1, 2015","Tim Cook (M29)
4:22:40 260 196
4:22:12
Jamestown, NC, USA
4:22:12
 "
261,MIDD=2740151101,City of Oaks Marathon & Half Marathon,"Raleigh, NC USA","November 1, 2015","Sydney Lierz (F24)
4:22:41 261 65
4:21:10
Chapel Hill, NC, USA
4:21:10
 "
262,MIDD=2740151101,City of Oaks Marathon & Half Marathon,"Raleigh, NC USA","November 1, 2015","Keith Kelsay (M49)
4:22:59 262 197
4:22:05
Garner, NC, USA
3:56:52
 "
263,MIDD=2740151101,City of Oaks Marathon & Half Marathon,"Raleigh, NC USA","November 1, 2015","Steven Harpe (M23)
4:23:16 263 198
4:23:03
Raleigh, NC, USA
4:23:03
 "
264,MIDD=2740151101,City of Oaks Marathon & Half Marathon,"Raleigh, NC USA","November 1, 2015","Chris Jones (M33)
4:23:24 264 199
4:19:40
Gibsonville, NC, USA
4:19:40
 "
265,MIDD=2740151101,City of Oaks Marathon & Half Marathon,"Raleigh, NC USA","November 1, 2015","Niki Pasion (F30)
4:23:42 265 66
4:21:44
Raleigh, NC, USA
4:21:37
 "
266,MIDD=2740151101,City of Oaks Marathon & Half Marathon,"Raleigh, NC USA","November 1, 2015","Kara Meyers (F29)
4:24:03 266 67
4:22:20
Raleigh, NC, USA
4:22:20
 "
267,MIDD=2740151101,City of Oaks Marathon & Half Marathon,"Raleigh, NC USA","November 1, 2015","Kevin Melvin (M35)
4:24:16 267 200
4:22:56
Charlotte, NC, USA
4:22:56
 "
268,MIDD=2740151101,City of Oaks Marathon & Half Marathon,"Raleigh, NC USA","November 1, 2015","James Buchanan (M54)
4:24:19 268 201
4:21:19
Houston, TX, USA
3:45:41
 "
269,MIDD=2740151101,City of Oaks Marathon & Half Marathon,"Raleigh, NC USA","November 1, 2015","Matthew Burrows (M42)
4:24:40 269 202
4:22:41
Wake Forest, NC, USA
4:12:08
 "
270,MIDD=2740151101,City of Oaks Marathon & Half Marathon,"Raleigh, NC USA","November 1, 2015","Keith Moree (M35)
4:24:40 270 203
4:23:58
Whiteville, NC, USA
4:23:58
 "
271,MIDD=2740151101,City of Oaks Marathon & Half Marathon,"Raleigh, NC USA","November 1, 2015","Mahesh Nair (M48)
4:25:06 271 204
4:23:44
Cary, NC, USA
4:00:28
 "
272,MIDD=2740151101,City of Oaks Marathon & Half Marathon,"Raleigh, NC USA","November 1, 2015","Floyd Rice (M36)
4:25:14 272 205
4:23:23
Apex, NC, USA
4:23:07
 "
273,MIDD=2740151101,City of Oaks Marathon & Half Marathon,"Raleigh, NC USA","November 1, 2015","Justin Simonson (M31)
4:25:14 273 206
4:23:10
Broadway, NC, USA
4:23:10
 "
274,MIDD=2740151101,City of Oaks Marathon & Half Marathon,"Raleigh, NC USA","November 1, 2015","Mary Curran (F53)
4:25:24 274 68
4:22:39
Apex, NC, USA
3:33:50
 "
275,MIDD=2740151101,City of Oaks Marathon & Half Marathon,"Raleigh, NC USA","November 1, 2015","Alix Ackerman (F26)
4:25:38 275 69
4:24:21
Raleigh, NC, USA
4:24:21
 "
276,MIDD=2740151101,City of Oaks Marathon & Half Marathon,"Raleigh, NC USA","November 1, 2015","Jennifer Reinsel (F40)
4:25:48 276 70
4:24:04
Raleigh, NC, USA
4:11:32
 "
277,MIDD=2740151101,City of Oaks Marathon & Half Marathon,"Raleigh, NC USA","November 1, 2015","Robin Larson (F47)
4:25:54 277 71
4:23:57
Plainfield, NH, USA
3:52:10
 "
278,MIDD=2740151101,City of Oaks Marathon & Half Marathon,"Raleigh, NC USA","November 1, 2015","Laurie Matecki (F32)
4:25:55 278 72
4:23:57
Sanford, NC, USA
4:23:01
 "
279,MIDD=2740151101,City of Oaks Marathon & Half Marathon,"Raleigh, NC USA","November 1, 2015","Herman Greene (M70)
4:26:10 279 207
4:25:49
Chapel Hill, NC, USA
3:15:27
 "
280,MIDD=2740151101,City of Oaks Marathon & Half Marathon,"Raleigh, NC USA","November 1, 2015","Barney Finlon (M51)
4:26:12 280 208
4:23:58
Clayton, NC, USA
3:54:19
 "
281,MIDD=2740151101,City of Oaks Marathon & Half Marathon,"Raleigh, NC USA","November 1, 2015","John Mitsch (M25)
4:26:56 281 209
4:24:23
Durham, NC, USA
4:24:23
 "
282,MIDD=2740151101,City of Oaks Marathon & Half Marathon,"Raleigh, NC USA","November 1, 2015","Brent Godwin (M41)
4:27:06 282 210
4:22:47
Holly Springs, NC, USA
4:14:20
 "
283,MIDD=2740151101,City of Oaks Marathon & Half Marathon,"Raleigh, NC USA","November 1, 2015","Doug Romick (M48)
4:27:19 283 211
4:25:31
Cary, NC, USA
4:02:05
 "
284,MIDD=2740151101,City of Oaks Marathon & Half Marathon,"Raleigh, NC USA","November 1, 2015","Joe Mazurkiewicz (M62)
4:27:34 284 212
4:26:05
Myrtle Beach, SC, USA
3:32:44
 "
285,MIDD=2740151101,City of Oaks Marathon & Half Marathon,"Raleigh, NC USA","November 1, 2015","William Brown (M52)
4:27:38 285 213
4:27:31
Chapel Hill, NC, USA
3:55:20
 "
286,MIDD=2740151101,City of Oaks Marathon & Half Marathon,"Raleigh, NC USA","November 1, 2015","Sunhwa Hong (F48)
4:27:41 286 73
4:26:49
Miami, FL, USA
3:51:47
 "
287,MIDD=2740151101,City of Oaks Marathon & Half Marathon,"Raleigh, NC USA","November 1, 2015","Stewart Vargas (M49)
4:27:46 287 214
4:26:20
Morrisville, NC, USA
4:00:42
 "
288,MIDD=2740151101,City of Oaks Marathon & Half Marathon,"Raleigh, NC USA","November 1, 2015","Devin Hartley (M47)
4:27:59 288 215
4:27:45
Youngsville, NC, USA
4:06:16
 "
289,MIDD=2740151101,City of Oaks Marathon & Half Marathon,"Raleigh, NC USA","November 1, 2015","Clair Smith (F34)
4:28:16 289 74
4:27:49
Morrisville, NC, USA
4:25:11
 "
290,MIDD=2740151101,City of Oaks Marathon & Half Marathon,"Raleigh, NC USA","November 1, 2015","Kevin Pelletier (M35)
4:28:23 290 216
4:27:04
Raleigh, NC, USA
4:27:04
 "
291,MIDD=2740151101,City of Oaks Marathon & Half Marathon,"Raleigh, NC USA","November 1, 2015","Chris Wykle (M43)
4:28:37 291 217
4:23:58
Wake Forest, NC, USA
4:11:16
 "
292,MIDD=2740151101,City of Oaks Marathon & Half Marathon,"Raleigh, NC USA","November 1, 2015","Heather Burrell (F26)
4:29:04 292 75
4:26:08
Chapel Hill, NC, USA
4:26:08
 "
293,MIDD=2740151101,City of Oaks Marathon & Half Marathon,"Raleigh, NC USA","November 1, 2015","James Dunlevy (M46)
4:29:06 293 218
4:26:30
Charlotte, NC, USA
4:07:15
 "
294,MIDD=2740151101,City of Oaks Marathon & Half Marathon,"Raleigh, NC USA","November 1, 2015","Douglas Henderson (M51)
4:29:19 294 219
4:27:35
Raleigh, NC, USA
3:57:32
 "
295,MIDD=2740151101,City of Oaks Marathon & Half Marathon,"Raleigh, NC USA","November 1, 2015","Robin Auerbach (F48)
4:29:20 295 76
4:27:18
Knoxville, TN, USA
3:52:12
 "
296,MIDD=2740151101,City of Oaks Marathon & Half Marathon,"Raleigh, NC USA","November 1, 2015","David Wilson (M42)
4:29:29 296 220
4:28:54
Burlington, NC, USA
4:18:07
 "
297,MIDD=2740151101,City of Oaks Marathon & Half Marathon,"Raleigh, NC USA","November 1, 2015","Anna Spivey (F29)
4:29:35 297 77
4:28:06
Greensboro, NC, USA
4:28:06
 "
298,MIDD=2740151101,City of Oaks Marathon & Half Marathon,"Raleigh, NC USA","November 1, 2015","Ben Blankenship (M45)
4:29:53 298 221
4:27:06
Durham, NC, USA
4:09:57
 "
299,MIDD=2740151101,City of Oaks Marathon & Half Marathon,"Raleigh, NC USA","November 1, 2015","Chris Gould (M71)
4:29:58 299 222
4:28:19
Durham, NC, USA
3:15:07
 "
300,MIDD=2740151101,City of Oaks Marathon & Half Marathon,"Raleigh, NC USA","November 1, 2015","David Rendall (M42)
4:30:16 300 223
4:28:43
Pikeville, NC, USA
4:17:56
 "
301,MIDD=2740151101,City of Oaks Marathon & Half Marathon,"Raleigh, NC USA","November 1, 2015","Bryant Gaines (M27)
4:30:33 301 224
4:28:28
Durham, NC, USA
4:28:28
 "
302,MIDD=2740151101,City of Oaks Marathon & Half Marathon,"Raleigh, NC USA","November 1, 2015","Gena Wright (F47)
4:31:05 302 78
4:25:51
Knightdale, NC, USA
3:53:50
 "
303,MIDD=2740151101,City of Oaks Marathon & Half Marathon,"Raleigh, NC USA","November 1, 2015","Adam Thompson (M35)
4:31:09 303 225
4:29:24
Goldsboro, NC, USA
4:29:24
 "
304,MIDD=2740151101,City of Oaks Marathon & Half Marathon,"Raleigh, NC USA","November 1, 2015","Joanne Goddeau (F51)
4:31:16 304 79
4:29:36
Garner, NC, USA
3:45:23
 "
305,MIDD=2740151101,City of Oaks Marathon & Half Marathon,"Raleigh, NC USA","November 1, 2015","Jose Bonilla (M60)
4:31:16 305 226
4:29:36
Garner, NC, USA
3:39:51
 "
306,MIDD=2740151101,City of Oaks Marathon & Half Marathon,"Raleigh, NC USA","November 1, 2015","Robert Viohl (M57)
4:31:32 306 227
4:30:17
Raleigh, NC, USA
3:46:55
 "
307,MIDD=2740151101,City of Oaks Marathon & Half Marathon,"Raleigh, NC USA","November 1, 2015","Wladimir Silva (M45)
4:31:48 307 228
4:31:28
Cary, NC, USA
4:14:02
 "
308,MIDD=2740151101,City of Oaks Marathon & Half Marathon,"Raleigh, NC USA","November 1, 2015","Rebekah Herman (F38)
4:31:53 308 80
4:31:18
Pittsburgh, PA, USA
4:22:40
 "
309,MIDD=2740151101,City of Oaks Marathon & Half Marathon,"Raleigh, NC USA","November 1, 2015","Nicholas Gonzalez (M30)
4:32:33 309 229
4:29:43
Fuquay Varina, NC, USA
4:29:43
 "
310,MIDD=2740151101,City of Oaks Marathon & Half Marathon,"Raleigh, NC USA","November 1, 2015","Susan Tahan (F46)
4:32:34 310 81
4:30:52
Apex, NC, USA
4:01:12
 "
311,MIDD=2740151101,City of Oaks Marathon & Half Marathon,"Raleigh, NC USA","November 1, 2015","Patrick O'Neil (M49)
4:32:45 311 230
4:29:48
Raleigh, NC, USA
4:03:50
 "
312,MIDD=2740151101,City of Oaks Marathon & Half Marathon,"Raleigh, NC USA","November 1, 2015","Jeremy Smith (M38)
4:32:57 312 231
4:30:02
Jacksonville, NC, USA
4:27:36
 "
313,MIDD=2740151101,City of Oaks Marathon & Half Marathon,"Raleigh, NC USA","November 1, 2015","Lindsey Miller (F29)
4:33:00 313 82
4:30:27
Durham, NC, USA
4:30:27
 "
314,MIDD=2740151101,City of Oaks Marathon & Half Marathon,"Raleigh, NC USA","November 1, 2015","Matt Hofman (M36)
4:33:01 314 232
4:28:28
Fuquay Varina, NC, USA
4:28:11
 "
315,MIDD=2740151101,City of Oaks Marathon & Half Marathon,"Raleigh, NC USA","November 1, 2015","Zhi Hong (M52)
4:33:13 315 233
4:28:41
Chapel Hill, NC, USA
3:56:21
 "
316,MIDD=2740151101,City of Oaks Marathon & Half Marathon,"Raleigh, NC USA","November 1, 2015","Joy Cupstid (F40)
4:33:18 316 83
4:28:32
Benson, NC, USA
4:15:48
 "
317,MIDD=2740151101,City of Oaks Marathon & Half Marathon,"Raleigh, NC USA","November 1, 2015","Armelle De Larminat (F45)
4:33:20 317 84
4:29:05
Cary, NC, USA
4:02:33
 "
318,MIDD=2740151101,City of Oaks Marathon & Half Marathon,"Raleigh, NC USA","November 1, 2015","Kelly Gibson (F25)
4:33:24 318 85
4:28:30
Cary, NC, USA
4:28:30
 "
319,MIDD=2740151101,City of Oaks Marathon & Half Marathon,"Raleigh, NC USA","November 1, 2015","Rachel Shaffer (F31)
4:33:25 319 86
4:29:21
Virginia Beach, VA, USA
4:28:55
 "
320,MIDD=2740151101,City of Oaks Marathon & Half Marathon,"Raleigh, NC USA","November 1, 2015","Greg Messer (M46)
4:33:30 320 234
4:33:09
Raleigh, NC, USA
4:13:25
 "
321,MIDD=2740151101,City of Oaks Marathon & Half Marathon,"Raleigh, NC USA","November 1, 2015","Olga Tkachenko (F44)
4:33:39 321 87
4:33:31
Raleigh, NC, USA
4:09:31
 "
322,MIDD=2740151101,City of Oaks Marathon & Half Marathon,"Raleigh, NC USA","November 1, 2015","Katie Biasi (F41)
4:33:55 322 88
4:29:18
Fuquay Varina, NC, USA
4:14:05
 "
323,MIDD=2740151101,City of Oaks Marathon & Half Marathon,"Raleigh, NC USA","November 1, 2015","Dennis Holbert (M51)
4:34:06 323 235
4:31:27
Fairview, TN, USA
4:00:57
 "
324,MIDD=2740151101,City of Oaks Marathon & Half Marathon,"Raleigh, NC USA","November 1, 2015","Elle Milo (F26)
4:34:38 324 89
4:32:35
Raleigh, NC, USA
4:32:35
 "
325,MIDD=2740151101,City of Oaks Marathon & Half Marathon,"Raleigh, NC USA","November 1, 2015","Johnny Yuen (M59)
4:34:40 325 236
4:31:49
Cary, NC, USA
3:43:52
 "
326,MIDD=2740151101,City of Oaks Marathon & Half Marathon,"Raleigh, NC USA","November 1, 2015","Brice Johnson (M34)
4:34:40 326 237
4:31:27
Cary, NC, USA
4:31:27
 "
327,MIDD=2740151101,City of Oaks Marathon & Half Marathon,"Raleigh, NC USA","November 1, 2015","Tam How (F42)
4:35:08 327 90
4:29:58
Durham, NC, USA
4:12:04
 "
328,MIDD=2740151101,City of Oaks Marathon & Half Marathon,"Raleigh, NC USA","November 1, 2015","Todd Griffin (M47)
4:36:16 328 238
4:35:38
Raleigh, NC, USA
4:13:31
 "
329,MIDD=2740151101,City of Oaks Marathon & Half Marathon,"Raleigh, NC USA","November 1, 2015","Daniel Colavito (M38)
4:36:23 329 239
4:31:44
Clayton, NC, USA
4:29:17
 "
330,MIDD=2740151101,City of Oaks Marathon & Half Marathon,"Raleigh, NC USA","November 1, 2015","Brock Bagley (M31)
4:36:23 330 240
4:34:24
Wake Forest, NC, USA
4:34:24
 "
331,MIDD=2740151101,City of Oaks Marathon & Half Marathon,"Raleigh, NC USA","November 1, 2015","Lisa Heimbach (F34)
4:36:30 331 91
4:34:18
Durham, NC, USA
4:31:36
 "
332,MIDD=2740151101,City of Oaks Marathon & Half Marathon,"Raleigh, NC USA","November 1, 2015","Jenna Gasper (F30)
4:37:11 332 92
4:35:46
Fuquay-Varina, NC, USA
4:35:39
 "
333,MIDD=2740151101,City of Oaks Marathon & Half Marathon,"Raleigh, NC USA","November 1, 2015","Tamara Glazer (F24)
4:37:37 333 93
4:35:45
Arlington, VA, USA
4:35:45
 "
334,MIDD=2740151101,City of Oaks Marathon & Half Marathon,"Raleigh, NC USA","November 1, 2015","Colleen Noonan (F30)
4:38:34 334 94
4:33:04
Raleigh, NC, USA
4:32:57
 "
335,MIDD=2740151101,City of Oaks Marathon & Half Marathon,"Raleigh, NC USA","November 1, 2015","Steven Crane (M43)
4:39:16 335 241
4:36:35
Raleigh, NC, USA
4:23:16
 "
336,MIDD=2740151101,City of Oaks Marathon & Half Marathon,"Raleigh, NC USA","November 1, 2015","James Tetterton (M37)
4:39:21 336 242
4:38:16
Holly Springs, NC, USA
4:37:09
 "
337,MIDD=2740151101,City of Oaks Marathon & Half Marathon,"Raleigh, NC USA","November 1, 2015","Mary Richardson (F54)
4:39:21 337 95
4:37:41
Holly Springs, NC, USA
3:43:03
 "
338,MIDD=2740151101,City of Oaks Marathon & Half Marathon,"Raleigh, NC USA","November 1, 2015","Hunna Watson (F33)
4:39:37 338 96
4:37:52
Chapel Hill, NC, USA
4:36:06
 "
339,MIDD=2740151101,City of Oaks Marathon & Half Marathon,"Raleigh, NC USA","November 1, 2015","Heather Wheel (F35)
4:39:48 339 97
4:36:50
Raleigh, NC, USA
4:32:55
 "
340,MIDD=2740151101,City of Oaks Marathon & Half Marathon,"Raleigh, NC USA","November 1, 2015","John Jordan (M46)
4:40:29 340 243
4:37:46
Winston Salem, NC, USA
4:17:42
 "
341,MIDD=2740151101,City of Oaks Marathon & Half Marathon,"Raleigh, NC USA","November 1, 2015","Ben Strunk (M26)
4:41:08 341 244
4:36:58
Raleigh, NC, USA
4:36:58
 "
342,MIDD=2740151101,City of Oaks Marathon & Half Marathon,"Raleigh, NC USA","November 1, 2015","Nikki Scott (F43)
4:41:11 342 98
4:37:37
Englewood, CO, USA
4:16:17
 "
343,MIDD=2740151101,City of Oaks Marathon & Half Marathon,"Raleigh, NC USA","November 1, 2015","Ianthe Clough (F58)
4:41:25 343 99
4:40:21
Mississauga, --
3:32:58
 "
344,MIDD=2740151101,City of Oaks Marathon & Half Marathon,"Raleigh, NC USA","November 1, 2015","Chantal Witiuk (F49)
4:41:26 344 100
4:40:21
Mississauga, --
4:00:29
 "
345,MIDD=2740151101,City of Oaks Marathon & Half Marathon,"Raleigh, NC USA","November 1, 2015","Sarah Brown (F41)
4:41:47 345 101
4:37:30
Salemburg, NC, USA
4:21:49
 "
346,MIDD=2740151101,City of Oaks Marathon & Half Marathon,"Raleigh, NC USA","November 1, 2015","Catrina Ralston (F40)
4:41:53 346 102
4:39:36
Suffolk, VA, USA
4:26:20
 "
347,MIDD=2740151101,City of Oaks Marathon & Half Marathon,"Raleigh, NC USA","November 1, 2015","Pankaj Shere (M40)
4:42:22 347 245
4:37:29
Apex, NC, USA
4:30:47
 "
348,MIDD=2740151101,City of Oaks Marathon & Half Marathon,"Raleigh, NC USA","November 1, 2015","Dave Cockman (M58)
4:42:28 348 246
4:37:57
Cary, NC, USA
3:51:08
 "
349,MIDD=2740151101,City of Oaks Marathon & Half Marathon,"Raleigh, NC USA","November 1, 2015","Jeffery Robertson (M44)
4:42:41 349 247
4:38:55
Holly Springs, NC, USA
4:23:16
 "
350,MIDD=2740151101,City of Oaks Marathon & Half Marathon,"Raleigh, NC USA","November 1, 2015","Charlotte Soto (F49)
4:42:54 350 103
4:42:35
Willow Springs, NC, USA
4:02:23
 "
351,MIDD=2740151101,City of Oaks Marathon & Half Marathon,"Raleigh, NC USA","November 1, 2015","Elizabeth Easter (F20)
4:43:31 351 104
4:41:34
Mooresville, NC, USA
4:41:22
 "
352,MIDD=2740151101,City of Oaks Marathon & Half Marathon,"Raleigh, NC USA","November 1, 2015","Lemontrel Leary (M27)
4:43:37 352 248
4:41:43
Silver Spring, MD, USA
4:41:43
 "
353,MIDD=2740151101,City of Oaks Marathon & Half Marathon,"Raleigh, NC USA","November 1, 2015","April Burks-Lilyquist (F46)
4:43:38 353 105
4:38:27
Sanford, NC, USA
4:07:57
 "
354,MIDD=2740151101,City of Oaks Marathon & Half Marathon,"Raleigh, NC USA","November 1, 2015","Andrew Mulvihill (M27)
4:43:59 354 249
4:39:17
Raleigh, NC, USA
4:39:17
 "
355,MIDD=2740151101,City of Oaks Marathon & Half Marathon,"Raleigh, NC USA","November 1, 2015","Kelly Becker (F42)
4:44:33 355 106
4:40:10
Raleigh, NC, USA
4:21:35
 "
356,MIDD=2740151101,City of Oaks Marathon & Half Marathon,"Raleigh, NC USA","November 1, 2015","Joshua Betcher (M37)
4:44:45 356 250
4:43:18
Cary, NC, USA
4:42:10
 "
357,MIDD=2740151101,City of Oaks Marathon & Half Marathon,"Raleigh, NC USA","November 1, 2015","Jennifer Shaw (F50)
4:44:56 357 107
4:43:16
Fuquay Varina, NC, USA
3:59:53
 "
358,MIDD=2740151101,City of Oaks Marathon & Half Marathon,"Raleigh, NC USA","November 1, 2015","Fred Spies (M63)
4:45:28 358 251
4:40:45
Fayetteville, AR, USA
3:42:12
 "
359,MIDD=2740151101,City of Oaks Marathon & Half Marathon,"Raleigh, NC USA","November 1, 2015","Christopher Roby (F45)
4:45:54 359 108
4:42:30
Raleigh, NC, USA
4:14:38
 "
360,MIDD=2740151101,City of Oaks Marathon & Half Marathon,"Raleigh, NC USA","November 1, 2015","Jamie Hansen (F34)
4:46:10 360 109
4:41:32
Whitsett, NC, USA
4:38:46
 "
361,MIDD=2740151101,City of Oaks Marathon & Half Marathon,"Raleigh, NC USA","November 1, 2015","Colleen Cunningham (F35)
4:46:15 361 110
4:42:44
Durham, NC, USA
4:38:44
 "
362,MIDD=2740151101,City of Oaks Marathon & Half Marathon,"Raleigh, NC USA","November 1, 2015","Mark Osborne (M53)
4:47:12 362 252
4:46:34
Henderson, NC, USA
4:09:48
 "
363,MIDD=2740151101,City of Oaks Marathon & Half Marathon,"Raleigh, NC USA","November 1, 2015","Curtis Bigelow (M50)
4:47:44 363 253
4:46:34
Greensboro, NC, USA
4:16:40
 "
364,MIDD=2740151101,City of Oaks Marathon & Half Marathon,"Raleigh, NC USA","November 1, 2015","Susan Abbe (F48)
4:47:46 364 111
4:44:14
Orlando, FL, USA
4:06:54
 "
365,MIDD=2740151101,City of Oaks Marathon & Half Marathon,"Raleigh, NC USA","November 1, 2015","Izzy Begej (F24)
4:47:47 365 112
4:45:10
Durham, NC, USA
4:45:10
 "
366,MIDD=2740151101,City of Oaks Marathon & Half Marathon,"Raleigh, NC USA","November 1, 2015","Andrew Rahm (M34)
4:47:54 366 254
4:44:23
Fletcher, NC, USA
4:44:23
 "
367,MIDD=2740151101,City of Oaks Marathon & Half Marathon,"Raleigh, NC USA","November 1, 2015","Ted Coberly (M38)
4:48:09 367 255
4:43:38
Zebulon, NC, USA
4:41:04
 "
368,MIDD=2740151101,City of Oaks Marathon & Half Marathon,"Raleigh, NC USA","November 1, 2015","Ariel Kanaby (F22)
4:48:25 368 113
4:43:47
Cary, NC, USA
4:43:47
 "
369,MIDD=2740151101,City of Oaks Marathon & Half Marathon,"Raleigh, NC USA","November 1, 2015","John Martin (M53)
4:49:20 369 256
4:46:37
Apex, NC, USA
4:09:50
 "
370,MIDD=2740151101,City of Oaks Marathon & Half Marathon,"Raleigh, NC USA","November 1, 2015","Mason Angell (M27)
4:50:20 370 257
4:48:26
Greensboro, NC, USA
4:48:26
 "
371,MIDD=2740151101,City of Oaks Marathon & Half Marathon,"Raleigh, NC USA","November 1, 2015","Gwendolyn Williams (F48)
4:51:18 371 114
4:45:55
Rolesville, NC, USA
4:08:22
 "
372,MIDD=2740151101,City of Oaks Marathon & Half Marathon,"Raleigh, NC USA","November 1, 2015","Eleni Chouvarda (F39)
4:52:07 372 115
4:47:31
Candler, NC, USA
4:36:14
 "
373,MIDD=2740151101,City of Oaks Marathon & Half Marathon,"Raleigh, NC USA","November 1, 2015","Lawrence Weber (M41)
4:52:26 373 258
4:47:41
Durham, NC, USA
4:38:26
 "
374,MIDD=2740151101,City of Oaks Marathon & Half Marathon,"Raleigh, NC USA","November 1, 2015","Carnell Griffin (M24)
4:52:48 374 259
4:50:54
Durham, NC, USA
4:50:54
 "
375,MIDD=2740151101,City of Oaks Marathon & Half Marathon,"Raleigh, NC USA","November 1, 2015","Patricia Bowen-Painter (F51)
4:53:04 375 116
4:49:32
Winter Garden, FL, USA
4:02:02
 "
376,MIDD=2740151101,City of Oaks Marathon & Half Marathon,"Raleigh, NC USA","November 1, 2015","Wanda Yenkel (F54)
4:53:07 376 117
4:49:22
Commerce Township, MI, USA
3:52:26
 "
377,MIDD=2740151101,City of Oaks Marathon & Half Marathon,"Raleigh, NC USA","November 1, 2015","Emily Hutchins (F21)
4:53:37 377 118
4:50:58
Waxhaw, NC, USA
4:50:58
 "
378,MIDD=2740151101,City of Oaks Marathon & Half Marathon,"Raleigh, NC USA","November 1, 2015","Richard Maloof (M54)
4:53:47 378 260
4:50:48
Asheville, NC, USA
4:11:09
 "
379,MIDD=2740151101,City of Oaks Marathon & Half Marathon,"Raleigh, NC USA","November 1, 2015","James Potter (M44)
4:54:03 379 261
4:49:01
Rolesville, NC, USA
4:32:48
 "
380,MIDD=2740151101,City of Oaks Marathon & Half Marathon,"Raleigh, NC USA","November 1, 2015","Neal Holloman (M46)
4:54:36 380 262
4:50:17
Selma, NC, USA
4:29:19
 "
381,MIDD=2740151101,City of Oaks Marathon & Half Marathon,"Raleigh, NC USA","November 1, 2015","Brigitte Spurgeon (F38)
4:54:48 381 119
4:50:25
Raleigh, NC, USA
4:41:10
 "
382,MIDD=2740151101,City of Oaks Marathon & Half Marathon,"Raleigh, NC USA","November 1, 2015","Lark Allen (M70)
4:54:55 382 263
4:50:15
Raleigh, NC, USA
3:33:25
 "
383,MIDD=2740151101,City of Oaks Marathon & Half Marathon,"Raleigh, NC USA","November 1, 2015","David Howell (M54)
4:55:35 383 264
4:54:09
Raleigh, NC, USA
4:14:03
 "
384,MIDD=2740151101,City of Oaks Marathon & Half Marathon,"Raleigh, NC USA","November 1, 2015","Keith Huff (M44)
4:55:45 384 265
4:51:12
Kernersville, NC, USA
4:34:51
 "
385,MIDD=2740151101,City of Oaks Marathon & Half Marathon,"Raleigh, NC USA","November 1, 2015","Jamie Whitenack (F24)
4:56:13 385 120
4:50:15
East Meadow, NY, USA
4:50:15
 "
386,MIDD=2740151101,City of Oaks Marathon & Half Marathon,"Raleigh, NC USA","November 1, 2015","John Goldfield (M49)
4:56:30 386 266
4:52:41
Raleigh, NC, USA
4:24:31
 "
387,MIDD=2740151101,City of Oaks Marathon & Half Marathon,"Raleigh, NC USA","November 1, 2015","Alicia Eason (F40)
4:56:34 387 121
4:51:33
Garner, NC, USA
4:37:43
 "
388,MIDD=2740151101,City of Oaks Marathon & Half Marathon,"Raleigh, NC USA","November 1, 2015","Randy Hoke (M57)
4:56:40 388 267
4:51:55
Cary, NC, USA
4:05:05
 "
389,MIDD=2740151101,City of Oaks Marathon & Half Marathon,"Raleigh, NC USA","November 1, 2015","Joshua Lessin (M42)
4:56:51 389 268
4:51:06
Fayetteville, NC, USA
4:39:25
 "
390,MIDD=2740151101,City of Oaks Marathon & Half Marathon,"Raleigh, NC USA","November 1, 2015","Tara Rogers (F37)
4:56:53 390 122
4:54:26
Gainesville, GA, USA
4:47:02
 "
391,MIDD=2740151101,City of Oaks Marathon & Half Marathon,"Raleigh, NC USA","November 1, 2015","Chris Adkins (M25)
4:56:57 391 269
4:53:26
Holly Springs, NC, USA
4:53:26
 "
392,MIDD=2740151101,City of Oaks Marathon & Half Marathon,"Raleigh, NC USA","November 1, 2015","Relin Rajan (M29)
4:57:41 392 270
4:55:14
Raleigh, NC, USA
4:55:14
 "
393,MIDD=2740151101,City of Oaks Marathon & Half Marathon,"Raleigh, NC USA","November 1, 2015","Suzanne Buntrock (F57)
4:57:52 393 123
4:54:32
Lakewood, CO, USA
3:46:58
 "
394,MIDD=2740151101,City of Oaks Marathon & Half Marathon,"Raleigh, NC USA","November 1, 2015","Kevin Carter (M40)
4:58:07 394 271
4:54:02
Holly Springs, NC, USA
4:46:56
 "
395,MIDD=2740151101,City of Oaks Marathon & Half Marathon,"Raleigh, NC USA","November 1, 2015","Shane Johnston (M49)
4:58:25 395 272
4:52:02
Raleigh, NC, USA
4:23:56
 "
396,MIDD=2740151101,City of Oaks Marathon & Half Marathon,"Raleigh, NC USA","November 1, 2015","Patrick Dowd (M64)
4:58:29 396 273
4:55:45
Durham, NC, USA
3:51:43
 "
397,MIDD=2740151101,City of Oaks Marathon & Half Marathon,"Raleigh, NC USA","November 1, 2015","Alyssa Ammirato (F26)
4:58:34 397 124
4:54:16
Montclair, NJ, USA
4:54:16
 "
398,MIDD=2740151101,City of Oaks Marathon & Half Marathon,"Raleigh, NC USA","November 1, 2015","Brittany Beaver (F27)
4:58:38 398 125
4:56:45
Morrisville, NC, USA
4:56:45
 "
399,MIDD=2740151101,City of Oaks Marathon & Half Marathon,"Raleigh, NC USA","November 1, 2015","Mark Maina (M38)
4:58:45 399 274
4:56:08
Raleigh, NC, USA
4:53:28
 "
400,MIDD=2740151101,City of Oaks Marathon & Half Marathon,"Raleigh, NC USA","November 1, 2015","Daniel King (M40)
4:58:48 400 275
4:58:31
Raleigh, NC, USA
4:51:19
 "
401,MIDD=2740151101,City of Oaks Marathon & Half Marathon,"Raleigh, NC USA","November 1, 2015","Hamish Beer (M22)
4:58:49 401 276
4:52:17
Raleigh, NC, USA
4:52:08
 "
402,MIDD=2740151101,City of Oaks Marathon & Half Marathon,"Raleigh, NC USA","November 1, 2015","Mary Rawls (F24)
4:59:00 402 126
4:54:01
Raleigh, NC, USA
4:54:01
 "
403,MIDD=2740151101,City of Oaks Marathon & Half Marathon,"Raleigh, NC USA","November 1, 2015","Ramona McGee (F29)
4:59:18 403 127
4:55:42
Winston-Salem, NC, USA
4:55:42
 "
404,MIDD=2740151101,City of Oaks Marathon & Half Marathon,"Raleigh, NC USA","November 1, 2015","Greg Burt (M27)
4:59:24 404 277
4:58:07
Saratoga Springs, NY, USA
4:58:07
 "
405,MIDD=2740151101,City of Oaks Marathon & Half Marathon,"Raleigh, NC USA","November 1, 2015","Maureen McClanahan (F39)
4:59:42 405 128
4:55:16
Christiansburg, VA, USA
4:43:41
 "
406,MIDD=2740151101,City of Oaks Marathon & Half Marathon,"Raleigh, NC USA","November 1, 2015","Rae Lynn Lamparek (F44)
5:00:14 406 129
4:59:44
Swisher, IA, USA
4:33:26
 "
407,MIDD=2740151101,City of Oaks Marathon & Half Marathon,"Raleigh, NC USA","November 1, 2015","Nelson Esteves (M33)
5:00:44 407 278
4:54:43
Cary, NC, USA
4:54:43
 "
408,MIDD=2740151101,City of Oaks Marathon & Half Marathon,"Raleigh, NC USA","November 1, 2015","Andrea Peet (F34)
5:00:52 408 130
4:53:43
Silver Spring, MD, USA
4:50:50
 "
409,MIDD=2740151101,City of Oaks Marathon & Half Marathon,"Raleigh, NC USA","November 1, 2015","Wayne McDaniel (M30)
5:01:30 409 279
4:56:10
Winterville, NC, USA
4:56:10
 "
410,MIDD=2740151101,City of Oaks Marathon & Half Marathon,"Raleigh, NC USA","November 1, 2015","Jamie Stabile (F26)
5:02:24 410 131
4:59:38
Durham, NC, USA
4:59:38
 "
411,MIDD=2740151101,City of Oaks Marathon & Half Marathon,"Raleigh, NC USA","November 1, 2015","Amie Fehntrich (F26)
5:02:24 411 132
4:59:38
Philadelphia, PA, USA
4:59:38
 "
412,MIDD=2740151101,City of Oaks Marathon & Half Marathon,"Raleigh, NC USA","November 1, 2015","Scott Johnston (M48)
5:02:27 412 280
4:57:12
Cary, NC, USA
4:30:59
 "
413,MIDD=2740151101,City of Oaks Marathon & Half Marathon,"Raleigh, NC USA","November 1, 2015","Carolyn Rickard (F36)
5:02:41 413 133
4:56:33
Durham, NC, USA
4:50:51
 "
414,MIDD=2740151101,City of Oaks Marathon & Half Marathon,"Raleigh, NC USA","November 1, 2015","Kathy Parzygnat (F39)
5:02:58 414 134
4:59:54
Raleigh, NC, USA
4:48:08
 "
415,MIDD=2740151101,City of Oaks Marathon & Half Marathon,"Raleigh, NC USA","November 1, 2015","Deanna Mitchell (F48)
5:03:04 415 135
4:56:52
Cary, NC, USA
4:17:53
 "
416,MIDD=2740151101,City of Oaks Marathon & Half Marathon,"Raleigh, NC USA","November 1, 2015","Daniel Brunson (M22)
5:03:18 416 281
5:00:50
Garner, NC, USA
5:00:40
 "
417,MIDD=2740151101,City of Oaks Marathon & Half Marathon,"Raleigh, NC USA","November 1, 2015","Lam Ngo (M52)
5:03:18 417 282
5:00:30
Cary, NC, USA
4:24:20
 "
418,MIDD=2740151101,City of Oaks Marathon & Half Marathon,"Raleigh, NC USA","November 1, 2015","Jenny Randall (F27)
5:03:41 418 136
4:58:50
Raleigh, NC, USA
4:58:50
 "
419,MIDD=2740151101,City of Oaks Marathon & Half Marathon,"Raleigh, NC USA","November 1, 2015","Andy Lancaster (M49)
5:03:44 419 283
5:01:28
Raleigh, NC, USA
4:32:27
 "
420,MIDD=2740151101,City of Oaks Marathon & Half Marathon,"Raleigh, NC USA","November 1, 2015","Rachel Perelli (F28)
5:03:46 420 137
5:00:01
Raleigh, NC, USA
5:00:01
 "
421,MIDD=2740151101,City of Oaks Marathon & Half Marathon,"Raleigh, NC USA","November 1, 2015","Lyde Andrews (M47)
5:04:25 421 284
4:59:55
North Charleston, SC, USA
4:35:51
 "
422,MIDD=2740151101,City of Oaks Marathon & Half Marathon,"Raleigh, NC USA","November 1, 2015","Nitsa Calas (F61)
5:04:26 422 138
4:59:56
North Charleston, SC, USA
3:37:54
 "
423,MIDD=2740151101,City of Oaks Marathon & Half Marathon,"Raleigh, NC USA","November 1, 2015","Holly Briggs (F50)
5:04:29 423 139
4:58:26
Raleigh, NC, USA
4:12:44
 "
424,MIDD=2740151101,City of Oaks Marathon & Half Marathon,"Raleigh, NC USA","November 1, 2015","Melissa Davenport (F30)
5:04:33 424 140
4:59:58
Raleigh, NC, USA
4:59:50
 "
425,MIDD=2740151101,City of Oaks Marathon & Half Marathon,"Raleigh, NC USA","November 1, 2015","Brittany Churchey (F27)
5:05:07 425 141
5:01:31
Greensboro, NC, USA
5:01:31
 "
426,MIDD=2740151101,City of Oaks Marathon & Half Marathon,"Raleigh, NC USA","November 1, 2015","Jeffrey Rogers (M51)
5:05:27 426 285
4:59:36
Winston Salem, NC, USA
4:25:57
 "
427,MIDD=2740151101,City of Oaks Marathon & Half Marathon,"Raleigh, NC USA","November 1, 2015","Lewis Bowman (M42)
5:05:49 427 286
5:01:12
Raleigh, NC, USA
4:49:07
 "
428,MIDD=2740151101,City of Oaks Marathon & Half Marathon,"Raleigh, NC USA","November 1, 2015","David Moore (M44)
5:05:50 428 287
5:01:11
Franklinton, NC, USA
4:44:17
 "
429,MIDD=2740151101,City of Oaks Marathon & Half Marathon,"Raleigh, NC USA","November 1, 2015","Ajai Kumar (M46)
5:05:59 429 288
5:01:32
Cary, NC, USA
4:39:45
 "
430,MIDD=2740151101,City of Oaks Marathon & Half Marathon,"Raleigh, NC USA","November 1, 2015","Bob Ochoa (M53)
5:06:39 430 289
5:04:52
Knightdale, NC, USA
4:25:45
 "
431,MIDD=2740151101,City of Oaks Marathon & Half Marathon,"Raleigh, NC USA","November 1, 2015","Ryan Sandman (M26)
5:06:48 431 290
5:04:12
Raleigh, NC, USA
5:04:12
 "
432,MIDD=2740151101,City of Oaks Marathon & Half Marathon,"Raleigh, NC USA","November 1, 2015","Edward Vega (M56)
5:07:00 432 291
5:00:33
Raleigh, NC, USA
4:14:44
 "
433,MIDD=2740151101,City of Oaks Marathon & Half Marathon,"Raleigh, NC USA","November 1, 2015","Noelle Kelly (F25)
5:07:04 433 142
5:02:27
Durham, NC, USA
5:02:27
 "
434,MIDD=2740151101,City of Oaks Marathon & Half Marathon,"Raleigh, NC USA","November 1, 2015","Amy Johnston (F46)
5:08:08 434 143
5:02:53
Cary, NC, USA
4:29:43
 "
435,MIDD=2740151101,City of Oaks Marathon & Half Marathon,"Raleigh, NC USA","November 1, 2015","Donna Manla (F50)
5:08:31 435 144
5:03:36
Raleigh, NC, USA
4:17:07
 "
436,MIDD=2740151101,City of Oaks Marathon & Half Marathon,"Raleigh, NC USA","November 1, 2015","Shalisa Davis (F46)
5:09:11 436 145
5:05:37
Suffolk, VA, USA
4:32:09
 "
437,MIDD=2740151101,City of Oaks Marathon & Half Marathon,"Raleigh, NC USA","November 1, 2015","Keith Brooks (M50)
5:09:47 437 292
5:03:40
Cary, NC, USA
4:31:59
 "
438,MIDD=2740151101,City of Oaks Marathon & Half Marathon,"Raleigh, NC USA","November 1, 2015","Ojas Namjoshi (M36)
5:10:36 438 293
5:10:01
Morrisville, NC, USA
5:09:42
 "
439,MIDD=2740151101,City of Oaks Marathon & Half Marathon,"Raleigh, NC USA","November 1, 2015","Jessica Marchand (F37)
5:10:53 439 146
5:05:54
Raleigh, NC, USA
4:58:13
 "
440,MIDD=2740151101,City of Oaks Marathon & Half Marathon,"Raleigh, NC USA","November 1, 2015","Gabriella Nastasi (F24)
5:10:58 440 147
5:05:16
Raleigh, NC, USA
5:05:16
 "
441,MIDD=2740151101,City of Oaks Marathon & Half Marathon,"Raleigh, NC USA","November 1, 2015","Justine Nicholson (F25)
5:10:59 441 148
5:05:02
Raleigh, NC, USA
5:05:02
 "
442,MIDD=2740151101,City of Oaks Marathon & Half Marathon,"Raleigh, NC USA","November 1, 2015","Mat Griner (M40)
5:11:33 442 294
5:09:00
Zebulon, NC, USA
5:01:33
 "
443,MIDD=2740151101,City of Oaks Marathon & Half Marathon,"Raleigh, NC USA","November 1, 2015","Lizabeth Wardzinski (F34)
5:11:34 443 149
5:07:37
Raleigh, NC, USA
5:04:36
 "
444,MIDD=2740151101,City of Oaks Marathon & Half Marathon,"Raleigh, NC USA","November 1, 2015","Paul Wardzinski (M60)
5:11:34 444 295
5:07:38
Morganton, NC, USA
4:10:52
 "
445,MIDD=2740151101,City of Oaks Marathon & Half Marathon,"Raleigh, NC USA","November 1, 2015","Bill McCrorie (M46)
5:11:45 445 296
5:11:02
Raleigh, NC, USA
4:48:34
 "
446,MIDD=2740151101,City of Oaks Marathon & Half Marathon,"Raleigh, NC USA","November 1, 2015","Liv Colson (F21)
5:13:04 446 150
5:10:44
Carrboro, NC, USA
5:10:44
 "
447,MIDD=2740151101,City of Oaks Marathon & Half Marathon,"Raleigh, NC USA","November 1, 2015","Robin Lowe-Skillern (F20)
5:13:05 447 151
5:10:44
Durham, NC, USA
5:10:30
 "
448,MIDD=2740151101,City of Oaks Marathon & Half Marathon,"Raleigh, NC USA","November 1, 2015","Julie Wheel (F42)
5:13:28 448 152
5:10:30
Essex Junction, VT, USA
4:49:54
 "
449,MIDD=2740151101,City of Oaks Marathon & Half Marathon,"Raleigh, NC USA","November 1, 2015","Gadi Rwayitare (M30)
5:13:42 449 297
5:10:47
Raleigh, NC, USA
5:10:47
 "
450,MIDD=2740151101,City of Oaks Marathon & Half Marathon,"Raleigh, NC USA","November 1, 2015","Molly Ontiveros (F25)
5:13:50 450 153
5:10:29
Philadelphia, PA, USA
5:10:29
 "
451,MIDD=2740151101,City of Oaks Marathon & Half Marathon,"Raleigh, NC USA","November 1, 2015","Margaret Ontiveros (F61)
5:13:56 451 154
5:10:35
Santa Maria, CA, USA
3:45:38
 "
452,MIDD=2740151101,City of Oaks Marathon & Half Marathon,"Raleigh, NC USA","November 1, 2015","Maricela Resendez (F48)
5:14:03 452 155
5:08:00
Raleigh, NC, USA
4:27:33
 "
453,MIDD=2740151101,City of Oaks Marathon & Half Marathon,"Raleigh, NC USA","November 1, 2015","Penny Lachance (F29)
5:14:27 453 156
5:09:24
Aberdeen, NC, USA
5:09:24
 "
454,MIDD=2740151101,City of Oaks Marathon & Half Marathon,"Raleigh, NC USA","November 1, 2015","Ryan Lachance (M36)
5:14:27 454 298
5:09:24
Aberdeen, NC, USA
5:09:05
 "
455,MIDD=2740151101,City of Oaks Marathon & Half Marathon,"Raleigh, NC USA","November 1, 2015","Anh Gibbs (F39)
5:15:34 455 157
5:08:54
Apex, NC, USA
4:56:47
 "
456,MIDD=2740151101,City of Oaks Marathon & Half Marathon,"Raleigh, NC USA","November 1, 2015","Josh Duewer (M31)
5:15:37 456 299
5:14:05
Apex, NC, USA
5:14:05
 "
457,MIDD=2740151101,City of Oaks Marathon & Half Marathon,"Raleigh, NC USA","November 1, 2015","Sarah Gadbois (F35)
5:16:04 457 158
5:09:20
Raleigh, NC, USA
5:04:58
 "
458,MIDD=2740151101,City of Oaks Marathon & Half Marathon,"Raleigh, NC USA","November 1, 2015","Neil Rosenthal (M45)
5:16:43 458 300
5:11:31
Knightdale, NC, USA
4:51:31
 "
459,MIDD=2740151101,City of Oaks Marathon & Half Marathon,"Raleigh, NC USA","November 1, 2015","Shaaista Washington (F37)
5:17:21 459 159
5:12:19
Savannah, GA, USA
5:04:28
 "
460,MIDD=2740151101,City of Oaks Marathon & Half Marathon,"Raleigh, NC USA","November 1, 2015","Cindi Martin (F56)
5:17:29 460 160
5:12:27
Pooler, GA, USA
4:04:10
 "
461,MIDD=2740151101,City of Oaks Marathon & Half Marathon,"Raleigh, NC USA","November 1, 2015","Sarah West (F47)
5:17:35 461 161
5:12:44
Oak Ridge, NC, USA
4:35:04
 "
462,MIDD=2740151101,City of Oaks Marathon & Half Marathon,"Raleigh, NC USA","November 1, 2015","Michael Sandman (M54)
5:17:52 462 301
5:15:16
Raleigh, NC, USA
4:32:17
 "
463,MIDD=2740151101,City of Oaks Marathon & Half Marathon,"Raleigh, NC USA","November 1, 2015","John Richardson (M51)
5:18:29 463 302
5:11:30
Raleigh, NC, USA
4:36:31
 "
464,MIDD=2740151101,City of Oaks Marathon & Half Marathon,"Raleigh, NC USA","November 1, 2015","Trisha Turlington (F24)
5:19:08 464 162
5:16:29
Raleigh, NC, USA
5:16:29
 "
465,MIDD=2740151101,City of Oaks Marathon & Half Marathon,"Raleigh, NC USA","November 1, 2015","Lea Zagorin (F23)
5:19:08 465 163
5:16:29
Chapel Hill, NC, USA
5:16:29
 "
466,MIDD=2740151101,City of Oaks Marathon & Half Marathon,"Raleigh, NC USA","November 1, 2015","Blair Bisher (M35)
5:19:25 466 303
5:15:36
Brookline, MA, USA
5:15:36
 "
467,MIDD=2740151101,City of Oaks Marathon & Half Marathon,"Raleigh, NC USA","November 1, 2015","Chantelle Slice (F28)
5:20:14 467 164
5:17:48
Atlanta, GA, USA
5:17:48
 "
468,MIDD=2740151101,City of Oaks Marathon & Half Marathon,"Raleigh, NC USA","November 1, 2015","Alex Barrett (M25)
5:20:55 468 304
5:14:57
Raleigh, NC, USA
5:14:57
 "
469,MIDD=2740151101,City of Oaks Marathon & Half Marathon,"Raleigh, NC USA","November 1, 2015","Richard Worthington (M37)
5:20:57 469 305
5:15:19
Wake Forest, NC, USA
5:14:03
 "
470,MIDD=2740151101,City of Oaks Marathon & Half Marathon,"Raleigh, NC USA","November 1, 2015","Jenna Hoffman (F23)
5:21:06 470 165
5:17:22
Greenville, NC, USA
5:17:22
 "
471,MIDD=2740151101,City of Oaks Marathon & Half Marathon,"Raleigh, NC USA","November 1, 2015","Katie Rachels (F23)
5:21:07 471 166
5:17:22
Oak Ridge, NC, USA
5:17:22
 "
472,MIDD=2740151101,City of Oaks Marathon & Half Marathon,"Raleigh, NC USA","November 1, 2015","Rajendra Petchetti (M45)
5:21:25 472 306
5:17:31
Cary, NC, USA
4:57:07
 "
473,MIDD=2740151101,City of Oaks Marathon & Half Marathon,"Raleigh, NC USA","November 1, 2015","John Kent (M54)
5:21:55 473 307
5:17:37
Nashville, NC, USA
4:34:19
 "
474,MIDD=2740151101,City of Oaks Marathon & Half Marathon,"Raleigh, NC USA","November 1, 2015","Benjamin McDonald (M29)
5:22:58 474 308
5:18:14
Knightdale, NC, USA
5:18:14
 "
475,MIDD=2740151101,City of Oaks Marathon & Half Marathon,"Raleigh, NC USA","November 1, 2015","Lee Higley (M32)
5:23:05 475 309
5:20:54
Chapel Hill, NC, USA
5:20:54
 "
476,MIDD=2740151101,City of Oaks Marathon & Half Marathon,"Raleigh, NC USA","November 1, 2015","Wes Beiler (M40)
5:23:31 476 310
5:22:47
Raleigh, NC, USA
5:15:00
 "
477,MIDD=2740151101,City of Oaks Marathon & Half Marathon,"Raleigh, NC USA","November 1, 2015","Steve Smith (M45)
5:23:39 477 311
5:18:37
Raleigh, NC, USA
4:58:09
 "
478,MIDD=2740151101,City of Oaks Marathon & Half Marathon,"Raleigh, NC USA","November 1, 2015","Scott Parker (M21)
5:24:01 478 312
5:19:14
Carrboro, NC, USA
5:17:47
 "
479,MIDD=2740151101,City of Oaks Marathon & Half Marathon,"Raleigh, NC USA","November 1, 2015","Michelle Tripp (F32)
5:25:19 479 167
5:18:35
Charlotte, NC, USA
5:17:28
 "
480,MIDD=2740151101,City of Oaks Marathon & Half Marathon,"Raleigh, NC USA","November 1, 2015","Marmorato Leslie (F65)
5:25:35 480 168
5:19:31
Raleigh, NC, USA
3:37:04
 "
481,MIDD=2740151101,City of Oaks Marathon & Half Marathon,"Raleigh, NC USA","November 1, 2015","Tim Mullican (M55)
5:25:36 481 313
5:19:51
Mitchell, SD, USA
4:33:39
 "
482,MIDD=2740151101,City of Oaks Marathon & Half Marathon,"Raleigh, NC USA","November 1, 2015","Christelle Douillet (F47)
5:25:36 482 169
5:24:46
Chapel Hill, NC, USA
4:45:39
 "
483,MIDD=2740151101,City of Oaks Marathon & Half Marathon,"Raleigh, NC USA","November 1, 2015","Mary Painter (F28)
5:26:26 483 170
5:25:23
Raleigh, NC, USA
5:25:23
 "
484,MIDD=2740151101,City of Oaks Marathon & Half Marathon,"Raleigh, NC USA","November 1, 2015","Julio Martinez (M46)
5:27:19 484 314
5:26:44
Raleigh, NC, USA
5:03:08
 "
485,MIDD=2740151101,City of Oaks Marathon & Half Marathon,"Raleigh, NC USA","November 1, 2015","Christopher Foulks (M38)
5:27:49 485 315
5:26:54
Willow Spring, NC, USA
5:23:57
 "
486,MIDD=2740151101,City of Oaks Marathon & Half Marathon,"Raleigh, NC USA","November 1, 2015","Andres Saldarriaga (M35)
5:28:02 486 316
5:22:51
Raleigh, NC, USA
5:22:51
 "
487,MIDD=2740151101,City of Oaks Marathon & Half Marathon,"Raleigh, NC USA","November 1, 2015","Kristen Wassil (F32)
5:28:03 487 171
5:22:51
Raleigh, NC, USA
5:21:43
 "
488,MIDD=2740151101,City of Oaks Marathon & Half Marathon,"Raleigh, NC USA","November 1, 2015","Joanna Neekonov (F28)
5:28:22 488 172
5:22:43
Parkton, NC, USA
5:22:43
 "
489,MIDD=2740151101,City of Oaks Marathon & Half Marathon,"Raleigh, NC USA","November 1, 2015","Artom Neekonov (M31)
5:28:22 489 317
5:22:43
Parkton, NC, USA
5:22:43
 "
490,MIDD=2740151101,City of Oaks Marathon & Half Marathon,"Raleigh, NC USA","November 1, 2015","Caitlin Sullivan (F28)
5:28:29 490 173
5:24:55
Durham, NC, USA
5:24:55
 "
491,MIDD=2740151101,City of Oaks Marathon & Half Marathon,"Raleigh, NC USA","November 1, 2015","Mary Hennessy (F55)
5:30:09 491 174
5:23:46
Spring Valley Lake, CA, USA
4:16:33
 "
492,MIDD=2740151101,City of Oaks Marathon & Half Marathon,"Raleigh, NC USA","November 1, 2015","Robert Hennessy (M53)
5:30:09 492 318
5:23:47
Apex, NC, USA
4:42:14
 "
493,MIDD=2740151101,City of Oaks Marathon & Half Marathon,"Raleigh, NC USA","November 1, 2015","Lynn Parise (F28)
5:30:15 493 175
5:24:52
Brooklyn, NY, USA
5:24:52
 "
494,MIDD=2740151101,City of Oaks Marathon & Half Marathon,"Raleigh, NC USA","November 1, 2015","Allison Bashor (F33)
5:30:23 494 176
5:27:58
Durham, NC, USA
5:25:54
 "
495,MIDD=2740151101,City of Oaks Marathon & Half Marathon,"Raleigh, NC USA","November 1, 2015","Naveen Vangipurapu (M41)
5:30:28 495 319
5:23:36
Cary, NC, USA
5:13:12
 "
496,MIDD=2740151101,City of Oaks Marathon & Half Marathon,"Raleigh, NC USA","November 1, 2015","Jennifer Moran (F45)
5:30:42 496 177
5:25:07
Raleigh, NC, USA
4:53:03
 "
497,MIDD=2740151101,City of Oaks Marathon & Half Marathon,"Raleigh, NC USA","November 1, 2015","Rebekah Musselwhite (F46)
5:30:43 497 178
5:25:08
Raleigh, NC, USA
4:49:31
 "
498,MIDD=2740151101,City of Oaks Marathon & Half Marathon,"Raleigh, NC USA","November 1, 2015","P.J. Smith (M42)
5:30:50 498 320
5:24:37
Pineville, NC, USA
5:11:35
 "
499,MIDD=2740151101,City of Oaks Marathon & Half Marathon,"Raleigh, NC USA","November 1, 2015","Prudhvi Yendluri (M32)
5:30:59 499 321
5:21:07
Cary, NC, USA
5:21:07
 "
500,MIDD=2740151101,City of Oaks Marathon & Half Marathon,"Raleigh, NC USA","November 1, 2015","Laksmikanthan Vijayaragha (M27)
5:32:44 500 322
5:28:11
Morrisville, NC, USA
5:28:11
 "
501,MIDD=2740151101,City of Oaks Marathon & Half Marathon,"Raleigh, NC USA","November 1, 2015","Lori Richards (F46)
5:33:23 501 179
5:29:41
Cary, NC, USA
4:53:34
 "
502,MIDD=2740151101,City of Oaks Marathon & Half Marathon,"Raleigh, NC USA","November 1, 2015","Marty Ballew (M49)
5:33:23 502 323
5:29:41
Greensboro, NC, USA
4:57:58
 "
503,MIDD=2740151101,City of Oaks Marathon & Half Marathon,"Raleigh, NC USA","November 1, 2015","Thomas Cummings (M51)
5:35:46 503 324
5:30:22
Durham, NC, USA
4:53:15
 "
504,MIDD=2740151101,City of Oaks Marathon & Half Marathon,"Raleigh, NC USA","November 1, 2015","Jordan Dickerson (F32)
5:35:53 504 180
5:30:14
Cary, NC, USA
5:29:04
 "
505,MIDD=2740151101,City of Oaks Marathon & Half Marathon,"Raleigh, NC USA","November 1, 2015","Amanda Lewis (F32)
5:36:20 505 181
5:29:35
Raleigh, NC, USA
5:28:25
 "
506,MIDD=2740151101,City of Oaks Marathon & Half Marathon,"Raleigh, NC USA","November 1, 2015","Ghazala Sadiq (F62)
5:37:39 506 182
5:36:40
Raleigh, NC, USA
4:00:45
 "
507,MIDD=2740151101,City of Oaks Marathon & Half Marathon,"Raleigh, NC USA","November 1, 2015","Heather Wurr (F39)
5:38:14 507 183
5:33:01
Clayton, NC, USA
5:19:57
 "
508,MIDD=2740151101,City of Oaks Marathon & Half Marathon,"Raleigh, NC USA","November 1, 2015","Erica Aviles (F19)
5:38:53 508 184
5:36:13
Fuquay Varina, NC, USA
5:34:03
 "
509,MIDD=2740151101,City of Oaks Marathon & Half Marathon,"Raleigh, NC USA","November 1, 2015","Stewart Swain (M30)
5:39:07 509 325
5:33:27
Raleigh, NC, USA
5:33:27
 "
510,MIDD=2740151101,City of Oaks Marathon & Half Marathon,"Raleigh, NC USA","November 1, 2015","Elias Hernandez (M38)
5:39:11 510 326
5:34:58
Oxford, NC, USA
5:31:57
 "
511,MIDD=2740151101,City of Oaks Marathon & Half Marathon,"Raleigh, NC USA","November 1, 2015","Ashley Lloyd (F36)
5:39:11 511 185
5:34:59
Oxford, NC, USA
5:28:33
 "
512,MIDD=2740151101,City of Oaks Marathon & Half Marathon,"Raleigh, NC USA","November 1, 2015","Tommie Mercer (M15)
5:39:40 512 327
5:34:45
Kinston, NC, USA
5:06:19
 "
513,MIDD=2740151101,City of Oaks Marathon & Half Marathon,"Raleigh, NC USA","November 1, 2015","Toby Reid (M38)
5:39:53 513 328
5:33:30
Knightdale, NC, USA
5:30:29
 "
514,MIDD=2740151101,City of Oaks Marathon & Half Marathon,"Raleigh, NC USA","November 1, 2015","Anurag Mhaiskar (M29)
5:39:58 514 329
5:39:21
Morrisville, NC, USA
5:39:21
 "
515,MIDD=2740151101,City of Oaks Marathon & Half Marathon,"Raleigh, NC USA","November 1, 2015","Kumar Gaurav (M36)
5:39:58 515 330
5:26:42
Morrisville, NC, USA
5:26:22
 "
516,MIDD=2740151101,City of Oaks Marathon & Half Marathon,"Raleigh, NC USA","November 1, 2015","Jonathan Sumy (M39)
5:40:35 516 331
5:36:07
Garner, NC, USA
5:30:44
 "
517,MIDD=2740151101,City of Oaks Marathon & Half Marathon,"Raleigh, NC USA","November 1, 2015","Karen Redmond (F36)
5:41:13 517 186
5:37:38
Va Beach, VA, USA
5:31:09
 "
518,MIDD=2740151101,City of Oaks Marathon & Half Marathon,"Raleigh, NC USA","November 1, 2015","Kathryn Halsmer (F35)
5:41:18 518 187
5:35:44
Durham, NC, USA
5:30:59
 "
519,MIDD=2740151101,City of Oaks Marathon & Half Marathon,"Raleigh, NC USA","November 1, 2015","Derrick Thornton (M27)
5:41:44 519 332
5:35:19
Raleigh, NC, USA
5:35:19
 "
520,MIDD=2740151101,City of Oaks Marathon & Half Marathon,"Raleigh, NC USA","November 1, 2015","Alita Sutton (F51)
5:44:08 520 188
5:43:19
Winston Salem, NC, USA
4:47:00
 "
521,MIDD=2740151101,City of Oaks Marathon & Half Marathon,"Raleigh, NC USA","November 1, 2015","Frank Brown III (M67)
5:45:28 521 333
5:41:03
Cary, NC, USA
4:18:59
 "
522,MIDD=2740151101,City of Oaks Marathon & Half Marathon,"Raleigh, NC USA","November 1, 2015","Amanda Cottrill (F29)
5:47:07 522 189
5:40:18
Wake Forest, NC, USA
5:40:18
 "
523,MIDD=2740151101,City of Oaks Marathon & Half Marathon,"Raleigh, NC USA","November 1, 2015","Brian Simmons (M50)
5:48:08 523 334
5:41:44
Raleigh, NC, USA
5:06:05
 "
524,MIDD=2740151101,City of Oaks Marathon & Half Marathon,"Raleigh, NC USA","November 1, 2015","Elizabeth Scholl (F44)
5:48:38 524 190
5:41:54
Raleigh, NC, USA
5:11:54
 "
525,MIDD=2740151101,City of Oaks Marathon & Half Marathon,"Raleigh, NC USA","November 1, 2015","Justin Ceradini (M38)
5:48:53 525 335
5:45:01
Morrisville, NC, USA
5:41:54
 "
526,MIDD=2740151101,City of Oaks Marathon & Half Marathon,"Raleigh, NC USA","November 1, 2015","Raymond Magana (M36)
5:49:02 526 336
5:42:55
Raleigh, NC, USA
5:42:34
 "
527,MIDD=2740151101,City of Oaks Marathon & Half Marathon,"Raleigh, NC USA","November 1, 2015","Charles Akers (M36)
5:49:09 527 337
5:47:35
Cary, NC, USA
5:47:14
 "
528,MIDD=2740151101,City of Oaks Marathon & Half Marathon,"Raleigh, NC USA","November 1, 2015","Blanca Akers (F36)
5:49:09 528 191
5:42:24
Cary, NC, USA
5:35:49
 "
529,MIDD=2740151101,City of Oaks Marathon & Half Marathon,"Raleigh, NC USA","November 1, 2015","Ronald Wasek (M57)
5:49:45 529 338
5:48:15
Charlotte, NC, USA
4:52:23
 "
530,MIDD=2740151101,City of Oaks Marathon & Half Marathon,"Raleigh, NC USA","November 1, 2015","Darshan Divakaran (M29)
5:52:25 530 339
5:47:52
Raleigh, NC, USA
5:47:52
 "
531,MIDD=2740151101,City of Oaks Marathon & Half Marathon,"Raleigh, NC USA","November 1, 2015","Matthew Emmerson (M56)
5:53:22 531 340
5:49:47
Cary, NC, USA
4:56:28
 "
532,MIDD=2740151101,City of Oaks Marathon & Half Marathon,"Raleigh, NC USA","November 1, 2015","Jason Miller (M39)
5:54:06 532 341
5:47:56
Garner, PA, USA
5:42:21
 "
533,MIDD=2740151101,City of Oaks Marathon & Half Marathon,"Raleigh, NC USA","November 1, 2015","Thai La (F39)
5:54:35 533 192
5:49:09
Raleigh, NC, USA
5:35:27
 "
534,MIDD=2740151101,City of Oaks Marathon & Half Marathon,"Raleigh, NC USA","November 1, 2015","Marlene Strongs (F56)
5:54:36 534 193
5:50:20
Dunn, NC, USA
4:33:47
 "
535,MIDD=2740151101,City of Oaks Marathon & Half Marathon,"Raleigh, NC USA","November 1, 2015","Holly Wilson (F52)
5:55:43 535 194
5:52:37
Raleigh, NC, USA
4:50:56
 "
536,MIDD=2740151101,City of Oaks Marathon & Half Marathon,"Raleigh, NC USA","November 1, 2015","Suzanne Padgett (F19)
5:56:55 536 195
5:51:25
Apex, NC, USA
5:49:10
 "
537,MIDD=2740151101,City of Oaks Marathon & Half Marathon,"Raleigh, NC USA","November 1, 2015","Vernon Uhlenbrauck (M43)
5:59:38 537 342
5:52:39
Cary, NC, USA
5:35:41
 "
538,MIDD=2740151101,City of Oaks Marathon & Half Marathon,"Raleigh, NC USA","November 1, 2015","Thomas Meyer (M73)
6:00:24 538 343
5:53:39
Chapel Hill, NC, USA
4:10:46
 "
539,MIDD=2740151101,City of Oaks Marathon & Half Marathon,"Raleigh, NC USA","November 1, 2015","Robert Lauck (M59)
6:01:29 539 344
5:55:53
Raleigh, NC, USA
4:53:06
 "
540,MIDD=2740151101,City of Oaks Marathon & Half Marathon,"Raleigh, NC USA","November 1, 2015","Tadeus Ochman (M54)
6:01:33 540 345
5:58:01
Durham, NC, USA
5:09:13
 "
541,MIDD=2740151101,City of Oaks Marathon & Half Marathon,"Raleigh, NC USA","November 1, 2015","Joyce Loveless (F50)
6:04:55 541 196
6:01:52
Raleigh, NC, USA
5:06:27
 "
542,MIDD=2740151101,City of Oaks Marathon & Half Marathon,"Raleigh, NC USA","November 1, 2015","Llewellyn Thorne (M56)
6:04:55 542 346
6:00:41
Wake Forest, NC, USA
5:05:42
 "
543,MIDD=2740151101,City of Oaks Marathon & Half Marathon,"Raleigh, NC USA","November 1, 2015","Nilda Birch (F57)
6:07:05 543 197
6:00:38
Raleigh, NC, USA
4:37:54
 "
544,MIDD=2740151101,City of Oaks Marathon & Half Marathon,"Raleigh, NC USA","November 1, 2015","Michael Forte (M32)
6:07:08 544 347
6:00:07
Raleigh, NC, USA
6:00:07
 "
545,MIDD=2740151101,City of Oaks Marathon & Half Marathon,"Raleigh, NC USA","November 1, 2015","Jo Elsmore (F45)
6:07:08 545 198
6:00:07
Garner, NC, USA
5:24:36
 "
546,MIDD=2740151101,City of Oaks Marathon & Half Marathon,"Raleigh, NC USA","November 1, 2015","James Krug (M48)
6:07:49 546 348
6:04:08
Durham, NC, USA
5:32:01
 "
547,MIDD=2740151101,City of Oaks Marathon & Half Marathon,"Raleigh, NC USA","November 1, 2015","Kuanyu Chen (M35)
6:07:49 547 349
6:04:08
Raleigh, NC, USA
6:04:08
 "
548,MIDD=2740151101,City of Oaks Marathon & Half Marathon,"Raleigh, NC USA","November 1, 2015","Mandy Castle (F30)
6:12:49 548 199
6:07:28
Greensboro, NC, USA
6:07:19
 "
549,MIDD=2740151101,City of Oaks Marathon & Half Marathon,"Raleigh, NC USA","November 1, 2015","Chenda Long (F58)
6:14:03 549 200
6:11:00
Raleigh, NC, USA
4:41:50
 "
550,MIDD=2740151101,City of Oaks Marathon & Half Marathon,"Raleigh, NC USA","November 1, 2015","Linda Stabile (F54)
6:20:32 550 201
6:17:46
Sioux City, IA, USA
5:03:27
 "
551,MIDD=2740151101,City of Oaks Marathon & Half Marathon,"Raleigh, NC USA","November 1, 2015","Smith Primm (M54)
6:21:19 551 350
6:15:55
Raleigh, NC, USA
5:24:40
 "
552,MIDD=2740151101,City of Oaks Marathon & Half Marathon,"Raleigh, NC USA","November 1, 2015","Daniel Berg (M33)
6:24:50 552 351
6:20:25
Raleigh, NC, USA
6:20:25
 "
553,MIDD=2740151101,City of Oaks Marathon & Half Marathon,"Raleigh, NC USA","November 1, 2015","Kelly Ferguson (F33)
6:24:50 553 202
6:20:25
Kittrell, NC, USA
6:18:01
 "
554,MIDD=2740151101,City of Oaks Marathon & Half Marathon,"Raleigh, NC USA","November 1, 2015","Lisa Grafstein (F49)
6:25:11 554 203
6:18:57
Raleigh, NC, USA
5:25:03
 "
555,MIDD=2740151101,City of Oaks Marathon & Half Marathon,"Raleigh, NC USA","November 1, 2015","Dan Scheel (M27)
6:26:06 555 352
6:20:14
Raleigh, NC, USA
6:20:14
 "
556,MIDD=2740151101,City of Oaks Marathon & Half Marathon,"Raleigh, NC USA","November 1, 2015","Davan Wattley (M34)
6:27:34 556 353
6:24:39
Knightdale, NC, USA
6:24:39
 "
557,MIDD=2740151101,City of Oaks Marathon & Half Marathon,"Raleigh, NC USA","November 1, 2015","Ronda Sanders (F42)
6:28:31 557 204
6:21:43
Rolesville, NC, USA
5:56:24
 "
558,MIDD=2740151101,City of Oaks Marathon & Half Marathon,"Raleigh, NC USA","November 1, 2015","Niche Faulkner (F37)
6:30:01 558 205
6:22:47
Charlotte, NC, USA
6:13:10
 "
559,MIDD=2740151101,City of Oaks Marathon & Half Marathon,"Raleigh, NC USA","November 1, 2015","Keisa Hines (F37)
6:30:01 559 206
6:22:47
Charlotte, NC, USA
6:13:10
 "
560,MIDD=2740151101,City of Oaks Marathon & Half Marathon,"Raleigh, NC USA","November 1, 2015","Felicia White (F34)
6:30:01 560 207
6:22:48
Charlotte, IL, USA
6:19:02
 "
