,race_id,race,location,date,runners
0,MIDD=5224151104,Day of the Dead Marathon Series Day 5,"Las Cruces, NM USA","November 4, 2015","

Have you run this race?Then tell us about it.

Last Name, First Name(Sex/Age)
Time OverAllPlace
Sex Place

City, State, Country AG Time*"
1,MIDD=5224151104,Day of the Dead Marathon Series Day 5,"Las Cruces, NM USA","November 4, 2015","Beth Davenport (F55)
5:09:36 1 1 Santa Fe, NM, USA
4:05:19"
2,MIDD=5224151104,Day of the Dead Marathon Series Day 5,"Las Cruces, NM USA","November 4, 2015","Stephanie Thompson (F31)
5:28:05 2 2 Sandwich, MA, USA
5:27:33"
3,MIDD=5224151104,Day of the Dead Marathon Series Day 5,"Las Cruces, NM USA","November 4, 2015","Laura Raeder (F41)
5:35:00 3 3 Sioux Falls, SD, USA
5:16:04"
4,MIDD=5224151104,Day of the Dead Marathon Series Day 5,"Las Cruces, NM USA","November 4, 2015","Joe Weaver (M58)
5:38:25 4 1 Eight Mile, AL, USA
4:41:25"
5,MIDD=5224151104,Day of the Dead Marathon Series Day 5,"Las Cruces, NM USA","November 4, 2015","Kathleen McElhannon (F41)
5:52:19 5 4 Ridgeville, SC, USA
5:32:24"
6,MIDD=5224151104,Day of the Dead Marathon Series Day 5,"Las Cruces, NM USA","November 4, 2015","Parvaneh Moayedi (F51)
6:21:46 6 5 San Antonio, TX, USA
5:19:09"
7,MIDD=5224151104,Day of the Dead Marathon Series Day 5,"Las Cruces, NM USA","November 4, 2015","Liz Gmerek (F54)
6:26:05 7 6 Merritt Island, FL, USA
5:10:08"
8,MIDD=5224151104,Day of the Dead Marathon Series Day 5,"Las Cruces, NM USA","November 4, 2015","Jeff Burleson (M66)
7:11:22 8 2 Wrenshall, MN, USA
5:31:01"
9,MIDD=5224151104,Day of the Dead Marathon Series Day 5,"Las Cruces, NM USA","November 4, 2015","Pam Penfield (F68)
7:22:00 9 7 Highlands Ranch, CO, USA
4:43:37"
10,MIDD=5224151104,Day of the Dead Marathon Series Day 5,"Las Cruces, NM USA","November 4, 2015","George Rose (M42)
7:28:43 10 3 Wheeler, MI, USA
7:10:43"
11,MIDD=5224151104,Day of the Dead Marathon Series Day 5,"Las Cruces, NM USA","November 4, 2015","Clint Burleson (M61)
7:35:30 11 4 Organ, NM, USA
6:07:48"
12,MIDD=5224151104,Day of the Dead Marathon Series Day 5,"Las Cruces, NM USA","November 4, 2015","Jim Simpson (M73)
8:31:15 12 5 Huntington Beach, CA, USA
6:02:31"
