,race_id,race,location,date,runners
0,MIDD=570151205,Death Valley Trail Marathon,"Death Valley, CA USA","December 5, 2015","

Have you run this race?Then tell us about it.

Last Name, First Name(Sex/Age)
Time OverAllPlace
Sex Place/Div Place
DIV 
City, State, Country AG Time* BQ*"
1,MIDD=570151205,Death Valley Trail Marathon,"Death Valley, CA USA","December 5, 2015","John Storkamp (M36)
3:12:38 1 1 / 1 M35-39 Hastings, MN, USA
3:12:26
 "
2,MIDD=570151205,Death Valley Trail Marathon,"Death Valley, CA USA","December 5, 2015","Matthew Kadowaki (M38)
3:15:23 2 2 / 2 M35-39 Irvine, CA, USA
3:13:37
 "
3,MIDD=570151205,Death Valley Trail Marathon,"Death Valley, CA USA","December 5, 2015","Landon Wigton (M28)
3:19:25 3 3 / 1 M25-29 Durango, CO, USA
3:19:25
 "
4,MIDD=570151205,Death Valley Trail Marathon,"Death Valley, CA USA","December 5, 2015","Phillip Zelnar (M34)
3:21:13 4 4 / 1 M30-34 Washington, DC, USA
3:21:13
 "
5,MIDD=570151205,Death Valley Trail Marathon,"Death Valley, CA USA","December 5, 2015","Tim Steele (M54)
3:28:00 5 5 / 1 M50-54 San Ramon, CA, USA
2:59:38
BQ"
6,MIDD=570151205,Death Valley Trail Marathon,"Death Valley, CA USA","December 5, 2015","Jas Sanghera (M53)
3:28:23 6 6 / 2 M50-54 Essex
3:01:38
BQ"
7,MIDD=570151205,Death Valley Trail Marathon,"Death Valley, CA USA","December 5, 2015","Chris Thoburn (M27)
3:38:16 7 7 / 2 M25-29 Chicago, IL, USA
3:38:16
 "
8,MIDD=570151205,Death Valley Trail Marathon,"Death Valley, CA USA","December 5, 2015","Derek Garland (M30)
3:47:57 8 8 / 2 M30-34 Winchester, CA, USA
3:47:57
 "
9,MIDD=570151205,Death Valley Trail Marathon,"Death Valley, CA USA","December 5, 2015","Enrique Torres (M38)
3:48:13 9 9 / 3 M35-39 Santa Ana, CA, USA
3:46:09
 "
10,MIDD=570151205,Death Valley Trail Marathon,"Death Valley, CA USA","December 5, 2015","Thomas Laframboise (M48)
3:49:27 10 10 / 1 M45-49 Shaker Heights, OH, USA
3:29:12
 "
11,MIDD=570151205,Death Valley Trail Marathon,"Death Valley, CA USA","December 5, 2015","Mike Turner (M47)
3:50:51 11 11 / 2 M45-49 Jersey City, NJ, USA
3:32:20
 "
12,MIDD=570151205,Death Valley Trail Marathon,"Death Valley, CA USA","December 5, 2015","James Maxwell (M61)
3:51:55 12 12 / 1 M60-64 San Diego, CA, USA
3:07:16
BQ"
13,MIDD=570151205,Death Valley Trail Marathon,"Death Valley, CA USA","December 5, 2015","Alexis Smith (F40)
3:52:56 13 1 / 1 F40-44 Seaside, CA, USA
3:41:53
 "
14,MIDD=570151205,Death Valley Trail Marathon,"Death Valley, CA USA","December 5, 2015","William Arbuckle (M32)
3:54:48 15 14 / 3 M30-34 San Francisco, CA, USA
3:54:48
 "
15,MIDD=570151205,Death Valley Trail Marathon,"Death Valley, CA USA","December 5, 2015","Katherine Plichta (F29)
3:55:07 17 2 / 1 F25-29 Los Angeles, CA, USA
3:55:07
 "
16,MIDD=570151205,Death Valley Trail Marathon,"Death Valley, CA USA","December 5, 2015","Harrison Zanuck (M44)
3:55:23 18 16 / 1 M40-44 Los Angeles, CA, USA
3:42:10
 "
17,MIDD=570151205,Death Valley Trail Marathon,"Death Valley, CA USA","December 5, 2015","Patrick Oconnor (M54)
3:55:44 19 17 / 3 M50-54 Sunnyvale, CA, USA
3:23:36
 "
18,MIDD=570151205,Death Valley Trail Marathon,"Death Valley, CA USA","December 5, 2015","Julia Adams (F32)
3:56:48 20 3 / 1 F30-34 Peoria, IL, USA
3:55:58
 "
19,MIDD=570151205,Death Valley Trail Marathon,"Death Valley, CA USA","December 5, 2015","Karolis Karalevi?Ius (M30)
3:57:31 21 18 / 5 M30-34 San Francisco, CA, USA
3:57:31
 "
20,MIDD=570151205,Death Valley Trail Marathon,"Death Valley, CA USA","December 5, 2015","Peter Totaan (M42)
4:04:45 22 19 / 2 M40-44 Marina, CA, USA
3:54:56
 "
21,MIDD=570151205,Death Valley Trail Marathon,"Death Valley, CA USA","December 5, 2015","Tyler Gault (M24)
4:07:22 23 20 / 1 M20-24 Flagstaff, AZ, USA
4:07:22
 "
22,MIDD=570151205,Death Valley Trail Marathon,"Death Valley, CA USA","December 5, 2015","Antoni Krasinski (M40)
4:07:24 24 21 / 3 M40-44 Sunnyvale, CA, USA
4:01:26
 "
23,MIDD=570151205,Death Valley Trail Marathon,"Death Valley, CA USA","December 5, 2015","Ian Mcintosh (M36)
4:09:53 25 22 / 4 M35-39 San Diego, CA, USA
4:09:38
 "
24,MIDD=570151205,Death Valley Trail Marathon,"Death Valley, CA USA","December 5, 2015","Marcelo Do Rio (M50)
4:11:23 26 23 / 4 M50-54 Menlo Park, CA, USA
3:45:09
 "
25,MIDD=570151205,Death Valley Trail Marathon,"Death Valley, CA USA","December 5, 2015","Karyn Dulaney (F33)
4:14:47 27 4 / 2 F30-34 Columbia, MD, USA
4:13:10
 "
26,MIDD=570151205,Death Valley Trail Marathon,"Death Valley, CA USA","December 5, 2015","Christopher Johnson (M42)
4:15:54 28 24 / 4 M40-44 Modesto, CA, USA
4:05:38
 "
27,MIDD=570151205,Death Valley Trail Marathon,"Death Valley, CA USA","December 5, 2015","Virgilija Tali (F36)
4:16:02 29 5 / 1 F35-39 Foster City, CA, USA
4:11:07
 "
28,MIDD=570151205,Death Valley Trail Marathon,"Death Valley, CA USA","December 5, 2015","Richard Park (M62)
4:16:22 30 25 / 2 M60-64 Colorado Springs, CO, USA
3:24:57
 "
29,MIDD=570151205,Death Valley Trail Marathon,"Death Valley, CA USA","December 5, 2015","Rebecca Flax (F32)
4:16:44 31 6 / 3 F30-34 Visalia, CA, USA
4:15:50
 "
30,MIDD=570151205,Death Valley Trail Marathon,"Death Valley, CA USA","December 5, 2015","Lacey Wismer (F38)
4:18:29 33 7 / 2 F35-39 Portola Valley, CA, USA
4:10:15
 "
31,MIDD=570151205,Death Valley Trail Marathon,"Death Valley, CA USA","December 5, 2015","Michael Remak (M39)
4:20:02 34 27 / 6 M35-39 San Francisco, CA, USA
4:15:52
 "
32,MIDD=570151205,Death Valley Trail Marathon,"Death Valley, CA USA","December 5, 2015","Frank Wang (M53)
4:20:05 35 28 / 5 M50-54 Lexington, MA, USA
3:46:42
 "
33,MIDD=570151205,Death Valley Trail Marathon,"Death Valley, CA USA","December 5, 2015","Kaitlin Kratter (F31)
4:20:18 36 8 / 4 F30-34 Tucson, AZ, USA
4:19:53
 "
34,MIDD=570151205,Death Valley Trail Marathon,"Death Valley, CA USA","December 5, 2015","Thomas Wicks (M52)
4:20:42 37 29 / 6 M50-54 Auburn, CA, USA
3:49:20
 "
35,MIDD=570151205,Death Valley Trail Marathon,"Death Valley, CA USA","December 5, 2015","Simon Trigg (M47)
4:21:16 38 30 / 4 M45-49 Portsmouth, NH, USA
4:00:18
 "
36,MIDD=570151205,Death Valley Trail Marathon,"Death Valley, CA USA","December 5, 2015","Amy Dunn-Ruiz (F42)
4:22:55 39 9 / 2 F40-44 Oakland, CA, USA
4:05:29
 "
37,MIDD=570151205,Death Valley Trail Marathon,"Death Valley, CA USA","December 5, 2015","Michael Wahl (M24)
4:24:18 41 32 / 2 M20-24 Salt Lake City, UT, USA
4:24:18
 "
38,MIDD=570151205,Death Valley Trail Marathon,"Death Valley, CA USA","December 5, 2015","Jac Crawford (M50)
4:25:01 43 34 / 7 M50-54 Cumming, GA, USA
3:57:22
 "
39,MIDD=570151205,Death Valley Trail Marathon,"Death Valley, CA USA","December 5, 2015","Yitzhak Gilon (M65)
4:25:08 44 35 / 1 M65-69 Mount Aukum, CA, USA
3:25:35
 "
40,MIDD=570151205,Death Valley Trail Marathon,"Death Valley, CA USA","December 5, 2015","Eric Booth (M49)
4:26:19 45 36 / 5 M45-49 Kaysville, UT, USA
4:00:41
 "
41,MIDD=570151205,Death Valley Trail Marathon,"Death Valley, CA USA","December 5, 2015","Mary Bernsen (F39)
4:29:56 46 10 / 3 F35-39 San Francisco, CA, USA
4:19:21
 "
42,MIDD=570151205,Death Valley Trail Marathon,"Death Valley, CA USA","December 5, 2015","Diane Charlton (F29)
4:31:41 47 11 / 2 F25-29 Davis, CA, USA
4:31:41
 "
43,MIDD=570151205,Death Valley Trail Marathon,"Death Valley, CA USA","December 5, 2015","Craig Julien (M47)
4:32:16 48 37 / 6 M45-49 Denver, CO, USA
4:10:25
 "
44,MIDD=570151205,Death Valley Trail Marathon,"Death Valley, CA USA","December 5, 2015","Adrian Crane (M60)
4:33:30 49 38 / 3 M60-64 Modesto, CA, USA
3:43:02
 "
45,MIDD=570151205,Death Valley Trail Marathon,"Death Valley, CA USA","December 5, 2015","Craig Rose (M32)
4:34:04 50 39 / 6 M30-34 Pacific Grove, CA, USA
4:34:04
 "
46,MIDD=570151205,Death Valley Trail Marathon,"Death Valley, CA USA","December 5, 2015","Juan Lopez (M31)
4:34:50 51 40 / 7 M30-34 Henderson, NV, USA
4:34:50
 "
47,MIDD=570151205,Death Valley Trail Marathon,"Death Valley, CA USA","December 5, 2015","Quinlan Stefaniak (F34)
4:35:10 52 12 / 5 F30-34 Grand Canyon, AZ, USA
4:32:28
 "
48,MIDD=570151205,Death Valley Trail Marathon,"Death Valley, CA USA","December 5, 2015","Duncan Erasmus (M24)
4:36:13 53 41 / 4 M20-24 Auckland, NZ
4:36:13
 "
49,MIDD=570151205,Death Valley Trail Marathon,"Death Valley, CA USA","December 5, 2015","Phil Armitage (M44)
4:37:08 54 42 / 6 M40-44 Boulder, CO, USA
4:21:35
 "
50,MIDD=570151205,Death Valley Trail Marathon,"Death Valley, CA USA","December 5, 2015","Park Southworth (M60)
4:37:42 55 43 / 4 M60-64 La Verne, CA, USA
3:46:27
 "
51,MIDD=570151205,Death Valley Trail Marathon,"Death Valley, CA USA","December 5, 2015","Koos Rademaker (M70)
4:37:54 56 44 / 1 M70-74 Amersfoort, Netherlands
3:24:20
 "
52,MIDD=570151205,Death Valley Trail Marathon,"Death Valley, CA USA","December 5, 2015","Dan Oh (M60)
4:38:53 57 45 / 5 M60-64 Leonia, NJ, USA
3:47:25
 "
53,MIDD=570151205,Death Valley Trail Marathon,"Death Valley, CA USA","December 5, 2015","Jonas Laucys (M33)
4:42:01 58 46 / 8 M30-34 San Francisco, CA, USA
4:42:01
 "
54,MIDD=570151205,Death Valley Trail Marathon,"Death Valley, CA USA","December 5, 2015","Edgardo Ordonez (M25)
4:46:38 59 47 / 3 M25-29 Davis, CA, USA
4:46:38
 "
55,MIDD=570151205,Death Valley Trail Marathon,"Death Valley, CA USA","December 5, 2015","Suneel Apte (M53)
4:47:11 60 48 / 8 M50-54 Shaker Heights, OH, USA
4:10:20
 "
56,MIDD=570151205,Death Valley Trail Marathon,"Death Valley, CA USA","December 5, 2015","Karna Mapes (F38)
4:47:15 61 13 / 4 F35-39 Brentwood, CA, USA
4:38:06
 "
57,MIDD=570151205,Death Valley Trail Marathon,"Death Valley, CA USA","December 5, 2015","Michael Stogner (M32)
4:47:29 62 49 / 9 M30-34 Concord, CA, USA
4:47:29
 "
58,MIDD=570151205,Death Valley Trail Marathon,"Death Valley, CA USA","December 5, 2015","Rebecca Martin (F32)
4:49:03 63 14 / 6 F30-34 Las Vegas, NV, USA
4:48:02
 "
59,MIDD=570151205,Death Valley Trail Marathon,"Death Valley, CA USA","December 5, 2015","Kailin Kroetz (F32)
4:51:39 64 15 / 7 F30-34 Washington, DC, USA
4:50:37
 "
60,MIDD=570151205,Death Valley Trail Marathon,"Death Valley, CA USA","December 5, 2015","Kim Handloser (F51)
4:51:53 65 16 / 1 F50-54 Claremont, CA, USA
4:04:00
 "
61,MIDD=570151205,Death Valley Trail Marathon,"Death Valley, CA USA","December 5, 2015","David Augustyn (M27)
4:54:09 66 50 / 4 M25-29 Dana Point, CA, USA
4:54:09
 "
62,MIDD=570151205,Death Valley Trail Marathon,"Death Valley, CA USA","December 5, 2015","Catherine Louie (F52)
4:54:32 67 17 / 2 F50-54 Vancouver, BC, Canada
4:03:01
 "
63,MIDD=570151205,Death Valley Trail Marathon,"Death Valley, CA USA","December 5, 2015","Sangho Seo (M55)
4:54:50 68 51 / 1 M55-59 Los Angeles, CA, USA
4:12:15
 "
64,MIDD=570151205,Death Valley Trail Marathon,"Death Valley, CA USA","December 5, 2015","Wesley Lummis (M38)
4:56:24 69 52 / 7 M35-39 Rancho Santa Margarita, CA, USA
4:53:43
 "
65,MIDD=570151205,Death Valley Trail Marathon,"Death Valley, CA USA","December 5, 2015","Lynn Fitzgibbons (F37)
4:56:35 70 18 / 5 F35-39 Goleta, CA, USA
4:49:08
 "
66,MIDD=570151205,Death Valley Trail Marathon,"Death Valley, CA USA","December 5, 2015","Jong Man Hong (M59)
4:57:05 72 54 / 2 M55-59 Los Angeles, CA, USA
4:04:40
 "
67,MIDD=570151205,Death Valley Trail Marathon,"Death Valley, CA USA","December 5, 2015","Patrick Mcfadden (M32)
4:58:42 73 55 / 10 M30-34 Flagstaff, AZ, USA
4:58:42
 "
68,MIDD=570151205,Death Valley Trail Marathon,"Death Valley, CA USA","December 5, 2015","Steven Butensky (M49)
4:58:43 74 56 / 7 M45-49 Los Angeles, CA, USA
4:29:58
 "
69,MIDD=570151205,Death Valley Trail Marathon,"Death Valley, CA USA","December 5, 2015","Stephen Dendinger (M63)
5:01:08 75 57 / 6 M60-64 Huntington Beach, CA, USA
3:58:20
 "
70,MIDD=570151205,Death Valley Trail Marathon,"Death Valley, CA USA","December 5, 2015","Tim Pippin (M47)
5:01:48 76 58 / 8 M45-49 Zebulon, GA, USA
4:37:35
 "
71,MIDD=570151205,Death Valley Trail Marathon,"Death Valley, CA USA","December 5, 2015","Andrea Pope (F32)
5:03:58 77 19 / 8 F30-34 Grand Canyon, AZ, USA
5:02:54
 "
72,MIDD=570151205,Death Valley Trail Marathon,"Death Valley, CA USA","December 5, 2015","Laura Gorham (F25)
5:05:07 78 20 / 3 F25-29 San Diego, CA, USA
5:05:07
 "
73,MIDD=570151205,Death Valley Trail Marathon,"Death Valley, CA USA","December 5, 2015","James Reikowsky (M59)
5:05:45 80 60 / 3 M55-59 Vallejo, CA, USA
4:11:48
 "
74,MIDD=570151205,Death Valley Trail Marathon,"Death Valley, CA USA","December 5, 2015","Mariah Coley (F26)
5:05:51 81 21 / 4 F25-29 Davis, CA, USA
5:05:51
 "
75,MIDD=570151205,Death Valley Trail Marathon,"Death Valley, CA USA","December 5, 2015","JAMES HUBBARD (M38)
5:09:32 82 61 / 8 M35-39 Glendora, CA, USA
5:06:44
 "
76,MIDD=570151205,Death Valley Trail Marathon,"Death Valley, CA USA","December 5, 2015","Bridget Carberry (F34)
5:09:52 83 22 / 9 F30-34 San Francisco, CA, USA
5:06:49
 "
77,MIDD=570151205,Death Valley Trail Marathon,"Death Valley, CA USA","December 5, 2015","Benjamin Baize (M37)
5:12:13 84 62 / 9 M35-39 San Diego, CA, USA
5:10:58
 "
78,MIDD=570151205,Death Valley Trail Marathon,"Death Valley, CA USA","December 5, 2015","Adele Ho (F57)
5:12:39 85 23 / 1 F55-59 Richmond, CA, USA
4:00:55
 "
79,MIDD=570151205,Death Valley Trail Marathon,"Death Valley, CA USA","December 5, 2015","Taylor Parker (M32)
5:15:31 86 63 / 11 M30-34 San Diego, CA, USA
5:15:31
 "
80,MIDD=570151205,Death Valley Trail Marathon,"Death Valley, CA USA","December 5, 2015","Tara Ballard (F46)
5:17:16 87 24 / 1 F45-49 Clemmons, NC, USA
4:42:31
 "
81,MIDD=570151205,Death Valley Trail Marathon,"Death Valley, CA USA","December 5, 2015","Lonnie Smith (M57)
5:17:22 89 65 / 4 M55-59 Anderson, IN, USA
4:26:27
 "
82,MIDD=570151205,Death Valley Trail Marathon,"Death Valley, CA USA","December 5, 2015","Brian Bishop (M54)
5:18:23 90 66 / 10 M50-54 Santa Fe, NM, USA
4:34:59
 "
83,MIDD=570151205,Death Valley Trail Marathon,"Death Valley, CA USA","December 5, 2015","Karrie Nesbit (F41)
5:18:53 91 25 / 3 F40-44 Irvine, CA, USA
5:00:51
 "
84,MIDD=570151205,Death Valley Trail Marathon,"Death Valley, CA USA","December 5, 2015","Bethany Schramm (F43)
5:20:38 93 26 / 4 F40-44 Bakersfield, CA, USA
4:56:00
 "
85,MIDD=570151205,Death Valley Trail Marathon,"Death Valley, CA USA","December 5, 2015","Debbie Fischer (F62)
5:22:59 94 27 / 1 F60-64 San Diego, CA, USA
3:50:57
 "
86,MIDD=570151205,Death Valley Trail Marathon,"Death Valley, CA USA","December 5, 2015","Fawn Holland (F38)
5:24:22 95 28 / 6 F35-39 Kamloops, BC, Canada
5:14:03
 "
87,MIDD=570151205,Death Valley Trail Marathon,"Death Valley, CA USA","December 5, 2015","Daniel Bryce (M57)
5:30:15 96 68 / 5 M55-59 Altadena, CA, USA
4:37:16
 "
88,MIDD=570151205,Death Valley Trail Marathon,"Death Valley, CA USA","December 5, 2015","Keegan Dimmick (M35)
5:30:42 97 69 / 10 M35-39 San Diego, CA, USA
5:30:42
 "
89,MIDD=570151205,Death Valley Trail Marathon,"Death Valley, CA USA","December 5, 2015","Sylvie Boudreau (F56)
5:33:38 98 29 / 2 F55-59 Stanstead, QC, Canada
4:20:44
 "
90,MIDD=570151205,Death Valley Trail Marathon,"Death Valley, CA USA","December 5, 2015","Jennifer Bernstein (F35)
5:33:45 99 30 / 7 F35-39 Goleta, CA, USA
5:29:02
 "
91,MIDD=570151205,Death Valley Trail Marathon,"Death Valley, CA USA","December 5, 2015","Jaimina Schulz (F51)
5:34:34 100 31 / 3 F50-54 Sacramento, CA, USA
4:39:41
 "
92,MIDD=570151205,Death Valley Trail Marathon,"Death Valley, CA USA","December 5, 2015","Kelly Moeller (F48)
5:38:13 102 32 / 2 F45-49 Reno, NV, USA
4:53:48
 "
93,MIDD=570151205,Death Valley Trail Marathon,"Death Valley, CA USA","December 5, 2015","Dave Wahlstrom (M68)
5:38:16 103 71 / 2 M65-69 Kenwood, CA, USA
4:14:10
 "
94,MIDD=570151205,Death Valley Trail Marathon,"Death Valley, CA USA","December 5, 2015","Gordon Nesbit (M41)
5:38:53 104 72 / 8 M40-44 Irvine, CA, USA
5:28:00
 "
95,MIDD=570151205,Death Valley Trail Marathon,"Death Valley, CA USA","December 5, 2015","Caroline Mccullar (F35)
5:49:52 105 33 / 8 F35-39 Rogers, AR, USA
5:44:56
 "
