,race_id,race,location,date,runners
0,MIDD=2017151219,Run for the Ranch Marathon,"Springfield, MO USA","December 19, 2015","

Have you run this race?Then tell us about it.

Last Name, First Name(Sex/Age)
Time OverAllPlace
Sex Place/Div Place
DIV Net Time 
City, State, Country AG Time* BQ*"
1,MIDD=2017151219,Run for the Ranch Marathon,"Springfield, MO USA","December 19, 2015","KYLE DEEKEN (M22)
2:33:30 1 1 / 1 Mopen
2:33:30
SAINT CHARLES, MO, USA
2:33:25
BQ"
2,MIDD=2017151219,Run for the Ranch Marathon,"Springfield, MO USA","December 19, 2015","TRAVIS LAVIN (M27)
2:51:43 2 2 / 1 M20-29
2:51:43
ST.LOUIS, MO, USA
2:51:43
BQ"
3,MIDD=2017151219,Run for the Ranch Marathon,"Springfield, MO USA","December 19, 2015","MAX ROBINSON (M22)
2:52:17 3 3 / 2 M20-29
2:52:17
 
2:52:11
BQ"
4,MIDD=2017151219,Run for the Ranch Marathon,"Springfield, MO USA","December 19, 2015","DOUG ASSENMACHER (M50)
3:03:18 4 4 / 1 Mmasters
3:03:16
SPRINGFIELD, MO, USA
2:44:09
BQ"
5,MIDD=2017151219,Run for the Ranch Marathon,"Springfield, MO USA","December 19, 2015","BRIAN TODD (M41)
3:07:45 5 5 / 1 M40-49
3:07:43
SPRINGFIELD, MO, USA
3:01:41
BQ"
6,MIDD=2017151219,Run for the Ranch Marathon,"Springfield, MO USA","December 19, 2015","RICH BENJES (M38)
3:09:18 6 6 / 1 M30-39
3:09:03
 
3:07:21
BQ"
7,MIDD=2017151219,Run for the Ranch Marathon,"Springfield, MO USA","December 19, 2015","BRIAN WRIGHT (M38)
3:09:28 7 7 / 2 M30-39
3:09:25
BATTLEFIELD, MO, USA
3:07:42
BQ"
8,MIDD=2017151219,Run for the Ranch Marathon,"Springfield, MO USA","December 19, 2015","CARLOS SIERRA (M38)
3:12:20 8 8 / 3 M30-39
3:12:13
CARNEGIE
3:10:29
 "
9,MIDD=2017151219,Run for the Ranch Marathon,"Springfield, MO USA","December 19, 2015","AARON WHEELOCK (M35)
3:12:14 9 9 / 4 M30-39
3:12:14
DES MOINES, IA, USA
3:12:14
 "
10,MIDD=2017151219,Run for the Ranch Marathon,"Springfield, MO USA","December 19, 2015","DYLAN ALLEN (M31)
3:19:45 10 10 / 5 M30-39
3:19:44
STILLWATER, OK, USA
3:19:44
 "
11,MIDD=2017151219,Run for the Ranch Marathon,"Springfield, MO USA","December 19, 2015","ERIC TRIPP (M35)
3:24:12 11 11 / 6 M30-39
3:24:07
MT. VIEW, MO, USA
3:24:07
 "
12,MIDD=2017151219,Run for the Ranch Marathon,"Springfield, MO USA","December 19, 2015","LONNIE AWTREY (M50)
3:27:28 12 12 / 1 M50-59
3:27:21
WICHITA, KS, USA
3:05:43
BQ"
13,MIDD=2017151219,Run for the Ranch Marathon,"Springfield, MO USA","December 19, 2015","GARY DITSCH (M37)
3:30:32 13 13 / 7 M30-39
3:30:27
LEXINGTON, KY, USA
3:29:36
 "
14,MIDD=2017151219,Run for the Ranch Marathon,"Springfield, MO USA","December 19, 2015","MICHAEL LANGSTON (M41)
3:30:54 14 14 / 2 M40-49
3:30:52
WICHITA, KS, USA
3:24:05
 "
15,MIDD=2017151219,Run for the Ranch Marathon,"Springfield, MO USA","December 19, 2015","TIM SCHEIDT (M41)
3:31:07 15 15 / 3 M40-49
3:30:52
OMAHA, NB, Canada
3:24:05
 "
16,MIDD=2017151219,Run for the Ranch Marathon,"Springfield, MO USA","December 19, 2015","KURT AIKEN (M40)
3:30:54 16 16 / 4 M40-49
3:30:52
CHESTERFIELD, MO, USA
3:25:47
 "
17,MIDD=2017151219,Run for the Ranch Marathon,"Springfield, MO USA","December 19, 2015","SUSAN PARRY (F46)
3:32:45 17 1 / 1 Fopen
3:32:43
BRANSON, TX, USA
3:09:25
BQ"
18,MIDD=2017151219,Run for the Ranch Marathon,"Springfield, MO USA","December 19, 2015","BECKY MCFARLAND (F31)
3:34:06 18 2 / 1 F30-39
3:33:36
 
3:33:15
BQ"
19,MIDD=2017151219,Run for the Ranch Marathon,"Springfield, MO USA","December 19, 2015","RYAN SLIGHT (M40)
3:37:33 19 17 / 5 M40-49
3:37:20
KANSAS CITY, MO, USA
3:32:05
 "
20,MIDD=2017151219,Run for the Ranch Marathon,"Springfield, MO USA","December 19, 2015","CHRISTINA STILES (F40)
3:38:06 20 3 / 1 Fmasters
3:37:51
 
3:27:31
BQ"
21,MIDD=2017151219,Run for the Ranch Marathon,"Springfield, MO USA","December 19, 2015","KEN BEACH (M63)
3:40:14 21 18 / 1 M60-69
3:40:14
RAYTOWN, MO, USA
2:54:18
BQ"
22,MIDD=2017151219,Run for the Ranch Marathon,"Springfield, MO USA","December 19, 2015","TIM MAHLER (M55)
3:45:26 22 19 / 2 M50-59
3:45:19
SPRINGFIELD, IL, USA
3:12:46
 "
23,MIDD=2017151219,Run for the Ranch Marathon,"Springfield, MO USA","December 19, 2015","GORDON HARWOOD (M52)
3:45:30 23 20 / 3 M50-59
3:45:19
MINNEAPOLIS, MN, USA
3:18:12
 "
24,MIDD=2017151219,Run for the Ranch Marathon,"Springfield, MO USA","December 19, 2015","STEVE THOMAS (M48)
3:48:57 24 21 / 6 M40-49
3:48:49
 
3:28:38
 "
25,MIDD=2017151219,Run for the Ranch Marathon,"Springfield, MO USA","December 19, 2015","STANLEY MAY (M51)
3:51:45 25 22 / 4 M50-59
3:51:38
COLWICH, KS, USA
3:25:37
 "
26,MIDD=2017151219,Run for the Ranch Marathon,"Springfield, MO USA","December 19, 2015","NATHAN SICHER (M34)
3:54:25 26 23 / 8 M30-39
3:54:03
JOPLIN, MO, USA
3:54:03
 "
27,MIDD=2017151219,Run for the Ranch Marathon,"Springfield, MO USA","December 19, 2015","JIM MCDERMOTT (M62)
3:54:31 27 24 / 2 M60-69
3:54:07
CAMDENTON, MO, USA
3:07:10
BQ"
28,MIDD=2017151219,Run for the Ranch Marathon,"Springfield, MO USA","December 19, 2015","AMBER BEAUFORD (F31)
3:54:29 28 4 / 2 F30-39
3:54:18
NOEL, MO, USA
3:53:55
 "
29,MIDD=2017151219,Run for the Ranch Marathon,"Springfield, MO USA","December 19, 2015","BRIITTANY HOLDEN (F26)
3:55:18 29 5 / 1 F20-29
3:54:52
TULSA, OK, USA
3:54:52
 "
30,MIDD=2017151219,Run for the Ranch Marathon,"Springfield, MO USA","December 19, 2015","SUSANNE KENNEDY (F39)
3:55:12 30 6 / 3 F30-39
3:54:59
DES MOINES, IA, USA
3:45:46
 "
31,MIDD=2017151219,Run for the Ranch Marathon,"Springfield, MO USA","December 19, 2015","DANIEL EADS (M55)
3:56:32 31 25 / 5 M50-59
3:55:28
JOPLIN, MO, USA
3:21:28
 "
32,MIDD=2017151219,Run for the Ranch Marathon,"Springfield, MO USA","December 19, 2015","HALEY CRUSE (F46)
3:56:02 32 7 / 1 F40-49
3:56:01
KEMPTVILLE, ON, Canada
3:30:10
 "
33,MIDD=2017151219,Run for the Ranch Marathon,"Springfield, MO USA","December 19, 2015","JEFF WILLIAMS (M48)
3:56:26 33 26 / 7 M40-49
3:56:13
NIXA, MO, USA
3:35:22
 "
34,MIDD=2017151219,Run for the Ranch Marathon,"Springfield, MO USA","December 19, 2015","BOB KENNEDY (M67)
3:59:07 34 27 / 3 M60-69
3:58:58
DURHAM, NH, USA
3:01:28
BQ"
35,MIDD=2017151219,Run for the Ranch Marathon,"Springfield, MO USA","December 19, 2015","JOHN PATTERSON (M50)
3:59:35 35 28 / 6 M50-59
3:59:25
WOODBURY, MN, USA
3:34:26
 "
36,MIDD=2017151219,Run for the Ranch Marathon,"Springfield, MO USA","December 19, 2015","HEATHER OFFICER (F34)
4:00:53 36 8 / 4 F30-39
4:00:37
CONWAY, MO, USA
3:58:15
 "
37,MIDD=2017151219,Run for the Ranch Marathon,"Springfield, MO USA","December 19, 2015","MATT ZINTER (M35)
4:05:22 37 29 / 9 M30-39
4:04:58
BROKEN ARROW, OK, USA
4:04:58
 "
38,MIDD=2017151219,Run for the Ranch Marathon,"Springfield, MO USA","December 19, 2015","MATT HARRISON (M37)
4:06:04 38 30 / 10 M30-39
4:05:51
WALNUT GROVE, MO, USA
4:04:51
 "
39,MIDD=2017151219,Run for the Ranch Marathon,"Springfield, MO USA","December 19, 2015","DAN WELLS (M51)
4:06:04 39 31 / 7 M50-59
4:05:51
SPRINGFIELD, MO, USA
3:38:14
 "
40,MIDD=2017151219,Run for the Ranch Marathon,"Springfield, MO USA","December 19, 2015","HOUSTON WOLF (M52)
4:06:25 40 32 / 8 M50-59
4:06:16
CORDOVA, TN, USA
3:36:38
 "
41,MIDD=2017151219,Run for the Ranch Marathon,"Springfield, MO USA","December 19, 2015","CARLY PENDLETON (F31)
4:07:26 41 9 / 5 F30-39
4:06:47
BENTONVILLE, AR, USA
4:06:23
 "
42,MIDD=2017151219,Run for the Ranch Marathon,"Springfield, MO USA","December 19, 2015","HEATHER ZEIGLER (F35)
4:10:16 42 10 / 6 F30-39
4:10:09
WOODRIDGE, IL, USA
4:06:37
 "
43,MIDD=2017151219,Run for the Ranch Marathon,"Springfield, MO USA","December 19, 2015","LEXIE DEVRIES (F53)
4:11:40 43 11 / 1 F50-59
4:11:36
MINNEFONKA, MN, USA
3:24:51
 "
44,MIDD=2017151219,Run for the Ranch Marathon,"Springfield, MO USA","December 19, 2015","JOHN RICHARDSON (M62)
4:14:11 44 33 / 4 M60-69
4:13:16
KIRKSVILLE, MO, USA
3:22:29
 "
45,MIDD=2017151219,Run for the Ranch Marathon,"Springfield, MO USA","December 19, 2015","MICHAEL BROWN (M48)
4:15:12 45 34 / 8 M40-49
4:14:40
PARKVILLE, MO, USA
3:52:12
 "
46,MIDD=2017151219,Run for the Ranch Marathon,"Springfield, MO USA","December 19, 2015","CHRISTOPHER MORRIS (M44)
4:16:53 46 35 / 9 M40-49
4:16:48
LITTLETON, CO, USA
4:02:23
 "
47,MIDD=2017151219,Run for the Ranch Marathon,"Springfield, MO USA","December 19, 2015","RODNEY SAMPLE (M49)
4:17:26 47 36 / 10 M40-49
4:16:49
BENTONVILLE, AR, USA
3:52:06
 "
48,MIDD=2017151219,Run for the Ranch Marathon,"Springfield, MO USA","December 19, 2015","TIMOTHY BROWN (M45)
4:17:33 48 37 / 11 M40-49
4:16:54
MERRILLVILLE, IN, USA
4:00:24
 "
49,MIDD=2017151219,Run for the Ranch Marathon,"Springfield, MO USA","December 19, 2015","MARVIN SOLBERG (M55)
4:17:44 49 38 / 9 M50-59
4:17:25
EDGEWATER, MD, USA
3:40:14
 "
50,MIDD=2017151219,Run for the Ranch Marathon,"Springfield, MO USA","December 19, 2015","BRIAN KELLY (M27)
4:18:29 50 39 / 3 M20-29
4:18:24
JOPLIN, MO, USA
4:18:24
 "
51,MIDD=2017151219,Run for the Ranch Marathon,"Springfield, MO USA","December 19, 2015","MATT SCHIERLMAN (M33)
4:20:17 51 40 / 11 M30-39
4:18:55
BEDFORD, TX, USA
4:18:55
 "
52,MIDD=2017151219,Run for the Ranch Marathon,"Springfield, MO USA","December 19, 2015","JAMES BROWN (M39)
4:22:15 52 41 / 12 M30-39
4:20:32
OVERLAND PARK, KS, USA
4:16:21
 "
53,MIDD=2017151219,Run for the Ranch Marathon,"Springfield, MO USA","December 19, 2015","APRIL LEONARD (F48)
4:21:32 53 12 / 2 F40-49
4:21:06
ELDON, MO, USA
3:46:49
 "
54,MIDD=2017151219,Run for the Ranch Marathon,"Springfield, MO USA","December 19, 2015","DOUG HOPKINS (M51)
4:22:11 54 42 / 10 M50-59
4:21:32
SPRINGFIELD, MO, USA
3:52:09
 "
55,MIDD=2017151219,Run for the Ranch Marathon,"Springfield, MO USA","December 19, 2015","CHRISTY LOAN (F27)
4:21:50 55 13 / 2 F20-29
4:21:34
SWISHER, IA, USA
4:21:34
 "
56,MIDD=2017151219,Run for the Ranch Marathon,"Springfield, MO USA","December 19, 2015","CHRIS CRAWFORD (M38)
4:22:28 56 43 / 13 M30-39
4:21:35
JACKSON, MO, USA
4:19:13
 "
57,MIDD=2017151219,Run for the Ranch Marathon,"Springfield, MO USA","December 19, 2015","MELANIE LINDERER (F39)
4:23:31 57 14 / 7 F30-39
4:23:02
LIBERTY, MO, USA
4:12:43
 "
58,MIDD=2017151219,Run for the Ranch Marathon,"Springfield, MO USA","December 19, 2015","TRAVIS OFFICER (M37)
4:23:52 58 44 / 14 M30-39
4:23:35
CONWAY, MO, USA
4:22:31
 "
59,MIDD=2017151219,Run for the Ranch Marathon,"Springfield, MO USA","December 19, 2015","KACI NASH (F40)
4:24:01 59 15 / 3 F40-49
4:23:43
COLLIERVILLE, TN, USA
4:11:13
 "
60,MIDD=2017151219,Run for the Ranch Marathon,"Springfield, MO USA","December 19, 2015","STACEY BERTSCH (F48)
4:24:46 60 16 / 4 F40-49
4:24:19
BILLINGS, MO, USA
3:49:36
 "
61,MIDD=2017151219,Run for the Ranch Marathon,"Springfield, MO USA","December 19, 2015","SOL PETERMAN (F50)
4:24:48 61 17 / 2 F50-59
4:24:22
BRIGHTON, MO, USA
3:43:53
 "
62,MIDD=2017151219,Run for the Ranch Marathon,"Springfield, MO USA","December 19, 2015","SUE HUDSON (F37)
4:26:09 62 18 / 8 F30-39
4:25:19
WEST PLAINS, MO, USA
4:18:39
 "
63,MIDD=2017151219,Run for the Ranch Marathon,"Springfield, MO USA","December 19, 2015","BRIAN SMITH (M52)
4:27:26 63 45 / 11 M50-59
4:27:04
GALENA, KS, USA
3:54:56
 "
64,MIDD=2017151219,Run for the Ranch Marathon,"Springfield, MO USA","December 19, 2015","COTCH DEBORAH BURKART (F49)
4:28:28 64 19 / 5 F40-49
4:27:57
BARTLESVILLE, OK, USA
3:49:50
 "
65,MIDD=2017151219,Run for the Ranch Marathon,"Springfield, MO USA","December 19, 2015","WARREN KEROLA (M59)
4:31:25 65 46 / 12 M50-59
4:30:30
CHIPPEWA FALLS, WI, USA
3:42:47
 "
66,MIDD=2017151219,Run for the Ranch Marathon,"Springfield, MO USA","December 19, 2015","CURTIS RALSTON (M43)
4:32:08 66 47 / 12 M40-49
4:31:20
FORT SMITH, AR, USA
4:18:16
 "
67,MIDD=2017151219,Run for the Ranch Marathon,"Springfield, MO USA","December 19, 2015","LYNETTE CUMMINGS (F48)
4:32:35 67 20 / 6 F40-49
4:32:01
NIXA, MO, USA
3:56:18
 "
68,MIDD=2017151219,Run for the Ranch Marathon,"Springfield, MO USA","December 19, 2015","STEVEN POKIN (M62)
4:32:59 68 48 / 5 M60-69
4:32:38
SPRINGFIELD, MO, USA
3:37:58
 "
69,MIDD=2017151219,Run for the Ranch Marathon,"Springfield, MO USA","December 19, 2015","APRIL ADAIR WOODELF (F41)
4:32:50 69 21 / 7 F40-49
4:32:41
COVINGTON, TN, USA
4:17:16
 "
70,MIDD=2017151219,Run for the Ranch Marathon,"Springfield, MO USA","December 19, 2015","DAN REY (M54)
4:33:27 70 49 / 13 M50-59
4:32:50
ROCKHILL
3:55:38
 "
71,MIDD=2017151219,Run for the Ranch Marathon,"Springfield, MO USA","December 19, 2015","BILL BOWES (M57)
4:33:59 71 50 / 14 M50-59
4:33:08
BELLEVUE, NE, USA
3:49:19
 "
72,MIDD=2017151219,Run for the Ranch Marathon,"Springfield, MO USA","December 19, 2015","GREG MITCHELL (M43)
4:34:47 72 51 / 13 M40-49
4:34:05
REPUBLIC, MO, USA
4:20:54
 "
73,MIDD=2017151219,Run for the Ranch Marathon,"Springfield, MO USA","December 19, 2015","BROOKLYN BROCK (F24)
4:38:29 73 22 / 3 F20-29
4:37:44
TULSA, OK, USA
4:37:44
 "
74,MIDD=2017151219,Run for the Ranch Marathon,"Springfield, MO USA","December 19, 2015","LISA SCHULTZ (F37)
4:41:56 74 23 / 9 F30-39
4:40:43
O FALLON, MO, USA
4:33:40
 "
75,MIDD=2017151219,Run for the Ranch Marathon,"Springfield, MO USA","December 19, 2015","SHERRI ROBERTS (F41)
4:44:39 75 24 / 8 F40-49
4:43:49
SPRINGFIELD, MO, USA
4:27:46
 "
76,MIDD=2017151219,Run for the Ranch Marathon,"Springfield, MO USA","December 19, 2015","KRISTEN BRIGHT (F35)
4:44:39 76 25 / 10 F30-39
4:43:49
SPRINGFIELD, MO, USA
4:39:48
 "
77,MIDD=2017151219,Run for the Ranch Marathon,"Springfield, MO USA","December 19, 2015","SUE GLASS (F47)
4:47:05 77 26 / 9 F40-49
4:47:05
MERRILLVILLE, IN, USA
4:12:31
 "
78,MIDD=2017151219,Run for the Ranch Marathon,"Springfield, MO USA","December 19, 2015","MICHELLE DURAN (F48)
4:49:44 78 27 / 10 F40-49
4:49:12
MOUNTAIN GREEN, UT, USA
4:11:13
 "
79,MIDD=2017151219,Run for the Ranch Marathon,"Springfield, MO USA","December 19, 2015","MICHAEL SCHMIDT (M65)
4:51:22 79 52 / 6 M60-69
4:50:13
SOUTH HAVEN, MN, USA
3:45:02
 "
80,MIDD=2017151219,Run for the Ranch Marathon,"Springfield, MO USA","December 19, 2015","SHANA BALLARD (F38)
4:52:10 80 28 / 11 F30-39
4:51:08
OZARK, MO, USA
4:41:52
 "
81,MIDD=2017151219,Run for the Ranch Marathon,"Springfield, MO USA","December 19, 2015","MELISSA MARTINEZ (F44)
4:51:51 81 29 / 11 F40-49
4:51:20
 
4:25:47
 "
82,MIDD=2017151219,Run for the Ranch Marathon,"Springfield, MO USA","December 19, 2015","MICHELLE LEWIS (F45)
4:51:51 82 30 / 12 F40-49
4:51:21
WARRENSBURG, MO, USA
4:22:37
 "
83,MIDD=2017151219,Run for the Ranch Marathon,"Springfield, MO USA","December 19, 2015","GARY DURCHHOLZ (M59)
4:54:09 83 53 / 15 M50-59
4:53:41
WILLIAMSVILLE, IL, USA
4:01:52
 "
84,MIDD=2017151219,Run for the Ranch Marathon,"Springfield, MO USA","December 19, 2015","SCOTT DAHL (M44)
4:56:55 84 54 / 14 M40-49
4:56:27
WILLIAMSVILLE, IL, USA
4:39:49
 "
85,MIDD=2017151219,Run for the Ranch Marathon,"Springfield, MO USA","December 19, 2015","JANET HOLLAND (F54)
4:59:22 85 31 / 3 F50-59
4:58:50
OCHELATA, OK, USA
4:00:03
 "
86,MIDD=2017151219,Run for the Ranch Marathon,"Springfield, MO USA","December 19, 2015","FRED PETERSON (M74)
5:01:35 86 55 / 1 M70-79
5:00:49
KIRKSVILLE, MO, USA
3:30:16
 "
87,MIDD=2017151219,Run for the Ranch Marathon,"Springfield, MO USA","December 19, 2015","CYNDI JINKS (F54)
5:02:26 87 32 / 4 F50-59
5:01:55
NIANGUA, MO, USA
4:02:31
 "
88,MIDD=2017151219,Run for the Ranch Marathon,"Springfield, MO USA","December 19, 2015","RONDA SMITH (F47)
5:04:51 88 33 / 13 F40-49
5:04:23
SPRINGFIELD, MO, USA
4:27:44
 "
89,MIDD=2017151219,Run for the Ranch Marathon,"Springfield, MO USA","December 19, 2015","MARY SAMPLE (F47)
5:05:19 89 34 / 14 F40-49
5:04:42
BENTONVILLE, AR, USA
4:28:00
 "
90,MIDD=2017151219,Run for the Ranch Marathon,"Springfield, MO USA","December 19, 2015","THOMAS BRAND (M68)
5:09:13 90 56 / 7 M60-69
5:08:58
SUMMIT, NJ, USA
3:52:09
 "
91,MIDD=2017151219,Run for the Ranch Marathon,"Springfield, MO USA","December 19, 2015","ANTHONY CHILDERS (M41)
5:13:49 91 57 / 15 M40-49
5:12:40
SAINT LOUIS, MO, USA
5:02:37
 "
92,MIDD=2017151219,Run for the Ranch Marathon,"Springfield, MO USA","December 19, 2015","DWAYNE FORESEE (M52)
5:14:29 92 58 / 16 M50-59
5:14:29
SPRINGFIELD, MO, USA
4:36:39
 "
93,MIDD=2017151219,Run for the Ranch Marathon,"Springfield, MO USA","December 19, 2015","PAUL BEQUETTE (M45)
5:16:02 93 59 / 16 M40-49
5:15:51
BASEHOR, KS, USA
4:55:34
 "
94,MIDD=2017151219,Run for the Ranch Marathon,"Springfield, MO USA","December 19, 2015","CHRIS REVOIR (M63)
5:20:40 94 60 / 8 M60-69
5:19:59
OZARK, MO, USA
4:13:16
 "
95,MIDD=2017151219,Run for the Ranch Marathon,"Springfield, MO USA","December 19, 2015","AMBER BREWER (F31)
5:22:30 95 35 / 12 F30-39
5:21:46
SPRINGFIELD, MO, USA
5:21:15
 "
96,MIDD=2017151219,Run for the Ranch Marathon,"Springfield, MO USA","December 19, 2015","STEPHINE PATTON C. (F48)
5:22:31 96 36 / 15 F40-49
5:21:46
SPRINGFILED, MO, USA
4:39:31
 "
97,MIDD=2017151219,Run for the Ranch Marathon,"Springfield, MO USA","December 19, 2015","CINDY GOVE (F52)
5:33:31 97 37 / 5 F50-59
5:32:41
ST. JOSEPH, MO, USA
4:34:29
 "
98,MIDD=2017151219,Run for the Ranch Marathon,"Springfield, MO USA","December 19, 2015","NICHOLAS VAN DAM (M34)
5:35:40 98 61 / 15 M30-39
5:34:28
BOLIVAR, MO, USA
5:34:28
 "
99,MIDD=2017151219,Run for the Ranch Marathon,"Springfield, MO USA","December 19, 2015","JAMES REIMANN (M58)
5:35:38 99 62 / 17 M50-59
5:34:59
EAGAN, MN, USA
4:38:34
 "
100,MIDD=2017151219,Run for the Ranch Marathon,"Springfield, MO USA","December 19, 2015","FRANCISCO GUILLEN (M48)
5:36:26 100 63 / 17 M40-49
5:35:05
COLUMBIA, MO, USA
5:05:31
 "
101,MIDD=2017151219,Run for the Ranch Marathon,"Springfield, MO USA","December 19, 2015","FRAN LIBASCI (F63)
5:36:01 101 38 / 1 F60-69
5:35:47
SUMMIT, NJ, USA
3:56:11
 "
102,MIDD=2017151219,Run for the Ranch Marathon,"Springfield, MO USA","December 19, 2015","KAREN CAMERON (F41)
5:51:08 102 39 / 16 F40-49
5:50:22
JOPLIN, MO, USA
5:30:34
 "
103,MIDD=2017151219,Run for the Ranch Marathon,"Springfield, MO USA","December 19, 2015","JANIS NEHER (F46)
5:51:10 103 40 / 17 F40-49
5:50:24
PIERCE CITY, MO, USA
5:12:01
 "
104,MIDD=2017151219,Run for the Ranch Marathon,"Springfield, MO USA","December 19, 2015","DANIEL DALTON (M48)
5:51:52 104 64 / 18 M40-49
5:50:49
 
5:19:52
 "
105,MIDD=2017151219,Run for the Ranch Marathon,"Springfield, MO USA","December 19, 2015","MELANIE HAMPTON (F61)
5:57:10 105 41 / 2 F60-69
5:56:47
HILLSBORO, MO, USA
4:19:12
 "
106,MIDD=2017151219,Run for the Ranch Marathon,"Springfield, MO USA","December 19, 2015","RENITA RANDALL (F50)
5:58:56 106 42 / 6 F50-59
5:57:50
NIXA, MO, USA
5:03:02
 "
107,MIDD=2017151219,Run for the Ranch Marathon,"Springfield, MO USA","December 19, 2015","BRI WORKS (F20)
5:58:56 107 43 / 4 F20-29
5:57:50
OZARK, MO, USA
5:57:34
 "
