,race_id,race,location,date,runners
0,MIDD=5445151025,LOCO Marathon,"Newmarket, NH USA",,"

Have you run this race?Then tell us about it.

Last Name, First Name(Sex/Age)
Time OverAllPlace
Sex Place/Div Place
DIV Net Time 
City, State, Country AG Time* BQ*"
1,MIDD=5445151025,LOCO Marathon,"Newmarket, NH USA",,"ERIC BOFINGER (M30)
2:39:13 1 1 / 1 M30-39
2:39:13
Langhorne, PA, USA
2:39:13
BQ"
2,MIDD=5445151025,LOCO Marathon,"Newmarket, NH USA",,"CHRIS CHAPRUET (M23)
2:46:00 2 2 / 1 M0-29
2:45:59
Danvers, MA, USA
2:45:59
BQ"
3,MIDD=5445151025,LOCO Marathon,"Newmarket, NH USA",,"TERRANCE GALLOGLY (M28)
2:49:13 3 3 / 2 M0-29
2:49:12
Saratoga Springs, NY, USA
2:49:12
BQ"
4,MIDD=5445151025,LOCO Marathon,"Newmarket, NH USA",,"TOM HARDIN (M38)
2:54:52 4 4 / 2 M30-39
2:54:52
Westwood, NJ, USA
2:53:17
BQ"
5,MIDD=5445151025,LOCO Marathon,"Newmarket, NH USA",,"KEVIN MCINTYRE (M50)
2:56:19 5 5 / 1 M50-59
2:56:18
Amherst, NH, USA
2:37:54
BQ"
6,MIDD=5445151025,LOCO Marathon,"Newmarket, NH USA",,"MUDHILLUN MUQARIBU (M36)
2:57:55 6 6 / 3 M30-39
2:57:51
Clifton Heights, PA, USA
2:57:40
BQ"
7,MIDD=5445151025,LOCO Marathon,"Newmarket, NH USA",,"KELLEN RYAN (M26)
2:58:13 7 7 / 3 M0-29
2:58:12
Portsmouth, NH, USA
2:58:12
BQ"
8,MIDD=5445151025,LOCO Marathon,"Newmarket, NH USA",,"ALEXANDRE DAY (M24)
3:00:43 8 8 / 4 M0-29
3:00:42
Brookline, MA, USA
3:00:42
BQ"
9,MIDD=5445151025,LOCO Marathon,"Newmarket, NH USA",,"WILL LOCANDRO (M43)
3:03:57 9 9 / 1 M40-49
3:03:55
Greenland, NH, USA
2:55:04
BQ"
10,MIDD=5445151025,LOCO Marathon,"Newmarket, NH USA",,"BRIAN BUTTERFIELD (M36)
3:05:21 10 10 / 4 M30-39
3:05:19
Southborough, MA, USA
3:05:07
BQ"
11,MIDD=5445151025,LOCO Marathon,"Newmarket, NH USA",,"JOHN WOLFE (M44)
3:06:02 11 11 / 2 M40-49
3:06:00
Grantham, NH, USA
2:55:33
BQ"
12,MIDD=5445151025,LOCO Marathon,"Newmarket, NH USA",,"JOSHUA KEATING (M32)
3:06:49 12 12 / 5 M30-39
3:06:47
Charlestown, MA, USA
3:06:47
 "
13,MIDD=5445151025,LOCO Marathon,"Newmarket, NH USA",,"ALEX MILLER (M28)
3:09:09 13 13 / 5 M0-29
3:08:40
Worcester, MA, USA
3:08:40
 "
14,MIDD=5445151025,LOCO Marathon,"Newmarket, NH USA",,"TIM ROACHE (M48)
3:09:06 14 14 / 3 M40-49
3:09:05
Stratham, NH, USA
2:52:24
BQ"
15,MIDD=5445151025,LOCO Marathon,"Newmarket, NH USA",,"JEFFREY KNIESER (M42)
3:10:13 15 15 / 4 M40-49
3:10:11
Stratton, ME, USA
3:02:34
BQ"
16,MIDD=5445151025,LOCO Marathon,"Newmarket, NH USA",,"ERNST LINDER (M60)
3:11:18 16 16 / 1 M60-69
3:11:16
Durham, NH, USA
2:35:59
BQ"
17,MIDD=5445151025,LOCO Marathon,"Newmarket, NH USA",,"RICHARD HOSTLER (M38)
3:11:21 17 17 / 6 M30-39
3:11:19
Merrimack, NH, USA
3:09:35
 "
18,MIDD=5445151025,LOCO Marathon,"Newmarket, NH USA",,"DANIEL ANTER (M44)
3:11:41 18 18 / 5 M40-49
3:11:37
Cranston, RI, USA
3:00:52
BQ"
19,MIDD=5445151025,LOCO Marathon,"Newmarket, NH USA",,"CHAD JOLIN (M34)
3:12:15 19 19 / 7 M30-39
3:12:13
Exeter, NH, USA
3:12:13
 "
20,MIDD=5445151025,LOCO Marathon,"Newmarket, NH USA",,"DAVID FAIRBURN (M27)
3:13:19 20 20 / 6 M0-29
3:13:17
Portsmouth, NH, USA
3:13:17
 "
21,MIDD=5445151025,LOCO Marathon,"Newmarket, NH USA",,"GAVIN MACBEATH (M45)
3:13:33 21 21 / 6 M40-49
3:13:30
Wakefield, MA, USA
3:01:05
BQ"
22,MIDD=5445151025,LOCO Marathon,"Newmarket, NH USA",,"DANIEL BEAULEY (M49)
3:13:57 22 22 / 7 M40-49
3:13:55
Dover, NH, USA
2:55:15
BQ"
23,MIDD=5445151025,LOCO Marathon,"Newmarket, NH USA",,"JUSTIN MARSH (M30)
3:14:05 23 23 / 8 M30-39
3:14:03
Derry, NH, USA
3:14:03
 "
24,MIDD=5445151025,LOCO Marathon,"Newmarket, NH USA",,"TIM DUMAS (M47)
3:15:03 24 24 / 8 M40-49
3:15:00
Ayer, MA, USA
2:59:22
BQ"
25,MIDD=5445151025,LOCO Marathon,"Newmarket, NH USA",,"MING LEI (M42)
3:15:31 25 25 / 9 M40-49
3:15:27
Acton, MA, USA
3:07:37
 "
26,MIDD=5445151025,LOCO Marathon,"Newmarket, NH USA",,"DAVID WINCHESTER (M37)
3:16:35 26 26 / 9 M30-39
3:16:32
Gainesville, FL, USA
3:15:45
 "
27,MIDD=5445151025,LOCO Marathon,"Newmarket, NH USA",,"TIMOTHY HUFFMAN (M30)
3:17:51 27 27 / 10 M30-39
3:17:48
Derry, NH, USA
3:17:48
 "
28,MIDD=5445151025,LOCO Marathon,"Newmarket, NH USA",,"SARAH GIFFORD (F28)
3:18:25 28 1 / 1 F0-29
3:18:20
Essex, MA, USA
3:18:20
BQ"
29,MIDD=5445151025,LOCO Marathon,"Newmarket, NH USA",,"MAURICE BROWN (M49)
3:20:37 29 28 / 10 M40-49
3:20:36
Essex Junction, VT, USA
3:01:18
BQ"
30,MIDD=5445151025,LOCO Marathon,"Newmarket, NH USA",,"SONG KIM (F23)
3:20:54 30 2 / 2 F0-29
3:20:48
Somerville, MA, USA
3:20:48
BQ"
31,MIDD=5445151025,LOCO Marathon,"Newmarket, NH USA",,"ANDY RICHARDT (M44)
3:21:24 31 29 / 11 M40-49
3:21:20
Acton, MA, USA
3:10:02
 "
32,MIDD=5445151025,LOCO Marathon,"Newmarket, NH USA",,"JOSH FAIRFAX (M44)
3:22:16 32 30 / 12 M40-49
3:22:11
Burlington, VT, USA
3:10:51
 "
33,MIDD=5445151025,LOCO Marathon,"Newmarket, NH USA",,"TREVOR OXHOLM (M20)
3:22:19 33 31 / 7 M0-29
3:22:16
Portsmouth, NH, USA
3:19:44
 "
34,MIDD=5445151025,LOCO Marathon,"Newmarket, NH USA",,"SARAH ECK (F34)
3:22:45 34 3 / 1 F30-39
3:22:42
Hopkinton, NH, USA
3:20:43
BQ"
35,MIDD=5445151025,LOCO Marathon,"Newmarket, NH USA",,"STEVEN HALL (M36)
3:23:03 35 32 / 11 M30-39
3:22:58
Plymouth, MA, USA
3:22:46
 "
36,MIDD=5445151025,LOCO Marathon,"Newmarket, NH USA",,"MITCHELL SUROWIEC (M42)
3:25:23 36 33 / 13 M40-49
3:25:18
Beverly, MA, USA
3:17:04
 "
37,MIDD=5445151025,LOCO Marathon,"Newmarket, NH USA",,"CHRIS CLAPP (M46)
3:25:32 37 34 / 14 M40-49
3:25:26
Portsmouth, NH, USA
3:10:36
 "
38,MIDD=5445151025,LOCO Marathon,"Newmarket, NH USA",,"TESSA MAH (F33)
3:25:43 38 4 / 2 F30-39
3:25:40
Southington, CT, USA
3:24:22
BQ"
39,MIDD=5445151025,LOCO Marathon,"Newmarket, NH USA",,"ALEXANDER SHAFFER (M28)
3:26:03 39 35 / 8 M0-29
3:25:59
Portsmouth, MA, USA
3:25:59
 "
40,MIDD=5445151025,LOCO Marathon,"Newmarket, NH USA",,"STEVEN TURNER (M48)
3:27:09 40 36 / 15 M40-49
3:27:06
Rye, NH, USA
3:08:50
 "
41,MIDD=5445151025,LOCO Marathon,"Newmarket, NH USA",,"DAVE HERD (M33)
3:27:45 41 37 / 12 M30-39
3:27:39
Lee, NH, USA
3:27:39
 "
42,MIDD=5445151025,LOCO Marathon,"Newmarket, NH USA",,"VINCENT JACQUES (M49)
3:28:17 42 38 / 16 M40-49
3:28:12
Somervile, MA, USA
3:08:10
 "
43,MIDD=5445151025,LOCO Marathon,"Newmarket, NH USA",,"JOHN FISCHER (M46)
3:28:19 43 39 / 17 M40-49
3:28:14
East Weymouth, MA, USA
3:13:12
 "
44,MIDD=5445151025,LOCO Marathon,"Newmarket, NH USA",,"DAN MCCORBS (M32)
3:28:29 44 40 / 13 M30-39
3:28:28
Epping, NH, USA
3:28:28
 "
45,MIDD=5445151025,LOCO Marathon,"Newmarket, NH USA",,"DONALD TRAINOR (M35)
3:28:56 45 41 / 14 M30-39
3:28:50
Coventry, RI, USA
3:28:50
 "
46,MIDD=5445151025,LOCO Marathon,"Newmarket, NH USA",,"WILLIAM LANDENBERGER (M38)
3:29:10 46 42 / 15 M30-39
3:29:05
Alfred, ME, USA
3:27:12
 "
47,MIDD=5445151025,LOCO Marathon,"Newmarket, NH USA",,"MATTHEW REITAN (M34)
3:30:16 47 43 / 16 M30-39
3:30:09
Newmarket, NH, USA
3:30:09
 "
48,MIDD=5445151025,LOCO Marathon,"Newmarket, NH USA",,"JONATHAN STANTON (M35)
3:30:16 48 44 / 17 M30-39
3:30:11
Melrose, MA, USA
3:30:11
 "
49,MIDD=5445151025,LOCO Marathon,"Newmarket, NH USA",,"HEIDI CAMIRE (F35)
3:30:22 49 5 / 3 F30-39
3:30:14
Manchester, NH, USA
3:27:16
BQ"
50,MIDD=5445151025,LOCO Marathon,"Newmarket, NH USA",,"DAVID ILLSLEY (M43)
3:30:48 50 45 / 18 M40-49
3:30:45
Hudson, MA, USA
3:20:37
 "
51,MIDD=5445151025,LOCO Marathon,"Newmarket, NH USA",,"NELSON REPENNING (M47)
3:30:54 51 46 / 19 M40-49
3:30:47
Cambridge, MA, USA
3:13:53
 "
52,MIDD=5445151025,LOCO Marathon,"Newmarket, NH USA",,"CHRIS KRAFT (M44)
3:31:48 52 47 / 20 M40-49
3:31:35
Dallas, TX, USA
3:19:43
 "
53,MIDD=5445151025,LOCO Marathon,"Newmarket, NH USA",,"JEFFREY TAYLOR (M55)
3:33:17 53 48 / 2 M50-59
3:33:03
Greenland, NH, USA
3:02:17
BQ"
54,MIDD=5445151025,LOCO Marathon,"Newmarket, NH USA",,"ERIN ABRAHAM (F23)
3:33:57 54 6 / 3 F0-29
3:33:51
Cambridge, MA, USA
3:33:51
BQ"
55,MIDD=5445151025,LOCO Marathon,"Newmarket, NH USA",,"KAI GERMASCHEWSKI (M43)
3:34:13 55 49 / 21 M40-49
3:34:03
Lee, NH, USA
3:23:45
 "
56,MIDD=5445151025,LOCO Marathon,"Newmarket, NH USA",,"MARK CRENNAN (M31)
3:34:51 56 50 / 18 M30-39
3:34:48
Lawrenceville, NJ, USA
3:34:48
 "
57,MIDD=5445151025,LOCO Marathon,"Newmarket, NH USA",,"BENJAMIN SIMON (M33)
3:36:02 57 51 / 19 M30-39
3:35:59
Glastonbury, CT, USA
3:35:59
 "
58,MIDD=5445151025,LOCO Marathon,"Newmarket, NH USA",,"LISA SLOAN (F37)
3:36:13 58 7 / 4 F30-39
3:36:05
Eliot, ME, USA
3:30:40
BQ"
59,MIDD=5445151025,LOCO Marathon,"Newmarket, NH USA",,"MARLENA MIRAFLOR (F41)
3:36:39 59 8 / 1 F40-49
3:36:29
Raind Hill, VA, USA
3:24:15
BQ"
60,MIDD=5445151025,LOCO Marathon,"Newmarket, NH USA",,"MICHAEL MESSERSCHMID (M48)
3:37:03 60 52 / 22 M40-49
3:36:52
Macungie, PA, USA
3:17:44
 "
61,MIDD=5445151025,LOCO Marathon,"Newmarket, NH USA",,"CHAD COTTER (M36)
3:37:12 61 53 / 20 M30-39
3:36:52
Salem, MA, USA
3:36:39
 "
62,MIDD=5445151025,LOCO Marathon,"Newmarket, NH USA",,"KIRK FASKING (M57)
3:37:33 62 54 / 3 M50-59
3:37:21
Lake Placid, NY, USA
3:02:29
BQ"
63,MIDD=5445151025,LOCO Marathon,"Newmarket, NH USA",,"JOHN LAUER (M45)
3:38:12 63 55 / 23 M40-49
3:37:59
Dallas, TX, USA
3:23:59
 "
64,MIDD=5445151025,LOCO Marathon,"Newmarket, NH USA",,"KELLEY STOKES (F38)
3:38:31 64 9 / 5 F30-39
3:38:23
Oquossoc, ME, USA
3:31:27
BQ"
65,MIDD=5445151025,LOCO Marathon,"Newmarket, NH USA",,"ALLISON ROEDER (F38)
3:38:32 65 10 / 6 F30-39
3:38:24
Brentwood, NH, USA
3:31:27
BQ"
66,MIDD=5445151025,LOCO Marathon,"Newmarket, NH USA",,"RONALD FOURNIER, JR. (M35)
3:38:54 66 56 / 21 M30-39
3:38:48
East Greenwich, RI, USA
3:38:48
 "
67,MIDD=5445151025,LOCO Marathon,"Newmarket, NH USA",,"DEREK POSTEMA (M57)
3:39:16 67 57 / 4 M50-59
3:39:08
Erving, MA, USA
3:03:59
BQ"
68,MIDD=5445151025,LOCO Marathon,"Newmarket, NH USA",,"KERRY GOSSELIN (F41)
3:41:11 68 11 / 2 F40-49
3:40:57
Methuen, MA, USA
3:28:27
BQ"
69,MIDD=5445151025,LOCO Marathon,"Newmarket, NH USA",,"ALEXANDER LUKEZ (M23)
3:41:09 69 58 / 9 M0-29
3:41:01
Brookline, MA, USA
3:41:01
 "
70,MIDD=5445151025,LOCO Marathon,"Newmarket, NH USA",,"THOMAS TORRISI (M41)
3:41:17 70 59 / 24 M40-49
3:41:09
New York, NY, USA
3:34:03
 "
71,MIDD=5445151025,LOCO Marathon,"Newmarket, NH USA",,"KENDRA HARDEN (F32)
3:41:27 71 12 / 7 F30-39
3:41:21
Concord, NH, USA
3:40:34
 "
72,MIDD=5445151025,LOCO Marathon,"Newmarket, NH USA",,"SUSAN VISCOSI (F53)
3:41:39 72 13 / 1 F50-59
3:41:28
Methuen, MA, USA
3:00:19
BQ"
73,MIDD=5445151025,LOCO Marathon,"Newmarket, NH USA",,"TOM STUART (M42)
3:41:55 73 60 / 25 M40-49
3:41:46
Merrimack, NH, USA
3:32:52
 "
74,MIDD=5445151025,LOCO Marathon,"Newmarket, NH USA",,"ED MCGOVERN (M50)
3:42:11 74 61 / 5 M50-59
3:42:01
Unionville, CT, USA
3:18:51
 "
75,MIDD=5445151025,LOCO Marathon,"Newmarket, NH USA",,"YVONNE YEUNG (F30)
3:42:25 75 14 / 8 F30-39
3:42:10
Salem, MA, USA
3:42:05
 "
76,MIDD=5445151025,LOCO Marathon,"Newmarket, NH USA",,"KELLY SENNOTT (F26)
3:43:59 76 15 / 4 F0-29
3:43:50
Derry, NH, USA
3:43:50
 "
77,MIDD=5445151025,LOCO Marathon,"Newmarket, NH USA",,"GEORGE BRENNOCK (M56)
3:44:06 77 62 / 6 M50-59
3:43:54
Loveland, OH, USA
3:09:46
 "
78,MIDD=5445151025,LOCO Marathon,"Newmarket, NH USA",,"DIANE FULLER (F33)
3:44:23 78 16 / 9 F30-39
3:44:05
Melrose, MA, USA
3:42:40
 "
79,MIDD=5445151025,LOCO Marathon,"Newmarket, NH USA",,"MIKE COLLINS (M32)
3:44:21 79 63 / 22 M30-39
3:44:15
Methuen, MA, USA
3:44:15
 "
80,MIDD=5445151025,LOCO Marathon,"Newmarket, NH USA",,"JAMES COOK (M41)
3:44:28 80 64 / 26 M40-49
3:44:20
Brunswick, ME, USA
3:37:08
 "
81,MIDD=5445151025,LOCO Marathon,"Newmarket, NH USA",,"KENT SIRIMOGLU (M49)
3:44:40 81 65 / 27 M40-49
3:44:28
Nashua, NH, USA
3:22:53
 "
82,MIDD=5445151025,LOCO Marathon,"Newmarket, NH USA",,"CHRISTOPHER TOWLE (M44)
3:46:11 82 66 / 28 M40-49
3:45:55
Colchester, VT, USA
3:33:14
 "
83,MIDD=5445151025,LOCO Marathon,"Newmarket, NH USA",,"ZACHARY MOYER (M29)
3:47:22 83 67 / 10 M0-29
3:47:10
Orefield, PA, USA
3:47:10
 "
84,MIDD=5445151025,LOCO Marathon,"Newmarket, NH USA",,"SARA PRENDERGAST (F25)
3:47:33 84 17 / 5 F0-29
3:47:23
Beverly, MA, USA
3:47:23
 "
85,MIDD=5445151025,LOCO Marathon,"Newmarket, NH USA",,"TAMMY DARLING (F40)
3:47:44 85 18 / 3 F40-49
3:47:33
Westford, MA, USA
3:36:46
 "
86,MIDD=5445151025,LOCO Marathon,"Newmarket, NH USA",,"CHELEN KOST (F50)
3:48:40 86 19 / 2 F50-59
3:48:25
Suffield, CT, USA
3:13:26
BQ"
87,MIDD=5445151025,LOCO Marathon,"Newmarket, NH USA",,"ROBYN HILLARD (F37)
3:48:42 87 20 / 10 F30-39
3:48:25
Southbridge, MA, USA
3:42:41
 "
88,MIDD=5445151025,LOCO Marathon,"Newmarket, NH USA",,"DAVID ALVAREZ (M18)
3:49:01 88 68 / 11 M0-29
3:48:58
Danbury, CT, USA
3:40:09
 "
89,MIDD=5445151025,LOCO Marathon,"Newmarket, NH USA",,"JAMES MAHER (M58)
3:50:18 89 69 / 7 M50-59
3:50:04
Marblehead, MA, USA
3:11:19
 "
90,MIDD=5445151025,LOCO Marathon,"Newmarket, NH USA",,"BEN TALLBERG (M39)
3:50:19 90 70 / 23 M30-39
3:50:10
Fremont, NH, USA
3:46:29
 "
91,MIDD=5445151025,LOCO Marathon,"Newmarket, NH USA",,"KEVIN SWEENEY (M62)
3:51:04 91 71 / 2 M60-69
3:50:38
Norwood, MA, USA
3:04:24
BQ"
92,MIDD=5445151025,LOCO Marathon,"Newmarket, NH USA",,"ADAM BOTTRILL (M38)
3:51:27 92 72 / 24 M30-39
3:51:20
Greenland, NH, USA
3:49:15
 "
93,MIDD=5445151025,LOCO Marathon,"Newmarket, NH USA",,"MIKE MCGUIRK (M49)
3:51:56 93 73 / 29 M40-49
3:51:44
West Newbury, MA, USA
3:29:26
 "
94,MIDD=5445151025,LOCO Marathon,"Newmarket, NH USA",,"DEBRA HEVEY (F57)
3:52:24 94 21 / 3 F50-59
3:52:08
Chicopee, MA, USA
2:58:53
BQ"
95,MIDD=5445151025,LOCO Marathon,"Newmarket, NH USA",,"JENNIFER SCHERER (F36)
3:52:41 95 22 / 11 F30-39
3:52:23
Sturbridge, MA, USA
3:47:55
 "
96,MIDD=5445151025,LOCO Marathon,"Newmarket, NH USA",,"ANDY ROGERS (M19)
3:52:37 96 74 / 12 M0-29
3:52:30
Hopkinton, MA, USA
3:46:49
 "
97,MIDD=5445151025,LOCO Marathon,"Newmarket, NH USA",,"TAMMY CARIGNAN (F45)
3:53:06 97 23 / 4 F40-49
3:52:52
Exeter, NH, USA
3:29:54
BQ"
98,MIDD=5445151025,LOCO Marathon,"Newmarket, NH USA",,"JOSEPH CALLAGHAN (M47)
3:53:36 98 75 / 30 M40-49
3:53:28
Westford, MA, USA
3:34:45
 "
99,MIDD=5445151025,LOCO Marathon,"Newmarket, NH USA",,"DON GALLUCCI (M48)
3:53:46 99 76 / 31 M40-49
3:53:34
Beverly, MA, USA
3:32:58
 "
100,MIDD=5445151025,LOCO Marathon,"Newmarket, NH USA",,"JAMES CUONO (M56)
3:53:47 100 77 / 8 M50-59
3:53:36
Port Carbon, PA, USA
3:18:00
 "
101,MIDD=5445151025,LOCO Marathon,"Newmarket, NH USA",,"ANDREW SMITH (M28)
3:54:23 101 78 / 13 M0-29
3:53:44
Worcester, MA, USA
3:53:44
 "
102,MIDD=5445151025,LOCO Marathon,"Newmarket, NH USA",,"ELIZABETH EATON (F45)
3:54:02 102 24 / 5 F40-49
3:53:50
Middleboro, MA, USA
3:30:47
BQ"
103,MIDD=5445151025,LOCO Marathon,"Newmarket, NH USA",,"TED PARKER (M38)
3:54:22 103 79 / 25 M30-39
3:54:04
Marlborough, MA, USA
3:51:57
 "
104,MIDD=5445151025,LOCO Marathon,"Newmarket, NH USA",,"CHERI WOJCIK (F41)
3:54:24 104 25 / 6 F40-49
3:54:09
Ware, MA, USA
3:40:55
 "
105,MIDD=5445151025,LOCO Marathon,"Newmarket, NH USA",,"SUSANNE PARK (F46)
3:54:35 105 26 / 7 F40-49
3:54:10
Pittsburgh, PA, USA
3:28:31
BQ"
106,MIDD=5445151025,LOCO Marathon,"Newmarket, NH USA",,"PETE MILLER (M56)
3:54:28 106 80 / 9 M50-59
3:54:20
Wilmot, NH, USA
3:18:37
 "
107,MIDD=5445151025,LOCO Marathon,"Newmarket, NH USA",,"BJORN ANDERSON (M39)
3:54:48 107 81 / 26 M30-39
3:54:36
Dover, NH, USA
3:50:51
 "
108,MIDD=5445151025,LOCO Marathon,"Newmarket, NH USA",,"ABIGAIL ANDERSON (F38)
3:54:48 108 27 / 12 F30-39
3:54:37
Dover, NH, USA
3:47:09
 "
109,MIDD=5445151025,LOCO Marathon,"Newmarket, NH USA",,"WILLIAM GRADY (M42)
3:55:30 109 82 / 32 M40-49
3:55:16
Stoughton, MA, USA
3:45:50
 "
110,MIDD=5445151025,LOCO Marathon,"Newmarket, NH USA",,"JOHN LATTA (M43)
3:55:39 110 83 / 33 M40-49
3:55:29
Fairfax Station, VA, USA
3:44:10
 "
111,MIDD=5445151025,LOCO Marathon,"Newmarket, NH USA",,"ERIK BRANDSMA (M41)
3:55:50 111 84 / 34 M40-49
3:55:31
Camden, NJ, USA
3:47:58
 "
112,MIDD=5445151025,LOCO Marathon,"Newmarket, NH USA",,"KELSEY NEUKUM (F22)
3:56:30 112 28 / 6 F0-29
3:56:14
Gainesville, GA, USA
3:56:14
 "
113,MIDD=5445151025,LOCO Marathon,"Newmarket, NH USA",,"SIOBHAN COLLINS (F45)
3:56:25 113 29 / 8 F40-49
3:56:17
Ivoryton, CT, USA
3:32:59
 "
114,MIDD=5445151025,LOCO Marathon,"Newmarket, NH USA",,"IAN WINOKUR (M39)
3:56:54 114 85 / 27 M30-39
3:56:36
Leverett, MA, USA
3:52:49
 "
115,MIDD=5445151025,LOCO Marathon,"Newmarket, NH USA",,"BONNIE BADGEWICK (F38)
3:56:59 115 30 / 13 F30-39
3:56:48
Woodstock, VT, USA
3:49:16
 "
116,MIDD=5445151025,LOCO Marathon,"Newmarket, NH USA",,"EMILY O'DONNELL (F25)
3:57:10 116 31 / 7 F0-29
3:56:48
Bedford, MA, USA
3:56:48
 "
117,MIDD=5445151025,LOCO Marathon,"Newmarket, NH USA",,"RITA FOSS (F42)
3:59:47 117 32 / 9 F40-49
3:56:59
Alexandria, VA, USA
3:41:16
 "
118,MIDD=5445151025,LOCO Marathon,"Newmarket, NH USA",,"DANIEL STAMM (M34)
3:58:15 118 86 / 28 M30-39
3:58:07
Philadelphia, PA, USA
3:58:07
 "
119,MIDD=5445151025,LOCO Marathon,"Newmarket, NH USA",,"SANDRA BLANC (F38)
3:58:32 119 33 / 14 F30-39
3:58:19
Milton, NH, USA
3:50:44
 "
120,MIDD=5445151025,LOCO Marathon,"Newmarket, NH USA",,"OWEN FOLSOM (M48)
4:02:11 120 87 / 35 M40-49
3:59:10
Wrentham, MA, USA
3:38:04
 "
121,MIDD=5445151025,LOCO Marathon,"Newmarket, NH USA",,"DAVID AGUIRRE (M44)
3:59:47 121 88 / 36 M40-49
3:59:43
Westbrook, ME, USA
3:46:16
 "
122,MIDD=5445151025,LOCO Marathon,"Newmarket, NH USA",,"WALTER SORIANO (M42)
4:00:10 122 89 / 37 M40-49
3:59:51
Dracut, MA, USA
3:50:14
 "
123,MIDD=5445151025,LOCO Marathon,"Newmarket, NH USA",,"CHRIS LAFOGG (M41)
4:00:41 123 90 / 38 M40-49
4:00:32
Rochester, NH, USA
3:52:48
 "
124,MIDD=5445151025,LOCO Marathon,"Newmarket, NH USA",,"MARK SIPPLE (M59)
4:01:04 124 91 / 10 M50-59
4:00:49
Dover, NH, USA
3:18:20
 "
125,MIDD=5445151025,LOCO Marathon,"Newmarket, NH USA",,"LYDECKE SWEET (F47)
4:01:41 125 34 / 10 F40-49
4:01:30
Wayland, MA, USA
3:32:25
 "
126,MIDD=5445151025,LOCO Marathon,"Newmarket, NH USA",,"KATHLEEN CLIFFE (F25)
4:04:19 126 35 / 8 F0-29
4:04:10
Peabody, MA, USA
4:04:10
 "
127,MIDD=5445151025,LOCO Marathon,"Newmarket, NH USA",,"SANJAY RAM (M47)
4:04:52 127 92 / 39 M40-49
4:04:34
Worcester, MA, USA
3:44:57
 "
128,MIDD=5445151025,LOCO Marathon,"Newmarket, NH USA",,"JESSICA CRETER (F37)
4:05:29 128 36 / 15 F30-39
4:05:15
Oakville, CT, USA
3:59:05
 "
129,MIDD=5445151025,LOCO Marathon,"Newmarket, NH USA",,"CHRISTINE SORENSEN (F40)
4:06:18 129 37 / 11 F40-49
4:06:04
Rochester, NH, USA
3:54:24
 "
130,MIDD=5445151025,LOCO Marathon,"Newmarket, NH USA",,"SHAWN MAGOON (M44)
4:07:23 130 93 / 40 M40-49
4:07:23
Charlotte, VT, USA
3:53:30
 "
131,MIDD=5445151025,LOCO Marathon,"Newmarket, NH USA",,"DEREK RUSSO (M38)
4:07:46 131 94 / 29 M30-39
4:07:25
Northwood, NH, USA
4:05:11
 "
132,MIDD=5445151025,LOCO Marathon,"Newmarket, NH USA",,"JANET AUGER (F52)
4:08:03 132 38 / 4 F50-59
4:07:59
Nashua, NH, USA
3:24:37
 "
133,MIDD=5445151025,LOCO Marathon,"Newmarket, NH USA",,"LANCE BEEBE (M49)
4:09:36 133 95 / 41 M40-49
4:09:16
Nashua, NH, USA
3:45:17
 "
134,MIDD=5445151025,LOCO Marathon,"Newmarket, NH USA",,"LARRY HANSON (M61)
4:09:56 134 96 / 3 M60-69
4:09:41
Georgetown, MA, USA
3:21:37
 "
135,MIDD=5445151025,LOCO Marathon,"Newmarket, NH USA",,"JERRY CARR (M51)
4:10:26 135 97 / 11 M50-59
4:10:07
York, ME, USA
3:42:01
 "
136,MIDD=5445151025,LOCO Marathon,"Newmarket, NH USA",,"ROBERT COUGHLIN (M56)
4:11:37 136 98 / 12 M50-59
4:11:17
York, ME, USA
3:32:59
 "
137,MIDD=5445151025,LOCO Marathon,"Newmarket, NH USA",,"HEATHER BUSHEY (F45)
4:12:38 137 39 / 12 F40-49
4:12:18
Jefferson, NH, USA
3:47:25
 "
138,MIDD=5445151025,LOCO Marathon,"Newmarket, NH USA",,"MAEGAN CONNOLLY (F27)
4:12:35 138 40 / 9 F0-29
4:12:20
Plantsville, CT, USA
4:12:20
 "
139,MIDD=5445151025,LOCO Marathon,"Newmarket, NH USA",,"JASMINE LELLOCK (F37)
4:14:06 139 41 / 16 F30-39
4:13:52
Brookline, MA, USA
4:07:30
 "
140,MIDD=5445151025,LOCO Marathon,"Newmarket, NH USA",,"JEFFERY HERLICKA (M37)
4:16:02 140 99 / 30 M30-39
4:16:02
New Boston, NH, USA
4:15:01
 "
141,MIDD=5445151025,LOCO Marathon,"Newmarket, NH USA",,"ERIKA FAIRWEATHER (F36)
4:16:52 141 42 / 17 F30-39
4:16:48
Weymouth, MA, USA
4:11:52
 "
142,MIDD=5445151025,LOCO Marathon,"Newmarket, NH USA",,"GUZ ANDRADA (M46)
4:18:48 142 100 / 42 M40-49
4:17:05
Raymond, NH, USA
3:58:31
 "
143,MIDD=5445151025,LOCO Marathon,"Newmarket, NH USA",,"RENEE PETROCELLI (F35)
4:17:52 143 43 / 18 F30-39
4:17:43
Stoneham, MA, USA
4:14:05
 "
144,MIDD=5445151025,LOCO Marathon,"Newmarket, NH USA",,"DENISE LABIENIEC (F44)
4:19:06 144 44 / 13 F40-49
4:18:45
Wakefield, MA, USA
3:56:03
 "
145,MIDD=5445151025,LOCO Marathon,"Newmarket, NH USA",,"PAUL GOODWIN (M50)
4:19:19 145 101 / 13 M50-59
4:19:06
Beverly, MA, USA
3:52:05
 "
146,MIDD=5445151025,LOCO Marathon,"Newmarket, NH USA",,"BRYAN PAEPKE (M36)
4:19:35 146 102 / 31 M30-39
4:19:15
Merrimack, NH, USA
4:19:00
 "
147,MIDD=5445151025,LOCO Marathon,"Newmarket, NH USA",,"SHAWN WILLEY (M38)
4:20:16 147 103 / 32 M30-39
4:20:00
Gorham, ME, USA
4:17:39
 "
148,MIDD=5445151025,LOCO Marathon,"Newmarket, NH USA",,"ANGELA KING (F35)
4:21:08 148 45 / 19 F30-39
4:20:44
Peabody, MA, USA
4:17:03
 "
149,MIDD=5445151025,LOCO Marathon,"Newmarket, NH USA",,"AMANDA RODRIGUEZ (F29)
4:21:06 149 46 / 10 F0-29
4:20:45
South Hadley, MA, USA
4:20:45
 "
150,MIDD=5445151025,LOCO Marathon,"Newmarket, NH USA",,"PAT NEEDHAM (F62)
4:23:47 150 47 / 1 F60-69
4:23:28
Greenfield, IN, USA
3:08:24
BQ"
151,MIDD=5445151025,LOCO Marathon,"Newmarket, NH USA",,"RONALD BESSETTE (M58)
4:27:20 151 104 / 14 M50-59
4:26:59
Concord, NH, USA
3:42:01
 "
152,MIDD=5445151025,LOCO Marathon,"Newmarket, NH USA",,"LYNN JAMIESON (F67)
4:28:06 152 48 / 2 F60-69
4:27:43
Potomac Falls, VA, USA
2:55:13
BQ"
153,MIDD=5445151025,LOCO Marathon,"Newmarket, NH USA",,"JULIA ORSI (F27)
4:28:31 153 49 / 11 F0-29
4:28:11
Portsmouth, NH, USA
4:28:11
 "
154,MIDD=5445151025,LOCO Marathon,"Newmarket, NH USA",,"KYLE RODRIGUEZ (M26)
4:29:24 154 105 / 14 M0-29
4:29:06
Newington, NH, USA
4:29:06
 "
155,MIDD=5445151025,LOCO Marathon,"Newmarket, NH USA",,"RICHARD JOHNSTON (M46)
4:29:30 155 106 / 43 M40-49
4:29:11
York, ME, USA
4:09:45
 "
156,MIDD=5445151025,LOCO Marathon,"Newmarket, NH USA",,"LUKE WHALEN (M44)
4:30:03 156 107 / 44 M40-49
4:29:39
Arlington, MA, USA
4:14:31
 "
157,MIDD=5445151025,LOCO Marathon,"Newmarket, NH USA",,"BENJAMIN IBEY (M40)
4:30:06 157 108 / 45 M40-49
4:29:41
North Hampton, NH, USA
4:23:11
 "
158,MIDD=5445151025,LOCO Marathon,"Newmarket, NH USA",,"MARY BURKINSHAW (F58)
4:31:04 158 50 / 5 F50-59
4:30:43
Marstons Mills, MA, USA
3:25:39
 "
159,MIDD=5445151025,LOCO Marathon,"Newmarket, NH USA",,"TOMMY MACDONALD (M44)
4:31:49 159 109 / 46 M40-49
4:31:31
York, ME, USA
4:16:17
 "
160,MIDD=5445151025,LOCO Marathon,"Newmarket, NH USA",,"DENISE MOODY (F44)
4:32:20 160 51 / 14 F40-49
4:31:56
Cambridge, MA, USA
4:08:05
 "
161,MIDD=5445151025,LOCO Marathon,"Newmarket, NH USA",,"LINDSAY HARDGRAVE MA (F29)
4:32:12 161 52 / 12 F0-29
4:31:58
East Boston, MA, USA
4:31:58
 "
162,MIDD=5445151025,LOCO Marathon,"Newmarket, NH USA",,"RANDY NELSON (M56)
4:35:14 162 110 / 15 M50-59
4:35:09
Austin, TX, USA
3:53:13
 "
163,MIDD=5445151025,LOCO Marathon,"Newmarket, NH USA",,"SCOTT MOTYKA (M44)
4:37:45 163 111 / 47 M40-49
4:37:27
Douglas, MA, USA
4:21:53
 "
164,MIDD=5445151025,LOCO Marathon,"Newmarket, NH USA",,"RYAN DUHAIME (M29)
4:48:34 164 112 / 15 M0-29
4:48:16
Center Barnstead, NH, USA
4:48:16
 "
165,MIDD=5445151025,LOCO Marathon,"Newmarket, NH USA",,"TIMOTHY MARTIN (M37)
4:48:55 165 113 / 33 M30-39
4:48:46
Portsmouth, NH, USA
4:47:36
 "
166,MIDD=5445151025,LOCO Marathon,"Newmarket, NH USA",,"MICHAEL TRIBER (M47)
4:54:46 166 114 / 48 M40-49
4:54:29
Douglas, MA, USA
4:30:52
 "
167,MIDD=5445151025,LOCO Marathon,"Newmarket, NH USA",,"KRISTINE GIUNCO (F44)
5:01:12 167 53 / 15 F40-49
4:57:13
Milton, NH, USA
4:31:09
 "
168,MIDD=5445151025,LOCO Marathon,"Newmarket, NH USA",,"KEITH KALLBERG (M69)
5:00:48 168 115 / 4 M60-69
5:00:27
South Berwick, ME, USA
3:43:21
 "
169,MIDD=5445151025,LOCO Marathon,"Newmarket, NH USA",,"PHILLIP DIXON (M34)
5:02:17 169 116 / 34 M30-39
5:01:57
Mattapoisett, MA, USA
5:01:57
 "
170,MIDD=5445151025,LOCO Marathon,"Newmarket, NH USA",,"DANIEL GRAVELLE (M52)
5:09:38 170 117 / 16 M50-59
5:09:15
Newburyport, MA, USA
4:32:03
 "
171,MIDD=5445151025,LOCO Marathon,"Newmarket, NH USA",,"GRACE CALORE (F43)
5:13:40 171 54 / 16 F40-49
5:12:01
Randolph, MA, USA
4:48:04
 "
172,MIDD=5445151025,LOCO Marathon,"Newmarket, NH USA",,"RICHARD KELLEY (M46)
5:13:41 172 118 / 49 M40-49
5:13:14
Stoneham, MA, USA
4:50:37
 "
173,MIDD=5445151025,LOCO Marathon,"Newmarket, NH USA",,"LAURA MOUNTAIN (F34)
5:18:21 173 55 / 20 F30-39
5:18:10
Portsmouth, NH, USA
5:15:03
 "
174,MIDD=5445151025,LOCO Marathon,"Newmarket, NH USA",,"NICK DIANA (M36)
5:18:21 174 119 / 35 M30-39
5:18:11
Portsmouth, NH, USA
5:17:52
 "
175,MIDD=5445151025,LOCO Marathon,"Newmarket, NH USA",,"CAROL THEURER (F55)
5:36:30 175 56 / 6 F50-59
5:36:04
Portsmouth, NH, USA
4:26:18
 "
