,race_id,race,location,date,runners
0,MIDD=4549151121,"Meridian Marathon, LEO Run to Remember","Meridian, MS USA","November 21, 2015","

Have you run this race?Then tell us about it.

Last Name, First Name(Sex/Age)
Time OverAllPlace
Sex Place/Div Place
DIV 
City, State, Country AG Time* BQ*"
1,MIDD=4549151121,"Meridian Marathon, LEO Run to Remember","Meridian, MS USA","November 21, 2015","James Pearce (M35)
2:48:26 1 1 / 1 Mopen Rockville, MD, USA
2:48:26
BQ"
2,MIDD=4549151121,"Meridian Marathon, LEO Run to Remember","Meridian, MS USA","November 21, 2015","Tim Price (M25)
2:58:55 2 2 / 1 M20-29 Bluffton, SC, USA
2:58:55
BQ"
3,MIDD=4549151121,"Meridian Marathon, LEO Run to Remember","Meridian, MS USA","November 21, 2015","Robert Preston (M46)
3:03:32 3 3 / 1 M40-49 Athens, TN, USA
2:50:16
BQ"
4,MIDD=4549151121,"Meridian Marathon, LEO Run to Remember","Meridian, MS USA","November 21, 2015","Nathaniel Darville (M38)
3:36:30 4 4 / 1 M30-39 Birmingham, AL, USA
3:34:33
 "
5,MIDD=4549151121,"Meridian Marathon, LEO Run to Remember","Meridian, MS USA","November 21, 2015","Stephen Otey (M25)
3:42:10 5 5 / 2 M20-29 Amory, MS, USA
3:42:10
 "
6,MIDD=4549151121,"Meridian Marathon, LEO Run to Remember","Meridian, MS USA","November 21, 2015","Laura Nanda (F54)
3:45:19 6 1 / 1 Fopen Shreveport, LA, USA
3:00:59
BQ"
7,MIDD=4549151121,"Meridian Marathon, LEO Run to Remember","Meridian, MS USA","November 21, 2015","John Munson (M59)
3:45:42 7 6 / 1 M50-59 Olathe, KS, USA
3:05:53
 "
8,MIDD=4549151121,"Meridian Marathon, LEO Run to Remember","Meridian, MS USA","November 21, 2015","Kevin Cameron (M50)
3:47:56 8 7 / 2 M50-59 Atlanta, GA, USA
3:24:09
 "
9,MIDD=4549151121,"Meridian Marathon, LEO Run to Remember","Meridian, MS USA","November 21, 2015","Katherine Stickney (F51)
3:49:13 9 2 / 1 F50-59 Indianapolis, IN, USA
3:11:37
BQ"
10,MIDD=4549151121,"Meridian Marathon, LEO Run to Remember","Meridian, MS USA","November 21, 2015","Anna Whitmire (F33)
3:53:31 10 3 / 1 F30-39 Collinsville, MS, USA
3:52:02
 "
11,MIDD=4549151121,"Meridian Marathon, LEO Run to Remember","Meridian, MS USA","November 21, 2015","Robin Ziegler (F43)
3:55:30 11 4 / 1 F40-49 Dallas, TX, USA
3:37:24
 "
12,MIDD=4549151121,"Meridian Marathon, LEO Run to Remember","Meridian, MS USA","November 21, 2015","Terri Beasley (F38)
3:59:25 12 5 / 2 F30-39 Sugar Valley, GA, USA
3:51:48
 "
13,MIDD=4549151121,"Meridian Marathon, LEO Run to Remember","Meridian, MS USA","November 21, 2015","John Zielinski (M39)
4:01:34 13 8 / 2 M30-39 Quincy, MA, USA
3:57:42
 "
14,MIDD=4549151121,"Meridian Marathon, LEO Run to Remember","Meridian, MS USA","November 21, 2015","Mike Crain (M59)
4:01:43 14 9 / 3 M50-59 Birmingham, AL, USA
3:19:04
 "
15,MIDD=4549151121,"Meridian Marathon, LEO Run to Remember","Meridian, MS USA","November 21, 2015","Jeff Raber (M53)
4:05:20 15 10 / 4 M50-59 Cincinnati, OH, USA
3:33:51
 "
16,MIDD=4549151121,"Meridian Marathon, LEO Run to Remember","Meridian, MS USA","November 21, 2015","Michelle Chesteen (F42)
4:08:04 16 6 / 2 F40-49 Starkville, MS, USA
3:51:37
 "
17,MIDD=4549151121,"Meridian Marathon, LEO Run to Remember","Meridian, MS USA","November 21, 2015","Hoberto Serrano (M49)
4:10:40 17 11 / 2 M40-49 Downey, CA, USA
3:46:33
 "
18,MIDD=4549151121,"Meridian Marathon, LEO Run to Remember","Meridian, MS USA","November 21, 2015","Gordon Sterling (M62)
4:17:04 18 12 / 1 M60-69 Birmingham, AL, USA
3:25:31
 "
19,MIDD=4549151121,"Meridian Marathon, LEO Run to Remember","Meridian, MS USA","November 21, 2015","Steven Laine (M48)
4:19:05 19 13 / 3 M40-49 Kennesaw, GA, USA
3:56:13
 "
20,MIDD=4549151121,"Meridian Marathon, LEO Run to Remember","Meridian, MS USA","November 21, 2015","William Kallfelz (M49)
4:19:37 20 14 / 4 M40-49 Starkville, MS, USA
3:54:38
 "
21,MIDD=4549151121,"Meridian Marathon, LEO Run to Remember","Meridian, MS USA","November 21, 2015","Robin Stebbins (F56)
4:24:54 21 7 / 2 F50-59 Rochester, MI, USA
3:27:01
 "
22,MIDD=4549151121,"Meridian Marathon, LEO Run to Remember","Meridian, MS USA","November 21, 2015","Christine McSpirit (F44)
4:27:32 22 8 / 3 F40-49 Vernon, NJ, USA
4:04:04
 "
23,MIDD=4549151121,"Meridian Marathon, LEO Run to Remember","Meridian, MS USA","November 21, 2015","Christopher Stump (M32)
4:31:34 23 15 / 3 M30-39 Brandon, MS, USA
4:31:34
 "
24,MIDD=4549151121,"Meridian Marathon, LEO Run to Remember","Meridian, MS USA","November 21, 2015","Robert Bishton (M65)
4:33:13 24 16 / 2 M60-69 Fort Myers Beach, FL, USA
3:31:51
 "
25,MIDD=4549151121,"Meridian Marathon, LEO Run to Remember","Meridian, MS USA","November 21, 2015","Elton Reed (M40)
4:34:05 25 17 / 5 M40-49 Meridian, MS, USA
4:27:28
 "
26,MIDD=4549151121,"Meridian Marathon, LEO Run to Remember","Meridian, MS USA","November 21, 2015","Julia Given (F52)
4:35:27 26 9 / 3 F50-59 Charlottesville, VA, USA
3:47:16
 "
27,MIDD=4549151121,"Meridian Marathon, LEO Run to Remember","Meridian, MS USA","November 21, 2015","Will Moseley (M31)
4:36:06 27 18 / 4 M30-39 Meridian, MS, USA
4:36:06
 "
28,MIDD=4549151121,"Meridian Marathon, LEO Run to Remember","Meridian, MS USA","November 21, 2015","True Merrill (M29)
4:36:42 28 19 / 3 M20-29 Atlanta, GA, USA
4:36:42
 "
29,MIDD=4549151121,"Meridian Marathon, LEO Run to Remember","Meridian, MS USA","November 21, 2015","James Green (M41)
4:39:45 29 20 / 6 M40-49 Meridian, MS, USA
4:30:46
 "
30,MIDD=4549151121,"Meridian Marathon, LEO Run to Remember","Meridian, MS USA","November 21, 2015","Francisco Artley (M51)
4:40:24 30 21 / 5 M50-59 Douglasville, GA, USA
4:08:54
 "
31,MIDD=4549151121,"Meridian Marathon, LEO Run to Remember","Meridian, MS USA","November 21, 2015","Andrew Presson (M24)
4:51:11 31 22 / 4 M20-29 Meridian, MS, USA
4:51:11
 "
32,MIDD=4549151121,"Meridian Marathon, LEO Run to Remember","Meridian, MS USA","November 21, 2015","Martiestean McClendon (F48)
4:57:24 32 10 / 4 F40-49 Meridian, MS, USA
4:18:21
 "
33,MIDD=4549151121,"Meridian Marathon, LEO Run to Remember","Meridian, MS USA","November 21, 2015","Kim Raber (F46)
5:02:03 33 11 / 5 F40-49 Cincinnati, OH, USA
4:28:58
 "
34,MIDD=4549151121,"Meridian Marathon, LEO Run to Remember","Meridian, MS USA","November 21, 2015","Hayley Cluever (F36)
5:05:15 34 12 / 3 F30-39 Debary, FL, USA
4:59:23
 "
35,MIDD=4549151121,"Meridian Marathon, LEO Run to Remember","Meridian, MS USA","November 21, 2015","Ramona Van Irvin (F36)
5:05:17 35 13 / 4 F30-39 Norfolk, VA, USA
4:59:25
 "
36,MIDD=4549151121,"Meridian Marathon, LEO Run to Remember","Meridian, MS USA","November 21, 2015","TJ Harvey (M32)
5:09:59 36 23 / 5 M30-39 Jackson, MS, USA
5:09:59
 "
37,MIDD=4549151121,"Meridian Marathon, LEO Run to Remember","Meridian, MS USA","November 21, 2015","Mike Johnson (M43)
5:11:35 37 24 / 7 M40-49 Daphne, AL, USA
4:56:35
 "
38,MIDD=4549151121,"Meridian Marathon, LEO Run to Remember","Meridian, MS USA","November 21, 2015","Amy Harper-Hogancamp (F46)
5:15:35 38 14 / 6 F40-49 Clinton, KY, USA
4:41:01
 "
39,MIDD=4549151121,"Meridian Marathon, LEO Run to Remember","Meridian, MS USA","November 21, 2015","Benedict Arogyaswamy (M59)
5:16:53 39 25 / 6 M50-59 Collierville, TN, USA
4:20:59
 "
40,MIDD=4549151121,"Meridian Marathon, LEO Run to Remember","Meridian, MS USA","November 21, 2015","Roger Peabody (M63)
5:17:05 40 26 / 3 M60-69 Gillette, WY, USA
4:10:58
 "
41,MIDD=4549151121,"Meridian Marathon, LEO Run to Remember","Meridian, MS USA","November 21, 2015","Clifton Cartwright (M62)
5:21:38 41 27 / 4 M60-69 Booneville, MS, USA
4:17:08
 "
42,MIDD=4549151121,"Meridian Marathon, LEO Run to Remember","Meridian, MS USA","November 21, 2015","DON WILKINSON (M67)
5:33:36 42 28 / 5 M60-69 Crystal River, FL, USA
4:13:20
 "
43,MIDD=4549151121,"Meridian Marathon, LEO Run to Remember","Meridian, MS USA","November 21, 2015","Susan Orsbon (F44)
5:36:18 43 15 / 7 F40-49 Lyles, TN, USA
5:06:48
 "
44,MIDD=4549151121,"Meridian Marathon, LEO Run to Remember","Meridian, MS USA","November 21, 2015","Michael Thompson (M48)
5:51:06 44 29 / 8 M40-49 Meridian, MS, USA
5:20:07
 "
45,MIDD=4549151121,"Meridian Marathon, LEO Run to Remember","Meridian, MS USA","November 21, 2015","Kylie Wiggins (F13)
6:10:57 45 16 / 1 F0-19 Collinsville, MS, USA
5:26:39
 "
46,MIDD=4549151121,"Meridian Marathon, LEO Run to Remember","Meridian, MS USA","November 21, 2015","Laurence Macon (M70)
6:29:07 46 30 / 1 M70-99 San Antonio, TX, USA
4:46:07
 "
47,MIDD=4549151121,"Meridian Marathon, LEO Run to Remember","Meridian, MS USA","November 21, 2015","Tammy Henderson (F46)
6:50:23 47 17 / 8 F40-49 Conway, AR, USA
6:05:26
 "
48,MIDD=4549151121,"Meridian Marathon, LEO Run to Remember","Meridian, MS USA","November 21, 2015","Susan Skipworth (F59)
7:10:06 48 18 / 4 F50-59 Paducah, KY, USA
5:22:03
 "
49,MIDD=4549151121,"Meridian Marathon, LEO Run to Remember","Meridian, MS USA","November 21, 2015","Ray Gildea (M62)
7:10:15 49 31 / 6 M60-69 Madison, MS, USA
5:43:59
 "
50,MIDD=4549151121,"Meridian Marathon, LEO Run to Remember","Meridian, MS USA","November 21, 2015","Karen Nicholson (F50)
7:17:47 50 19 / 5 F50-59 Overland Park, KS, USA
6:10:45
 "
51,MIDD=4549151121,"Meridian Marathon, LEO Run to Remember","Meridian, MS USA","November 21, 2015","Carolyn Mitchell (F79)
7:17:47 51 20 / 1 F70-99 Lenexa, KS, USA
3:33:06
 "
52,MIDD=4549151121,"Meridian Marathon, LEO Run to Remember","Meridian, MS USA","November 21, 2015","Artney Walker (F35)
7:27:47 52 21 / 5 F30-39 Birmingham, AL, USA
7:21:28
 "
53,MIDD=4549151121,"Meridian Marathon, LEO Run to Remember","Meridian, MS USA","November 21, 2015","Phyllis Day (F60)
7:28:37 53 22 / 1 F60-69 Jackson, MS, USA
5:30:56
 "
54,MIDD=4549151121,"Meridian Marathon, LEO Run to Remember","Meridian, MS USA","November 21, 2015","Bob Koorstad (M70)
7:54:40 54 32 / 2 M70-99 Jacksonville, AR, USA
5:49:01
 "
