,race_id,race,location,date,runners
0,MIDD=4337151114,Grand Ridge Marathon,"Issaquah, WA USA","November 14, 2015","

Have you run this race?Then tell us about it.

Last Name, First Name(Sex/Age)
Time OverAllPlace
Sex Place/Div Place
DIV 
City, State, Country AG Time* BQ*"
1,MIDD=4337151114,Grand Ridge Marathon,"Issaquah, WA USA","November 14, 2015","Jean-Gael Reboul (M39)
2:28:43 1 1 / 1 M30-39 Kenmore, WA, USA
2:26:20
BQ"
2,MIDD=4337151114,Grand Ridge Marathon,"Issaquah, WA USA","November 14, 2015","William Hinckley (M33)
4:34:38 2 2 / 2 M30-39 Seattle, WA, USA
4:34:38
 "
3,MIDD=4337151114,Grand Ridge Marathon,"Issaquah, WA USA","November 14, 2015","Shelaine Dolce (F34)
4:44:57 3 1 / 1 F30-39 Renton, WA, USA
4:42:09
 "
4,MIDD=4337151114,Grand Ridge Marathon,"Issaquah, WA USA","November 14, 2015","Ryan Smolinsky (M31)
4:57:20 4 3 / 3 M30-39 Wenatchee, WA, USA
4:57:20
 "
5,MIDD=4337151114,Grand Ridge Marathon,"Issaquah, WA USA","November 14, 2015","Adam Krett (M43)
5:04:21 5 4 / 1 M40-49 Snoqualmie, WA, USA
4:49:43
 "
6,MIDD=4337151114,Grand Ridge Marathon,"Issaquah, WA USA","November 14, 2015","Andrew Ryan (M22)
5:07:07 6 5 / 1 M20-29 Spokane, WA, USA
5:06:58
 "
7,MIDD=4337151114,Grand Ridge Marathon,"Issaquah, WA USA","November 14, 2015","Emer Dooley (F54)
5:08:44 7 2 / 1 F50-59 Bellevue, WA, USA
4:08:00
 "
8,MIDD=4337151114,Grand Ridge Marathon,"Issaquah, WA USA","November 14, 2015","Susan Fairchild (F39)
5:17:03 8 3 / 2 F30-39 Issaquah, WA, USA
5:04:37
 "
9,MIDD=4337151114,Grand Ridge Marathon,"Issaquah, WA USA","November 14, 2015","Sank Watson (M22)
5:18:08 9 6 / 2 M20-29 Tacoma, WA, USA
5:17:58
 "
10,MIDD=4337151114,Grand Ridge Marathon,"Issaquah, WA USA","November 14, 2015","Andrew Reiff (M42)
5:24:33 10 7 / 2 M40-49 Leadville, CO, USA
5:11:32
 "
11,MIDD=4337151114,Grand Ridge Marathon,"Issaquah, WA USA","November 14, 2015","Shawn Aebi (M53)
5:34:07 11 8 / 1 M50-59 Woodinville, WA, USA
4:51:15
 "
12,MIDD=4337151114,Grand Ridge Marathon,"Issaquah, WA USA","November 14, 2015","Christel Elliott (F37)
5:40:10 12 4 / 3 F30-39 Tacoma, WA, USA
5:31:38
 "
13,MIDD=4337151114,Grand Ridge Marathon,"Issaquah, WA USA","November 14, 2015","Elissa Sweeney (F23)
5:40:30 13 5 / 1 F20-29 Oakville, ON, Canada
5:40:30
 "
14,MIDD=4337151114,Grand Ridge Marathon,"Issaquah, WA USA","November 14, 2015","Bobby Andrews (M35)
5:43:09 14 9 / 4 M30-39 Seattle, WA, USA
5:43:09
 "
15,MIDD=4337151114,Grand Ridge Marathon,"Issaquah, WA USA","November 14, 2015","Patrick Kubovsky (M45)
6:01:20 15 10 / 3 M40-49 Mechanicsburg, PA, USA
5:38:08
 "
16,MIDD=4337151114,Grand Ridge Marathon,"Issaquah, WA USA","November 14, 2015","Loren Bonner (M21)
6:07:15 16 11 / 3 M20-29 Port Orchard, WA, USA
6:05:35
 "
17,MIDD=4337151114,Grand Ridge Marathon,"Issaquah, WA USA","November 14, 2015","Jennifer Dandrea (F32)
6:16:35 17 6 / 4 F30-39 Staten Island, NY, USA
6:15:16
 "
18,MIDD=4337151114,Grand Ridge Marathon,"Issaquah, WA USA","November 14, 2015","Rene Crickenberger (F34)
6:21:38 18 7 / 5 F30-39 Seattle, WA, USA
6:17:54
 "
19,MIDD=4337151114,Grand Ridge Marathon,"Issaquah, WA USA","November 14, 2015","Cord Jonson (M32)
6:31:51 19 12 / 5 M30-39 Seattle, WA, USA
6:31:51
 "
20,MIDD=4337151114,Grand Ridge Marathon,"Issaquah, WA USA","November 14, 2015","Mac Jonson (M30)
6:31:51 20 13 / 6 M30-39 Seattle, WA, USA
6:31:51
 "
21,MIDD=4337151114,Grand Ridge Marathon,"Issaquah, WA USA","November 14, 2015","RC Good (M44)
6:41:31 21 14 / 4 M40-49 Portland, OR, USA
6:18:59
 "
22,MIDD=4337151114,Grand Ridge Marathon,"Issaquah, WA USA","November 14, 2015","Beth Pirrong (F50)
6:43:48 22 8 / 2 F50-59 Kirkland, WA, USA
5:41:58
 "
23,MIDD=4337151114,Grand Ridge Marathon,"Issaquah, WA USA","November 14, 2015","Sybil Ashworth (F38)
6:51:04 23 9 / 6 F30-39 Seattle, WA, USA
6:38:00
 "
24,MIDD=4337151114,Grand Ridge Marathon,"Issaquah, WA USA","November 14, 2015","Lindsey Morck (F30)
7:25:20 24 10 / 7 F30-39 Seattle, WA, USA
7:25:09
 "
25,MIDD=4337151114,Grand Ridge Marathon,"Issaquah, WA USA","November 14, 2015","Leah Erickson (F46)
7:36:03 25 11 / 1 F40-49 Vancouver, WA, USA
6:46:07
 "
26,MIDD=4337151114,Grand Ridge Marathon,"Issaquah, WA USA","November 14, 2015","Ram Shankar Siva Kumar (M26)
7:47:34 26 15 / 4 M20-29 Kirkland, WA, USA
7:47:34
 "
27,MIDD=4337151114,Grand Ridge Marathon,"Issaquah, WA USA","November 14, 2015","Kelsey Valdez (F19)
7:48:44 27 12 / 1 F0-19 South Jordan, UT, USA
7:45:44
 "
28,MIDD=4337151114,Grand Ridge Marathon,"Issaquah, WA USA","November 14, 2015","Susie Van Den Ameele (F46)
8:08:13 28 13 / 2 F40-49 Seattle, WA, USA
7:14:46
 "
