,race_id,race,location,date,runners
0,MIDD=554151128,North Central Trail Marathon,"Sparks, MD USA","November 28, 2015","

Have you run this race?Then tell us about it.

Last Name, First Name(Sex/Age)
Time OverAllPlace
Sex Place/Div Place
DIV Net Time AG Time* BQ*"
1,MIDD=554151128,North Central Trail Marathon,"Sparks, MD USA","November 28, 2015","Henry Reichard (M18)
2:47:56 1 1 / 1 Mopen
2:47:54
2:41:26
BQ"
2,MIDD=554151128,North Central Trail Marathon,"Sparks, MD USA","November 28, 2015","Adam Sachs (M20)
2:50:31 2 2 / 2 Mopen
2:50:27
2:48:19
BQ"
3,MIDD=554151128,North Central Trail Marathon,"Sparks, MD USA","November 28, 2015","Chuck Engle (M44)
2:51:59 3 3 / 3 Mopen
2:51:56
2:42:18
BQ"
4,MIDD=554151128,North Central Trail Marathon,"Sparks, MD USA","November 28, 2015","Brian Crandall (M35)
2:56:02 4 4 / 4 Mopen
2:55:58
2:55:58
BQ"
5,MIDD=554151128,North Central Trail Marathon,"Sparks, MD USA","November 28, 2015","Chris Solarz (M37)
2:58:19 5 5 / 5 Mopen
2:58:17
2:57:35
BQ"
6,MIDD=554151128,North Central Trail Marathon,"Sparks, MD USA","November 28, 2015","Maurice Pointer (M60)
2:59:26 6 6 / 1 M60-64
2:59:25
2:26:19
BQ"
7,MIDD=554151128,North Central Trail Marathon,"Sparks, MD USA","November 28, 2015","William stanton (M20)
3:01:05 7 7 / 1 M20-24
3:01:03
2:58:47
BQ"
8,MIDD=554151128,North Central Trail Marathon,"Sparks, MD USA","November 28, 2015","Karsten Brown (M41)
3:01:40 8 8 / 1 M40-44
3:01:38
2:55:48
BQ"
9,MIDD=554151128,North Central Trail Marathon,"Sparks, MD USA","November 28, 2015","mark tinsley (M46)
3:01:53 9 9 / 1 M45-49
3:01:50
2:48:42
BQ"
10,MIDD=554151128,North Central Trail Marathon,"Sparks, MD USA","November 28, 2015","Russell Bobbitt (M44)
3:02:00 10 10 / 2 M40-44
3:01:55
2:51:43
BQ"
11,MIDD=554151128,North Central Trail Marathon,"Sparks, MD USA","November 28, 2015","Douglas Basinski (M44)
3:04:29 11 11 / 3 M40-44
3:04:27
2:54:06
BQ"
12,MIDD=554151128,North Central Trail Marathon,"Sparks, MD USA","November 28, 2015","Steve Osczevski (M31)
3:06:09 12 12 / 1 M30-34
3:06:06
3:06:06
 "
13,MIDD=554151128,North Central Trail Marathon,"Sparks, MD USA","November 28, 2015","Josh Wadlington (M35)
3:08:12 13 13 / 1 M35-39
3:08:06
3:08:06
BQ"
14,MIDD=554151128,North Central Trail Marathon,"Sparks, MD USA","November 28, 2015","Jicheng Liu (M44)
3:10:05 14 14 / 4 M40-44
3:10:04
2:59:24
BQ"
15,MIDD=554151128,North Central Trail Marathon,"Sparks, MD USA","November 28, 2015","Kermit Snyder (M38)
3:11:40 15 15 / 2 M35-39
3:11:35
3:09:51
 "
16,MIDD=554151128,North Central Trail Marathon,"Sparks, MD USA","November 28, 2015","Stephen Bohse (M48)
3:13:50 16 16 / 2 M45-49
3:13:46
2:56:41
BQ"
17,MIDD=554151128,North Central Trail Marathon,"Sparks, MD USA","November 28, 2015","E.J. Ferguson (M40)
3:15:28 17 17 / 5 M40-44
3:15:19
3:10:36
 "
18,MIDD=554151128,North Central Trail Marathon,"Sparks, MD USA","November 28, 2015","Rich Harfst (M52)
3:15:40 18 18 / 1 M50-54
3:15:36
2:52:04
BQ"
19,MIDD=554151128,North Central Trail Marathon,"Sparks, MD USA","November 28, 2015","Bernard Kelly (M42)
3:16:32 19 19 / 6 M40-44
3:16:23
3:08:30
 "
20,MIDD=554151128,North Central Trail Marathon,"Sparks, MD USA","November 28, 2015","David Ploskonka (M34)
3:16:49 20 20 / 2 M30-34
3:16:41
3:16:41
 "
21,MIDD=554151128,North Central Trail Marathon,"Sparks, MD USA","November 28, 2015","Michael Bohse (M52)
3:16:57 21 21 / 2 M50-54
3:16:53
2:53:12
BQ"
22,MIDD=554151128,North Central Trail Marathon,"Sparks, MD USA","November 28, 2015","Troy DeWitt (M33)
3:16:58 22 22 / 3 M30-34
3:16:55
3:16:55
 "
23,MIDD=554151128,North Central Trail Marathon,"Sparks, MD USA","November 28, 2015","Peter Danchin (M46)
3:17:02 23 23 / 3 M45-49
3:16:57
3:02:43
BQ"
24,MIDD=554151128,North Central Trail Marathon,"Sparks, MD USA","November 28, 2015","Kaitlan Moynihan (F20)
3:17:10 24 1 / 1 Fopen
3:16:58
3:16:49
BQ"
25,MIDD=554151128,North Central Trail Marathon,"Sparks, MD USA","November 28, 2015","Phillip Pawlukovich (M36)
3:17:26 25 24 / 3 M35-39
3:17:20
3:17:08
 "
26,MIDD=554151128,North Central Trail Marathon,"Sparks, MD USA","November 28, 2015","Christian Creutzer (M54)
3:19:18 26 25 / 3 M50-54
3:19:13
2:52:04
BQ"
27,MIDD=554151128,North Central Trail Marathon,"Sparks, MD USA","November 28, 2015","Joselyn King (F40)
3:20:34 27 2 / 2 Fopen
3:20:27
3:10:57
BQ"
28,MIDD=554151128,North Central Trail Marathon,"Sparks, MD USA","November 28, 2015","Robert Bowen (M45)
3:21:04 28 26 / 4 M45-49
3:20:49
3:07:56
BQ"
29,MIDD=554151128,North Central Trail Marathon,"Sparks, MD USA","November 28, 2015","Joshua Mahaffey (M29)
3:21:05 29 27 / 1 M25-29
3:21:03
3:21:03
 "
30,MIDD=554151128,North Central Trail Marathon,"Sparks, MD USA","November 28, 2015","Andy Baida (M57)
3:21:45 30 28 / 1 M55-59
3:21:09
2:48:53
BQ"
31,MIDD=554151128,North Central Trail Marathon,"Sparks, MD USA","November 28, 2015","Jacob Smith (M18)
3:21:22 31 29 / 1 M0-19
3:21:11
3:13:26
 "
32,MIDD=554151128,North Central Trail Marathon,"Sparks, MD USA","November 28, 2015","Erica Smith (F33)
3:21:21 32 3 / 3 Fopen
3:21:16
3:20:00
BQ"
33,MIDD=554151128,North Central Trail Marathon,"Sparks, MD USA","November 28, 2015","Philip Karp (M49)
3:21:58 33 30 / 5 M45-49
3:21:54
3:02:29
BQ"
34,MIDD=554151128,North Central Trail Marathon,"Sparks, MD USA","November 28, 2015","Daniel Hickstein (M31)
3:23:23 34 31 / 4 M30-34
3:23:11
3:23:11
 "
35,MIDD=554151128,North Central Trail Marathon,"Sparks, MD USA","November 28, 2015","dave lennox (M57)
3:23:43 35 32 / 2 M55-59
3:23:30
2:50:51
BQ"
36,MIDD=554151128,North Central Trail Marathon,"Sparks, MD USA","November 28, 2015","Jeremiah Bartz (M34)
3:24:13 36 33 / 5 M30-34
3:24:04
3:24:04
 "
37,MIDD=554151128,North Central Trail Marathon,"Sparks, MD USA","November 28, 2015","Joshua Marsh (M35)
3:25:02 37 34 / 4 M35-39
3:24:55
3:24:55
 "
38,MIDD=554151128,North Central Trail Marathon,"Sparks, MD USA","November 28, 2015","Tim Reardon (M41)
3:25:41 38 35 / 7 M40-44
3:25:30
3:18:54
 "
39,MIDD=554151128,North Central Trail Marathon,"Sparks, MD USA","November 28, 2015","Andres Hernandez (M46)
3:25:52 39 36 / 6 M45-49
3:25:36
3:10:45
 "
40,MIDD=554151128,North Central Trail Marathon,"Sparks, MD USA","November 28, 2015","victor zirkelbach (M35)
3:25:59 40 37 / 5 M35-39
3:25:58
3:25:58
 "
41,MIDD=554151128,North Central Trail Marathon,"Sparks, MD USA","November 28, 2015","Justine DiGregorio (F24)
3:26:10 41 4 / 4 Fopen
3:26:02
3:26:02
BQ"
42,MIDD=554151128,North Central Trail Marathon,"Sparks, MD USA","November 28, 2015","Andrew C Smith (M53)
3:26:39 42 38 / 4 M50-54
3:26:34
3:00:04
BQ"
43,MIDD=554151128,North Central Trail Marathon,"Sparks, MD USA","November 28, 2015","Mike Schwartz (M48)
3:26:47 43 39 / 7 M45-49
3:26:43
3:08:29
 "
44,MIDD=554151128,North Central Trail Marathon,"Sparks, MD USA","November 28, 2015","Joe Guilyard (M58)
3:27:35 44 40 / 3 M55-59
3:27:32
2:52:35
BQ"
45,MIDD=554151128,North Central Trail Marathon,"Sparks, MD USA","November 28, 2015","Patrick Kubovsky (M45)
3:27:35 45 41 / 8 M45-49
3:27:32
3:14:13
 "
46,MIDD=554151128,North Central Trail Marathon,"Sparks, MD USA","November 28, 2015","Keith Straw (M60)
3:28:02 46 42 / 1 M60-64
3:27:44
2:49:24
BQ"
47,MIDD=554151128,North Central Trail Marathon,"Sparks, MD USA","November 28, 2015","Jeloni Moore (M30)
3:28:30 47 43 / 6 M30-34
3:28:17
3:28:17
 "
48,MIDD=554151128,North Central Trail Marathon,"Sparks, MD USA","November 28, 2015","Molly Matala (F26)
3:28:46 48 5 / 5 Fopen
3:28:36
3:28:36
BQ"
49,MIDD=554151128,North Central Trail Marathon,"Sparks, MD USA","November 28, 2015","keary johnston (F50)
3:28:47 49 6 / 1 F50-54
3:28:42
2:56:45
BQ"
50,MIDD=554151128,North Central Trail Marathon,"Sparks, MD USA","November 28, 2015","Takashi Furusawa (M42)
3:29:24 50 44 / 8 M40-44
3:29:03
3:20:40
 "
51,MIDD=554151128,North Central Trail Marathon,"Sparks, MD USA","November 28, 2015","Robert Richardson (M34)
3:29:41 51 45 / 7 M30-34
3:29:32
3:29:32
 "
52,MIDD=554151128,North Central Trail Marathon,"Sparks, MD USA","November 28, 2015","Tom DeKornfeld (M62)
3:30:36 52 46 / 2 M60-64
3:30:22
2:48:11
BQ"
53,MIDD=554151128,North Central Trail Marathon,"Sparks, MD USA","November 28, 2015","Brian Yowler (M42)
3:31:12 53 47 / 9 M40-44
3:31:07
3:22:39
 "
54,MIDD=554151128,North Central Trail Marathon,"Sparks, MD USA","November 28, 2015","Matt Littlejohn (M30)
3:31:36 54 48 / 8 M30-34
3:31:31
3:31:31
 "
55,MIDD=554151128,North Central Trail Marathon,"Sparks, MD USA","November 28, 2015","Lokesh Kumar Meena (M28)
3:33:04 55 49 / 2 M25-29
3:33:01
3:33:01
 "
56,MIDD=554151128,North Central Trail Marathon,"Sparks, MD USA","November 28, 2015","Mark Parkhurst (M26)
3:33:59 56 50 / 3 M25-29
3:33:32
3:33:32
 "
57,MIDD=554151128,North Central Trail Marathon,"Sparks, MD USA","November 28, 2015","LorA Liu (F32)
3:34:14 57 7 / 1 F30-34
3:34:03
3:33:18
BQ"
58,MIDD=554151128,North Central Trail Marathon,"Sparks, MD USA","November 28, 2015","Jim Roche (M46)
3:34:15 58 51 / 9 M45-49
3:34:07
3:18:40
 "
59,MIDD=554151128,North Central Trail Marathon,"Sparks, MD USA","November 28, 2015","James Gehenio (M54)
3:34:39 59 52 / 5 M50-54
3:34:23
3:05:10
 "
60,MIDD=554151128,North Central Trail Marathon,"Sparks, MD USA","November 28, 2015","Ryan Espulgar (M33)
3:34:42 60 53 / 9 M30-34
3:34:29
3:34:29
 "
61,MIDD=554151128,North Central Trail Marathon,"Sparks, MD USA","November 28, 2015","Rick Armiger (M44)
3:35:30 61 54 / 10 M40-44
3:34:58
3:22:54
 "
62,MIDD=554151128,North Central Trail Marathon,"Sparks, MD USA","November 28, 2015","Reed Tepper (M42)
3:36:09 62 55 / 11 M40-44
3:36:06
3:27:26
 "
63,MIDD=554151128,North Central Trail Marathon,"Sparks, MD USA","November 28, 2015","Jack Guilfoyle (M54)
3:37:08 63 56 / 6 M50-54
3:37:02
3:07:27
 "
64,MIDD=554151128,North Central Trail Marathon,"Sparks, MD USA","November 28, 2015","Ryan Breyer (M30)
3:37:58 64 57 / 10 M30-34
3:37:36
3:37:36
 "
65,MIDD=554151128,North Central Trail Marathon,"Sparks, MD USA","November 28, 2015","Jennifer Dustin (F46)
3:38:16 65 8 / 1 F45-49
3:37:36
3:13:46
BQ"
66,MIDD=554151128,North Central Trail Marathon,"Sparks, MD USA","November 28, 2015","Megan Jordan (F30)
3:37:55 66 9 / 2 F30-34
3:37:48
3:37:42
 "
67,MIDD=554151128,North Central Trail Marathon,"Sparks, MD USA","November 28, 2015","Robert Toonkel (M40)
3:38:35 67 58 / 12 M40-44
3:38:24
3:33:08
 "
68,MIDD=554151128,North Central Trail Marathon,"Sparks, MD USA","November 28, 2015","Laura Johnson (F30)
3:38:47 68 10 / 3 F30-34
3:38:36
3:38:30
 "
69,MIDD=554151128,North Central Trail Marathon,"Sparks, MD USA","November 28, 2015","Mitchell Mendis (M30)
3:38:51 69 59 / 11 M30-34
3:38:36
3:38:36
 "
70,MIDD=554151128,North Central Trail Marathon,"Sparks, MD USA","November 28, 2015","Chris Walsh (M29)
3:38:51 70 60 / 4 M25-29
3:38:36
3:38:36
 "
71,MIDD=554151128,North Central Trail Marathon,"Sparks, MD USA","November 28, 2015","Alejandro Carrillo (M29)
3:40:12 71 61 / 5 M25-29
3:39:26
3:39:26
 "
72,MIDD=554151128,North Central Trail Marathon,"Sparks, MD USA","November 28, 2015","Olivia Kelly (F29)
3:40:51 72 11 / 1 F25-29
3:40:39
3:40:39
 "
73,MIDD=554151128,North Central Trail Marathon,"Sparks, MD USA","November 28, 2015","Kurt Weissgerber (M34)
3:40:50 73 62 / 12 M30-34
3:40:46
3:40:46
 "
74,MIDD=554151128,North Central Trail Marathon,"Sparks, MD USA","November 28, 2015","deb hicks (F42)
3:41:39 74 12 / 1 F40-44
3:40:59
3:26:19
BQ"
75,MIDD=554151128,North Central Trail Marathon,"Sparks, MD USA","November 28, 2015","Nadrat Siddique (F47)
3:41:22 75 13 / 2 F45-49
3:41:13
3:14:35
BQ"
76,MIDD=554151128,North Central Trail Marathon,"Sparks, MD USA","November 28, 2015","Chris Calimano (M34)
3:41:21 76 63 / 13 M30-34
3:41:13
3:41:13
 "
77,MIDD=554151128,North Central Trail Marathon,"Sparks, MD USA","November 28, 2015","Corby Burkholder (M38)
3:42:01 77 64 / 6 M35-39
3:41:37
3:39:37
 "
78,MIDD=554151128,North Central Trail Marathon,"Sparks, MD USA","November 28, 2015","Kate Zimmerman (F31)
3:43:27 78 14 / 4 F30-34
3:43:02
3:42:41
 "
79,MIDD=554151128,North Central Trail Marathon,"Sparks, MD USA","November 28, 2015","Dean Beatty (M63)
3:43:13 79 65 / 3 M60-64
3:43:08
2:56:36
BQ"
80,MIDD=554151128,North Central Trail Marathon,"Sparks, MD USA","November 28, 2015","Jill Snyder (F55)
3:43:35 80 15 / 1 F55-59
3:43:21
2:56:59
BQ"
81,MIDD=554151128,North Central Trail Marathon,"Sparks, MD USA","November 28, 2015","Stefanie Bernosky (F33)
3:43:33 81 16 / 5 F30-34
3:43:25
3:42:01
 "
82,MIDD=554151128,North Central Trail Marathon,"Sparks, MD USA","November 28, 2015","Mike Christian (M45)
3:44:09 82 66 / 10 M45-49
3:44:05
3:29:42
 "
83,MIDD=554151128,North Central Trail Marathon,"Sparks, MD USA","November 28, 2015","Josh Dehlinger (M36)
3:44:55 83 67 / 7 M35-39
3:44:44
3:44:31
 "
84,MIDD=554151128,North Central Trail Marathon,"Sparks, MD USA","November 28, 2015","Jennifer Swerida (F30)
3:46:25 84 17 / 6 F30-34
3:46:07
3:46:02
 "
85,MIDD=554151128,North Central Trail Marathon,"Sparks, MD USA","November 28, 2015","Roger Pine (M37)
3:46:17 85 68 / 8 M35-39
3:46:13
3:45:19
 "
86,MIDD=554151128,North Central Trail Marathon,"Sparks, MD USA","November 28, 2015","Ryan Herzing (M32)
3:47:21 86 69 / 14 M30-34
3:46:37
3:46:37
 "
87,MIDD=554151128,North Central Trail Marathon,"Sparks, MD USA","November 28, 2015","Natalie Phrompeng (F38)
3:47:23 87 18 / 1 F35-39
3:47:05
3:39:52
 "
88,MIDD=554151128,North Central Trail Marathon,"Sparks, MD USA","November 28, 2015","Warren Gray (M49)
3:47:52 88 70 / 11 M45-49
3:47:44
3:25:49
 "
89,MIDD=554151128,North Central Trail Marathon,"Sparks, MD USA","November 28, 2015","Tommy Engram (M49)
3:48:27 89 71 / 12 M45-49
3:47:49
3:25:54
 "
90,MIDD=554151128,North Central Trail Marathon,"Sparks, MD USA","November 28, 2015","Shunpei Ishikawa (M37)
3:48:21 90 72 / 9 M35-39
3:48:01
3:47:06
 "
91,MIDD=554151128,North Central Trail Marathon,"Sparks, MD USA","November 28, 2015","Ling Dao (M38)
3:48:58 91 73 / 10 M35-39
3:48:39
3:46:35
 "
92,MIDD=554151128,North Central Trail Marathon,"Sparks, MD USA","November 28, 2015","Victor Kunze (M49)
3:49:38 92 74 / 13 M45-49
3:49:30
3:27:26
 "
93,MIDD=554151128,North Central Trail Marathon,"Sparks, MD USA","November 28, 2015","Jordan Anderson (M28)
3:51:41 93 75 / 6 M25-29
3:51:34
3:51:34
 "
94,MIDD=554151128,North Central Trail Marathon,"Sparks, MD USA","November 28, 2015","Maureen Hall (F50)
3:51:59 94 19 / 1 F50-54
3:51:56
3:16:25
BQ"
95,MIDD=554151128,North Central Trail Marathon,"Sparks, MD USA","November 28, 2015","Richard Snyder (M52)
3:53:11 95 76 / 7 M50-54
3:52:56
3:24:55
 "
96,MIDD=554151128,North Central Trail Marathon,"Sparks, MD USA","November 28, 2015","gordon gustafson (M46)
3:53:41 96 77 / 14 M45-49
3:53:30
3:36:39
 "
97,MIDD=554151128,North Central Trail Marathon,"Sparks, MD USA","November 28, 2015","Bill Harrison (M52)
3:54:09 97 78 / 8 M50-54
3:53:45
3:25:38
 "
98,MIDD=554151128,North Central Trail Marathon,"Sparks, MD USA","November 28, 2015","Darren Raiguel (M45)
3:53:58 98 79 / 15 M45-49
3:53:51
3:38:50
 "
99,MIDD=554151128,North Central Trail Marathon,"Sparks, MD USA","November 28, 2015","Sara Bailey (F25)
3:54:39 99 20 / 2 F25-29
3:54:34
3:54:34
 "
100,MIDD=554151128,North Central Trail Marathon,"Sparks, MD USA","November 28, 2015","Erin Longenecker (F31)
3:55:20 100 21 / 7 F30-34
3:54:49
3:54:27
 "
101,MIDD=554151128,North Central Trail Marathon,"Sparks, MD USA","November 28, 2015","Heather Morin (F45)
3:55:40 101 22 / 3 F45-49
3:54:50
3:31:40
BQ"
102,MIDD=554151128,North Central Trail Marathon,"Sparks, MD USA","November 28, 2015","Leahandra Wendland (F25)
3:55:08 102 23 / 3 F25-29
3:55:01
3:55:01
 "
103,MIDD=554151128,North Central Trail Marathon,"Sparks, MD USA","November 28, 2015","Kim Morgan (F51)
3:55:16 103 24 / 2 F50-54
3:55:02
3:16:29
BQ"
104,MIDD=554151128,North Central Trail Marathon,"Sparks, MD USA","November 28, 2015","Anissa Watkins (F39)
3:55:39 104 25 / 2 F35-39
3:55:19
3:46:05
 "
105,MIDD=554151128,North Central Trail Marathon,"Sparks, MD USA","November 28, 2015","George Dague (M54)
3:55:58 105 80 / 9 M50-54
3:55:48
3:23:40
 "
106,MIDD=554151128,North Central Trail Marathon,"Sparks, MD USA","November 28, 2015","Gregory Raplee (M37)
3:56:16 106 81 / 11 M35-39
3:55:59
3:55:02
 "
107,MIDD=554151128,North Central Trail Marathon,"Sparks, MD USA","November 28, 2015","Andrew Fisher (M29)
3:56:36 107 82 / 7 M25-29
3:56:16
3:56:16
 "
108,MIDD=554151128,North Central Trail Marathon,"Sparks, MD USA","November 28, 2015","Alain Philippe (M48)
3:56:50 108 83 / 16 M45-49
3:56:25
3:35:34
 "
109,MIDD=554151128,North Central Trail Marathon,"Sparks, MD USA","November 28, 2015","Carlos Evangelista (M52)
3:57:20 109 84 / 10 M50-54
3:56:45
3:28:16
 "
110,MIDD=554151128,North Central Trail Marathon,"Sparks, MD USA","November 28, 2015","Les Rau (M50)
3:57:47 110 85 / 11 M50-54
3:57:31
3:32:45
 "
111,MIDD=554151128,North Central Trail Marathon,"Sparks, MD USA","November 28, 2015","Amy Sachs (F50)
3:58:03 111 26 / 3 F50-54
3:57:46
3:21:22
BQ"
112,MIDD=554151128,North Central Trail Marathon,"Sparks, MD USA","November 28, 2015","Kevin Fitzgerald (M57)
3:58:28 112 86 / 4 M55-59
3:58:07
3:19:55
 "
113,MIDD=554151128,North Central Trail Marathon,"Sparks, MD USA","November 28, 2015","Ryan Rudzinski (M35)
3:58:25 113 87 / 12 M35-39
3:58:10
3:58:10
 "
114,MIDD=554151128,North Central Trail Marathon,"Sparks, MD USA","November 28, 2015","Jason Pawling (M49)
3:59:00 114 88 / 17 M45-49
3:58:34
3:35:37
 "
115,MIDD=554151128,North Central Trail Marathon,"Sparks, MD USA","November 28, 2015","James Miner (M67)
3:58:58 115 89 / 1 M65-69
3:58:45
3:01:18
BQ"
116,MIDD=554151128,North Central Trail Marathon,"Sparks, MD USA","November 28, 2015","Jeremy Reid (M41)
3:59:18 116 90 / 13 M40-44
3:58:56
3:51:16
 "
117,MIDD=554151128,North Central Trail Marathon,"Sparks, MD USA","November 28, 2015","Andrew Brooks (M40)
4:00:01 117 91 / 14 M40-44
3:59:26
3:53:39
 "
118,MIDD=554151128,North Central Trail Marathon,"Sparks, MD USA","November 28, 2015","Stephen Thienel (M63)
4:00:44 118 92 / 4 M60-64
3:59:52
3:09:51
 "
119,MIDD=554151128,North Central Trail Marathon,"Sparks, MD USA","November 28, 2015","Lisa Carr Lang (F47)
4:00:44 119 27 / 4 F45-49
3:59:53
3:31:00
 "
120,MIDD=554151128,North Central Trail Marathon,"Sparks, MD USA","November 28, 2015","Eileen Boettcher (F51)
4:00:19 120 28 / 4 F50-54
3:59:58
3:20:36
BQ"
121,MIDD=554151128,North Central Trail Marathon,"Sparks, MD USA","November 28, 2015","James Pringle (M27)
4:22:30 121 93 / 8 M25-29
3:59:58
3:59:58
 "
122,MIDD=554151128,North Central Trail Marathon,"Sparks, MD USA","November 28, 2015","Ross Heisman (M58)
4:01:06 122 94 / 5 M55-59
4:00:42
3:20:09
 "
123,MIDD=554151128,North Central Trail Marathon,"Sparks, MD USA","November 28, 2015","Jake Ferentz (M28)
4:01:30 123 95 / 9 M25-29
4:01:09
4:01:09
 "
124,MIDD=554151128,North Central Trail Marathon,"Sparks, MD USA","November 28, 2015","Harriet Bowden (F42)
4:02:09 124 29 / 2 F40-44
4:01:29
3:45:28
 "
125,MIDD=554151128,North Central Trail Marathon,"Sparks, MD USA","November 28, 2015","Allen Smith (M57)
4:01:52 125 96 / 6 M55-59
4:01:43
3:22:57
 "
126,MIDD=554151128,North Central Trail Marathon,"Sparks, MD USA","November 28, 2015","Soren Powell (M37)
4:02:31 126 97 / 13 M35-39
4:02:19
4:01:20
 "
127,MIDD=554151128,North Central Trail Marathon,"Sparks, MD USA","November 28, 2015","Matt Antinossi Antinoss (M42)
4:02:37 127 98 / 15 M40-44
4:02:26
3:52:43
 "
128,MIDD=554151128,North Central Trail Marathon,"Sparks, MD USA","November 28, 2015","Dan Matheny (M50)
4:03:34 128 99 / 12 M50-54
4:03:12
3:37:50
 "
129,MIDD=554151128,North Central Trail Marathon,"Sparks, MD USA","November 28, 2015","Ronnie Wong (M69)
4:03:45 129 100 / 2 M65-69
4:03:34
3:01:04
BQ"
130,MIDD=554151128,North Central Trail Marathon,"Sparks, MD USA","November 28, 2015","Wendy Fite (F57)
4:04:03 130 30 / 2 F55-59
4:03:48
3:07:52
BQ"
131,MIDD=554151128,North Central Trail Marathon,"Sparks, MD USA","November 28, 2015","Jeffrey Engorn (M30)
4:04:36 131 101 / 15 M30-34
4:03:53
4:03:53
 "
132,MIDD=554151128,North Central Trail Marathon,"Sparks, MD USA","November 28, 2015","Jennifer Uhlig (F35)
4:04:30 132 31 / 3 F35-39
4:04:08
4:00:41
 "
133,MIDD=554151128,North Central Trail Marathon,"Sparks, MD USA","November 28, 2015","Robert Harris (M52)
4:04:33 133 102 / 13 M50-54
4:04:10
3:34:47
 "
134,MIDD=554151128,North Central Trail Marathon,"Sparks, MD USA","November 28, 2015","Justin Debes (M29)
4:05:13 134 103 / 10 M25-29
4:04:33
4:04:33
 "
135,MIDD=554151128,North Central Trail Marathon,"Sparks, MD USA","November 28, 2015","Robert Bell (M63)
4:05:04 135 104 / 5 M60-64
4:04:42
3:13:40
 "
136,MIDD=554151128,North Central Trail Marathon,"Sparks, MD USA","November 28, 2015","JOSHUA VANDERWAL (M28)
4:05:53 136 105 / 11 M25-29
4:05:22
4:05:22
 "
137,MIDD=554151128,North Central Trail Marathon,"Sparks, MD USA","November 28, 2015","Cesar Sermeno (M41)
4:05:26 137 106 / 16 M40-44
4:05:22
3:57:30
 "
138,MIDD=554151128,North Central Trail Marathon,"Sparks, MD USA","November 28, 2015","shannon nowlin (F45)
4:05:38 138 32 / 5 F45-49
4:05:25
3:41:13
 "
139,MIDD=554151128,North Central Trail Marathon,"Sparks, MD USA","November 28, 2015","Stephanie Clark (F35)
4:05:43 139 33 / 4 F35-39
4:05:34
4:02:07
 "
140,MIDD=554151128,North Central Trail Marathon,"Sparks, MD USA","November 28, 2015","Tim Tobin (M48)
4:06:13 140 107 / 18 M45-49
4:05:48
3:44:07
 "
141,MIDD=554151128,North Central Trail Marathon,"Sparks, MD USA","November 28, 2015","Susanna Green (F28)
4:06:10 141 34 / 4 F25-29
4:05:52
4:05:52
 "
142,MIDD=554151128,North Central Trail Marathon,"Sparks, MD USA","November 28, 2015","Mark Osifchin (M52)
4:06:35 142 108 / 14 M50-54
4:06:00
3:36:24
 "
143,MIDD=554151128,North Central Trail Marathon,"Sparks, MD USA","November 28, 2015","Nicholas Evans (M33)
4:06:31 143 109 / 16 M30-34
4:06:11
4:06:11
 "
144,MIDD=554151128,North Central Trail Marathon,"Sparks, MD USA","November 28, 2015","Maiju Lehmijoki-Gardner (F48)
4:06:59 144 35 / 6 F45-49
4:06:48
3:34:24
 "
145,MIDD=554151128,North Central Trail Marathon,"Sparks, MD USA","November 28, 2015","Shelly Hill (F35)
4:07:14 145 36 / 5 F35-39
4:06:49
4:03:21
 "
146,MIDD=554151128,North Central Trail Marathon,"Sparks, MD USA","November 28, 2015","Kristi Welsbie (F39)
4:08:54 146 37 / 6 F35-39
4:08:16
3:58:32
 "
147,MIDD=554151128,North Central Trail Marathon,"Sparks, MD USA","November 28, 2015","Monika Bachmann (F50)
4:08:42 147 38 / 5 F50-54
4:08:27
3:30:24
 "
148,MIDD=554151128,North Central Trail Marathon,"Sparks, MD USA","November 28, 2015","Allan Perez (M58)
4:08:42 148 110 / 7 M55-59
4:08:28
3:26:37
 "
149,MIDD=554151128,North Central Trail Marathon,"Sparks, MD USA","November 28, 2015","Travis Fox (M52)
4:09:10 149 111 / 15 M50-54
4:08:31
3:38:37
 "
150,MIDD=554151128,North Central Trail Marathon,"Sparks, MD USA","November 28, 2015","Jesse Bump (M43)
4:09:00 150 112 / 17 M40-44
4:08:51
3:56:52
 "
151,MIDD=554151128,North Central Trail Marathon,"Sparks, MD USA","November 28, 2015","Peter Viola (M46)
4:09:58 151 113 / 19 M45-49
4:09:28
3:51:27
 "
152,MIDD=554151128,North Central Trail Marathon,"Sparks, MD USA","November 28, 2015","Gerald King (M46)
4:10:00 152 114 / 20 M45-49
4:09:53
3:51:50
 "
153,MIDD=554151128,North Central Trail Marathon,"Sparks, MD USA","November 28, 2015","Eddie O'GORMAN (M66)
4:10:52 153 115 / 3 M65-69
4:10:04
3:11:54
 "
154,MIDD=554151128,North Central Trail Marathon,"Sparks, MD USA","November 28, 2015","George Yam (M40)
4:11:51 154 116 / 18 M40-44
4:11:22
4:05:19
 "
155,MIDD=554151128,North Central Trail Marathon,"Sparks, MD USA","November 28, 2015","maria shields (F64)
4:11:48 155 39 / 1 F60-64
4:11:32
2:53:56
BQ"
156,MIDD=554151128,North Central Trail Marathon,"Sparks, MD USA","November 28, 2015","Lauren Edwards (F37)
4:12:10 156 40 / 7 F35-39
4:11:47
4:05:28
 "
157,MIDD=554151128,North Central Trail Marathon,"Sparks, MD USA","November 28, 2015","Masaki Tajima (M34)
4:11:59 157 117 / 17 M30-34
4:11:49
4:11:49
 "
158,MIDD=554151128,North Central Trail Marathon,"Sparks, MD USA","November 28, 2015","Christine Eck (F42)
4:12:43 158 41 / 3 F40-44
4:12:14
3:55:30
 "
159,MIDD=554151128,North Central Trail Marathon,"Sparks, MD USA","November 28, 2015","Alexander Harris (M25)
4:12:46 159 118 / 12 M25-29
4:12:31
4:12:31
 "
160,MIDD=554151128,North Central Trail Marathon,"Sparks, MD USA","November 28, 2015","Charles Brownlie (M63)
4:13:22 160 119 / 6 M60-64
4:12:54
3:20:10
 "
161,MIDD=554151128,North Central Trail Marathon,"Sparks, MD USA","November 28, 2015","Christian Montes (M39)
4:13:23 161 120 / 14 M35-39
4:13:08
4:09:05
 "
162,MIDD=554151128,North Central Trail Marathon,"Sparks, MD USA","November 28, 2015","Rebecca Strobel (F35)
4:14:07 162 42 / 8 F35-39
4:13:58
4:10:23
 "
163,MIDD=554151128,North Central Trail Marathon,"Sparks, MD USA","November 28, 2015","Matt Burkholder (M42)
4:14:46 163 121 / 19 M40-44
4:14:20
4:04:08
 "
164,MIDD=554151128,North Central Trail Marathon,"Sparks, MD USA","November 28, 2015","Karen Finney (F45)
4:15:27 164 43 / 7 F45-49
4:14:51
3:49:43
 "
165,MIDD=554151128,North Central Trail Marathon,"Sparks, MD USA","November 28, 2015","Kiersten Mounce (F25)
4:15:41 165 44 / 5 F25-29
4:15:01
4:15:01
 "
166,MIDD=554151128,North Central Trail Marathon,"Sparks, MD USA","November 28, 2015","Lisa Gesualdo (F46)
4:16:08 166 45 / 8 F45-49
4:15:50
3:47:49
 "
167,MIDD=554151128,North Central Trail Marathon,"Sparks, MD USA","November 28, 2015","Joe Allen (M66)
4:16:13 167 122 / 4 M65-69
4:16:03
3:16:30
 "
168,MIDD=554151128,North Central Trail Marathon,"Sparks, MD USA","November 28, 2015","Steven Mager (M45)
4:16:24 168 123 / 21 M45-49
4:16:10
3:59:43
 "
169,MIDD=554151128,North Central Trail Marathon,"Sparks, MD USA","November 28, 2015","Robert Verk (M57)
4:17:09 169 124 / 8 M55-59
4:16:25
3:35:17
 "
170,MIDD=554151128,North Central Trail Marathon,"Sparks, MD USA","November 28, 2015","Lindsay Morsberger (F32)
4:16:47 170 46 / 8 F30-34
4:16:37
4:15:43
 "
171,MIDD=554151128,North Central Trail Marathon,"Sparks, MD USA","November 28, 2015","Claire Tamberino (F37)
4:17:29 171 47 / 9 F35-39
4:16:52
4:10:25
 "
172,MIDD=554151128,North Central Trail Marathon,"Sparks, MD USA","November 28, 2015","Ken Glatt (M36)
4:18:58 172 125 / 15 M35-39
4:18:37
4:18:21
 "
173,MIDD=554151128,North Central Trail Marathon,"Sparks, MD USA","November 28, 2015","Brendan Shimizu (M16)
4:19:22 173 126 / 2 M0-19
4:18:59
4:01:28
 "
174,MIDD=554151128,North Central Trail Marathon,"Sparks, MD USA","November 28, 2015","Cassidy Milosh (F21)
4:19:39 174 48 / 1 F20-24
4:19:04
4:19:04
 "
175,MIDD=554151128,North Central Trail Marathon,"Sparks, MD USA","November 28, 2015","Brooke Hilliard (F21)
4:19:39 175 49 / 2 F20-24
4:19:06
4:19:06
 "
176,MIDD=554151128,North Central Trail Marathon,"Sparks, MD USA","November 28, 2015","Patti Beauchesne (F53)
4:20:33 176 50 / 6 F50-54
4:20:05
3:31:45
 "
177,MIDD=554151128,North Central Trail Marathon,"Sparks, MD USA","November 28, 2015","Alex Bartholomaus (M43)
4:20:24 177 127 / 20 M40-44
4:20:09
4:07:38
 "
178,MIDD=554151128,North Central Trail Marathon,"Sparks, MD USA","November 28, 2015","dale jordan (M62)
4:20:48 178 128 / 7 M60-64
4:20:20
3:28:08
 "
179,MIDD=554151128,North Central Trail Marathon,"Sparks, MD USA","November 28, 2015","Kathi Hoke (F48)
4:21:41 179 51 / 9 F45-49
4:21:04
3:46:47
 "
180,MIDD=554151128,North Central Trail Marathon,"Sparks, MD USA","November 28, 2015","John Weiss (M28)
4:22:37 180 129 / 13 M25-29
4:21:52
4:21:52
 "
181,MIDD=554151128,North Central Trail Marathon,"Sparks, MD USA","November 28, 2015","William Gross (M45)
4:22:11 181 130 / 22 M45-49
4:21:54
4:05:05
 "
182,MIDD=554151128,North Central Trail Marathon,"Sparks, MD USA","November 28, 2015","Marvin Solberg (M55)
4:22:34 182 131 / 9 M55-59
4:22:21
3:44:28
 "
183,MIDD=554151128,North Central Trail Marathon,"Sparks, MD USA","November 28, 2015","Scott Huber (M43)
4:23:11 183 132 / 21 M40-44
4:22:45
4:10:06
 "
184,MIDD=554151128,North Central Trail Marathon,"Sparks, MD USA","November 28, 2015","Shane Eversfield (M58)
4:23:34 184 133 / 10 M55-59
4:23:00
3:38:43
 "
185,MIDD=554151128,North Central Trail Marathon,"Sparks, MD USA","November 28, 2015","Christopher Hines (M55)
4:23:31 185 134 / 11 M55-59
4:23:03
3:45:04
 "
186,MIDD=554151128,North Central Trail Marathon,"Sparks, MD USA","November 28, 2015","Virginia Mutuura (F39)
4:25:46 186 52 / 10 F35-39
4:25:04
4:14:40
 "
187,MIDD=554151128,North Central Trail Marathon,"Sparks, MD USA","November 28, 2015","John Husdale (M55)
4:25:48 187 135 / 12 M55-59
4:25:10
3:46:53
 "
188,MIDD=554151128,North Central Trail Marathon,"Sparks, MD USA","November 28, 2015","Nate Fraser (M21)
4:25:39 188 136 / 2 M20-24
4:25:29
4:24:17
 "
189,MIDD=554151128,North Central Trail Marathon,"Sparks, MD USA","November 28, 2015","Timothy Freeseman (M51)
4:27:01 189 137 / 16 M50-54
4:26:41
3:56:44
 "
190,MIDD=554151128,North Central Trail Marathon,"Sparks, MD USA","November 28, 2015","Mark Kotchey (M42)
4:28:08 190 138 / 22 M40-44
4:27:14
4:16:31
 "
191,MIDD=554151128,North Central Trail Marathon,"Sparks, MD USA","November 28, 2015","John Mazur (M56)
4:28:18 191 139 / 13 M55-59
4:27:22
3:46:37
 "
192,MIDD=554151128,North Central Trail Marathon,"Sparks, MD USA","November 28, 2015","John Wurzer (M54)
4:28:02 192 140 / 17 M50-54
4:27:27
3:51:00
 "
193,MIDD=554151128,North Central Trail Marathon,"Sparks, MD USA","November 28, 2015","angela tang (F36)
4:28:21 193 53 / 11 F35-39
4:27:36
4:22:28
 "
194,MIDD=554151128,North Central Trail Marathon,"Sparks, MD USA","November 28, 2015","Nicole Eisenberg (F39)
4:28:22 194 54 / 12 F35-39
4:27:36
4:17:07
 "
195,MIDD=554151128,North Central Trail Marathon,"Sparks, MD USA","November 28, 2015","Laurie Bothwell (F46)
4:28:13 195 55 / 10 F45-49
4:27:53
3:58:33
 "
196,MIDD=554151128,North Central Trail Marathon,"Sparks, MD USA","November 28, 2015","Scott Gallos (M38)
4:28:54 196 141 / 16 M35-39
4:28:36
4:26:11
 "
197,MIDD=554151128,North Central Trail Marathon,"Sparks, MD USA","November 28, 2015","Adine Cumberland (F40)
4:29:04 197 56 / 4 F40-44
4:28:44
4:16:00
 "
198,MIDD=554151128,North Central Trail Marathon,"Sparks, MD USA","November 28, 2015","john gremillion (M44)
4:29:49 198 142 / 23 M40-44
4:29:02
4:13:56
 "
199,MIDD=554151128,North Central Trail Marathon,"Sparks, MD USA","November 28, 2015","WENMIN CHUU (M62)
4:30:32 199 143 / 8 M60-64
4:30:14
3:36:03
 "
200,MIDD=554151128,North Central Trail Marathon,"Sparks, MD USA","November 28, 2015","Derek Ammons (M55)
4:32:23 200 144 / 14 M55-59
4:31:21
3:52:10
 "
201,MIDD=554151128,North Central Trail Marathon,"Sparks, MD USA","November 28, 2015","Kelly Browning (F40)
4:32:19 201 57 / 5 F40-44
4:31:35
4:18:42
 "
202,MIDD=554151128,North Central Trail Marathon,"Sparks, MD USA","November 28, 2015","Joshua Chang (M30)
4:31:54 202 145 / 18 M30-34
4:31:36
4:31:36
 "
203,MIDD=554151128,North Central Trail Marathon,"Sparks, MD USA","November 28, 2015","Donna Ornosky (F53)
4:32:38 203 58 / 7 F50-54
4:32:32
3:41:54
 "
204,MIDD=554151128,North Central Trail Marathon,"Sparks, MD USA","November 28, 2015","Travis Arnold (M19)
4:33:15 204 146 / 3 M0-19
4:33:02
4:26:21
 "
205,MIDD=554151128,North Central Trail Marathon,"Sparks, MD USA","November 28, 2015","Amy Cook (F53)
4:33:41 205 59 / 8 F50-54
4:33:23
3:42:35
 "
206,MIDD=554151128,North Central Trail Marathon,"Sparks, MD USA","November 28, 2015","Mario Locklear (M39)
4:34:07 206 147 / 17 M35-39
4:33:51
4:29:28
 "
207,MIDD=554151128,North Central Trail Marathon,"Sparks, MD USA","November 28, 2015","paul douthit (M53)
4:35:13 207 148 / 18 M50-54
4:34:46
3:59:31
 "
208,MIDD=554151128,North Central Trail Marathon,"Sparks, MD USA","November 28, 2015","Emily Robinson (F27)
4:35:17 208 60 / 6 F25-29
4:34:53
4:34:53
 "
209,MIDD=554151128,North Central Trail Marathon,"Sparks, MD USA","November 28, 2015","Kim Couranz (F45)
4:36:13 209 61 / 11 F45-49
4:35:40
4:08:29
 "
210,MIDD=554151128,North Central Trail Marathon,"Sparks, MD USA","November 28, 2015","steve pandelidis (M53)
4:36:40 210 149 / 19 M50-54
4:36:18
4:00:51
 "
211,MIDD=554151128,North Central Trail Marathon,"Sparks, MD USA","November 28, 2015","Robert Brosh (M52)
4:37:04 211 150 / 20 M50-54
4:36:21
4:03:06
 "
212,MIDD=554151128,North Central Trail Marathon,"Sparks, MD USA","November 28, 2015","David Haiderzad (M39)
4:36:52 212 151 / 18 M35-39
4:36:26
4:32:00
 "
213,MIDD=554151128,North Central Trail Marathon,"Sparks, MD USA","November 28, 2015","James Scarborough (M57)
4:36:41 213 152 / 15 M55-59
4:36:31
3:52:09
 "
214,MIDD=554151128,North Central Trail Marathon,"Sparks, MD USA","November 28, 2015","Wendy McCulley (F43)
4:36:59 214 62 / 6 F40-44
4:36:34
4:15:19
 "
215,MIDD=554151128,North Central Trail Marathon,"Sparks, MD USA","November 28, 2015","Gary Shelton (M45)
4:37:16 215 153 / 23 M45-49
4:36:41
4:18:55
 "
216,MIDD=554151128,North Central Trail Marathon,"Sparks, MD USA","November 28, 2015","Charlie Hogan (M)
4:38:06 216 154 /   
4:37:36
 
 "
217,MIDD=554151128,North Central Trail Marathon,"Sparks, MD USA","November 28, 2015","lisa zamostny (F49)
4:38:58 217 63 / 12 F45-49
4:38:37
3:59:00
 "
218,MIDD=554151128,North Central Trail Marathon,"Sparks, MD USA","November 28, 2015","Colleen Meaney (F27)
4:39:45 218 64 / 7 F25-29
4:38:57
4:38:57
 "
219,MIDD=554151128,North Central Trail Marathon,"Sparks, MD USA","November 28, 2015","Dave Listman (M57)
4:40:01 219 155 / 16 M55-59
4:39:11
3:54:24
 "
220,MIDD=554151128,North Central Trail Marathon,"Sparks, MD USA","November 28, 2015","Ron Ely (M44)
4:39:43 220 156 / 24 M40-44
4:39:13
4:23:34
 "
221,MIDD=554151128,North Central Trail Marathon,"Sparks, MD USA","November 28, 2015","Maxx Kepple (M41)
4:39:52 221 157 / 25 M40-44
4:39:21
4:30:23
 "
222,MIDD=554151128,North Central Trail Marathon,"Sparks, MD USA","November 28, 2015","Rey Limon (M57)
4:39:52 222 158 / 17 M55-59
4:39:22
3:54:33
 "
223,MIDD=554151128,North Central Trail Marathon,"Sparks, MD USA","November 28, 2015","Victoria Ellington (F20)
4:40:38 223 65 / 3 F20-24
4:39:51
4:39:39
 "
224,MIDD=554151128,North Central Trail Marathon,"Sparks, MD USA","November 28, 2015","David Bess (M55)
4:40:25 224 159 / 18 M55-59
4:39:54
3:59:29
 "
225,MIDD=554151128,North Central Trail Marathon,"Sparks, MD USA","November 28, 2015","Kevin Kline (M58)
4:40:54 225 160 / 19 M55-59
4:40:26
3:53:13
 "
226,MIDD=554151128,North Central Trail Marathon,"Sparks, MD USA","November 28, 2015","william hanna (M34)
4:41:45 226 161 / 19 M30-34
4:41:23
4:41:23
 "
227,MIDD=554151128,North Central Trail Marathon,"Sparks, MD USA","November 28, 2015","Maureen Connors (F35)
4:42:31 227 66 / 13 F35-39
4:41:55
4:37:56
 "
228,MIDD=554151128,North Central Trail Marathon,"Sparks, MD USA","November 28, 2015","Brian Bilenki (M31)
4:44:27 228 162 / 20 M30-34
4:44:04
4:44:04
 "
229,MIDD=554151128,North Central Trail Marathon,"Sparks, MD USA","November 28, 2015","Michael Gluck (M37)
4:44:51 229 163 / 19 M35-39
4:44:36
4:43:27
 "
230,MIDD=554151128,North Central Trail Marathon,"Sparks, MD USA","November 28, 2015","Amanda Locklear (F39)
4:45:48 230 67 / 14 F35-39
4:45:32
4:34:20
 "
231,MIDD=554151128,North Central Trail Marathon,"Sparks, MD USA","November 28, 2015","Daniel Mccartney (M30)
4:46:17 231 164 / 21 M30-34
4:45:42
4:45:42
 "
232,MIDD=554151128,North Central Trail Marathon,"Sparks, MD USA","November 28, 2015","Richard Fry (M56)
4:46:26 232 165 / 20 M55-59
4:45:50
4:02:16
 "
233,MIDD=554151128,North Central Trail Marathon,"Sparks, MD USA","November 28, 2015","Brooke Herbert (F34)
4:46:31 233 68 / 9 F30-34
4:46:00
4:43:12
 "
234,MIDD=554151128,North Central Trail Marathon,"Sparks, MD USA","November 28, 2015","Jim Sandford (M58)
4:48:10 234 166 / 21 M55-59
4:47:37
3:59:11
 "
235,MIDD=554151128,North Central Trail Marathon,"Sparks, MD USA","November 28, 2015","Kristen Bieling (F28)
4:48:31 235 69 / 8 F25-29
4:47:51
4:47:51
 "
236,MIDD=554151128,North Central Trail Marathon,"Sparks, MD USA","November 28, 2015","Susan Tant (F54)
4:48:33 236 70 / 9 F50-54
4:48:00
3:51:21
 "
237,MIDD=554151128,North Central Trail Marathon,"Sparks, MD USA","November 28, 2015","Mary Mattheis (F35)
4:48:59 237 71 / 15 F35-39
4:48:35
4:44:31
 "
238,MIDD=554151128,North Central Trail Marathon,"Sparks, MD USA","November 28, 2015","Maciej Chodynicki (M47)
4:49:07 238 167 / 24 M45-49
4:49:02
4:25:51
 "
239,MIDD=554151128,North Central Trail Marathon,"Sparks, MD USA","November 28, 2015","Marc Mason (M47)
4:49:47 239 168 / 25 M45-49
4:49:15
4:26:03
 "
240,MIDD=554151128,North Central Trail Marathon,"Sparks, MD USA","November 28, 2015","Bob Bodkin (M47)
4:49:49 240 169 / 26 M45-49
4:49:36
4:26:23
 "
241,MIDD=554151128,North Central Trail Marathon,"Sparks, MD USA","November 28, 2015","Justin Boggs (M35)
4:50:17 241 170 / 20 M35-39
4:49:37
4:49:37
 "
242,MIDD=554151128,North Central Trail Marathon,"Sparks, MD USA","November 28, 2015","David Corrigan (M55)
4:50:31 242 171 / 22 M55-59
4:50:05
4:08:12
 "
243,MIDD=554151128,North Central Trail Marathon,"Sparks, MD USA","November 28, 2015","Stephanie Stotler (F33)
4:51:58 243 72 / 10 F30-34
4:51:20
4:49:30
 "
244,MIDD=554151128,North Central Trail Marathon,"Sparks, MD USA","November 28, 2015","Kelly Sullivan (F28)
4:51:46 244 73 / 9 F25-29
4:51:39
4:51:39
 "
245,MIDD=554151128,North Central Trail Marathon,"Sparks, MD USA","November 28, 2015","Glenna Sullivan (F28)
4:51:47 245 74 / 10 F25-29
4:51:40
4:51:40
 "
246,MIDD=554151128,North Central Trail Marathon,"Sparks, MD USA","November 28, 2015","Donna Rousseau (F47)
4:52:46 246 75 / 13 F45-49
4:52:03
4:16:53
 "
247,MIDD=554151128,North Central Trail Marathon,"Sparks, MD USA","November 28, 2015","Theodore Stafilatos (M34)
4:52:29 247 172 / 22 M30-34
4:52:10
4:52:10
 "
248,MIDD=554151128,North Central Trail Marathon,"Sparks, MD USA","November 28, 2015","Ken Master (M52)
4:53:36 248 173 / 21 M50-54
4:53:09
4:17:53
 "
249,MIDD=554151128,North Central Trail Marathon,"Sparks, MD USA","November 28, 2015","Phyllis Maher (F49)
4:53:53 249 76 / 14 F45-49
4:53:12
4:11:30
 "
250,MIDD=554151128,North Central Trail Marathon,"Sparks, MD USA","November 28, 2015","Hsin-Yi Amy Tang (F35)
4:53:52 250 77 / 16 F35-39
4:53:34
4:49:25
 "
251,MIDD=554151128,North Central Trail Marathon,"Sparks, MD USA","November 28, 2015","Heather Stroble (F39)
4:54:18 251 78 / 17 F35-39
4:54:11
4:42:39
 "
252,MIDD=554151128,North Central Trail Marathon,"Sparks, MD USA","November 28, 2015","William Bostian (M44)
4:54:19 252 174 / 26 M40-44
4:54:11
4:37:40
 "
253,MIDD=554151128,North Central Trail Marathon,"Sparks, MD USA","November 28, 2015","Danica Justsen (F30)
4:56:18 253 79 / 11 F30-34
4:55:58
4:55:51
 "
254,MIDD=554151128,North Central Trail Marathon,"Sparks, MD USA","November 28, 2015","Christelle Douillet (F47)
4:57:04 254 80 / 15 F45-49
4:56:25
4:20:44
 "
255,MIDD=554151128,North Central Trail Marathon,"Sparks, MD USA","November 28, 2015","Nina Weissgerber (F30)
4:57:02 255 81 / 12 F30-34
4:56:32
4:56:25
 "
256,MIDD=554151128,North Central Trail Marathon,"Sparks, MD USA","November 28, 2015","Liani Setyawan (F44)
4:57:55 256 82 / 7 F40-44
4:57:24
4:31:19
 "
257,MIDD=554151128,North Central Trail Marathon,"Sparks, MD USA","November 28, 2015","Prasad Nataraj (M55)
4:58:19 257 175 / 23 M55-59
4:57:32
4:14:34
 "
258,MIDD=554151128,North Central Trail Marathon,"Sparks, MD USA","November 28, 2015","Bob Brown (M59)
4:58:26 258 176 / 24 M55-59
4:57:33
4:05:04
 "
259,MIDD=554151128,North Central Trail Marathon,"Sparks, MD USA","November 28, 2015","Andrea Mathias (F41)
4:57:45 259 83 / 8 F40-44
4:57:38
4:40:49
 "
260,MIDD=554151128,North Central Trail Marathon,"Sparks, MD USA","November 28, 2015","Heather Newton (F45)
4:59:58 260 84 / 16 F45-49
4:59:27
4:29:55
 "
261,MIDD=554151128,North Central Trail Marathon,"Sparks, MD USA","November 28, 2015","Ted Shabecoff (M21)
4:59:48 261 177 / 3 M20-24
4:59:44
4:58:23
 "
262,MIDD=554151128,North Central Trail Marathon,"Sparks, MD USA","November 28, 2015","Sean Fao (M35)
5:01:21 262 178 / 21 M35-39
5:00:49
5:00:49
 "
263,MIDD=554151128,North Central Trail Marathon,"Sparks, MD USA","November 28, 2015","Sonja LeRoy (F49)
5:03:19 263 85 / 17 F45-49
5:02:31
4:19:30
 "
264,MIDD=554151128,North Central Trail Marathon,"Sparks, MD USA","November 28, 2015","Peter Cooper (M56)
5:05:03 264 179 / 25 M55-59
5:04:25
4:18:02
 "
265,MIDD=554151128,North Central Trail Marathon,"Sparks, MD USA","November 28, 2015","Kathleen Chisholm (F52)
5:06:05 265 86 / 10 F50-54
5:05:18
4:11:54
 "
266,MIDD=554151128,North Central Trail Marathon,"Sparks, MD USA","November 28, 2015","Allison Byers (F28)
5:06:24 266 87 / 11 F25-29
5:05:45
5:05:45
 "
267,MIDD=554151128,North Central Trail Marathon,"Sparks, MD USA","November 28, 2015","Jen Engorn (F27)
5:06:52 267 88 / 12 F25-29
5:06:09
5:06:09
 "
268,MIDD=554151128,North Central Trail Marathon,"Sparks, MD USA","November 28, 2015","Andreas Galliker (M48)
5:07:45 268 180 / 27 M45-49
5:07:10
4:40:05
 "
269,MIDD=554151128,North Central Trail Marathon,"Sparks, MD USA","November 28, 2015","elizabeth brandt (F42)
5:07:58 269 89 / 9 F40-44
5:07:17
4:46:54
 "
270,MIDD=554151128,North Central Trail Marathon,"Sparks, MD USA","November 28, 2015","Freedom Green (F43)
5:08:25 270 90 / 10 F40-44
5:07:47
4:44:08
 "
271,MIDD=554151128,North Central Trail Marathon,"Sparks, MD USA","November 28, 2015","Sue Gury (F52)
5:08:56 271 91 / 11 F50-54
5:08:13
4:14:18
 "
272,MIDD=554151128,North Central Trail Marathon,"Sparks, MD USA","November 28, 2015","Elizabeth Hogan (F48)
5:09:11 272 92 / 18 F45-49
5:08:41
4:28:09
 "
273,MIDD=554151128,North Central Trail Marathon,"Sparks, MD USA","November 28, 2015","Farah Farahati (F54)
5:11:07 273 93 / 12 F50-54
5:10:29
4:09:25
 "
274,MIDD=554151128,North Central Trail Marathon,"Sparks, MD USA","November 28, 2015","Wilfred Tagud (M44)
5:12:22 274 181 / 27 M40-44
5:11:23
4:53:55
 "
275,MIDD=554151128,North Central Trail Marathon,"Sparks, MD USA","November 28, 2015","Tim Diven (M51)
5:12:25 275 182 / 22 M50-54
5:12:01
4:36:59
 "
276,MIDD=554151128,North Central Trail Marathon,"Sparks, MD USA","November 28, 2015","Mark Hamilton (M47)
5:12:46 276 183 / 28 M45-49
5:12:26
4:47:22
 "
277,MIDD=554151128,North Central Trail Marathon,"Sparks, MD USA","November 28, 2015","Bonnie Sumner (F66)
5:13:54 277 94 / 1 F65-69
5:13:11
3:28:56
 "
278,MIDD=554151128,North Central Trail Marathon,"Sparks, MD USA","November 28, 2015","Richard Gibbs (M61)
5:15:22 278 184 / 9 M60-64
5:15:00
4:14:22
 "
279,MIDD=554151128,North Central Trail Marathon,"Sparks, MD USA","November 28, 2015","Pete Dixon (M42)
5:16:01 279 185 / 28 M40-44
5:15:10
5:02:32
 "
280,MIDD=554151128,North Central Trail Marathon,"Sparks, MD USA","November 28, 2015","Robin Runner (F43)
5:16:01 280 95 / 11 F40-44
5:15:11
4:50:58
 "
281,MIDD=554151128,North Central Trail Marathon,"Sparks, MD USA","November 28, 2015","scott kreger (M51)
5:16:24 281 186 / 23 M50-54
5:16:01
4:40:32
 "
282,MIDD=554151128,North Central Trail Marathon,"Sparks, MD USA","November 28, 2015","Sara Rivera (F41)
5:17:43 282 96 / 12 F40-44
5:17:06
4:59:11
 "
283,MIDD=554151128,North Central Trail Marathon,"Sparks, MD USA","November 28, 2015","Renee Hudson (F49)
5:17:43 283 97 / 19 F45-49
5:17:08
4:32:02
 "
284,MIDD=554151128,North Central Trail Marathon,"Sparks, MD USA","November 28, 2015","Matthew O'Malley (M38)
5:18:00 284 187 / 22 M35-39
5:17:50
5:14:58
 "
285,MIDD=554151128,North Central Trail Marathon,"Sparks, MD USA","November 28, 2015","Jay Madhure (M67)
5:18:41 285 188 / 5 M65-69
5:17:54
4:01:25
 "
286,MIDD=554151128,North Central Trail Marathon,"Sparks, MD USA","November 28, 2015","Nicole Poturalski (F34)
5:21:07 286 98 / 13 F30-34
5:20:19
5:17:10
 "
287,MIDD=554151128,North Central Trail Marathon,"Sparks, MD USA","November 28, 2015","Karen Fleming-Michael (F49)
5:22:26 287 99 / 20 F45-49
5:21:44
4:35:59
 "
288,MIDD=554151128,North Central Trail Marathon,"Sparks, MD USA","November 28, 2015","Cheryl Ford (F49)
5:25:35 288 100 / 21 F45-49
5:25:03
4:38:50
 "
289,MIDD=554151128,North Central Trail Marathon,"Sparks, MD USA","November 28, 2015","Ann Brennan (F46)
5:25:34 289 101 / 22 F45-49
5:25:13
4:49:36
 "
290,MIDD=554151128,North Central Trail Marathon,"Sparks, MD USA","November 28, 2015","Suzanne Wagor (F39)
5:29:07 290 102 / 18 F35-39
5:28:21
5:15:29
 "
291,MIDD=554151128,North Central Trail Marathon,"Sparks, MD USA","November 28, 2015","Tim Weems (M50)
5:31:20 291 189 / 24 M50-54
5:30:36
4:56:07
 "
292,MIDD=554151128,North Central Trail Marathon,"Sparks, MD USA","November 28, 2015","Stacey Miles (F30)
5:31:41 292 103 / 14 F30-34
5:31:08
5:31:00
 "
293,MIDD=554151128,North Central Trail Marathon,"Sparks, MD USA","November 28, 2015","Anne Morgan (F50)
5:32:53 293 104 / 13 F50-54
5:32:06
4:41:16
 "
294,MIDD=554151128,North Central Trail Marathon,"Sparks, MD USA","November 28, 2015","Catalina Stirling (F42)
5:35:25 294 105 / 13 F40-44
5:34:45
5:12:33
 "
295,MIDD=554151128,North Central Trail Marathon,"Sparks, MD USA","November 28, 2015","Eric Bonardi (M45)
5:39:19 295 190 / 29 M45-49
5:38:38
5:16:53
 "
296,MIDD=554151128,North Central Trail Marathon,"Sparks, MD USA","November 28, 2015","Jason Bonardi (M45)
5:39:19 296 191 / 30 M45-49
5:38:39
5:16:54
 "
297,MIDD=554151128,North Central Trail Marathon,"Sparks, MD USA","November 28, 2015","Erin Pollitt (F30)
5:39:28 297 106 / 15 F30-34
5:38:55
5:38:47
 "
298,MIDD=554151128,North Central Trail Marathon,"Sparks, MD USA","November 28, 2015","Andrew Schreiber (M29)
5:40:04 298 192 / 14 M25-29
5:39:20
5:39:20
 "
299,MIDD=554151128,North Central Trail Marathon,"Sparks, MD USA","November 28, 2015","Al Emma (M75)
5:40:24 299 193 / 1 M70-99
5:39:55
3:53:55
 "
300,MIDD=554151128,North Central Trail Marathon,"Sparks, MD USA","November 28, 2015","Rebecca Mengwasser (F39)
5:41:37 300 107 / 19 F35-39
5:40:37
5:27:16
 "
301,MIDD=554151128,North Central Trail Marathon,"Sparks, MD USA","November 28, 2015","Mark Bolado (M40)
5:43:16 301 194 / 29 M40-44
5:42:24
5:34:09
 "
302,MIDD=554151128,North Central Trail Marathon,"Sparks, MD USA","November 28, 2015","Brian Sullivan (M59)
5:46:15 302 195 / 26 M55-59
5:45:49
4:44:49
 "
303,MIDD=554151128,North Central Trail Marathon,"Sparks, MD USA","November 28, 2015","Diane Schlak (F40)
5:46:44 303 108 / 14 F40-44
5:46:16
5:29:51
 "
304,MIDD=554151128,North Central Trail Marathon,"Sparks, MD USA","November 28, 2015","Barry Goldmeier (M51)
5:48:15 304 196 / 25 M50-54
5:47:12
5:08:12
 "
305,MIDD=554151128,North Central Trail Marathon,"Sparks, MD USA","November 28, 2015","Jamilah Talton (F39)
5:48:09 305 109 / 20 F35-39
5:47:33
5:33:55
 "
306,MIDD=554151128,North Central Trail Marathon,"Sparks, MD USA","November 28, 2015","Jay Jacob Wind (M65)
5:48:10 306 197 / 6 M65-69
5:47:54
4:29:46
 "
307,MIDD=554151128,North Central Trail Marathon,"Sparks, MD USA","November 28, 2015","John Webster (M33)
5:49:46 307 198 / 23 M30-34
5:49:27
5:49:27
 "
308,MIDD=554151128,North Central Trail Marathon,"Sparks, MD USA","November 28, 2015","Craig Claycomb (M54)
5:51:45 308 199 / 26 M50-54
5:51:32
5:03:37
 "
309,MIDD=554151128,North Central Trail Marathon,"Sparks, MD USA","November 28, 2015","Morgan Palmer (M20)
5:53:35 309 200 / 4 M20-24
5:53:02
5:48:37
 "
310,MIDD=554151128,North Central Trail Marathon,"Sparks, MD USA","November 28, 2015","John Lucas, Jr. (M21)
5:53:36 310 201 / 5 M20-24
5:53:04
5:51:28
 "
311,MIDD=554151128,North Central Trail Marathon,"Sparks, MD USA","November 28, 2015","Chet Coates (M75)
5:54:34 311 202 / 2 M70-99
5:53:41
4:03:24
 "
312,MIDD=554151128,North Central Trail Marathon,"Sparks, MD USA","November 28, 2015","Joe Saley (M75)
5:55:37 312 203 / 3 M70-99
5:55:17
4:04:30
 "
313,MIDD=554151128,North Central Trail Marathon,"Sparks, MD USA","November 28, 2015","Jeffrey Dorko (M62)
5:58:21 313 204 / 10 M60-64
5:57:30
4:45:49
 "
