,race_id,race,location,date,runners
0,MIDD=5405151111,Cross County Trail Marathon,"Springfield, VA USA","November 11, 2015","

Have you run this race?Then tell us about it.

Last Name, First Name(Sex/Age)
Time OverAllPlace
Sex Place/Div Place
DIV 
City, State, Country AG Time* BQ*"
1,MIDD=5405151111,Cross County Trail Marathon,"Springfield, VA USA","November 11, 2015","Keith Cassidy (M34)
2:59:28 1 1 / 1 M30-39 Arlington, VA, USA
2:59:28
BQ"
2,MIDD=5405151111,Cross County Trail Marathon,"Springfield, VA USA","November 11, 2015","Britt Kern (M27)
3:09:21 2 2 / 1 M20-29 Alexandria, VA, USA
3:09:21
 "
3,MIDD=5405151111,Cross County Trail Marathon,"Springfield, VA USA","November 11, 2015","Lewis Price (M24)
3:19:37 3 3 / 2 M20-29 Manassas, VA, USA
3:19:37
 "
4,MIDD=5405151111,Cross County Trail Marathon,"Springfield, VA USA","November 11, 2015","Adam Reinherz (M34)
3:21:39 4 4 / 2 M30-39 pittsburgh, PA, USA
3:21:39
 "
5,MIDD=5405151111,Cross County Trail Marathon,"Springfield, VA USA","November 11, 2015","Nicole Conrad (F42)
3:33:25 5 1 / 1 F40-49 Ashburn, VA, USA
3:19:16
BQ"
6,MIDD=5405151111,Cross County Trail Marathon,"Springfield, VA USA","November 11, 2015","Angelie Petersen (F36)
3:38:51 6 2 / 1 F30-39 Arlington, VA, USA
3:34:38
BQ"
7,MIDD=5405151111,Cross County Trail Marathon,"Springfield, VA USA","November 11, 2015","Bruce Halpin (M59)
3:42:59 7 5 / 1 M50-59 Ashburn, VA, USA
3:03:38
 "
8,MIDD=5405151111,Cross County Trail Marathon,"Springfield, VA USA","November 11, 2015","Eric Paradisi (M43)
3:47:18 8 6 / 1 M40-49 Manassas, VA, USA
3:36:22
 "
9,MIDD=5405151111,Cross County Trail Marathon,"Springfield, VA USA","November 11, 2015","Jonathan Scott (M31)
3:59:27 9 7 / 3 M30-39 Alexandria, VA, USA
3:59:27
 "
10,MIDD=5405151111,Cross County Trail Marathon,"Springfield, VA USA","November 11, 2015","Alex Yuskavage (M33)
4:00:31 10 8 / 4 M30-39 Arlington, VA, USA
4:00:31
 "
11,MIDD=5405151111,Cross County Trail Marathon,"Springfield, VA USA","November 11, 2015","Hoberto Serrano (M49)
4:11:13 11 9 / 2 M40-49 Downey, CA, USA
3:47:02
 "
12,MIDD=5405151111,Cross County Trail Marathon,"Springfield, VA USA","November 11, 2015","Seth Kramer (M34)
4:14:35 12 10 / 5 M30-39 Wilton Manors, FL, USA
4:14:35
 "
13,MIDD=5405151111,Cross County Trail Marathon,"Springfield, VA USA","November 11, 2015","Michael Fred (M50)
4:15:40 13 11 / 2 M50-59 Wantagh, NY, USA
3:49:00
 "
14,MIDD=5405151111,Cross County Trail Marathon,"Springfield, VA USA","November 11, 2015","Maria Fred (F50)
4:23:02 14 3 / 1 F50-59 Wantagh, NY, USA
3:42:45
 "
15,MIDD=5405151111,Cross County Trail Marathon,"Springfield, VA USA","November 11, 2015","Julie Crespi (F42)
4:25:38 15 4 / 2 F40-49 Bristow, VA, USA
4:08:01
 "
16,MIDD=5405151111,Cross County Trail Marathon,"Springfield, VA USA","November 11, 2015","Jeffrey Hill (M35)
4:26:57 16 12 / 6 M30-39 Jacksonville, FL, USA
4:26:57
 "
17,MIDD=5405151111,Cross County Trail Marathon,"Springfield, VA USA","November 11, 2015","Rene Carranza (M27)
4:28:15 17 13 / 3 M20-29 Lakeridge, VA, USA
4:28:15
 "
18,MIDD=5405151111,Cross County Trail Marathon,"Springfield, VA USA","November 11, 2015","John King (M44)
4:31:10 18 14 / 3 M40-49 Midlothian, VA, USA
4:15:57
 "
19,MIDD=5405151111,Cross County Trail Marathon,"Springfield, VA USA","November 11, 2015","Serhot Ozturk (M35)
4:34:45 19 15 / 7 M30-39 Potomac, MD, USA
4:34:45
 "
20,MIDD=5405151111,Cross County Trail Marathon,"Springfield, VA USA","November 11, 2015","Kevin Johnson (M38)
4:35:51 20 16 / 8 M30-39 Bethesda, MD, USA
4:33:22
 "
21,MIDD=5405151111,Cross County Trail Marathon,"Springfield, VA USA","November 11, 2015","Vernon Redding (M54)
4:37:18 21 17 / 3 M50-59 Felton, DE, USA
3:59:30
 "
22,MIDD=5405151111,Cross County Trail Marathon,"Springfield, VA USA","November 11, 2015","Amy Biehl (F41)
4:38:53 22 5 / 3 F40-49 Fairfax Station, VA, USA
4:23:07
 "
23,MIDD=5405151111,Cross County Trail Marathon,"Springfield, VA USA","November 11, 2015","Patrick Collins (M30)
4:39:52 23 18 / 9 M30-39 Clifton, VA, USA
4:39:52
 "
24,MIDD=5405151111,Cross County Trail Marathon,"Springfield, VA USA","November 11, 2015","Kristina Branstetter (F43)
4:42:13 24 6 / 4 F40-49 Springfield, VA, USA
4:20:32
 "
25,MIDD=5405151111,Cross County Trail Marathon,"Springfield, VA USA","November 11, 2015","John Snuggs (M49)
4:42:16 25 19 / 4 M40-49 Henrico, VA, USA
4:15:06
 "
26,MIDD=5405151111,Cross County Trail Marathon,"Springfield, VA USA","November 11, 2015","Jim Bitgood (M70)
4:46:44 26 20 / 1 M70-79  
3:30:50
 "
27,MIDD=5405151111,Cross County Trail Marathon,"Springfield, VA USA","November 11, 2015","John Bolton (M34)
4:48:40 27 21 / 10 M30-39 Washington, DC, USA
4:48:40
 "
28,MIDD=5405151111,Cross County Trail Marathon,"Springfield, VA USA","November 11, 2015","Anne Suajico-Santiago (F41)
4:48:40 28 7 / 5 F40-49 Woodbridge, VA, USA
4:32:21
 "
29,MIDD=5405151111,Cross County Trail Marathon,"Springfield, VA USA","November 11, 2015","Marit Anderson (F55)
4:51:59 29 8 / 2 F50-59 Nellysford, VA, USA
3:51:22
 "
30,MIDD=5405151111,Cross County Trail Marathon,"Springfield, VA USA","November 11, 2015","Brian Skow (M46)
4:55:20 30 22 / 5 M40-49 Alexandria, VA, USA
4:34:00
 "
31,MIDD=5405151111,Cross County Trail Marathon,"Springfield, VA USA","November 11, 2015","Shirley Robinson Bramble (F51)
5:07:34 31 9 / 3 F50-59 Annapolis, MD, USA
4:17:07
 "
32,MIDD=5405151111,Cross County Trail Marathon,"Springfield, VA USA","November 11, 2015","Len Clark (M57)
5:15:14 32 23 / 4 M50-59 herndon, VA, USA
4:24:40
 "
33,MIDD=5405151111,Cross County Trail Marathon,"Springfield, VA USA","November 11, 2015","Sarah Konecnik (F24)
5:15:45 33 10 / 1 F20-29 Arlington, VA, USA
5:15:45
 "
34,MIDD=5405151111,Cross County Trail Marathon,"Springfield, VA USA","November 11, 2015","Carl Newby (M62)
5:17:44 34 24 / 1 M60-69 Arlington, VA, USA
4:14:01
 "
35,MIDD=5405151111,Cross County Trail Marathon,"Springfield, VA USA","November 11, 2015","Joseph Derosa (M57)
5:22:57 35 25 / 5 M50-59 Ashburn, VA, USA
4:31:08
 "
36,MIDD=5405151111,Cross County Trail Marathon,"Springfield, VA USA","November 11, 2015","Hanna Westover (F27)
5:25:40 36 11 / 2 F20-29 Aldie, VA, USA
5:25:40
 "
37,MIDD=5405151111,Cross County Trail Marathon,"Springfield, VA USA","November 11, 2015","Ross Branstetter (M35)
5:30:40 37 26 / 11 M30-39 Washington, DC, USA
5:30:40
 "
38,MIDD=5405151111,Cross County Trail Marathon,"Springfield, VA USA","November 11, 2015","Tammy Massie (F43)
5:42:56 38 12 / 6 F40-49 Gaithersburg, MD, USA
5:16:35
 "
39,MIDD=5405151111,Cross County Trail Marathon,"Springfield, VA USA","November 11, 2015","Ilham Khan (F43)
5:44:46 39 13 / 7 F40-49 Lorton, VA, USA
5:18:17
 "
40,MIDD=5405151111,Cross County Trail Marathon,"Springfield, VA USA","November 11, 2015","Scott Haller (M49)
5:58:17 40 27 / 6 M40-49 Stafford, VA, USA
5:23:48
 "
41,MIDD=5405151111,Cross County Trail Marathon,"Springfield, VA USA","November 11, 2015","George Rose (M42)
6:11:06 41 28 / 7 M40-49 Wheeler, MI, USA
5:56:13
 "
42,MIDD=5405151111,Cross County Trail Marathon,"Springfield, VA USA","November 11, 2015","Henry Rueden (M65)
6:31:35 42 29 / 2 M60-69 De Pere, WI, USA
5:03:38
 "
43,MIDD=5405151111,Cross County Trail Marathon,"Springfield, VA USA","November 11, 2015","Deborah Lazerson (F51)
6:36:32 43 14 / 4 F50-59 La Jolla, CA, USA
5:31:30
 "
44,MIDD=5405151111,Cross County Trail Marathon,"Springfield, VA USA","November 11, 2015","Laurence Macon (M70)
6:36:32 44 30 / 2 M70-79 San Antonio, TX, USA
4:51:34
 "
