,race_id,race,location,date,runners
0,MIDD=1819151025,Leicester Marathon,"Leicester, United Kingdom","October 25, 2015","

Have you run this race?Then tell us about it.

Last Name, First Name(Sex/Age)
Time OverAllPlace
Sex Place/Div Place
DIV Net Time BQ*"
1,MIDD=1819151025,Leicester Marathon,"Leicester, United Kingdom","October 25, 2015","Matthew Lalor (M)
2:34:39 1 1 / 1 M0-39
2:34:38
BQ"
2,MIDD=1819151025,Leicester Marathon,"Leicester, United Kingdom","October 25, 2015","Pieter Vermeesch (M)
2:38:07 2 2 / 2 M0-39
2:38:06
BQ"
3,MIDD=1819151025,Leicester Marathon,"Leicester, United Kingdom","October 25, 2015","Alex Brooks (M)
2:39:48 3 3 / 3 M0-39
2:39:46
BQ"
4,MIDD=1819151025,Leicester Marathon,"Leicester, United Kingdom","October 25, 2015","Stephen Marks (M)
2:46:00 4 4 / 4 M0-39
2:45:58
BQ"
5,MIDD=1819151025,Leicester Marathon,"Leicester, United Kingdom","October 25, 2015","Daniel Siddons (M)
2:49:25 5 5 / 5 M0-39
2:49:22
BQ"
6,MIDD=1819151025,Leicester Marathon,"Leicester, United Kingdom","October 25, 2015","Steve Gibson (M)
2:52:19 6 6 / 6 M0-39
2:52:17
BQ"
7,MIDD=1819151025,Leicester Marathon,"Leicester, United Kingdom","October 25, 2015","Michael Trott (M)
2:52:53 7 7 / 7 M0-39
2:52:52
BQ"
8,MIDD=1819151025,Leicester Marathon,"Leicester, United Kingdom","October 25, 2015","Adrian Thomas (M)
2:54:04 8 8 / 1 M40-49
2:54:03
BQ"
9,MIDD=1819151025,Leicester Marathon,"Leicester, United Kingdom","October 25, 2015","Daniel O'Brien (M)
2:54:44 9 9 / 8 M0-39
2:54:10
BQ"
10,MIDD=1819151025,Leicester Marathon,"Leicester, United Kingdom","October 25, 2015","Rob Ashby (M)
2:54:45 10 10 / 9 M0-39
2:54:27
BQ"
11,MIDD=1819151025,Leicester Marathon,"Leicester, United Kingdom","October 25, 2015","Steve Darby (M)
2:55:16 11 11 / 2 M40-49
2:55:11
BQ"
12,MIDD=1819151025,Leicester Marathon,"Leicester, United Kingdom","October 25, 2015","Kevin Powell (M)
2:57:21 12 12 / 10 M0-39
2:57:07
BQ"
13,MIDD=1819151025,Leicester Marathon,"Leicester, United Kingdom","October 25, 2015","Antony Bell-Scott (M)
2:57:33 13 13 / 11 M0-39
2:57:27
BQ"
14,MIDD=1819151025,Leicester Marathon,"Leicester, United Kingdom","October 25, 2015","Alex Copley (M)
2:57:50 14 14 / 12 M0-39
2:57:47
BQ"
15,MIDD=1819151025,Leicester Marathon,"Leicester, United Kingdom","October 25, 2015","Hannah Oldroyd (F)
2:57:56 15 1 / 1 F0-39
2:57:51
BQ"
16,MIDD=1819151025,Leicester Marathon,"Leicester, United Kingdom","October 25, 2015","James Watkins (M)
2:58:38 16 15 / 3 M40-49
2:58:30
BQ"
17,MIDD=1819151025,Leicester Marathon,"Leicester, United Kingdom","October 25, 2015","Rob Grant (M)
2:58:53 17 16 / 4 M40-49
2:58:50
BQ"
18,MIDD=1819151025,Leicester Marathon,"Leicester, United Kingdom","October 25, 2015","Alan Mcdonogh (M)
3:00:58 18 17 / 1 M50-59
3:00:49
BQ"
19,MIDD=1819151025,Leicester Marathon,"Leicester, United Kingdom","October 25, 2015","Darren Ping (M)
3:01:06 19 18 / 13 M0-39
3:00:59
BQ"
20,MIDD=1819151025,Leicester Marathon,"Leicester, United Kingdom","October 25, 2015","Andy Tidey (M)
3:01:07 20 19 / 5 M40-49
3:00:24
BQ"
21,MIDD=1819151025,Leicester Marathon,"Leicester, United Kingdom","October 25, 2015","Paul Jibson (M)
3:02:32 21 20 / 6 M40-49
3:02:25
BQ"
22,MIDD=1819151025,Leicester Marathon,"Leicester, United Kingdom","October 25, 2015","Steve Haines (M)
3:02:50 22 21 / 14 M0-39
3:02:46
BQ"
23,MIDD=1819151025,Leicester Marathon,"Leicester, United Kingdom","October 25, 2015","Sean Duffey (M)
3:03:24 23 22 / 7 M40-49
3:03:16
BQ"
24,MIDD=1819151025,Leicester Marathon,"Leicester, United Kingdom","October 25, 2015","Nicholas Turner (M)
3:03:55 24 23 / 15 M0-39
3:03:35
BQ"
25,MIDD=1819151025,Leicester Marathon,"Leicester, United Kingdom","October 25, 2015","James Watson (M)
3:04:18 25 24 / 16 M0-39
3:03:57
BQ"
26,MIDD=1819151025,Leicester Marathon,"Leicester, United Kingdom","October 25, 2015","Simon Haywood (M)
3:04:51 26 25 / 17 M0-39
3:04:47
BQ"
27,MIDD=1819151025,Leicester Marathon,"Leicester, United Kingdom","October 25, 2015","Richard Martin (M)
3:05:25 27 26 / 8 M40-49
3:05:18
BQ"
28,MIDD=1819151025,Leicester Marathon,"Leicester, United Kingdom","October 25, 2015","Sarah Davis-Foxon (F)
3:05:26 28 2 / 1 F40-49
3:05:23
BQ"
29,MIDD=1819151025,Leicester Marathon,"Leicester, United Kingdom","October 25, 2015","Andrew Trigg (M)
3:05:46 29 27 / 2 M50-59
3:05:39
BQ"
30,MIDD=1819151025,Leicester Marathon,"Leicester, United Kingdom","October 25, 2015","Duncan Shorthose (M)
3:05:52 30 28 / 9 M40-49
3:05:41
BQ"
31,MIDD=1819151025,Leicester Marathon,"Leicester, United Kingdom","October 25, 2015","Ian Murdey (M)
3:07:12 31 29 / 10 M40-49
3:07:08
BQ"
32,MIDD=1819151025,Leicester Marathon,"Leicester, United Kingdom","October 25, 2015","Alison Matthews (F)
3:07:26 32 3 / 2 F0-39
3:07:23
BQ"
33,MIDD=1819151025,Leicester Marathon,"Leicester, United Kingdom","October 25, 2015","Janick Juchereau (M)
3:07:34 33 30 / 3 M50-59
3:07:31
BQ"
34,MIDD=1819151025,Leicester Marathon,"Leicester, United Kingdom","October 25, 2015","Steve Salter (M)
3:07:59 34 31 / 11 M40-49
3:07:51
BQ"
35,MIDD=1819151025,Leicester Marathon,"Leicester, United Kingdom","October 25, 2015","Jeremy Vice (M)
3:08:58 35 32 / 12 M40-49
3:08:57
BQ"
36,MIDD=1819151025,Leicester Marathon,"Leicester, United Kingdom","October 25, 2015","Haseeb Ahmad (M)
3:09:23 36 33 / 13 M40-49
3:09:23
BQ"
37,MIDD=1819151025,Leicester Marathon,"Leicester, United Kingdom","October 25, 2015","James Cassidy (M)
3:09:55 37 34 / 18 M0-39
3:09:49
 "
38,MIDD=1819151025,Leicester Marathon,"Leicester, United Kingdom","October 25, 2015","Graham Hobbs (M)
3:10:17 38 35 / 4 M50-59
3:10:05
BQ"
39,MIDD=1819151025,Leicester Marathon,"Leicester, United Kingdom","October 25, 2015","Iain Shaw (M)
3:10:35 39 36 / 14 M40-49
3:10:31
BQ"
40,MIDD=1819151025,Leicester Marathon,"Leicester, United Kingdom","October 25, 2015","Matthew Tutt (M)
3:10:50 40 37 / 19 M0-39
3:10:41
 "
41,MIDD=1819151025,Leicester Marathon,"Leicester, United Kingdom","October 25, 2015","Jason Rippingale (M)
3:11:09 41 38 / 15 M40-49
3:10:46
BQ"
42,MIDD=1819151025,Leicester Marathon,"Leicester, United Kingdom","October 25, 2015","Daniel Johns (M)
3:11:13 42 39 / 20 M0-39
3:10:57
 "
43,MIDD=1819151025,Leicester Marathon,"Leicester, United Kingdom","October 25, 2015","Matthew Knight (M)
3:11:20 43 40 / 21 M0-39
3:11:01
 "
44,MIDD=1819151025,Leicester Marathon,"Leicester, United Kingdom","October 25, 2015","Samuel Pickford (M)
3:12:17 44 41 / 22 M0-39
3:12:06
 "
45,MIDD=1819151025,Leicester Marathon,"Leicester, United Kingdom","October 25, 2015","Mark Sanders (M)
3:12:20 45 42 / 23 M0-39
3:11:54
 "
46,MIDD=1819151025,Leicester Marathon,"Leicester, United Kingdom","October 25, 2015","Lee-Paul Field (M)
3:12:28 46 43 / 24 M0-39
3:11:38
 "
47,MIDD=1819151025,Leicester Marathon,"Leicester, United Kingdom","October 25, 2015","Peter Green (M)
3:13:01 47 44 / 16 M40-49
3:12:26
BQ"
48,MIDD=1819151025,Leicester Marathon,"Leicester, United Kingdom","October 25, 2015","Kurt Read (M)
3:14:12 48 45 / 17 M40-49
3:13:32
BQ"
49,MIDD=1819151025,Leicester Marathon,"Leicester, United Kingdom","October 25, 2015","Colin Baxter (M)
3:14:30 49 46 / 18 M40-49
3:14:22
BQ"
50,MIDD=1819151025,Leicester Marathon,"Leicester, United Kingdom","October 25, 2015","David Ellis (M)
3:14:56 50 47 / 19 M40-49
3:14:46
BQ"
51,MIDD=1819151025,Leicester Marathon,"Leicester, United Kingdom","October 25, 2015","Mike Yew (M)
3:15:07 51 48 / 25 M0-39
3:14:32
 "
52,MIDD=1819151025,Leicester Marathon,"Leicester, United Kingdom","October 25, 2015","Paul Harwood (M)
3:15:26 52 49 / 20 M40-49
3:15:19
 "
53,MIDD=1819151025,Leicester Marathon,"Leicester, United Kingdom","October 25, 2015","Jonathan Carter (M)
3:16:29 53 50 / 26 M0-39
3:15:40
 "
54,MIDD=1819151025,Leicester Marathon,"Leicester, United Kingdom","October 25, 2015","Kirstie Elliot (F)
3:16:48 54 4 / 3 F0-39
3:15:54
BQ"
55,MIDD=1819151025,Leicester Marathon,"Leicester, United Kingdom","October 25, 2015","Jayson Grygiel (M)
3:17:13 55 51 / 21 M40-49
3:16:52
 "
56,MIDD=1819151025,Leicester Marathon,"Leicester, United Kingdom","October 25, 2015","Damian Ings (M)
3:17:44 56 52 / 22 M40-49
3:17:06
 "
57,MIDD=1819151025,Leicester Marathon,"Leicester, United Kingdom","October 25, 2015","Unknown Runner (M)
3:18:39 57 53 / 27 M0-39
3:17:57
 "
58,MIDD=1819151025,Leicester Marathon,"Leicester, United Kingdom","October 25, 2015","Chris Sherwood (M)
3:18:46 58 54 / 23 M40-49
3:18:45
 "
59,MIDD=1819151025,Leicester Marathon,"Leicester, United Kingdom","October 25, 2015","Richard Weston (M)
3:18:49 59 55 / 28 M0-39
3:18:38
 "
60,MIDD=1819151025,Leicester Marathon,"Leicester, United Kingdom","October 25, 2015","Richard Gibbs (M)
3:19:06 60 56 / 29 M0-39
3:19:01
 "
61,MIDD=1819151025,Leicester Marathon,"Leicester, United Kingdom","October 25, 2015","Scott Eaton (M)
3:19:16 61 57 / 5 M50-59
3:19:15
BQ"
62,MIDD=1819151025,Leicester Marathon,"Leicester, United Kingdom","October 25, 2015","Andrew Phillips (M)
3:19:26 62 58 / 6 M50-59
3:19:04
BQ"
63,MIDD=1819151025,Leicester Marathon,"Leicester, United Kingdom","October 25, 2015","Steven Rye (M)
3:19:55 63 59 / 30 M0-39
3:19:31
 "
64,MIDD=1819151025,Leicester Marathon,"Leicester, United Kingdom","October 25, 2015","Chris Duncalfe (M)
3:20:08 64 60 / 31 M0-39
3:19:57
 "
65,MIDD=1819151025,Leicester Marathon,"Leicester, United Kingdom","October 25, 2015","Richard Frost (M)
3:20:18 65 61 / 32 M0-39
3:19:50
 "
66,MIDD=1819151025,Leicester Marathon,"Leicester, United Kingdom","October 25, 2015","Phil Vibert (M)
3:20:32 66 62 / 24 M40-49
3:19:04
 "
67,MIDD=1819151025,Leicester Marathon,"Leicester, United Kingdom","October 25, 2015","Dom Oddy (M)
3:20:57 67 63 / 33 M0-39
3:20:51
 "
68,MIDD=1819151025,Leicester Marathon,"Leicester, United Kingdom","October 25, 2015","Andrew Speechly (M)
3:21:11 68 64 / 25 M40-49
3:20:25
 "
69,MIDD=1819151025,Leicester Marathon,"Leicester, United Kingdom","October 25, 2015","Matthew Gayton (M)
3:21:35 69 65 / 34 M0-39
3:20:57
 "
70,MIDD=1819151025,Leicester Marathon,"Leicester, United Kingdom","October 25, 2015","Dipesh Dhimar (M)
3:21:39 70 66 / 35 M0-39
3:21:17
 "
71,MIDD=1819151025,Leicester Marathon,"Leicester, United Kingdom","October 25, 2015","Craig Sherratt (M)
3:22:41 71 67 / 36 M0-39
3:20:29
 "
72,MIDD=1819151025,Leicester Marathon,"Leicester, United Kingdom","October 25, 2015","Kevin Brocklehurst (M)
3:22:47 72 68 / 26 M40-49
3:21:53
 "
73,MIDD=1819151025,Leicester Marathon,"Leicester, United Kingdom","October 25, 2015","Dean McCoy (M)
3:22:52 73 69 / 27 M40-49
3:22:23
 "
74,MIDD=1819151025,Leicester Marathon,"Leicester, United Kingdom","October 25, 2015","Mika Mihell (F)
3:23:09 74 5 / 2 F40-49
3:21:29
BQ"
75,MIDD=1819151025,Leicester Marathon,"Leicester, United Kingdom","October 25, 2015","David Frankland (M)
3:23:18 75 70 / 37 M0-39
3:23:13
 "
76,MIDD=1819151025,Leicester Marathon,"Leicester, United Kingdom","October 25, 2015","Mike Adam (M)
3:23:21 76 71 / 38 M0-39
3:22:50
 "
77,MIDD=1819151025,Leicester Marathon,"Leicester, United Kingdom","October 25, 2015","Alastair Maher (M)
3:24:33 77 72 / 39 M0-39
3:24:00
 "
78,MIDD=1819151025,Leicester Marathon,"Leicester, United Kingdom","October 25, 2015","Gary Window (M)
3:25:19 78 73 / 40 M0-39
3:25:00
 "
79,MIDD=1819151025,Leicester Marathon,"Leicester, United Kingdom","October 25, 2015","Ben Maskell (M)
3:25:45 79 74 / 41 M0-39
3:24:27
 "
80,MIDD=1819151025,Leicester Marathon,"Leicester, United Kingdom","October 25, 2015","Gav Meadows (M)
3:25:47 80 75 / 42 M0-39
3:25:24
 "
81,MIDD=1819151025,Leicester Marathon,"Leicester, United Kingdom","October 25, 2015","Matthew Brown (M)
3:25:50 81 76 / 28 M40-49
3:24:44
 "
82,MIDD=1819151025,Leicester Marathon,"Leicester, United Kingdom","October 25, 2015","Natalie Bhangal (F)
3:26:02 82 6 / 4 F0-39
3:25:59
BQ"
83,MIDD=1819151025,Leicester Marathon,"Leicester, United Kingdom","October 25, 2015","Dan Janes (M)
3:26:04 83 77 / 43 M0-39
3:25:20
 "
84,MIDD=1819151025,Leicester Marathon,"Leicester, United Kingdom","October 25, 2015","Mark Hazle (M)
3:26:25 84 78 / 29 M40-49
3:26:02
 "
85,MIDD=1819151025,Leicester Marathon,"Leicester, United Kingdom","October 25, 2015","Mark Norris (M)
3:27:05 85 79 / 30 M40-49
3:25:26
 "
86,MIDD=1819151025,Leicester Marathon,"Leicester, United Kingdom","October 25, 2015","Alan Griffiths (M)
3:27:31 86 80 / 31 M40-49
3:27:01
 "
87,MIDD=1819151025,Leicester Marathon,"Leicester, United Kingdom","October 25, 2015","Stephen Daniel (M)
3:28:05 87 81 / 44 M0-39
3:27:24
 "
88,MIDD=1819151025,Leicester Marathon,"Leicester, United Kingdom","October 25, 2015","Mark Fowell (M)
3:28:20 88 82 / 7 M50-59
3:28:18
BQ"
89,MIDD=1819151025,Leicester Marathon,"Leicester, United Kingdom","October 25, 2015","Jay Dacey (M)
3:28:42 89 83 / 45 M0-39
3:26:13
 "
90,MIDD=1819151025,Leicester Marathon,"Leicester, United Kingdom","October 25, 2015","Bill Leslie (M)
3:28:45 90 84 / 32 M40-49
3:27:59
 "
91,MIDD=1819151025,Leicester Marathon,"Leicester, United Kingdom","October 25, 2015","Andy Smith (M)
3:28:52 91 85 / 33 M40-49
3:28:29
 "
92,MIDD=1819151025,Leicester Marathon,"Leicester, United Kingdom","October 25, 2015","Edmund Wallace (M)
3:29:02 92 86 / 46 M0-39
3:28:43
 "
93,MIDD=1819151025,Leicester Marathon,"Leicester, United Kingdom","October 25, 2015","Martin Schmidbaur (M)
3:29:05 93 87 / 47 M0-39
3:27:43
 "
94,MIDD=1819151025,Leicester Marathon,"Leicester, United Kingdom","October 25, 2015","Tom Stayte (M)
3:29:06 94 88 / 48 M0-39
3:28:03
 "
95,MIDD=1819151025,Leicester Marathon,"Leicester, United Kingdom","October 25, 2015","Mark Shaw (M)
3:30:09 95 89 / 49 M0-39
3:29:57
 "
96,MIDD=1819151025,Leicester Marathon,"Leicester, United Kingdom","October 25, 2015","David Chetta (M)
3:30:14 96 90 / 50 M0-39
3:28:50
 "
97,MIDD=1819151025,Leicester Marathon,"Leicester, United Kingdom","October 25, 2015","Edward Dymoke (M)
3:30:26 97 91 / 51 M0-39
3:29:49
 "
98,MIDD=1819151025,Leicester Marathon,"Leicester, United Kingdom","October 25, 2015","James Finn (M)
3:30:31 98 92 / 52 M0-39
3:29:18
 "
99,MIDD=1819151025,Leicester Marathon,"Leicester, United Kingdom","October 25, 2015","Nigel Swepson (M)
3:30:35 99 93 / 34 M40-49
3:29:54
 "
100,MIDD=1819151025,Leicester Marathon,"Leicester, United Kingdom","October 25, 2015","Alan Mackie (M)
3:30:41 100 94 / 53 M0-39
3:30:04
 "
101,MIDD=1819151025,Leicester Marathon,"Leicester, United Kingdom","October 25, 2015","Shafiq Khan (M)
3:30:46 101 95 / 35 M40-49
3:30:25
 "
102,MIDD=1819151025,Leicester Marathon,"Leicester, United Kingdom","October 25, 2015","Kathryn Evans (F)
3:30:53 102 7 / 3 F40-49
3:30:00
BQ"
103,MIDD=1819151025,Leicester Marathon,"Leicester, United Kingdom","October 25, 2015","Graham Grewcock (M)
3:31:05 103 96 / 36 M40-49
3:30:55
 "
104,MIDD=1819151025,Leicester Marathon,"Leicester, United Kingdom","October 25, 2015","Tim Holt (M)
3:31:10 104 97 / 54 M0-39
3:29:54
 "
105,MIDD=1819151025,Leicester Marathon,"Leicester, United Kingdom","October 25, 2015","Simon Macer-Wright (M)
3:31:44 105 98 / 37 M40-49
3:30:26
 "
106,MIDD=1819151025,Leicester Marathon,"Leicester, United Kingdom","October 25, 2015","Colin Halliday (M)
3:31:53 106 99 / 55 M0-39
3:31:37
 "
107,MIDD=1819151025,Leicester Marathon,"Leicester, United Kingdom","October 25, 2015","Roderick Cantrill (M)
3:32:06 107 100 / 38 M40-49
3:30:35
 "
108,MIDD=1819151025,Leicester Marathon,"Leicester, United Kingdom","October 25, 2015","Oliver Coleman (M)
3:32:07 108 101 / 56 M0-39
3:29:45
 "
109,MIDD=1819151025,Leicester Marathon,"Leicester, United Kingdom","October 25, 2015","Neil Kirwin (M)
3:32:13 109 102 / 39 M40-49
3:31:40
 "
110,MIDD=1819151025,Leicester Marathon,"Leicester, United Kingdom","October 25, 2015","Dan Valencia (M)
3:32:48 110 103 / 40 M40-49
3:31:52
 "
111,MIDD=1819151025,Leicester Marathon,"Leicester, United Kingdom","October 25, 2015","George Polglass (M)
3:33:02 111 104 / 57 M0-39
3:32:57
 "
112,MIDD=1819151025,Leicester Marathon,"Leicester, United Kingdom","October 25, 2015","Russell Horne (M)
3:33:22 112 105 / 41 M40-49
3:32:45
 "
113,MIDD=1819151025,Leicester Marathon,"Leicester, United Kingdom","October 25, 2015","Russell Codd (M)
3:33:27 113 106 / 42 M40-49
3:31:14
 "
114,MIDD=1819151025,Leicester Marathon,"Leicester, United Kingdom","October 25, 2015","Scott Cannon (M)
3:33:35 114 107 / 43 M40-49
3:31:59
 "
115,MIDD=1819151025,Leicester Marathon,"Leicester, United Kingdom","October 25, 2015","Paul Cutts (M)
3:33:39 115 108 / 58 M0-39
3:31:52
 "
116,MIDD=1819151025,Leicester Marathon,"Leicester, United Kingdom","October 25, 2015","Hubert Lechat (M)
3:34:04 116 109 / 8 M50-59
3:33:39
 "
117,MIDD=1819151025,Leicester Marathon,"Leicester, United Kingdom","October 25, 2015","Andrew Hurd (M)
3:34:08 117 110 / 44 M40-49
3:33:56
 "
118,MIDD=1819151025,Leicester Marathon,"Leicester, United Kingdom","October 25, 2015","Guy Watson (M)
3:34:09 118 111 / 45 M40-49
3:33:27
 "
119,MIDD=1819151025,Leicester Marathon,"Leicester, United Kingdom","October 25, 2015","Ketan Mistry (M)
3:34:09 119 112 / 46 M40-49
3:33:27
 "
120,MIDD=1819151025,Leicester Marathon,"Leicester, United Kingdom","October 25, 2015","Luke Martino (M)
3:34:19 120 113 / 47 M40-49
3:32:48
 "
121,MIDD=1819151025,Leicester Marathon,"Leicester, United Kingdom","October 25, 2015","Paul Craig (M)
3:34:31 121 114 / 48 M40-49
3:34:26
 "
122,MIDD=1819151025,Leicester Marathon,"Leicester, United Kingdom","October 25, 2015","Maximilian Taylor (M)
3:34:46 122 115 / 59 M0-39
3:33:28
 "
123,MIDD=1819151025,Leicester Marathon,"Leicester, United Kingdom","October 25, 2015","Thomas Hughes (M)
3:34:55 123 116 / 60 M0-39
3:33:46
 "
124,MIDD=1819151025,Leicester Marathon,"Leicester, United Kingdom","October 25, 2015","Matthew Beard (M)
3:34:56 124 117 / 49 M40-49
3:33:34
 "
125,MIDD=1819151025,Leicester Marathon,"Leicester, United Kingdom","October 25, 2015","Michael Quinn (M)
3:35:16 125 118 / 9 M50-59
3:34:47
 "
126,MIDD=1819151025,Leicester Marathon,"Leicester, United Kingdom","October 25, 2015","Andrew Brunjes (M)
3:35:20 126 119 / 61 M0-39
3:34:53
 "
127,MIDD=1819151025,Leicester Marathon,"Leicester, United Kingdom","October 25, 2015","Jurijs Bormanis (M)
3:35:24 127 120 / 62 M0-39
3:33:21
 "
128,MIDD=1819151025,Leicester Marathon,"Leicester, United Kingdom","October 25, 2015","Richard Campbell (M)
3:35:30 128 121 / 50 M40-49
3:32:48
 "
129,MIDD=1819151025,Leicester Marathon,"Leicester, United Kingdom","October 25, 2015","Duane Daugherty (M)
3:36:05 129 122 / 10 M50-59
3:35:40
 "
130,MIDD=1819151025,Leicester Marathon,"Leicester, United Kingdom","October 25, 2015","Lee Curson (M)
3:36:05 130 123 / 63 M0-39
3:34:23
 "
131,MIDD=1819151025,Leicester Marathon,"Leicester, United Kingdom","October 25, 2015","Chris Teear (M)
3:36:31 131 124 / 51 M40-49
3:35:01
 "
132,MIDD=1819151025,Leicester Marathon,"Leicester, United Kingdom","October 25, 2015","Helen James (F)
3:36:35 132 8 / 4 F40-49
3:35:21
BQ"
133,MIDD=1819151025,Leicester Marathon,"Leicester, United Kingdom","October 25, 2015","Bhavin Patel (M)
3:36:49 133 125 / 52 M40-49
3:36:07
 "
134,MIDD=1819151025,Leicester Marathon,"Leicester, United Kingdom","October 25, 2015","Enda Brady (M)
3:37:24 134 126 / 64 M0-39
3:37:04
 "
135,MIDD=1819151025,Leicester Marathon,"Leicester, United Kingdom","October 25, 2015","Laurence Justin (M)
3:37:52 135 127 / 65 M0-39
3:36:04
 "
136,MIDD=1819151025,Leicester Marathon,"Leicester, United Kingdom","October 25, 2015","Steve Hickingbottom (M)
3:37:55 136 128 / 11 M50-59
3:36:56
 "
137,MIDD=1819151025,Leicester Marathon,"Leicester, United Kingdom","October 25, 2015","Dominic Scott (M)
3:38:10 137 129 / 12 M50-59
3:38:03
 "
138,MIDD=1819151025,Leicester Marathon,"Leicester, United Kingdom","October 25, 2015","Stuart Humber (M)
3:38:18 138 130 / 53 M40-49
3:37:28
 "
139,MIDD=1819151025,Leicester Marathon,"Leicester, United Kingdom","October 25, 2015","Peter Worthington (M)
3:38:20 139 131 / 66 M0-39
3:37:56
 "
140,MIDD=1819151025,Leicester Marathon,"Leicester, United Kingdom","October 25, 2015","Goran Tasic (M)
3:38:26 140 132 / 67 M0-39
3:36:56
 "
141,MIDD=1819151025,Leicester Marathon,"Leicester, United Kingdom","October 25, 2015","Dennis Smith (M)
3:38:35 141 133 / 13 M50-59
3:38:08
 "
142,MIDD=1819151025,Leicester Marathon,"Leicester, United Kingdom","October 25, 2015","David John Ball (M)
3:38:51 142 134 / 54 M40-49
3:37:52
 "
143,MIDD=1819151025,Leicester Marathon,"Leicester, United Kingdom","October 25, 2015","Guy Schmidt (M)
3:39:45 143 135 / 68 M0-39
3:37:08
 "
144,MIDD=1819151025,Leicester Marathon,"Leicester, United Kingdom","October 25, 2015","Jason Williams (M)
3:39:47 144 136 / 55 M40-49
3:39:34
 "
145,MIDD=1819151025,Leicester Marathon,"Leicester, United Kingdom","October 25, 2015","Nick Cook (M)
3:40:17 145 137 / 56 M40-49
3:38:41
 "
146,MIDD=1819151025,Leicester Marathon,"Leicester, United Kingdom","October 25, 2015","Gavin Midcley (M)
3:40:18 146 138 / 69 M0-39
3:39:05
 "
147,MIDD=1819151025,Leicester Marathon,"Leicester, United Kingdom","October 25, 2015","Stuart Hutchinson (M)
3:40:19 147 139 / 70 M0-39
3:38:38
 "
148,MIDD=1819151025,Leicester Marathon,"Leicester, United Kingdom","October 25, 2015","Rush Yadave (M)
3:40:25 148 140 / 1 M60-69
3:40:02
BQ"
149,MIDD=1819151025,Leicester Marathon,"Leicester, United Kingdom","October 25, 2015","Callum Knapp (M)
3:40:55 149 141 / 71 M0-39
3:39:50
 "
150,MIDD=1819151025,Leicester Marathon,"Leicester, United Kingdom","October 25, 2015","Marc Draycott (M)
3:41:06 150 142 / 57 M40-49
3:39:36
 "
151,MIDD=1819151025,Leicester Marathon,"Leicester, United Kingdom","October 25, 2015","Lachlan Crowe (M)
3:41:15 151 143 / 72 M0-39
3:39:44
 "
152,MIDD=1819151025,Leicester Marathon,"Leicester, United Kingdom","October 25, 2015","Jason Blount (M)
3:41:23 152 144 / 73 M0-39
3:39:19
 "
153,MIDD=1819151025,Leicester Marathon,"Leicester, United Kingdom","October 25, 2015","Jon Clark (M)
3:41:34 153 145 / 14 M50-59
3:41:00
 "
154,MIDD=1819151025,Leicester Marathon,"Leicester, United Kingdom","October 25, 2015","Matt Clayton (M)
3:42:37 154 146 / 58 M40-49
3:41:15
 "
155,MIDD=1819151025,Leicester Marathon,"Leicester, United Kingdom","October 25, 2015","Mark Bonham (M)
3:42:56 155 147 / 59 M40-49
3:42:25
 "
156,MIDD=1819151025,Leicester Marathon,"Leicester, United Kingdom","October 25, 2015","Matt Rogers (M)
3:43:06 156 148 / 74 M0-39
3:40:52
 "
157,MIDD=1819151025,Leicester Marathon,"Leicester, United Kingdom","October 25, 2015","Robert Shand (M)
3:43:08 157 149 / 75 M0-39
3:42:57
 "
158,MIDD=1819151025,Leicester Marathon,"Leicester, United Kingdom","October 25, 2015","John Cooper (M)
3:43:19 158 150 / 2 M60-69
3:42:45
BQ"
159,MIDD=1819151025,Leicester Marathon,"Leicester, United Kingdom","October 25, 2015","Bill Lonsdale (M)
3:44:16 159 151 / 3 M60-69
3:44:12
BQ"
160,MIDD=1819151025,Leicester Marathon,"Leicester, United Kingdom","October 25, 2015","Jason Lockwood (M)
3:44:25 160 152 / 60 M40-49
3:42:29
 "
161,MIDD=1819151025,Leicester Marathon,"Leicester, United Kingdom","October 25, 2015","Jonathan Crewe (M)
3:44:31 161 153 / 76 M0-39
3:42:24
 "
162,MIDD=1819151025,Leicester Marathon,"Leicester, United Kingdom","October 25, 2015","Giles Smith (M)
3:44:32 162 154 / 77 M0-39
3:43:25
 "
163,MIDD=1819151025,Leicester Marathon,"Leicester, United Kingdom","October 25, 2015","Kieron Ford (M)
3:44:40 163 155 / 78 M0-39
3:43:12
 "
164,MIDD=1819151025,Leicester Marathon,"Leicester, United Kingdom","October 25, 2015","Danny Bursztyn (M)
3:44:53 164 156 / 79 M0-39
3:44:46
 "
165,MIDD=1819151025,Leicester Marathon,"Leicester, United Kingdom","October 25, 2015","Mark Harrison (M)
3:45:49 165 157 / 61 M40-49
3:45:20
 "
166,MIDD=1819151025,Leicester Marathon,"Leicester, United Kingdom","October 25, 2015","Krzysztof Wrobel (M)
3:46:29 166 158 / 80 M0-39
3:42:48
 "
167,MIDD=1819151025,Leicester Marathon,"Leicester, United Kingdom","October 25, 2015","Daniel Brooks (M)
3:46:40 167 159 / 62 M40-49
3:45:12
 "
168,MIDD=1819151025,Leicester Marathon,"Leicester, United Kingdom","October 25, 2015","Margaret Morley (F)
3:47:01 168 9 / 5 F40-49
3:45:33
 "
169,MIDD=1819151025,Leicester Marathon,"Leicester, United Kingdom","October 25, 2015","Sam Richards (M)
3:47:12 169 160 / 81 M0-39
3:45:02
 "
170,MIDD=1819151025,Leicester Marathon,"Leicester, United Kingdom","October 25, 2015","Chris Blackburn (M)
3:47:21 170 161 / 63 M40-49
3:45:19
 "
171,MIDD=1819151025,Leicester Marathon,"Leicester, United Kingdom","October 25, 2015","Steven Warner (M)
3:47:58 171 162 / 64 M40-49
3:45:33
 "
172,MIDD=1819151025,Leicester Marathon,"Leicester, United Kingdom","October 25, 2015","Simon Bottrill (M)
3:48:22 172 163 / 65 M40-49
3:47:25
 "
173,MIDD=1819151025,Leicester Marathon,"Leicester, United Kingdom","October 25, 2015","Jakub Sibinski (M)
3:48:33 173 164 / 82 M0-39
3:48:14
 "
174,MIDD=1819151025,Leicester Marathon,"Leicester, United Kingdom","October 25, 2015","John Houghton (M)
3:48:36 174 165 / 66 M40-49
3:47:39
 "
175,MIDD=1819151025,Leicester Marathon,"Leicester, United Kingdom","October 25, 2015","Kieran Anderson (M)
3:48:42 175 166 / 83 M0-39
3:46:49
 "
176,MIDD=1819151025,Leicester Marathon,"Leicester, United Kingdom","October 25, 2015","Simon King (M)
3:48:44 176 167 / 15 M50-59
3:45:47
 "
177,MIDD=1819151025,Leicester Marathon,"Leicester, United Kingdom","October 25, 2015","Simon Large (M)
3:49:22 177 168 / 84 M0-39
3:47:15
 "
178,MIDD=1819151025,Leicester Marathon,"Leicester, United Kingdom","October 25, 2015","Steve Thacker (M)
3:49:29 178 169 / 16 M50-59
3:48:54
 "
179,MIDD=1819151025,Leicester Marathon,"Leicester, United Kingdom","October 25, 2015","Claire Sanderson (F)
3:49:45 179 10 / 5 F0-39
3:48:52
 "
180,MIDD=1819151025,Leicester Marathon,"Leicester, United Kingdom","October 25, 2015","Ania Gruszczynska (F)
3:49:54 180 11 / 6 F0-39
3:47:19
 "
181,MIDD=1819151025,Leicester Marathon,"Leicester, United Kingdom","October 25, 2015","Maurizio Foresta (M)
3:50:01 181 170 / 85 M0-39
3:47:57
 "
182,MIDD=1819151025,Leicester Marathon,"Leicester, United Kingdom","October 25, 2015","Shaun Keenaghan (M)
3:50:29 182 171 / 67 M40-49
3:49:59
 "
183,MIDD=1819151025,Leicester Marathon,"Leicester, United Kingdom","October 25, 2015","David Womersley (M)
3:50:43 183 172 / 4 M60-69
3:48:41
BQ"
184,MIDD=1819151025,Leicester Marathon,"Leicester, United Kingdom","October 25, 2015","Greg Godwin (M)
3:50:46 184 173 / 68 M40-49
3:48:52
 "
185,MIDD=1819151025,Leicester Marathon,"Leicester, United Kingdom","October 25, 2015","Lowe Vicki (F)
3:50:46 185 12 / 6 F40-49
3:49:07
 "
186,MIDD=1819151025,Leicester Marathon,"Leicester, United Kingdom","October 25, 2015","Helen Widdowson (F)
3:50:47 186 13 / 7 F0-39
3:49:08
 "
187,MIDD=1819151025,Leicester Marathon,"Leicester, United Kingdom","October 25, 2015","Robert Cameron-Wood (M)
3:51:32 187 174 / 69 M40-49
3:51:14
 "
188,MIDD=1819151025,Leicester Marathon,"Leicester, United Kingdom","October 25, 2015","Stuart Palmer (M)
3:51:57 188 175 / 86 M0-39
3:51:15
 "
189,MIDD=1819151025,Leicester Marathon,"Leicester, United Kingdom","October 25, 2015","Mike Buckey (M)
3:52:13 189 176 / 70 M40-49
3:49:31
 "
190,MIDD=1819151025,Leicester Marathon,"Leicester, United Kingdom","October 25, 2015","Rebecca Holmes (F)
3:52:16 190 14 / 8 F0-39
3:51:43
 "
191,MIDD=1819151025,Leicester Marathon,"Leicester, United Kingdom","October 25, 2015","Gemma Bettoney-bramhall (F)
3:52:16 191 15 / 9 F0-39
3:51:43
 "
192,MIDD=1819151025,Leicester Marathon,"Leicester, United Kingdom","October 25, 2015","Paul Doughty (M)
3:52:22 192 177 / 87 M0-39
3:49:58
 "
193,MIDD=1819151025,Leicester Marathon,"Leicester, United Kingdom","October 25, 2015","Victor Ricketts (M)
3:52:30 193 178 / 88 M0-39
3:52:05
 "
194,MIDD=1819151025,Leicester Marathon,"Leicester, United Kingdom","October 25, 2015","Craig Birch (M)
3:52:41 194 179 / 71 M40-49
3:50:53
 "
195,MIDD=1819151025,Leicester Marathon,"Leicester, United Kingdom","October 25, 2015","Lewis Johnston (M)
3:52:43 195 180 / 89 M0-39
3:50:54
 "
196,MIDD=1819151025,Leicester Marathon,"Leicester, United Kingdom","October 25, 2015","Henry Halladay (M)
3:52:58 196 181 / 90 M0-39
3:51:04
 "
197,MIDD=1819151025,Leicester Marathon,"Leicester, United Kingdom","October 25, 2015","Robert Pratt (M)
3:53:06 197 182 / 91 M0-39
3:51:19
 "
198,MIDD=1819151025,Leicester Marathon,"Leicester, United Kingdom","October 25, 2015","Edward Batch (M)
3:53:18 198 183 / 92 M0-39
3:52:48
 "
199,MIDD=1819151025,Leicester Marathon,"Leicester, United Kingdom","October 25, 2015","Richard Woolerton (M)
3:53:23 199 184 / 93 M0-39
3:53:01
 "
200,MIDD=1819151025,Leicester Marathon,"Leicester, United Kingdom","October 25, 2015","Stephen Goodlad (M)
3:53:54 200 185 / 17 M50-59
3:51:34
 "
201,MIDD=1819151025,Leicester Marathon,"Leicester, United Kingdom","October 25, 2015","Mike Turner (M)
3:54:05 201 186 / 18 M50-59
3:53:09
 "
202,MIDD=1819151025,Leicester Marathon,"Leicester, United Kingdom","October 25, 2015","Richard Wyllie (M)
3:54:21 202 187 / 94 M0-39
3:52:25
 "
203,MIDD=1819151025,Leicester Marathon,"Leicester, United Kingdom","October 25, 2015","Peter Robinson (M)
3:54:24 203 188 / 72 M40-49
3:52:47
 "
204,MIDD=1819151025,Leicester Marathon,"Leicester, United Kingdom","October 25, 2015","Katy Davis (F)
3:54:57 204 16 / 7 F40-49
3:54:01
 "
205,MIDD=1819151025,Leicester Marathon,"Leicester, United Kingdom","October 25, 2015","Adrian Ebbs (M)
3:55:11 205 189 / 19 M50-59
3:52:40
 "
206,MIDD=1819151025,Leicester Marathon,"Leicester, United Kingdom","October 25, 2015","Clive Anderson (M)
3:55:22 206 190 / 20 M50-59
3:54:47
 "
207,MIDD=1819151025,Leicester Marathon,"Leicester, United Kingdom","October 25, 2015","Sezer Domac (M)
3:56:10 207 191 / 21 M50-59
3:54:11
 "
208,MIDD=1819151025,Leicester Marathon,"Leicester, United Kingdom","October 25, 2015","Duncan Southall (M)
3:56:11 208 192 / 73 M40-49
3:53:53
 "
209,MIDD=1819151025,Leicester Marathon,"Leicester, United Kingdom","October 25, 2015","Adam Sharman (M)
3:56:27 209 193 / 95 M0-39
3:56:05
 "
210,MIDD=1819151025,Leicester Marathon,"Leicester, United Kingdom","October 25, 2015","Arturs Vadeisa (M)
3:56:30 210 194 / 96 M0-39
3:54:59
 "
211,MIDD=1819151025,Leicester Marathon,"Leicester, United Kingdom","October 25, 2015","Ed Briggs (M)
3:56:49 211 195 / 74 M40-49
3:56:22
 "
212,MIDD=1819151025,Leicester Marathon,"Leicester, United Kingdom","October 25, 2015","Sabrina Robinson (F)
3:57:02 212 17 / 10 F0-39
3:54:49
 "
213,MIDD=1819151025,Leicester Marathon,"Leicester, United Kingdom","October 25, 2015","Geoff OGrady (M)
3:57:08 213 196 / 22 M50-59
3:55:49
 "
214,MIDD=1819151025,Leicester Marathon,"Leicester, United Kingdom","October 25, 2015","Mike Mcsharry (M)
3:57:18 214 197 / 23 M50-59
3:56:16
 "
215,MIDD=1819151025,Leicester Marathon,"Leicester, United Kingdom","October 25, 2015","YU You (M)
3:57:21 215 198 / 97 M0-39
3:57:00
 "
216,MIDD=1819151025,Leicester Marathon,"Leicester, United Kingdom","October 25, 2015","James Terry (M)
3:57:25 216 199 / 75 M40-49
3:56:11
 "
217,MIDD=1819151025,Leicester Marathon,"Leicester, United Kingdom","October 25, 2015","Denys Baudry (M)
3:57:29 217 200 / 5 M60-69
3:57:11
 "
218,MIDD=1819151025,Leicester Marathon,"Leicester, United Kingdom","October 25, 2015","Simon Mayes (M)
3:57:35 218 201 / 98 M0-39
3:56:39
 "
219,MIDD=1819151025,Leicester Marathon,"Leicester, United Kingdom","October 25, 2015","Jessica Williams (F)
3:57:35 219 18 / 11 F0-39
3:55:36
 "
220,MIDD=1819151025,Leicester Marathon,"Leicester, United Kingdom","October 25, 2015","Mark Mccarthy (M)
3:57:39 220 202 / 76 M40-49
3:57:19
 "
221,MIDD=1819151025,Leicester Marathon,"Leicester, United Kingdom","October 25, 2015","Adam Dovey (M)
3:57:42 221 203 / 24 M50-59
3:56:16
 "
222,MIDD=1819151025,Leicester Marathon,"Leicester, United Kingdom","October 25, 2015","David Hughes (M)
3:57:47 222 204 / 25 M50-59
3:54:34
 "
223,MIDD=1819151025,Leicester Marathon,"Leicester, United Kingdom","October 25, 2015","Georgina Town (F)
3:57:51 223 19 / 12 F0-39
3:54:36
 "
224,MIDD=1819151025,Leicester Marathon,"Leicester, United Kingdom","October 25, 2015","Gerry Mclelland (M)
3:58:01 224 205 / 99 M0-39
3:56:46
 "
225,MIDD=1819151025,Leicester Marathon,"Leicester, United Kingdom","October 25, 2015","Louise Stevenson (F)
3:58:04 225 20 / 1 F50-59
3:56:10
BQ"
226,MIDD=1819151025,Leicester Marathon,"Leicester, United Kingdom","October 25, 2015","Daniel Jakubas (M)
3:58:06 226 206 / 100 M0-39
3:57:38
 "
227,MIDD=1819151025,Leicester Marathon,"Leicester, United Kingdom","October 25, 2015","Sam Kearney (M)
3:58:07 227 207 / 101 M0-39
3:57:38
 "
228,MIDD=1819151025,Leicester Marathon,"Leicester, United Kingdom","October 25, 2015","David Knight (M)
3:58:07 228 208 / 102 M0-39
3:57:39
 "
229,MIDD=1819151025,Leicester Marathon,"Leicester, United Kingdom","October 25, 2015","Nirav Patel (M)
3:58:11 229 209 / 77 M40-49
3:56:52
 "
230,MIDD=1819151025,Leicester Marathon,"Leicester, United Kingdom","October 25, 2015","Hillary Carter (F)
3:58:37 230 21 / 13 F0-39
3:55:12
 "
231,MIDD=1819151025,Leicester Marathon,"Leicester, United Kingdom","October 25, 2015","Graham Squires (M)
3:58:39 231 210 / 103 M0-39
3:55:03
 "
232,MIDD=1819151025,Leicester Marathon,"Leicester, United Kingdom","October 25, 2015","Huw Williams (M)
3:58:50 232 211 / 104 M0-39
3:57:35
 "
233,MIDD=1819151025,Leicester Marathon,"Leicester, United Kingdom","October 25, 2015","Stuart Jones (M)
3:58:59 233 212 / 105 M0-39
3:57:07
 "
234,MIDD=1819151025,Leicester Marathon,"Leicester, United Kingdom","October 25, 2015","Naomi Benson (F)
3:58:59 234 22 / 14 F0-39
3:57:53
 "
235,MIDD=1819151025,Leicester Marathon,"Leicester, United Kingdom","October 25, 2015","David Burgess (M)
3:59:06 235 213 / 26 M50-59
3:58:06
 "
236,MIDD=1819151025,Leicester Marathon,"Leicester, United Kingdom","October 25, 2015","Marcus McTurk (M)
3:59:14 236 214 / 78 M40-49
3:56:32
 "
237,MIDD=1819151025,Leicester Marathon,"Leicester, United Kingdom","October 25, 2015","Stephen Young (M)
3:59:19 237 215 / 79 M40-49
3:58:10
 "
238,MIDD=1819151025,Leicester Marathon,"Leicester, United Kingdom","October 25, 2015","Aidan Thomas (M)
3:59:20 238 216 / 106 M0-39
3:55:02
 "
239,MIDD=1819151025,Leicester Marathon,"Leicester, United Kingdom","October 25, 2015","Nicholas Price (M)
3:59:31 239 217 / 80 M40-49
3:58:46
 "
240,MIDD=1819151025,Leicester Marathon,"Leicester, United Kingdom","October 25, 2015","Lindel Carruthers (M)
3:59:38 240 218 / 81 M40-49
3:58:03
 "
241,MIDD=1819151025,Leicester Marathon,"Leicester, United Kingdom","October 25, 2015","Samuel Robson (M)
3:59:39 241 219 / 107 M0-39
3:59:06
 "
242,MIDD=1819151025,Leicester Marathon,"Leicester, United Kingdom","October 25, 2015","Anna Gee (F)
3:59:42 242 23 / 15 F0-39
3:59:16
 "
243,MIDD=1819151025,Leicester Marathon,"Leicester, United Kingdom","October 25, 2015","Erica Calvert (F)
3:59:46 243 24 / 16 F0-39
3:58:00
 "
244,MIDD=1819151025,Leicester Marathon,"Leicester, United Kingdom","October 25, 2015","Wayne Burbidge (M)
4:00:20 244 220 / 27 M50-59
3:57:17
 "
245,MIDD=1819151025,Leicester Marathon,"Leicester, United Kingdom","October 25, 2015","Katy Tate (F)
4:00:20 245 25 / 17 F0-39
3:57:30
 "
246,MIDD=1819151025,Leicester Marathon,"Leicester, United Kingdom","October 25, 2015","Tom Milner (M)
4:00:21 246 221 / 108 M0-39
3:59:42
 "
247,MIDD=1819151025,Leicester Marathon,"Leicester, United Kingdom","October 25, 2015","Zachary Jackson (M)
4:00:22 247 222 / 109 M0-39
3:59:49
 "
248,MIDD=1819151025,Leicester Marathon,"Leicester, United Kingdom","October 25, 2015","Michael Koch (M)
4:00:25 248 223 / 82 M40-49
3:59:30
 "
249,MIDD=1819151025,Leicester Marathon,"Leicester, United Kingdom","October 25, 2015","Jon Watkins (M)
4:00:31 249 224 / 83 M40-49
3:58:43
 "
250,MIDD=1819151025,Leicester Marathon,"Leicester, United Kingdom","October 25, 2015","Stephen Inman (M)
4:01:25 250 225 / 110 M0-39
3:58:17
 "
251,MIDD=1819151025,Leicester Marathon,"Leicester, United Kingdom","October 25, 2015","James Ford (M)
4:01:51 251 226 / 111 M0-39
3:59:45
 "
252,MIDD=1819151025,Leicester Marathon,"Leicester, United Kingdom","October 25, 2015","Neil Watson (M)
4:03:07 252 227 / 6 M60-69
3:59:41
 "
253,MIDD=1819151025,Leicester Marathon,"Leicester, United Kingdom","October 25, 2015","Karl Wesley (M)
4:03:17 253 228 / 84 M40-49
4:00:59
 "
254,MIDD=1819151025,Leicester Marathon,"Leicester, United Kingdom","October 25, 2015","Simon Ellis (M)
4:03:22 254 229 / 28 M50-59
4:00:05
 "
255,MIDD=1819151025,Leicester Marathon,"Leicester, United Kingdom","October 25, 2015","Paul Burton-Pye (M)
4:03:22 255 230 / 85 M40-49
4:00:33
 "
256,MIDD=1819151025,Leicester Marathon,"Leicester, United Kingdom","October 25, 2015","Richard Pepper (M)
4:03:22 256 231 / 86 M40-49
4:00:33
 "
257,MIDD=1819151025,Leicester Marathon,"Leicester, United Kingdom","October 25, 2015","Andrew Bailey (M)
4:04:20 257 232 / 112 M0-39
4:00:53
 "
258,MIDD=1819151025,Leicester Marathon,"Leicester, United Kingdom","October 25, 2015","Nathan Proud (M)
4:04:48 258 233 / 113 M0-39
4:04:02
 "
259,MIDD=1819151025,Leicester Marathon,"Leicester, United Kingdom","October 25, 2015","Brendan Loughrey (M)
4:05:11 259 234 / 87 M40-49
4:03:18
 "
260,MIDD=1819151025,Leicester Marathon,"Leicester, United Kingdom","October 25, 2015","Helen Barber (F)
4:05:13 260 26 / 8 F40-49
4:04:00
 "
261,MIDD=1819151025,Leicester Marathon,"Leicester, United Kingdom","October 25, 2015","Paul Gardner (M)
4:05:13 261 235 / 88 M40-49
4:04:01
 "
262,MIDD=1819151025,Leicester Marathon,"Leicester, United Kingdom","October 25, 2015","Barry Newman (M)
4:05:15 262 236 / 114 M0-39
4:01:56
 "
263,MIDD=1819151025,Leicester Marathon,"Leicester, United Kingdom","October 25, 2015","Jon Wilson (M)
4:05:25 263 237 / 89 M40-49
4:04:28
 "
264,MIDD=1819151025,Leicester Marathon,"Leicester, United Kingdom","October 25, 2015","Rebecca MacLeod (F)
4:06:03 264 27 / 2 F50-59
4:05:08
 "
265,MIDD=1819151025,Leicester Marathon,"Leicester, United Kingdom","October 25, 2015","Basia Spalek (F)
4:06:11 265 28 / 9 F40-49
4:03:24
 "
266,MIDD=1819151025,Leicester Marathon,"Leicester, United Kingdom","October 25, 2015","Steve Foxon (M)
4:06:24 266 238 / 115 M0-39
4:04:49
 "
267,MIDD=1819151025,Leicester Marathon,"Leicester, United Kingdom","October 25, 2015","Nick Masca (M)
4:06:29 267 239 / 116 M0-39
4:03:48
 "
268,MIDD=1819151025,Leicester Marathon,"Leicester, United Kingdom","October 25, 2015","Ben Green (M)
4:06:30 268 240 / 90 M40-49
4:03:15
 "
269,MIDD=1819151025,Leicester Marathon,"Leicester, United Kingdom","October 25, 2015","Paul Stewart (M)
4:07:00 269 241 / 91 M40-49
4:03:54
 "
270,MIDD=1819151025,Leicester Marathon,"Leicester, United Kingdom","October 25, 2015","Rebecca Parry (F)
4:07:35 270 29 / 10 F40-49
4:05:29
 "
271,MIDD=1819151025,Leicester Marathon,"Leicester, United Kingdom","October 25, 2015","John Clampin (M)
4:07:39 271 242 / 29 M50-59
4:04:35
 "
272,MIDD=1819151025,Leicester Marathon,"Leicester, United Kingdom","October 25, 2015","Andrew Kenworthy (M)
4:07:40 272 243 / 30 M50-59
4:06:37
 "
273,MIDD=1819151025,Leicester Marathon,"Leicester, United Kingdom","October 25, 2015","Aniko Lyle (F)
4:07:54 273 30 / 11 F40-49
4:05:05
 "
274,MIDD=1819151025,Leicester Marathon,"Leicester, United Kingdom","October 25, 2015","Stephen Allsopp (M)
4:08:00 274 244 / 31 M50-59
4:05:09
 "
275,MIDD=1819151025,Leicester Marathon,"Leicester, United Kingdom","October 25, 2015","Neil Parker (M)
4:08:11 275 245 / 32 M50-59
4:03:44
 "
276,MIDD=1819151025,Leicester Marathon,"Leicester, United Kingdom","October 25, 2015","Santino Musarra (M)
4:08:11 276 246 / 92 M40-49
4:08:00
 "
277,MIDD=1819151025,Leicester Marathon,"Leicester, United Kingdom","October 25, 2015","Matthew Bower (M)
4:09:11 277 247 / 117 M0-39
4:07:51
 "
278,MIDD=1819151025,Leicester Marathon,"Leicester, United Kingdom","October 25, 2015","Daniel Turton (M)
4:09:12 278 248 / 93 M40-49
4:05:54
 "
279,MIDD=1819151025,Leicester Marathon,"Leicester, United Kingdom","October 25, 2015","John Reynolds (M)
4:10:22 279 249 / 118 M0-39
4:08:10
 "
280,MIDD=1819151025,Leicester Marathon,"Leicester, United Kingdom","October 25, 2015","Luke Clarke (M)
4:10:28 280 250 / 119 M0-39
4:07:37
 "
281,MIDD=1819151025,Leicester Marathon,"Leicester, United Kingdom","October 25, 2015","David Heyes (M)
4:10:36 281 251 / 33 M50-59
4:06:36
 "
282,MIDD=1819151025,Leicester Marathon,"Leicester, United Kingdom","October 25, 2015","Ian Stokes (M)
4:10:46 282 252 / 34 M50-59
4:07:27
 "
283,MIDD=1819151025,Leicester Marathon,"Leicester, United Kingdom","October 25, 2015","Neil Coombe (M)
4:10:56 283 253 / 120 M0-39
4:06:56
 "
284,MIDD=1819151025,Leicester Marathon,"Leicester, United Kingdom","October 25, 2015","Aaron Murray (M)
4:12:03 284 254 / 121 M0-39
4:09:29
 "
285,MIDD=1819151025,Leicester Marathon,"Leicester, United Kingdom","October 25, 2015","Lloyd Rosser (M)
4:12:12 285 255 / 94 M40-49
4:09:25
 "
286,MIDD=1819151025,Leicester Marathon,"Leicester, United Kingdom","October 25, 2015","John Trory (M)
4:12:20 286 256 / 7 M60-69
4:10:07
 "
287,MIDD=1819151025,Leicester Marathon,"Leicester, United Kingdom","October 25, 2015","Lauren Gregory (F)
4:12:23 287 31 / 18 F0-39
4:10:18
 "
288,MIDD=1819151025,Leicester Marathon,"Leicester, United Kingdom","October 25, 2015","Brian O'sullivan (M)
4:12:23 288 257 / 95 M40-49
4:10:17
 "
289,MIDD=1819151025,Leicester Marathon,"Leicester, United Kingdom","October 25, 2015","Melissa Denman (F)
4:12:35 289 32 / 19 F0-39
4:11:18
 "
290,MIDD=1819151025,Leicester Marathon,"Leicester, United Kingdom","October 25, 2015","Paul Harris (M)
4:12:44 290 258 / 35 M50-59
4:10:28
 "
291,MIDD=1819151025,Leicester Marathon,"Leicester, United Kingdom","October 25, 2015","Jeremy Day (M)
4:13:15 291 259 / 36 M50-59
4:11:31
 "
292,MIDD=1819151025,Leicester Marathon,"Leicester, United Kingdom","October 25, 2015","Paul Jones (M)
4:13:20 292 260 / 96 M40-49
4:12:06
 "
293,MIDD=1819151025,Leicester Marathon,"Leicester, United Kingdom","October 25, 2015","Martin Berry (M)
4:13:31 293 261 / 97 M40-49
4:13:04
 "
294,MIDD=1819151025,Leicester Marathon,"Leicester, United Kingdom","October 25, 2015","Andrew Kenny (M)
4:13:34 294 262 / 122 M0-39
4:10:59
 "
295,MIDD=1819151025,Leicester Marathon,"Leicester, United Kingdom","October 25, 2015","Scott Richards (M)
4:13:47 295 263 / 123 M0-39
4:09:33
 "
296,MIDD=1819151025,Leicester Marathon,"Leicester, United Kingdom","October 25, 2015","Matt Treasure (M)
4:13:52 296 264 / 124 M0-39
4:11:11
 "
297,MIDD=1819151025,Leicester Marathon,"Leicester, United Kingdom","October 25, 2015","Karen Thompson (F)
4:14:13 297 33 / 20 F0-39
4:12:40
 "
298,MIDD=1819151025,Leicester Marathon,"Leicester, United Kingdom","October 25, 2015","Peter Tollington (M)
4:14:27 298 265 / 37 M50-59
4:11:00
 "
299,MIDD=1819151025,Leicester Marathon,"Leicester, United Kingdom","October 25, 2015","Michael Burke (M)
4:14:49 299 266 / 38 M50-59
4:12:39
 "
300,MIDD=1819151025,Leicester Marathon,"Leicester, United Kingdom","October 25, 2015","Paresh Aatkar (M)
4:15:42 300 267 / 39 M50-59
4:13:55
 "
301,MIDD=1819151025,Leicester Marathon,"Leicester, United Kingdom","October 25, 2015","Ian ODonnell (M)
4:15:52 301 268 / 125 M0-39
4:12:21
 "
302,MIDD=1819151025,Leicester Marathon,"Leicester, United Kingdom","October 25, 2015","Tim Calcutt (M)
4:16:55 302 269 / 40 M50-59
4:15:26
 "
303,MIDD=1819151025,Leicester Marathon,"Leicester, United Kingdom","October 25, 2015","David Poole (M)
4:17:08 303 270 / 98 M40-49
4:14:13
 "
304,MIDD=1819151025,Leicester Marathon,"Leicester, United Kingdom","October 25, 2015","Douglas Lamont (M)
4:17:17 304 271 / 8 M60-69
4:13:03
 "
305,MIDD=1819151025,Leicester Marathon,"Leicester, United Kingdom","October 25, 2015","Stephen Holderness (M)
4:17:24 305 272 / 99 M40-49
4:15:52
 "
306,MIDD=1819151025,Leicester Marathon,"Leicester, United Kingdom","October 25, 2015","John Clucas (M)
4:17:44 306 273 / 41 M50-59
4:13:12
 "
307,MIDD=1819151025,Leicester Marathon,"Leicester, United Kingdom","October 25, 2015","Ian Kirk (M)
4:17:46 307 274 / 100 M40-49
4:16:30
 "
308,MIDD=1819151025,Leicester Marathon,"Leicester, United Kingdom","October 25, 2015","Timothy Sturla (M)
4:17:47 308 275 / 101 M40-49
4:16:29
 "
309,MIDD=1819151025,Leicester Marathon,"Leicester, United Kingdom","October 25, 2015","David Taylor (M)
4:17:50 309 276 / 126 M0-39
4:14:28
 "
310,MIDD=1819151025,Leicester Marathon,"Leicester, United Kingdom","October 25, 2015","James Hughes (M)
4:18:30 310 277 / 127 M0-39
4:17:20
 "
311,MIDD=1819151025,Leicester Marathon,"Leicester, United Kingdom","October 25, 2015","Dafydd Evans (M)
4:18:39 311 278 / 128 M0-39
4:14:41
 "
312,MIDD=1819151025,Leicester Marathon,"Leicester, United Kingdom","October 25, 2015","Peter Finn (M)
4:18:59 312 279 / 9 M60-69
4:16:43
 "
313,MIDD=1819151025,Leicester Marathon,"Leicester, United Kingdom","October 25, 2015","Marius Kazenauskas (M)
4:19:06 313 280 / 129 M0-39
4:18:23
 "
314,MIDD=1819151025,Leicester Marathon,"Leicester, United Kingdom","October 25, 2015","Llewellyn Dowie (M)
4:19:08 314 281 / 102 M40-49
4:14:39
 "
315,MIDD=1819151025,Leicester Marathon,"Leicester, United Kingdom","October 25, 2015","Richard Smith (M)
4:19:42 315 282 / 103 M40-49
4:17:44
 "
316,MIDD=1819151025,Leicester Marathon,"Leicester, United Kingdom","October 25, 2015","Amanda Knight (F)
4:19:53 316 34 / 21 F0-39
4:18:55
 "
317,MIDD=1819151025,Leicester Marathon,"Leicester, United Kingdom","October 25, 2015","Brenda Miere (F)
4:20:05 317 35 / 22 F0-39
4:15:35
 "
318,MIDD=1819151025,Leicester Marathon,"Leicester, United Kingdom","October 25, 2015","Iwona Booth (F)
4:20:13 318 36 / 23 F0-39
4:19:49
 "
319,MIDD=1819151025,Leicester Marathon,"Leicester, United Kingdom","October 25, 2015","Raymond Smith (M)
4:20:22 319 283 / 104 M40-49
4:18:23
 "
320,MIDD=1819151025,Leicester Marathon,"Leicester, United Kingdom","October 25, 2015","Amy Kingston (F)
4:20:22 320 37 / 24 F0-39
4:16:59
 "
321,MIDD=1819151025,Leicester Marathon,"Leicester, United Kingdom","October 25, 2015","Peter Hadgraft (M)
4:20:32 321 284 / 42 M50-59
4:17:19
 "
322,MIDD=1819151025,Leicester Marathon,"Leicester, United Kingdom","October 25, 2015","Jenny O'Connor (F)
4:21:24 322 38 / 12 F40-49
4:19:44
 "
323,MIDD=1819151025,Leicester Marathon,"Leicester, United Kingdom","October 25, 2015","Jon Dilworth (M)
4:21:43 323 285 / 10 M60-69
4:19:58
 "
324,MIDD=1819151025,Leicester Marathon,"Leicester, United Kingdom","October 25, 2015","Paul Groves (M)
4:21:49 324 286 / 43 M50-59
4:18:15
 "
325,MIDD=1819151025,Leicester Marathon,"Leicester, United Kingdom","October 25, 2015","Darren Bradshaw (M)
4:21:53 325 287 / 105 M40-49
4:17:33
 "
326,MIDD=1819151025,Leicester Marathon,"Leicester, United Kingdom","October 25, 2015","Adie Taylor (M)
4:22:18 326 288 / 130 M0-39
4:19:08
 "
327,MIDD=1819151025,Leicester Marathon,"Leicester, United Kingdom","October 25, 2015","Paul Glaister (M)
4:22:53 327 289 / 106 M40-49
4:21:43
 "
328,MIDD=1819151025,Leicester Marathon,"Leicester, United Kingdom","October 25, 2015","Jim Meta (M)
4:23:01 328 290 / 11 M60-69
4:19:16
 "
329,MIDD=1819151025,Leicester Marathon,"Leicester, United Kingdom","October 25, 2015","Connor McLoughlin (M)
4:23:08 329 291 / 131 M0-39
4:21:24
 "
330,MIDD=1819151025,Leicester Marathon,"Leicester, United Kingdom","October 25, 2015","Christopher Kay (M)
4:23:14 330 292 / 132 M0-39
3:40:51
 "
331,MIDD=1819151025,Leicester Marathon,"Leicester, United Kingdom","October 25, 2015","Andrew Harris (M)
4:23:21 331 293 / 133 M0-39
4:20:18
 "
332,MIDD=1819151025,Leicester Marathon,"Leicester, United Kingdom","October 25, 2015","James Tate (M)
4:23:23 332 294 / 107 M40-49
4:20:37
 "
333,MIDD=1819151025,Leicester Marathon,"Leicester, United Kingdom","October 25, 2015","Katie Paget (F)
4:23:44 333 39 / 25 F0-39
4:20:56
 "
334,MIDD=1819151025,Leicester Marathon,"Leicester, United Kingdom","October 25, 2015","Kevin Proctor (M)
4:24:16 334 295 / 108 M40-49
4:20:39
 "
335,MIDD=1819151025,Leicester Marathon,"Leicester, United Kingdom","October 25, 2015","Karl Randall (M)
4:24:22 335 296 / 109 M40-49
4:20:37
 "
336,MIDD=1819151025,Leicester Marathon,"Leicester, United Kingdom","October 25, 2015","Dave Baker (M)
4:24:23 336 297 / 110 M40-49
4:22:41
 "
337,MIDD=1819151025,Leicester Marathon,"Leicester, United Kingdom","October 25, 2015","Karel Trieu (M)
4:24:55 337 298 / 134 M0-39
4:22:36
 "
338,MIDD=1819151025,Leicester Marathon,"Leicester, United Kingdom","October 25, 2015","Kevin Cundy (M)
4:25:22 338 299 / 44 M50-59
4:22:23
 "
339,MIDD=1819151025,Leicester Marathon,"Leicester, United Kingdom","October 25, 2015","Robin Ashe (M)
4:26:03 339 300 / 12 M60-69
4:22:08
 "
340,MIDD=1819151025,Leicester Marathon,"Leicester, United Kingdom","October 25, 2015","Chris Gordon (M)
4:26:08 340 301 / 45 M50-59
4:23:31
 "
341,MIDD=1819151025,Leicester Marathon,"Leicester, United Kingdom","October 25, 2015","Monika Steinka (F)
4:26:15 341 40 / 26 F0-39
4:24:30
 "
342,MIDD=1819151025,Leicester Marathon,"Leicester, United Kingdom","October 25, 2015","William Mitchell (M)
4:27:01 342 302 / 1 M70-99
4:22:35
BQ"
343,MIDD=1819151025,Leicester Marathon,"Leicester, United Kingdom","October 25, 2015","Amy Hopcroft (F)
4:27:52 343 41 / 27 F0-39
4:24:08
 "
344,MIDD=1819151025,Leicester Marathon,"Leicester, United Kingdom","October 25, 2015","Natha Cockerill (M)
4:28:04 344 303 / 135 M0-39
4:24:20
 "
345,MIDD=1819151025,Leicester Marathon,"Leicester, United Kingdom","October 25, 2015","Liam Aubrey (M)
4:28:13 345 304 / 136 M0-39
4:24:21
 "
346,MIDD=1819151025,Leicester Marathon,"Leicester, United Kingdom","October 25, 2015","Harry Hitchcock (M)
4:28:26 346 305 / 137 M0-39
4:24:36
 "
347,MIDD=1819151025,Leicester Marathon,"Leicester, United Kingdom","October 25, 2015","Ben Paget (M)
4:29:28 347 306 / 138 M0-39
4:26:40
 "
348,MIDD=1819151025,Leicester Marathon,"Leicester, United Kingdom","October 25, 2015","Andrew Hudson (M)
4:30:08 348 307 / 139 M0-39
4:28:02
 "
349,MIDD=1819151025,Leicester Marathon,"Leicester, United Kingdom","October 25, 2015","Nicola Deether (F)
4:30:24 349 42 / 28 F0-39
4:28:14
 "
350,MIDD=1819151025,Leicester Marathon,"Leicester, United Kingdom","October 25, 2015","Tim Molloy (M)
4:30:25 350 308 / 111 M40-49
4:28:16
 "
351,MIDD=1819151025,Leicester Marathon,"Leicester, United Kingdom","October 25, 2015","Dhansukh Prema (M)
4:30:55 351 309 / 46 M50-59
4:27:09
 "
352,MIDD=1819151025,Leicester Marathon,"Leicester, United Kingdom","October 25, 2015","Mark Stanbridge (M)
4:30:58 352 310 / 112 M40-49
4:27:55
 "
353,MIDD=1819151025,Leicester Marathon,"Leicester, United Kingdom","October 25, 2015","Rokas Vareikis (M)
4:31:02 353 311 / 140 M0-39
4:27:42
 "
354,MIDD=1819151025,Leicester Marathon,"Leicester, United Kingdom","October 25, 2015","Christine Baker (F)
4:31:07 354 43 / 13 F40-49
4:26:52
 "
355,MIDD=1819151025,Leicester Marathon,"Leicester, United Kingdom","October 25, 2015","Nicholas Barks (M)
4:31:22 355 312 / 13 M60-69
4:27:37
 "
356,MIDD=1819151025,Leicester Marathon,"Leicester, United Kingdom","October 25, 2015","Glen Bradford (M)
4:32:24 356 313 / 141 M0-39
4:29:52
 "
357,MIDD=1819151025,Leicester Marathon,"Leicester, United Kingdom","October 25, 2015","David Major (M)
4:32:29 357 314 / 47 M50-59
4:28:30
 "
358,MIDD=1819151025,Leicester Marathon,"Leicester, United Kingdom","October 25, 2015","Russ Pidgeon (M)
4:33:00 358 315 / 142 M0-39
4:29:50
 "
359,MIDD=1819151025,Leicester Marathon,"Leicester, United Kingdom","October 25, 2015","Robert Donovan (M)
4:33:06 359 316 / 2 M70-99
4:28:53
 "
360,MIDD=1819151025,Leicester Marathon,"Leicester, United Kingdom","October 25, 2015","Shabir Aboobaker (M)
4:33:23 360 317 / 113 M40-49
4:31:49
 "
361,MIDD=1819151025,Leicester Marathon,"Leicester, United Kingdom","October 25, 2015","Natsumi Kawaguchi (F)
4:33:26 361 44 / 29 F0-39
4:29:41
 "
362,MIDD=1819151025,Leicester Marathon,"Leicester, United Kingdom","October 25, 2015","Ulysse BrÞs (M)
4:33:26 362 318 / 143 M0-39
4:29:41
 "
363,MIDD=1819151025,Leicester Marathon,"Leicester, United Kingdom","October 25, 2015","George Baker (M)
4:34:42 363 319 / 144 M0-39
4:31:38
 "
364,MIDD=1819151025,Leicester Marathon,"Leicester, United Kingdom","October 25, 2015","Sarah Nutter (F)
4:34:56 364 45 / 30 F0-39
4:30:56
 "
365,MIDD=1819151025,Leicester Marathon,"Leicester, United Kingdom","October 25, 2015","Ravinder singh Johal (M)
4:35:04 365 320 / 48 M50-59
4:30:54
 "
366,MIDD=1819151025,Leicester Marathon,"Leicester, United Kingdom","October 25, 2015","John Mulcahy (M)
4:35:05 366 321 / 49 M50-59
4:30:25
 "
367,MIDD=1819151025,Leicester Marathon,"Leicester, United Kingdom","October 25, 2015","Dean Ward (M)
4:35:24 367 322 / 114 M40-49
4:32:23
 "
368,MIDD=1819151025,Leicester Marathon,"Leicester, United Kingdom","October 25, 2015","Fiona Hawkins (F)
4:35:24 368 46 / 31 F0-39
4:32:24
 "
369,MIDD=1819151025,Leicester Marathon,"Leicester, United Kingdom","October 25, 2015","Jane Scott (F)
4:36:23 369 47 / 14 F40-49
4:33:10
 "
370,MIDD=1819151025,Leicester Marathon,"Leicester, United Kingdom","October 25, 2015","Martyn Steel (M)
4:36:28 370 323 / 145 M0-39
4:33:09
 "
371,MIDD=1819151025,Leicester Marathon,"Leicester, United Kingdom","October 25, 2015","Daniel Spencer (M)
4:37:25 371 324 / 146 M0-39
4:34:46
 "
372,MIDD=1819151025,Leicester Marathon,"Leicester, United Kingdom","October 25, 2015","Jon Lewis (M)
4:37:39 372 325 / 115 M40-49
4:36:12
 "
373,MIDD=1819151025,Leicester Marathon,"Leicester, United Kingdom","October 25, 2015","Linda Major (F)
4:37:41 373 48 / 3 F50-59
4:33:43
 "
374,MIDD=1819151025,Leicester Marathon,"Leicester, United Kingdom","October 25, 2015","Julia Wellings (F)
4:37:59 374 49 / 15 F40-49
4:34:33
 "
375,MIDD=1819151025,Leicester Marathon,"Leicester, United Kingdom","October 25, 2015","Chris Peach (M)
4:38:32 375 326 / 50 M50-59
4:35:02
 "
376,MIDD=1819151025,Leicester Marathon,"Leicester, United Kingdom","October 25, 2015","Dominic Booth (M)
4:38:48 376 327 / 51 M50-59
4:38:24
 "
377,MIDD=1819151025,Leicester Marathon,"Leicester, United Kingdom","October 25, 2015","Gandy Mark (M)
4:40:10 377 328 / 52 M50-59
4:37:27
 "
378,MIDD=1819151025,Leicester Marathon,"Leicester, United Kingdom","October 25, 2015","Jenny Harries (F)
4:41:18 378 50 / 32 F0-39
4:37:38
 "
379,MIDD=1819151025,Leicester Marathon,"Leicester, United Kingdom","October 25, 2015","Alex Petersen (M)
4:41:19 379 329 / 147 M0-39
4:37:59
 "
380,MIDD=1819151025,Leicester Marathon,"Leicester, United Kingdom","October 25, 2015","Mike Lynch (M)
4:41:23 380 330 / 148 M0-39
4:37:35
 "
381,MIDD=1819151025,Leicester Marathon,"Leicester, United Kingdom","October 25, 2015","Sam Nicholls (M)
4:41:37 381 331 / 116 M40-49
4:36:59
 "
382,MIDD=1819151025,Leicester Marathon,"Leicester, United Kingdom","October 25, 2015","Jon Heap (M)
4:41:38 382 332 / 117 M40-49
4:39:51
 "
383,MIDD=1819151025,Leicester Marathon,"Leicester, United Kingdom","October 25, 2015","Ricky Passam (M)
4:42:49 383 333 / 118 M40-49
4:38:10
 "
384,MIDD=1819151025,Leicester Marathon,"Leicester, United Kingdom","October 25, 2015","Amy Cooper (F)
4:42:51 384 51 / 33 F0-39
4:39:09
 "
385,MIDD=1819151025,Leicester Marathon,"Leicester, United Kingdom","October 25, 2015","Joon Wee Ho (M)
4:43:43 385 334 / 149 M0-39
4:40:21
 "
386,MIDD=1819151025,Leicester Marathon,"Leicester, United Kingdom","October 25, 2015","Robert Cordova (M)
4:43:57 386 335 / 150 M0-39
4:39:47
 "
387,MIDD=1819151025,Leicester Marathon,"Leicester, United Kingdom","October 25, 2015","Theresa Massey (F)
4:44:02 387 52 / 16 F40-49
4:40:36
 "
388,MIDD=1819151025,Leicester Marathon,"Leicester, United Kingdom","October 25, 2015","Nick Robson (M)
4:44:37 388 336 / 151 M0-39
4:40:52
 "
389,MIDD=1819151025,Leicester Marathon,"Leicester, United Kingdom","October 25, 2015","Russell Jackson (M)
4:44:54 389 337 / 152 M0-39
4:40:36
 "
390,MIDD=1819151025,Leicester Marathon,"Leicester, United Kingdom","October 25, 2015","Martin Yeomans (M)
4:45:01 390 338 / 53 M50-59
4:43:42
 "
391,MIDD=1819151025,Leicester Marathon,"Leicester, United Kingdom","October 25, 2015","David Wilson (M)
4:46:03 391 339 / 54 M50-59
4:42:14
 "
392,MIDD=1819151025,Leicester Marathon,"Leicester, United Kingdom","October 25, 2015","Suzanne Hull (F)
4:46:15 392 53 / 17 F40-49
4:43:30
 "
393,MIDD=1819151025,Leicester Marathon,"Leicester, United Kingdom","October 25, 2015","Andrew Crosby (M)
4:46:48 393 340 / 119 M40-49
4:42:29
 "
394,MIDD=1819151025,Leicester Marathon,"Leicester, United Kingdom","October 25, 2015","Ivan Malinka (M)
4:47:03 394 341 / 153 M0-39
4:42:37
 "
395,MIDD=1819151025,Leicester Marathon,"Leicester, United Kingdom","October 25, 2015","Hayley Spokes (F)
4:47:07 395 54 / 18 F40-49
4:43:40
 "
396,MIDD=1819151025,Leicester Marathon,"Leicester, United Kingdom","October 25, 2015","Amar Tanna (M)
4:47:24 396 342 / 154 M0-39
4:45:38
 "
397,MIDD=1819151025,Leicester Marathon,"Leicester, United Kingdom","October 25, 2015","David Oxley (M)
4:47:29 397 343 / 55 M50-59
4:43:11
 "
398,MIDD=1819151025,Leicester Marathon,"Leicester, United Kingdom","October 25, 2015","Lucy McMillan (F)
4:47:40 398 55 / 34 F0-39
4:43:52
 "
399,MIDD=1819151025,Leicester Marathon,"Leicester, United Kingdom","October 25, 2015","Denise Coles (F)
4:47:44 399 56 / 35 F0-39
4:45:19
 "
400,MIDD=1819151025,Leicester Marathon,"Leicester, United Kingdom","October 25, 2015","Rob Grace (M)
4:48:54 400 344 / 120 M40-49
4:44:46
 "
401,MIDD=1819151025,Leicester Marathon,"Leicester, United Kingdom","October 25, 2015","Brian Newham (M)
4:49:04 401 345 / 14 M60-69
4:45:15
 "
402,MIDD=1819151025,Leicester Marathon,"Leicester, United Kingdom","October 25, 2015","Patrick Walsh (M)
4:49:06 402 346 / 121 M40-49
4:44:27
 "
403,MIDD=1819151025,Leicester Marathon,"Leicester, United Kingdom","October 25, 2015","Marc Davies (M)
4:49:49 403 347 / 155 M0-39
4:48:34
 "
404,MIDD=1819151025,Leicester Marathon,"Leicester, United Kingdom","October 25, 2015","Andrew Roe (M)
4:50:16 404 348 / 122 M40-49
4:46:10
 "
405,MIDD=1819151025,Leicester Marathon,"Leicester, United Kingdom","October 25, 2015","Andrew Lovejoy (M)
4:51:19 405 349 / 123 M40-49
4:47:09
 "
406,MIDD=1819151025,Leicester Marathon,"Leicester, United Kingdom","October 25, 2015","Sarah Lawrence (F)
4:51:51 406 57 / 36 F0-39
4:47:45
 "
407,MIDD=1819151025,Leicester Marathon,"Leicester, United Kingdom","October 25, 2015","Neil Parkinson Parkinson (M)
4:52:07 407 350 / 56 M50-59
4:47:42
 "
408,MIDD=1819151025,Leicester Marathon,"Leicester, United Kingdom","October 25, 2015","Colin Vesty (M)
4:53:04 408 351 / 57 M50-59
4:48:32
 "
409,MIDD=1819151025,Leicester Marathon,"Leicester, United Kingdom","October 25, 2015","David Rye (M)
4:53:11 409 352 / 156 M0-39
4:49:19
 "
410,MIDD=1819151025,Leicester Marathon,"Leicester, United Kingdom","October 25, 2015","Anup Pandey (M)
4:54:02 410 353 / 124 M40-49
4:51:30
 "
411,MIDD=1819151025,Leicester Marathon,"Leicester, United Kingdom","October 25, 2015","Judith Baser (F)
4:54:31 411 58 / 4 F50-59
4:51:19
 "
412,MIDD=1819151025,Leicester Marathon,"Leicester, United Kingdom","October 25, 2015","Jamie Moorcroft-Sharp (M)
4:54:47 412 354 / 157 M0-39
4:50:08
 "
413,MIDD=1819151025,Leicester Marathon,"Leicester, United Kingdom","October 25, 2015","Martin Neal (M)
4:55:13 413 355 / 125 M40-49
4:53:08
 "
414,MIDD=1819151025,Leicester Marathon,"Leicester, United Kingdom","October 25, 2015","Neil Harries (M)
4:56:24 414 356 / 58 M50-59
4:53:34
 "
415,MIDD=1819151025,Leicester Marathon,"Leicester, United Kingdom","October 25, 2015","Henry Charles (M)
4:56:39 415 357 / 126 M40-49
4:55:27
 "
416,MIDD=1819151025,Leicester Marathon,"Leicester, United Kingdom","October 25, 2015","Mike Seaton (M)
4:57:12 416 358 / 127 M40-49
4:52:54
 "
417,MIDD=1819151025,Leicester Marathon,"Leicester, United Kingdom","October 25, 2015","Andy MacMillan (M)
4:57:21 417 359 / 128 M40-49
4:53:39
 "
418,MIDD=1819151025,Leicester Marathon,"Leicester, United Kingdom","October 25, 2015","Mark Aspey (M)
4:58:31 418 360 / 59 M50-59
4:55:10
 "
419,MIDD=1819151025,Leicester Marathon,"Leicester, United Kingdom","October 25, 2015","Rosaline West (F)
4:58:38 419 59 / 37 F0-39
4:54:52
 "
420,MIDD=1819151025,Leicester Marathon,"Leicester, United Kingdom","October 25, 2015","Andy Hoddle (M)
4:58:49 420 361 / 60 M50-59
4:54:25
 "
421,MIDD=1819151025,Leicester Marathon,"Leicester, United Kingdom","October 25, 2015","Stuart Dolby (M)
4:59:24 421 362 / 158 M0-39
4:56:03
 "
422,MIDD=1819151025,Leicester Marathon,"Leicester, United Kingdom","October 25, 2015","Dennis Carrick (M)
4:59:46 422 363 / 159 M0-39
4:57:19
 "
423,MIDD=1819151025,Leicester Marathon,"Leicester, United Kingdom","October 25, 2015","Ryan Walton (M)
5:00:26 423 364 / 160 M0-39
4:57:57
 "
424,MIDD=1819151025,Leicester Marathon,"Leicester, United Kingdom","October 25, 2015","Paul Williams (M)
5:01:24 424 365 / 161 M0-39
4:58:34
 "
425,MIDD=1819151025,Leicester Marathon,"Leicester, United Kingdom","October 25, 2015","Karen Gedge (F)
5:01:29 425 60 / 5 F50-59
4:57:34
 "
426,MIDD=1819151025,Leicester Marathon,"Leicester, United Kingdom","October 25, 2015","Jodie Johnson (F)
5:01:46 426 61 / 38 F0-39
4:57:17
 "
427,MIDD=1819151025,Leicester Marathon,"Leicester, United Kingdom","October 25, 2015","Rebecca Pridmore (F)
5:02:15 427 62 / 39 F0-39
4:58:48
 "
428,MIDD=1819151025,Leicester Marathon,"Leicester, United Kingdom","October 25, 2015","Patrick Flanagan (M)
5:03:03 428 366 / 162 M0-39
4:58:40
 "
429,MIDD=1819151025,Leicester Marathon,"Leicester, United Kingdom","October 25, 2015","Mark Sanders (M)
5:03:49 429 367 / 61 M50-59
4:59:50
 "
430,MIDD=1819151025,Leicester Marathon,"Leicester, United Kingdom","October 25, 2015","Jo Stevens (F)
5:04:05 430 63 / 19 F40-49
5:00:02
 "
431,MIDD=1819151025,Leicester Marathon,"Leicester, United Kingdom","October 25, 2015","Marcus Joseph (M)
5:06:00 431 368 / 163 M0-39
5:05:12
 "
432,MIDD=1819151025,Leicester Marathon,"Leicester, United Kingdom","October 25, 2015","Peter Marriott (M)
5:06:49 432 369 / 62 M50-59
5:02:25
 "
433,MIDD=1819151025,Leicester Marathon,"Leicester, United Kingdom","October 25, 2015","Richard Beadman (M)
5:06:54 433 370 / 63 M50-59
5:02:31
 "
434,MIDD=1819151025,Leicester Marathon,"Leicester, United Kingdom","October 25, 2015","Georgina Beadman (F)
5:06:54 434 64 / 40 F0-39
5:02:32
 "
435,MIDD=1819151025,Leicester Marathon,"Leicester, United Kingdom","October 25, 2015","Sean McGovern (M)
5:08:54 435 371 / 164 M0-39
5:05:13
 "
436,MIDD=1819151025,Leicester Marathon,"Leicester, United Kingdom","October 25, 2015","Daniel Clampin (M)
5:09:35 436 372 / 165 M0-39
5:06:31
 "
437,MIDD=1819151025,Leicester Marathon,"Leicester, United Kingdom","October 25, 2015","Robert Copley (M)
5:10:02 437 373 / 166 M0-39
5:05:28
 "
438,MIDD=1819151025,Leicester Marathon,"Leicester, United Kingdom","October 25, 2015","Rick Wilson (M)
5:10:18 438 374 / 129 M40-49
5:05:45
 "
439,MIDD=1819151025,Leicester Marathon,"Leicester, United Kingdom","October 25, 2015","Bill Hitchcock (M)
5:11:53 439 375 / 15 M60-69
5:07:32
 "
440,MIDD=1819151025,Leicester Marathon,"Leicester, United Kingdom","October 25, 2015","Andrew Morris (M)
5:12:32 440 376 / 130 M40-49
5:12:19
 "
441,MIDD=1819151025,Leicester Marathon,"Leicester, United Kingdom","October 25, 2015","Benjamin Hope (M)
5:15:14 441 377 / 167 M0-39
5:11:39
 "
442,MIDD=1819151025,Leicester Marathon,"Leicester, United Kingdom","October 25, 2015","Jennifer Loughhead (F)
5:15:30 442 65 / 6 F50-59
5:11:30
 "
443,MIDD=1819151025,Leicester Marathon,"Leicester, United Kingdom","October 25, 2015","Harjit Kaur (F)
5:15:40 443 66 / 20 F40-49
5:12:36
 "
444,MIDD=1819151025,Leicester Marathon,"Leicester, United Kingdom","October 25, 2015","Kathleen Mellor (F)
5:19:41 444 67 / 7 F50-59
5:15:14
 "
445,MIDD=1819151025,Leicester Marathon,"Leicester, United Kingdom","October 25, 2015","Kurtis Oliver (M)
5:20:54 445 378 / 168 M0-39
5:16:49
 "
446,MIDD=1819151025,Leicester Marathon,"Leicester, United Kingdom","October 25, 2015","Vanessa Brewster (F)
5:21:45 446 68 / 21 F40-49
5:17:47
 "
447,MIDD=1819151025,Leicester Marathon,"Leicester, United Kingdom","October 25, 2015","Sagar Shah (M)
5:22:38 447 379 / 169 M0-39
5:18:27
 "
448,MIDD=1819151025,Leicester Marathon,"Leicester, United Kingdom","October 25, 2015","Jean Robert Mbane (M)
5:26:18 448 380 / 131 M40-49
5:26:16
 "
449,MIDD=1819151025,Leicester Marathon,"Leicester, United Kingdom","October 25, 2015","Gareth Hay (M)
5:26:18 449 381 / 170 M0-39
5:21:53
 "
450,MIDD=1819151025,Leicester Marathon,"Leicester, United Kingdom","October 25, 2015","Lee Walker (M)
5:30:17 450 382 / 132 M40-49
5:29:29
 "
451,MIDD=1819151025,Leicester Marathon,"Leicester, United Kingdom","October 25, 2015","Winai Nadee (M)
5:30:49 451 383 / 171 M0-39
5:30:14
 "
452,MIDD=1819151025,Leicester Marathon,"Leicester, United Kingdom","October 25, 2015","Navneet Aggarwal (M)
5:30:49 452 384 / 133 M40-49
5:26:43
 "
453,MIDD=1819151025,Leicester Marathon,"Leicester, United Kingdom","October 25, 2015","Stephanie Gelder (F)
5:31:22 453 69 / 22 F40-49
5:26:56
 "
454,MIDD=1819151025,Leicester Marathon,"Leicester, United Kingdom","October 25, 2015","Grace Oddie (F)
5:32:58 454 70 / 41 F0-39
5:28:24
 "
455,MIDD=1819151025,Leicester Marathon,"Leicester, United Kingdom","October 25, 2015","Hang Zhou (M)
5:33:43 455 385 / 172 M0-39
5:29:10
 "
456,MIDD=1819151025,Leicester Marathon,"Leicester, United Kingdom","October 25, 2015","Vrushant Lakhlani (M)
5:36:17 456 386 / 173 M0-39
5:33:50
 "
457,MIDD=1819151025,Leicester Marathon,"Leicester, United Kingdom","October 25, 2015","Budiaman Tang (M)
5:36:38 457 387 / 174 M0-39
5:33:15
 "
458,MIDD=1819151025,Leicester Marathon,"Leicester, United Kingdom","October 25, 2015","Peter Willson (M)
5:36:53 458 388 / 175 M0-39
5:32:36
 "
459,MIDD=1819151025,Leicester Marathon,"Leicester, United Kingdom","October 25, 2015","Linda Parker (F)
5:37:30 459 71 / 1 F60-99
5:33:03
 "
460,MIDD=1819151025,Leicester Marathon,"Leicester, United Kingdom","October 25, 2015","Julie Gardner (F)
5:39:16 460 72 / 8 F50-59
5:35:01
 "
461,MIDD=1819151025,Leicester Marathon,"Leicester, United Kingdom","October 25, 2015","Jade Marsh (F)
5:39:16 461 73 / 42 F0-39
5:35:01
 "
462,MIDD=1819151025,Leicester Marathon,"Leicester, United Kingdom","October 25, 2015","Christian Hitchen (M)
5:39:32 462 389 / 176 M0-39
5:35:58
 "
463,MIDD=1819151025,Leicester Marathon,"Leicester, United Kingdom","October 25, 2015","Simon Harrald (M)
5:39:32 463 390 / 64 M50-59
5:35:58
 "
464,MIDD=1819151025,Leicester Marathon,"Leicester, United Kingdom","October 25, 2015","Carol Goodwin (F)
5:44:32 464 74 / 9 F50-59
5:41:09
 "
465,MIDD=1819151025,Leicester Marathon,"Leicester, United Kingdom","October 25, 2015","Seamus Dornan (M)
5:44:32 465 391 / 134 M40-49
5:40:01
 "
466,MIDD=1819151025,Leicester Marathon,"Leicester, United Kingdom","October 25, 2015","Rebecca Smailus (F)
5:45:14 466 75 / 43 F0-39
5:40:52
 "
467,MIDD=1819151025,Leicester Marathon,"Leicester, United Kingdom","October 25, 2015","Kumaralingam Vishnuvarthan (M)
5:46:50 467 392 / 177 M0-39
5:44:27
 "
468,MIDD=1819151025,Leicester Marathon,"Leicester, United Kingdom","October 25, 2015","Ryan Bains (M)
5:55:10 468 393 / 178 M0-39
5:51:00
 "
469,MIDD=1819151025,Leicester Marathon,"Leicester, United Kingdom","October 25, 2015","Caroline Lunn (F)
6:07:34 469 76 / 44 F0-39
6:03:07
 "
470,MIDD=1819151025,Leicester Marathon,"Leicester, United Kingdom","October 25, 2015","Ben Morga (M)
6:08:46 470 394 / 179 M0-39
6:05:27
 "
471,MIDD=1819151025,Leicester Marathon,"Leicester, United Kingdom","October 25, 2015","Ivor Davies (M)
6:18:00 471 395 / 16 M60-69
6:15:29
 "
472,MIDD=1819151025,Leicester Marathon,"Leicester, United Kingdom","October 25, 2015","Ricky Horobin (M)
6:36:47 472 396 / 180 M0-39
6:35:09
 "
473,MIDD=1819151025,Leicester Marathon,"Leicester, United Kingdom","October 25, 2015","Anita Horobin (F)
6:37:32 473 77 / 45 F0-39
6:35:55
 "
474,MIDD=1819151025,Leicester Marathon,"Leicester, United Kingdom","October 25, 2015","Anastasia Lincoln (F)
6:38:07 474 78 / 2 F60-99
6:33:37
 "
