,race_id,race,location,date,runners
0,MIDD=5484151220,HITS Running Festival - Austin,"Austin, TX USA","December 20, 2015","

Have you run this race?Then tell us about it.

Last Name, First Name(Sex/Age)
Time OverAllPlace
Sex Place
AG Time* BQ*"
1,MIDD=5484151220,HITS Running Festival - Austin,"Austin, TX USA","December 20, 2015","OLLI HAAVIKKO (M41)
3:06:00 1 1
3:00:02
BQ"
2,MIDD=5484151220,HITS Running Festival - Austin,"Austin, TX USA","December 20, 2015","Frank Livaudais (M41)
3:26:19 2 2
3:19:42
 "
3,MIDD=5484151220,HITS Running Festival - Austin,"Austin, TX USA","December 20, 2015","Benjamin Mewis (M35)
3:39:49 3 3
3:39:49
 "
4,MIDD=5484151220,HITS Running Festival - Austin,"Austin, TX USA","December 20, 2015","Terence Murphy (M40)
3:42:47 4 4
3:37:24
 "
5,MIDD=5484151220,HITS Running Festival - Austin,"Austin, TX USA","December 20, 2015","George Blust (M46)
3:44:59 5 5
3:28:44
 "
6,MIDD=5484151220,HITS Running Festival - Austin,"Austin, TX USA","December 20, 2015","Katie Opdycke (F31)
3:46:22 6 1
3:46:00
 "
7,MIDD=5484151220,HITS Running Festival - Austin,"Austin, TX USA","December 20, 2015","Adam Krueger (M28)
3:47:01 7 6
3:47:01
 "
8,MIDD=5484151220,HITS Running Festival - Austin,"Austin, TX USA","December 20, 2015","Paul Carmona (M51)
3:50:34 8 7
3:24:40
 "
9,MIDD=5484151220,HITS Running Festival - Austin,"Austin, TX USA","December 20, 2015","Jon Swanson (M24)
3:53:33 9 8
3:53:33
 "
10,MIDD=5484151220,HITS Running Festival - Austin,"Austin, TX USA","December 20, 2015","Moss Becca (F21)
3:53:36 10 2
3:53:36
 "
11,MIDD=5484151220,HITS Running Festival - Austin,"Austin, TX USA","December 20, 2015","Stephanie Swanzy (F38)
3:56:47 11 3
3:49:15
 "
12,MIDD=5484151220,HITS Running Festival - Austin,"Austin, TX USA","December 20, 2015","Andrew Naumann (M33)
4:02:39 12 9
4:02:39
 "
13,MIDD=5484151220,HITS Running Festival - Austin,"Austin, TX USA","December 20, 2015","Ben Evans (M35)
4:03:53 13 10
4:03:53
 "
14,MIDD=5484151220,HITS Running Festival - Austin,"Austin, TX USA","December 20, 2015","Rob Williams (M22)
4:04:06 14 11
4:03:58
 "
15,MIDD=5484151220,HITS Running Festival - Austin,"Austin, TX USA","December 20, 2015","Rolando Guajardo (M33)
4:13:34 15 12
4:13:34
 "
16,MIDD=5484151220,HITS Running Festival - Austin,"Austin, TX USA","December 20, 2015","James Green (M41)
4:15:50 16 13
4:07:37
 "
17,MIDD=5484151220,HITS Running Festival - Austin,"Austin, TX USA","December 20, 2015","Jack Curtis (M37)
4:21:25 17 14
4:20:22
 "
18,MIDD=5484151220,HITS Running Festival - Austin,"Austin, TX USA","December 20, 2015","Maryjane Kesler (F37)
4:21:56 18 4
4:15:21
 "
19,MIDD=5484151220,HITS Running Festival - Austin,"Austin, TX USA","December 20, 2015","Richard Turner (M43)
4:22:05 19 15
4:09:29
 "
20,MIDD=5484151220,HITS Running Festival - Austin,"Austin, TX USA","December 20, 2015","Angela Rivera (F28)
4:25:54 20 5
4:25:54
 "
21,MIDD=5484151220,HITS Running Festival - Austin,"Austin, TX USA","December 20, 2015","Andreas Goutopoulos (M46)
4:26:20 21 16
4:07:06
 "
22,MIDD=5484151220,HITS Running Festival - Austin,"Austin, TX USA","December 20, 2015","Kim Bueno (F41)
4:26:39 22 6
4:11:35
 "
23,MIDD=5484151220,HITS Running Festival - Austin,"Austin, TX USA","December 20, 2015","Juan Briz (M31)
4:28:41 23 17
4:28:41
 "
24,MIDD=5484151220,HITS Running Festival - Austin,"Austin, TX USA","December 20, 2015","Jerry Bueno (M40)
4:36:29 24 18
4:29:50
 "
25,MIDD=5484151220,HITS Running Festival - Austin,"Austin, TX USA","December 20, 2015","Vincent Ma (M46)
4:39:31 25 19
4:19:20
 "
26,MIDD=5484151220,HITS Running Festival - Austin,"Austin, TX USA","December 20, 2015","David Reynolds (M27)
4:43:21 26 20
4:43:21
 "
27,MIDD=5484151220,HITS Running Festival - Austin,"Austin, TX USA","December 20, 2015","Jennifer Beck (F43)
4:44:05 27 7
4:22:16
 "
28,MIDD=5484151220,HITS Running Festival - Austin,"Austin, TX USA","December 20, 2015","Lisa Short (F55)
4:56:13 28 8
3:54:43
 "
29,MIDD=5484151220,HITS Running Festival - Austin,"Austin, TX USA","December 20, 2015","Ken Fattmann (M60)
4:57:07 29 21
4:02:18
 "
30,MIDD=5484151220,HITS Running Festival - Austin,"Austin, TX USA","December 20, 2015","Benjamin Judge (M27)
5:06:24 30 22
5:06:24
 "
31,MIDD=5484151220,HITS Running Festival - Austin,"Austin, TX USA","December 20, 2015","John Walton (M27)
5:06:24 31 23
5:06:24
 "
32,MIDD=5484151220,HITS Running Festival - Austin,"Austin, TX USA","December 20, 2015","Husam Hafidh (M26)
5:10:26 32 24
5:10:26
 "
33,MIDD=5484151220,HITS Running Festival - Austin,"Austin, TX USA","December 20, 2015","Bhavesh Patel (M45)
5:11:03 33 25
4:51:05
 "
34,MIDD=5484151220,HITS Running Festival - Austin,"Austin, TX USA","December 20, 2015","luis luna (M20)
5:23:51 34 26
5:19:48
 "
35,MIDD=5484151220,HITS Running Festival - Austin,"Austin, TX USA","December 20, 2015","Kendall Jones (F26)
5:23:55 35 9
5:23:55
 "
36,MIDD=5484151220,HITS Running Festival - Austin,"Austin, TX USA","December 20, 2015","Seret Rafferty (F46)
5:23:57 36 10
4:48:29
 "
37,MIDD=5484151220,HITS Running Festival - Austin,"Austin, TX USA","December 20, 2015","Breanna Severin (F21)
5:25:15 37 11
5:25:15
 "
38,MIDD=5484151220,HITS Running Festival - Austin,"Austin, TX USA","December 20, 2015","James Biles (M54)
5:25:46 38 27
4:41:22
 "
39,MIDD=5484151220,HITS Running Festival - Austin,"Austin, TX USA","December 20, 2015","Pedro Hurtado (M31)
5:38:34 39 28
5:38:34
 "
40,MIDD=5484151220,HITS Running Festival - Austin,"Austin, TX USA","December 20, 2015","William Moeller (M60)
5:44:23 40 29
4:40:50
 "
41,MIDD=5484151220,HITS Running Festival - Austin,"Austin, TX USA","December 20, 2015","Dale Barnard (M46)
5:55:19 41 30
5:29:40
 "
42,MIDD=5484151220,HITS Running Festival - Austin,"Austin, TX USA","December 20, 2015","India Gamboa (F50)
6:04:53 42 12
5:09:01
 "
43,MIDD=5484151220,HITS Running Festival - Austin,"Austin, TX USA","December 20, 2015","Luis Aguilar (M30)
6:07:03 43 31
6:07:03
 "
44,MIDD=5484151220,HITS Running Festival - Austin,"Austin, TX USA","December 20, 2015","Isabel Ballard (F24)
6:11:34 44 13
6:11:34
 "
