,race_id,race,location,date,runners
0,MIDD=2699151101,Manchester City Marathon,"Manchester, NH USA","November 1, 2015","

Have you run this race?Then tell us about it.

Last Name, First Name(Sex/Age)
Time OverAllPlace
Sex Place
DIV BQ*"
1,MIDD=2699151101,Manchester City Marathon,"Manchester, NH USA","November 1, 2015","Morgan Kennedy (M)
2:38:24 1 1 M20-29
BQ"
2,MIDD=2699151101,Manchester City Marathon,"Manchester, NH USA","November 1, 2015","Ryan Carrara (M)
2:44:19 2 2 M30-39
BQ"
3,MIDD=2699151101,Manchester City Marathon,"Manchester, NH USA","November 1, 2015","Gary Krugger (M)
2:54:52 3 3 M30-39
BQ"
4,MIDD=2699151101,Manchester City Marathon,"Manchester, NH USA","November 1, 2015","John Corona (M)
2:55:06 4 4 M20-29
BQ"
5,MIDD=2699151101,Manchester City Marathon,"Manchester, NH USA","November 1, 2015","John Messer (M)
2:55:12 5 5 M20-29
BQ"
6,MIDD=2699151101,Manchester City Marathon,"Manchester, NH USA","November 1, 2015","Brandyn Naro (M)
2:59:11 6 6 M20-29
BQ"
7,MIDD=2699151101,Manchester City Marathon,"Manchester, NH USA","November 1, 2015","Peter Gillis (M)
3:04:36 7 7 M40-49
BQ"
8,MIDD=2699151101,Manchester City Marathon,"Manchester, NH USA","November 1, 2015","Mary Klene (F)
3:12:38 8 1 F30-39
BQ"
9,MIDD=2699151101,Manchester City Marathon,"Manchester, NH USA","November 1, 2015","Matthew Graceffa (M)
3:13:20 9 8 M30-39
 "
10,MIDD=2699151101,Manchester City Marathon,"Manchester, NH USA","November 1, 2015","Bruno Fugere (M)
3:16:19 10 9 M30-39
 "
11,MIDD=2699151101,Manchester City Marathon,"Manchester, NH USA","November 1, 2015","Frederick Dolan (M)
3:18:39 11 10 M40-49
 "
12,MIDD=2699151101,Manchester City Marathon,"Manchester, NH USA","November 1, 2015","Theron Carmichael (M)
3:19:22 12 11 M20-29
 "
13,MIDD=2699151101,Manchester City Marathon,"Manchester, NH USA","November 1, 2015","Robert Gray (M)
3:21:42 13 12 M40-49
 "
14,MIDD=2699151101,Manchester City Marathon,"Manchester, NH USA","November 1, 2015","Matthew Harris (M)
3:22:39 14 13 M30-39
 "
15,MIDD=2699151101,Manchester City Marathon,"Manchester, NH USA","November 1, 2015","Scott Plante (M)
3:22:44 15 14 M30-39
 "
16,MIDD=2699151101,Manchester City Marathon,"Manchester, NH USA","November 1, 2015","Dan McCombs (M)
3:23:25 16 15 M30-39
 "
17,MIDD=2699151101,Manchester City Marathon,"Manchester, NH USA","November 1, 2015","Kathleen Keys (F)
3:27:09 17 2 F40-49
BQ"
18,MIDD=2699151101,Manchester City Marathon,"Manchester, NH USA","November 1, 2015","Mark Deluca (M)
3:27:12 18 16 M20-29
 "
19,MIDD=2699151101,Manchester City Marathon,"Manchester, NH USA","November 1, 2015","Michael Lescarbeau (M)
3:28:57 19 17 M40-49
 "
20,MIDD=2699151101,Manchester City Marathon,"Manchester, NH USA","November 1, 2015","Steve Couture (M)
3:29:10 20 18 M40-49
 "
21,MIDD=2699151101,Manchester City Marathon,"Manchester, NH USA","November 1, 2015","Catherine Lesko (F)
3:31:25 21 3 F30-39
BQ"
22,MIDD=2699151101,Manchester City Marathon,"Manchester, NH USA","November 1, 2015","David Saarinen (M)
3:32:11 22 19 M40-49
 "
23,MIDD=2699151101,Manchester City Marathon,"Manchester, NH USA","November 1, 2015","Julianne Morse (F)
3:33:56 23 4 F20-29
BQ"
24,MIDD=2699151101,Manchester City Marathon,"Manchester, NH USA","November 1, 2015","Christopher Clapp (M)
3:34:43 24 20 M40-49
 "
25,MIDD=2699151101,Manchester City Marathon,"Manchester, NH USA","November 1, 2015","Nancy Dunbar (F)
3:37:42 25 5 F40-49
BQ"
26,MIDD=2699151101,Manchester City Marathon,"Manchester, NH USA","November 1, 2015","Geoff Dunbar (M)
3:37:42 26 21 M40-49
 "
27,MIDD=2699151101,Manchester City Marathon,"Manchester, NH USA","November 1, 2015","Katie Viscarra (F)
3:38:17 27 6 F20-29
 "
28,MIDD=2699151101,Manchester City Marathon,"Manchester, NH USA","November 1, 2015","Kristen Gohr (F)
3:38:50 28 7 F40-49
BQ"
29,MIDD=2699151101,Manchester City Marathon,"Manchester, NH USA","November 1, 2015","Megan Miller (F)
3:38:57 29 8 F30-39
 "
30,MIDD=2699151101,Manchester City Marathon,"Manchester, NH USA","November 1, 2015","Andrew Wickwire (M)
3:38:58 30 22 M50-59
 "
31,MIDD=2699151101,Manchester City Marathon,"Manchester, NH USA","November 1, 2015","Sharon Fredette (F)
3:40:27 31 9 F30-39
 "
32,MIDD=2699151101,Manchester City Marathon,"Manchester, NH USA","November 1, 2015","Steve Dellett (M)
3:40:36 32 23 M50-59
 "
33,MIDD=2699151101,Manchester City Marathon,"Manchester, NH USA","November 1, 2015","Robert Linebaugh (M)
3:40:37 33 24 M20-29
 "
34,MIDD=2699151101,Manchester City Marathon,"Manchester, NH USA","November 1, 2015","Lauren Finelli (F)
3:40:40 34 10 F30-39
 "
35,MIDD=2699151101,Manchester City Marathon,"Manchester, NH USA","November 1, 2015","Chad MacDonald (M)
3:41:28 35 25 M20-29
 "
36,MIDD=2699151101,Manchester City Marathon,"Manchester, NH USA","November 1, 2015","Robert Toonkel (M)
3:41:31 36 26 M40-49
 "
37,MIDD=2699151101,Manchester City Marathon,"Manchester, NH USA","November 1, 2015","Ivan M Cornish Morales (M)
3:41:53 37 27 M0-19
 "
38,MIDD=2699151101,Manchester City Marathon,"Manchester, NH USA","November 1, 2015","David Root (M)
3:43:24 38 28 M20-29
 "
39,MIDD=2699151101,Manchester City Marathon,"Manchester, NH USA","November 1, 2015","Tom Moran (M)
3:43:29 39 29 M30-39
 "
40,MIDD=2699151101,Manchester City Marathon,"Manchester, NH USA","November 1, 2015","Mark L'Heureux (M)
3:44:21 40 30 M40-49
 "
41,MIDD=2699151101,Manchester City Marathon,"Manchester, NH USA","November 1, 2015","Elizabeth Walker (F)
3:44:40 41 11 F30-39
 "
42,MIDD=2699151101,Manchester City Marathon,"Manchester, NH USA","November 1, 2015","Mike Walsh (M)
3:44:53 42 31 M50-59
 "
43,MIDD=2699151101,Manchester City Marathon,"Manchester, NH USA","November 1, 2015","Richard Boardman (M)
3:44:54 43 32 M30-39
 "
44,MIDD=2699151101,Manchester City Marathon,"Manchester, NH USA","November 1, 2015","Sarah Carey (F)
3:45:35 44 12 F20-29
 "
45,MIDD=2699151101,Manchester City Marathon,"Manchester, NH USA","November 1, 2015","Mike Justason (M)
3:45:47 45 33 M30-39
 "
46,MIDD=2699151101,Manchester City Marathon,"Manchester, NH USA","November 1, 2015","Stephen Hanlon (M)
3:46:16 46 34 M40-49
 "
47,MIDD=2699151101,Manchester City Marathon,"Manchester, NH USA","November 1, 2015","Mitchell Dupuis (M)
3:48:22 47 35 M30-39
 "
48,MIDD=2699151101,Manchester City Marathon,"Manchester, NH USA","November 1, 2015","Eli Hassid (M)
3:49:04 48 36 M30-39
 "
49,MIDD=2699151101,Manchester City Marathon,"Manchester, NH USA","November 1, 2015","David Brewer (M)
3:50:46 49 37 M30-39
 "
50,MIDD=2699151101,Manchester City Marathon,"Manchester, NH USA","November 1, 2015","Justin Bergeron (M)
3:51:23 50 38 M30-39
 "
51,MIDD=2699151101,Manchester City Marathon,"Manchester, NH USA","November 1, 2015","Trevor Terry (M)
3:51:44 51 39 M40-49
 "
52,MIDD=2699151101,Manchester City Marathon,"Manchester, NH USA","November 1, 2015","Aaron Yasenka (M)
3:52:31 52 40 M20-29
 "
53,MIDD=2699151101,Manchester City Marathon,"Manchester, NH USA","November 1, 2015","Jason Brooks (M)
3:52:46 53 41 M40-49
 "
54,MIDD=2699151101,Manchester City Marathon,"Manchester, NH USA","November 1, 2015","Raymond Anair (M)
3:53:01 54 42 M40-49
 "
55,MIDD=2699151101,Manchester City Marathon,"Manchester, NH USA","November 1, 2015","Julie Bergeron (F)
3:53:09 55 13 F30-39
 "
56,MIDD=2699151101,Manchester City Marathon,"Manchester, NH USA","November 1, 2015","Robert Templeton (M)
3:53:13 56 43 M40-49
 "
57,MIDD=2699151101,Manchester City Marathon,"Manchester, NH USA","November 1, 2015","Sean Hjorth (M)
3:53:25 57 44 M40-49
 "
58,MIDD=2699151101,Manchester City Marathon,"Manchester, NH USA","November 1, 2015","Frik Strecker (M)
3:53:29 58 45 M40-49
 "
59,MIDD=2699151101,Manchester City Marathon,"Manchester, NH USA","November 1, 2015","Thomas Riggenbach (M)
3:53:35 59 46 M50-59
 "
60,MIDD=2699151101,Manchester City Marathon,"Manchester, NH USA","November 1, 2015","Alex Hoyt (M)
3:53:36 60 47 M40-49
 "
61,MIDD=2699151101,Manchester City Marathon,"Manchester, NH USA","November 1, 2015","Daniel Bouchard (M)
3:53:43 61 48 M40-49
 "
62,MIDD=2699151101,Manchester City Marathon,"Manchester, NH USA","November 1, 2015","Ken Sansone (M)
3:55:21 62 49 M30-39
 "
63,MIDD=2699151101,Manchester City Marathon,"Manchester, NH USA","November 1, 2015","Vincent Martin (M)
3:56:02 63 50 M30-39
 "
64,MIDD=2699151101,Manchester City Marathon,"Manchester, NH USA","November 1, 2015","Jonathan Niehof (M)
3:56:11 64 51 M30-39
 "
65,MIDD=2699151101,Manchester City Marathon,"Manchester, NH USA","November 1, 2015","Sarah Norcott (F)
3:56:22 65 14 F30-39
 "
66,MIDD=2699151101,Manchester City Marathon,"Manchester, NH USA","November 1, 2015","James Secor (M)
3:56:23 66 52 M20-29
 "
67,MIDD=2699151101,Manchester City Marathon,"Manchester, NH USA","November 1, 2015","David McKinney (M)
3:56:39 67 53 M30-39
 "
68,MIDD=2699151101,Manchester City Marathon,"Manchester, NH USA","November 1, 2015","Keith Cargan (M)
3:56:41 68 54 M30-39
 "
69,MIDD=2699151101,Manchester City Marathon,"Manchester, NH USA","November 1, 2015","Rebecca Nisetich (F)
3:57:17 69 15 F30-39
 "
70,MIDD=2699151101,Manchester City Marathon,"Manchester, NH USA","November 1, 2015","Bridget Freudenberger (F)
3:57:44 70 16 F30-39
 "
71,MIDD=2699151101,Manchester City Marathon,"Manchester, NH USA","November 1, 2015","Ryan Miller (M)
3:57:53 71 55 M20-29
 "
72,MIDD=2699151101,Manchester City Marathon,"Manchester, NH USA","November 1, 2015","Don Thieme (M)
3:58:35 72 56 M50-59
 "
73,MIDD=2699151101,Manchester City Marathon,"Manchester, NH USA","November 1, 2015","James Kay (M)
3:58:41 73 57 M30-39
 "
74,MIDD=2699151101,Manchester City Marathon,"Manchester, NH USA","November 1, 2015","Phil Rudisill (M)
3:58:51 74 58 M50-59
 "
75,MIDD=2699151101,Manchester City Marathon,"Manchester, NH USA","November 1, 2015","Isaac Woodward (M)
3:58:57 75 59 M30-39
 "
76,MIDD=2699151101,Manchester City Marathon,"Manchester, NH USA","November 1, 2015","Sonya Charles (F)
3:59:27 76 17 F20-29
 "
77,MIDD=2699151101,Manchester City Marathon,"Manchester, NH USA","November 1, 2015","Jasmine Brooks (F)
4:00:19 77 18 F30-39
 "
78,MIDD=2699151101,Manchester City Marathon,"Manchester, NH USA","November 1, 2015","Lara Hyde (F)
4:00:35 78 19 F30-39
 "
79,MIDD=2699151101,Manchester City Marathon,"Manchester, NH USA","November 1, 2015","Fabio Kanazawa (M)
4:01:32 79 60 M40-49
 "
80,MIDD=2699151101,Manchester City Marathon,"Manchester, NH USA","November 1, 2015","Brian Sibley (M)
4:03:47 80 61 M40-49
 "
81,MIDD=2699151101,Manchester City Marathon,"Manchester, NH USA","November 1, 2015","Laura Pailler (F)
4:04:22 81 20 F30-39
 "
82,MIDD=2699151101,Manchester City Marathon,"Manchester, NH USA","November 1, 2015","Charles West (M)
4:04:31 82 62 M40-49
 "
83,MIDD=2699151101,Manchester City Marathon,"Manchester, NH USA","November 1, 2015","AndrÉ Brousseau (M)
4:04:57 83 63 M50-59
 "
84,MIDD=2699151101,Manchester City Marathon,"Manchester, NH USA","November 1, 2015","Ronald Johnston (M)
4:05:57 84 64 M60-69
 "
85,MIDD=2699151101,Manchester City Marathon,"Manchester, NH USA","November 1, 2015","Heidi Brennan (F)
4:06:07 85 21 F30-39
 "
86,MIDD=2699151101,Manchester City Marathon,"Manchester, NH USA","November 1, 2015","Tom Johnson (M)
4:06:44 86 65 M30-39
 "
87,MIDD=2699151101,Manchester City Marathon,"Manchester, NH USA","November 1, 2015","Samantha Leclaire (F)
4:06:45 87 22 F20-29
 "
88,MIDD=2699151101,Manchester City Marathon,"Manchester, NH USA","November 1, 2015","Matthew Willis (M)
4:07:08 88 66 M30-39
 "
89,MIDD=2699151101,Manchester City Marathon,"Manchester, NH USA","November 1, 2015","Matthew Knott (M)
4:07:36 89 67 M30-39
 "
90,MIDD=2699151101,Manchester City Marathon,"Manchester, NH USA","November 1, 2015","Bill Look (M)
4:08:12 90 68 M30-39
 "
91,MIDD=2699151101,Manchester City Marathon,"Manchester, NH USA","November 1, 2015","Tom Grimmett (M)
4:08:39 91 69 M50-59
 "
92,MIDD=2699151101,Manchester City Marathon,"Manchester, NH USA","November 1, 2015","John Bailey (M)
4:08:40 92 70 M40-49
 "
93,MIDD=2699151101,Manchester City Marathon,"Manchester, NH USA","November 1, 2015","John Maultsby (M)
4:08:49 93 71 M70+
 "
94,MIDD=2699151101,Manchester City Marathon,"Manchester, NH USA","November 1, 2015","Sinthy Kounlasa (F)
4:09:00 94 23 F50-59
 "
95,MIDD=2699151101,Manchester City Marathon,"Manchester, NH USA","November 1, 2015","George Hunter Myers (M)
4:10:14 95 72 M50-59
 "
96,MIDD=2699151101,Manchester City Marathon,"Manchester, NH USA","November 1, 2015","Jeffrey Allison (M)
4:10:57 96 73 M40-49
 "
97,MIDD=2699151101,Manchester City Marathon,"Manchester, NH USA","November 1, 2015","David Shore (M)
4:11:32 97 74 M20-29
 "
98,MIDD=2699151101,Manchester City Marathon,"Manchester, NH USA","November 1, 2015","Michael Dowd (M)
4:11:55 98 75 M50-59
 "
99,MIDD=2699151101,Manchester City Marathon,"Manchester, NH USA","November 1, 2015","Sonya Edsall (F)
4:11:55 99 24 F30-39
 "
100,MIDD=2699151101,Manchester City Marathon,"Manchester, NH USA","November 1, 2015","Michael Amero (M)
4:12:47 100 76 M40-49
 "
101,MIDD=2699151101,Manchester City Marathon,"Manchester, NH USA","November 1, 2015","Jeff Godin (M)
4:13:08 101 77 M40-49
 "
102,MIDD=2699151101,Manchester City Marathon,"Manchester, NH USA","November 1, 2015","Tammy Godin (F)
4:13:11 102 25 F50-59
 "
103,MIDD=2699151101,Manchester City Marathon,"Manchester, NH USA","November 1, 2015","Rosana Look (F)
4:13:29 103 26 F40-49
 "
104,MIDD=2699151101,Manchester City Marathon,"Manchester, NH USA","November 1, 2015","Susan Fanburg (F)
4:13:57 104 27 F40-49
 "
105,MIDD=2699151101,Manchester City Marathon,"Manchester, NH USA","November 1, 2015","William Schutt (M)
4:14:23 105 78 M40-49
 "
106,MIDD=2699151101,Manchester City Marathon,"Manchester, NH USA","November 1, 2015","Bryan Townsend Ii (M)
4:14:44 106 79 M30-39
 "
107,MIDD=2699151101,Manchester City Marathon,"Manchester, NH USA","November 1, 2015","Kristen Bieling (F)
4:15:45 107 28 F20-29
 "
108,MIDD=2699151101,Manchester City Marathon,"Manchester, NH USA","November 1, 2015","Allie Leveille (F)
4:15:58 108 29 F20-29
 "
109,MIDD=2699151101,Manchester City Marathon,"Manchester, NH USA","November 1, 2015","Steven Holder (M)
4:16:01 109 80 M20-29
 "
110,MIDD=2699151101,Manchester City Marathon,"Manchester, NH USA","November 1, 2015","Casey Creamer (M)
4:17:46 110 81 M30-39
 "
111,MIDD=2699151101,Manchester City Marathon,"Manchester, NH USA","November 1, 2015","Libby Roberts (F)
4:19:16 111 30 F30-39
 "
112,MIDD=2699151101,Manchester City Marathon,"Manchester, NH USA","November 1, 2015","Rick Rubin (M)
4:19:59 112 82 M50-59
 "
113,MIDD=2699151101,Manchester City Marathon,"Manchester, NH USA","November 1, 2015","Stuart Thompson (M)
4:20:08 113 83 M40-49
 "
114,MIDD=2699151101,Manchester City Marathon,"Manchester, NH USA","November 1, 2015","William McCabe (M)
4:20:36 114 84 M60-69
 "
115,MIDD=2699151101,Manchester City Marathon,"Manchester, NH USA","November 1, 2015","Saul Gerardo Hernandez (M)
4:23:02 115 85 M30-39
 "
116,MIDD=2699151101,Manchester City Marathon,"Manchester, NH USA","November 1, 2015","Tim Brown (M)
4:25:04 116 86 M40-49
 "
117,MIDD=2699151101,Manchester City Marathon,"Manchester, NH USA","November 1, 2015","Ryan Warren (M)
4:25:13 117 87 M20-29
 "
118,MIDD=2699151101,Manchester City Marathon,"Manchester, NH USA","November 1, 2015","Susan Wilderman (F)
4:25:55 118 31 F30-39
 "
119,MIDD=2699151101,Manchester City Marathon,"Manchester, NH USA","November 1, 2015","Shilpee Varma (F)
4:25:56 119 32 F30-39
 "
120,MIDD=2699151101,Manchester City Marathon,"Manchester, NH USA","November 1, 2015","James Lee (M)
4:27:42 120 88 M40-49
 "
121,MIDD=2699151101,Manchester City Marathon,"Manchester, NH USA","November 1, 2015","Cathy Kuhn (F)
4:28:27 121 33 F40-49
 "
122,MIDD=2699151101,Manchester City Marathon,"Manchester, NH USA","November 1, 2015","Brett Conroy (M)
4:29:32 122 89 M20-29
 "
123,MIDD=2699151101,Manchester City Marathon,"Manchester, NH USA","November 1, 2015","Julie Sibley (F)
4:29:45 123 34 F30-39
 "
124,MIDD=2699151101,Manchester City Marathon,"Manchester, NH USA","November 1, 2015","Richard Petroccione (M)
4:30:07 124 90 M50-59
 "
125,MIDD=2699151101,Manchester City Marathon,"Manchester, NH USA","November 1, 2015","Tim Finke (M)
4:30:08 125 91 M30-39
 "
126,MIDD=2699151101,Manchester City Marathon,"Manchester, NH USA","November 1, 2015","Joe Beyer (M)
4:30:15 126 92 M50-59
 "
127,MIDD=2699151101,Manchester City Marathon,"Manchester, NH USA","November 1, 2015","Janice Morin (F)
4:30:52 127 35 F50-59
 "
128,MIDD=2699151101,Manchester City Marathon,"Manchester, NH USA","November 1, 2015","Kathy Ellis (F)
4:31:14 128 36 F20-29
 "
129,MIDD=2699151101,Manchester City Marathon,"Manchester, NH USA","November 1, 2015","Nancy Deangelis (F)
4:32:35 129 37 F40-49
 "
130,MIDD=2699151101,Manchester City Marathon,"Manchester, NH USA","November 1, 2015","Gaetan Joyal Jr (M)
4:32:38 130 93 M40-49
 "
131,MIDD=2699151101,Manchester City Marathon,"Manchester, NH USA","November 1, 2015","Lisanne Gadoury (F)
4:32:38 131 38 F40-49
 "
132,MIDD=2699151101,Manchester City Marathon,"Manchester, NH USA","November 1, 2015","Lisa Garrone (F)
4:32:58 132 39 F40-49
 "
133,MIDD=2699151101,Manchester City Marathon,"Manchester, NH USA","November 1, 2015","Jesse Cousins (M)
4:34:40 133 94 M30-39
 "
134,MIDD=2699151101,Manchester City Marathon,"Manchester, NH USA","November 1, 2015","Anthony Ganchi (M)
4:35:20 134 95 M30-39
 "
135,MIDD=2699151101,Manchester City Marathon,"Manchester, NH USA","November 1, 2015","Nicole Parker (F)
4:35:23 135 40 F30-39
 "
136,MIDD=2699151101,Manchester City Marathon,"Manchester, NH USA","November 1, 2015","Erin Commerford (F)
4:35:37 136 41 F40-49
 "
137,MIDD=2699151101,Manchester City Marathon,"Manchester, NH USA","November 1, 2015","Kristin Yasenka (F)
4:36:41 137 42 F30-39
 "
138,MIDD=2699151101,Manchester City Marathon,"Manchester, NH USA","November 1, 2015","Kortney Yasenka (F)
4:36:41 138 43 F30-39
 "
139,MIDD=2699151101,Manchester City Marathon,"Manchester, NH USA","November 1, 2015","Joann Helmus (F)
4:39:19 139 44 F50-59
 "
140,MIDD=2699151101,Manchester City Marathon,"Manchester, NH USA","November 1, 2015","Suzanne Quinn Carson (F)
4:39:53 140 45 F60-69
 "
141,MIDD=2699151101,Manchester City Marathon,"Manchester, NH USA","November 1, 2015","Calvin Smith (M)
4:40:19 141 96 M40-49
 "
142,MIDD=2699151101,Manchester City Marathon,"Manchester, NH USA","November 1, 2015","Rich Morrissey (M)
4:46:00 142 97 M50-59
 "
143,MIDD=2699151101,Manchester City Marathon,"Manchester, NH USA","November 1, 2015","O-Dog Oppenlander (M)
4:46:27 143 98 M50-59
 "
144,MIDD=2699151101,Manchester City Marathon,"Manchester, NH USA","November 1, 2015","Mohamed Eljahmi (M)
4:47:04 144 99 M50-59
 "
145,MIDD=2699151101,Manchester City Marathon,"Manchester, NH USA","November 1, 2015","John Graves (M)
4:48:46 145 100 M40-49
 "
146,MIDD=2699151101,Manchester City Marathon,"Manchester, NH USA","November 1, 2015","David Perry (M)
4:49:23 146 101 M30-39
 "
147,MIDD=2699151101,Manchester City Marathon,"Manchester, NH USA","November 1, 2015","Shauna Bertwell (F)
4:49:57 147 46 F20-29
 "
148,MIDD=2699151101,Manchester City Marathon,"Manchester, NH USA","November 1, 2015","Alexandra Mavris (F)
4:50:59 148 47 F30-39
 "
149,MIDD=2699151101,Manchester City Marathon,"Manchester, NH USA","November 1, 2015","Julie Sterling (F)
4:51:54 149 48 F50-59
 "
150,MIDD=2699151101,Manchester City Marathon,"Manchester, NH USA","November 1, 2015","Paul Lagasse (M)
4:52:12 150 102 M40-49
 "
151,MIDD=2699151101,Manchester City Marathon,"Manchester, NH USA","November 1, 2015","Debbie Dusch (F)
4:53:32 151 49 F50-59
 "
152,MIDD=2699151101,Manchester City Marathon,"Manchester, NH USA","November 1, 2015","Pamela Benedetto (F)
4:53:51 152 50 F40-49
 "
153,MIDD=2699151101,Manchester City Marathon,"Manchester, NH USA","November 1, 2015","Craig Welton (M)
4:55:44 153 103 M30-39
 "
154,MIDD=2699151101,Manchester City Marathon,"Manchester, NH USA","November 1, 2015","William Dusch (M)
4:56:14 154 104 M60-69
 "
155,MIDD=2699151101,Manchester City Marathon,"Manchester, NH USA","November 1, 2015","Dan Degreenia (M)
4:56:19 155 105 M40-49
 "
156,MIDD=2699151101,Manchester City Marathon,"Manchester, NH USA","November 1, 2015","Mathew Solso (M)
4:57:33 156 106 M30-39
 "
157,MIDD=2699151101,Manchester City Marathon,"Manchester, NH USA","November 1, 2015","Tyler Hanides (M)
4:57:51 157 107 M20-29
 "
158,MIDD=2699151101,Manchester City Marathon,"Manchester, NH USA","November 1, 2015","Andrew Chaplin (M)
4:58:00 158 108 M20-29
 "
159,MIDD=2699151101,Manchester City Marathon,"Manchester, NH USA","November 1, 2015","Teri Lyon (F)
4:58:06 159 51 F50-59
 "
160,MIDD=2699151101,Manchester City Marathon,"Manchester, NH USA","November 1, 2015","Kathleen Flanders (F)
4:58:38 160 52 F50-59
 "
161,MIDD=2699151101,Manchester City Marathon,"Manchester, NH USA","November 1, 2015","Samy El-Guebaly (M)
5:01:02 161 109 M60-69
 "
162,MIDD=2699151101,Manchester City Marathon,"Manchester, NH USA","November 1, 2015","Suzanne Filippone (F)
5:02:37 162 53 F40-49
 "
163,MIDD=2699151101,Manchester City Marathon,"Manchester, NH USA","November 1, 2015","John Merson (M)
5:03:13 163 110 M50-59
 "
164,MIDD=2699151101,Manchester City Marathon,"Manchester, NH USA","November 1, 2015","Eve Lindsey (F)
5:06:30 164 54 F40-49
 "
165,MIDD=2699151101,Manchester City Marathon,"Manchester, NH USA","November 1, 2015","Jon Eaton (M)
5:06:52 165 111 M30-39
 "
166,MIDD=2699151101,Manchester City Marathon,"Manchester, NH USA","November 1, 2015","Nicole Liette (F)
5:07:48 166 55 F30-39
 "
167,MIDD=2699151101,Manchester City Marathon,"Manchester, NH USA","November 1, 2015","David Leslie (M)
5:08:23 167 112 M50-59
 "
168,MIDD=2699151101,Manchester City Marathon,"Manchester, NH USA","November 1, 2015","Sue Fossnes (F)
5:10:58 168 56 F40-49
 "
169,MIDD=2699151101,Manchester City Marathon,"Manchester, NH USA","November 1, 2015","Jason Walker (M)
5:11:57 169 113 M40-49
 "
170,MIDD=2699151101,Manchester City Marathon,"Manchester, NH USA","November 1, 2015","Elizabeth Linskey (F)
5:13:35 170 57 F40-49
 "
171,MIDD=2699151101,Manchester City Marathon,"Manchester, NH USA","November 1, 2015","Lauren Shannis (F)
5:14:13 171 58 F30-39
 "
172,MIDD=2699151101,Manchester City Marathon,"Manchester, NH USA","November 1, 2015","Michael Grimard (M)
5:14:14 172 114 M30-39
 "
173,MIDD=2699151101,Manchester City Marathon,"Manchester, NH USA","November 1, 2015","Anne Noble (F)
5:18:55 173 59 F20-29
 "
174,MIDD=2699151101,Manchester City Marathon,"Manchester, NH USA","November 1, 2015","Jorge Vasquez (M)
5:19:22 174 115 M40-49
 "
175,MIDD=2699151101,Manchester City Marathon,"Manchester, NH USA","November 1, 2015","Valerie Lamy (F)
5:22:31 175 60 F20-29
 "
176,MIDD=2699151101,Manchester City Marathon,"Manchester, NH USA","November 1, 2015","Jennifer Durham (F)
5:23:01 176 61 F30-39
 "
177,MIDD=2699151101,Manchester City Marathon,"Manchester, NH USA","November 1, 2015","Jason Phillips (M)
5:23:20 177 116 M30-39
 "
178,MIDD=2699151101,Manchester City Marathon,"Manchester, NH USA","November 1, 2015","Mohan Iyer (M)
5:24:38 178 117 M50-59
 "
179,MIDD=2699151101,Manchester City Marathon,"Manchester, NH USA","November 1, 2015","Douglas Whitney (M)
5:25:34 179 118 M50-59
 "
180,MIDD=2699151101,Manchester City Marathon,"Manchester, NH USA","November 1, 2015","Michelle Turk (F)
5:27:46 180 62 F30-39
 "
181,MIDD=2699151101,Manchester City Marathon,"Manchester, NH USA","November 1, 2015","Donald Kern (M)
5:28:57 181 119 M50-59
 "
182,MIDD=2699151101,Manchester City Marathon,"Manchester, NH USA","November 1, 2015","Kyle Rader (M)
5:31:01 182 120 M30-39
 "
183,MIDD=2699151101,Manchester City Marathon,"Manchester, NH USA","November 1, 2015","Julie Schwemm (F)
5:31:27 183 63 F50-59
 "
184,MIDD=2699151101,Manchester City Marathon,"Manchester, NH USA","November 1, 2015","Paul Waldrop (M)
5:33:11 184 121 M50-59
 "
185,MIDD=2699151101,Manchester City Marathon,"Manchester, NH USA","November 1, 2015","Jenn Monroe (F)
5:36:01 185 64 F40-49
 "
186,MIDD=2699151101,Manchester City Marathon,"Manchester, NH USA","November 1, 2015","Robin McCune (F)
5:38:19 186 65 F40-49
 "
187,MIDD=2699151101,Manchester City Marathon,"Manchester, NH USA","November 1, 2015","Diane Price (F)
5:41:36 187 66 F50-59
 "
188,MIDD=2699151101,Manchester City Marathon,"Manchester, NH USA","November 1, 2015","Sompack Nissen (F)
5:51:56 188 67 F60-69
 "
189,MIDD=2699151101,Manchester City Marathon,"Manchester, NH USA","November 1, 2015","Karin Evans (F)
5:52:23 189 68 F30-39
 "
190,MIDD=2699151101,Manchester City Marathon,"Manchester, NH USA","November 1, 2015","Robert Sielski (M)
5:53:27 190 122 M70+
 "
191,MIDD=2699151101,Manchester City Marathon,"Manchester, NH USA","November 1, 2015","Brendan Curran (M)
5:54:26 191 123 M20-29
 "
192,MIDD=2699151101,Manchester City Marathon,"Manchester, NH USA","November 1, 2015","Paul Evans (M)
5:55:08 192 124 M30-39
 "
193,MIDD=2699151101,Manchester City Marathon,"Manchester, NH USA","November 1, 2015","Nancy Shell (F)
6:05:54 193 69 F60-69
 "
194,MIDD=2699151101,Manchester City Marathon,"Manchester, NH USA","November 1, 2015","Francois Serret (M)
6:13:37 194 125 M20-29
 "
195,MIDD=2699151101,Manchester City Marathon,"Manchester, NH USA","November 1, 2015","Eileen Osullivan (F)
6:14:55 195 70 F40-49
 "
196,MIDD=2699151101,Manchester City Marathon,"Manchester, NH USA","November 1, 2015","Mike Brooks (M)
6:15:31 196 126 M60-69
 "
197,MIDD=2699151101,Manchester City Marathon,"Manchester, NH USA","November 1, 2015","Paul Fiori (M)
6:17:48 197 127 M60-69
 "
198,MIDD=2699151101,Manchester City Marathon,"Manchester, NH USA","November 1, 2015","Katherine Shea (F)
7:10:58 198 71 F40-49
 "
199,MIDD=2699151101,Manchester City Marathon,"Manchester, NH USA","November 1, 2015","Jeffrey Brown (M)
8:11:19 199 128 M50-59
 "
