,race_id,race,location,date,runners
0,MIDD=2444151212,Roxbury Marathon,"Roxbury, CT USA","December 12, 2015","

Have you run this race?Then tell us about it.

Last Name, First Name(Sex/Age)
Time OverAllPlace
Sex Place

City, State, Country AG Time* BQ*"
1,MIDD=2444151212,Roxbury Marathon,"Roxbury, CT USA","December 12, 2015","Juan Martinez (M37)
2:50:50 1 1 Syracuse, NY, USA
2:50:09
BQ"
2,MIDD=2444151212,Roxbury Marathon,"Roxbury, CT USA","December 12, 2015","Jon Chesto (M44)
2:59:03 2 2 South Boston, MA, USA
2:49:00
BQ"
3,MIDD=2444151212,Roxbury Marathon,"Roxbury, CT USA","December 12, 2015","Mark Knapp (M42)
2:59:26 3 3 Roxbury, MA, USA
2:52:14
BQ"
4,MIDD=2444151212,Roxbury Marathon,"Roxbury, CT USA","December 12, 2015","Tymoteusz Kajstura (M30)
3:07:34 4 4 Baltimore, MD, USA
3:07:34
 "
5,MIDD=2444151212,Roxbury Marathon,"Roxbury, CT USA","December 12, 2015","Sean Hicks (M42)
3:11:30 5 5 Manassas Parks, VA, USA
3:03:49
BQ"
6,MIDD=2444151212,Roxbury Marathon,"Roxbury, CT USA","December 12, 2015","Sara Belles (F35)
3:11:57 6 1 Brookfield, CT, USA
3:09:14
BQ"
7,MIDD=2444151212,Roxbury Marathon,"Roxbury, CT USA","December 12, 2015","Brendan Callahan (M34)
3:17:29 7 6 Wethersfield, CT, USA
3:17:29
 "
8,MIDD=2444151212,Roxbury Marathon,"Roxbury, CT USA","December 12, 2015","Robert Adams (M47)
3:18:08 8 7 Glastonbury, CT, USA
3:02:14
BQ"
9,MIDD=2444151212,Roxbury Marathon,"Roxbury, CT USA","December 12, 2015","Richard Rushka (M43)
3:22:14 9 8 New Milford, CT, USA
3:12:30
 "
10,MIDD=2444151212,Roxbury Marathon,"Roxbury, CT USA","December 12, 2015","Jonathan Smolin (M41)
3:25:22 10 9 Hanover, NH, USA
3:18:46
 "
11,MIDD=2444151212,Roxbury Marathon,"Roxbury, CT USA","December 12, 2015","Aya Leitz (F38)
3:25:46 11 2 Jersey City, NJ, USA
3:19:13
BQ"
12,MIDD=2444151212,Roxbury Marathon,"Roxbury, CT USA","December 12, 2015","Joseph Atchue (M20)
3:29:38 12 10 Marlborough, MA, USA
3:27:00
 "
13,MIDD=2444151212,Roxbury Marathon,"Roxbury, CT USA","December 12, 2015","Tessa Mah (F33)
3:29:53 13 3 Southington, CT, USA
3:28:33
BQ"
14,MIDD=2444151212,Roxbury Marathon,"Roxbury, CT USA","December 12, 2015","Jennifer Flaherty (F43)
3:31:33 14 4 Easthampton, MA, USA
3:15:18
BQ"
15,MIDD=2444151212,Roxbury Marathon,"Roxbury, CT USA","December 12, 2015","Larry Joo (M28)
3:33:18 15 11 Leonia, NJ, USA
3:33:18
 "
16,MIDD=2444151212,Roxbury Marathon,"Roxbury, CT USA","December 12, 2015","Robbie Ouellette (M42)
3:33:41 16 12 Bristol, CT, USA
3:25:06
 "
17,MIDD=2444151212,Roxbury Marathon,"Roxbury, CT USA","December 12, 2015","Jamie Reichler (M46)
3:34:45 17 13 Parker, CO, USA
3:19:14
 "
18,MIDD=2444151212,Roxbury Marathon,"Roxbury, CT USA","December 12, 2015","Wayne Churyk (M49)
3:35:12 18 14 New Preston, CT, USA
3:14:29
 "
19,MIDD=2444151212,Roxbury Marathon,"Roxbury, CT USA","December 12, 2015","Matthew Cappiello (M50)
3:35:14 19 15 Southbury, CT, USA
3:12:47
 "
20,MIDD=2444151212,Roxbury Marathon,"Roxbury, CT USA","December 12, 2015","Erik Hovdestad (M39)
3:38:06 20 16 Brookfield, CT, USA
3:34:36
 "
21,MIDD=2444151212,Roxbury Marathon,"Roxbury, CT USA","December 12, 2015","Mark Losacco (M46)
3:39:39 21 17 Scarborough, ME, USA
3:23:47
 "
22,MIDD=2444151212,Roxbury Marathon,"Roxbury, CT USA","December 12, 2015","Jessica Crandall (F36)
3:40:54 22 5 Cromwell, CT, USA
3:36:39
 "
23,MIDD=2444151212,Roxbury Marathon,"Roxbury, CT USA","December 12, 2015","Rick Lowry (M53)
3:43:00 23 18 Southbury, CT, USA
3:14:23
 "
24,MIDD=2444151212,Roxbury Marathon,"Roxbury, CT USA","December 12, 2015","Anders Peterson (M39)
3:44:16 24 19 Jamaica Plain, MA, USA
3:40:40
 "
25,MIDD=2444151212,Roxbury Marathon,"Roxbury, CT USA","December 12, 2015","David McNamara (M59)
3:44:42 25 20 Southbury, CT, USA
3:05:03
 "
26,MIDD=2444151212,Roxbury Marathon,"Roxbury, CT USA","December 12, 2015","Roberta Myers (F50)
3:46:02 26 6 Norwood, MA, USA
3:11:25
BQ"
27,MIDD=2444151212,Roxbury Marathon,"Roxbury, CT USA","December 12, 2015","Michael Rivera (M43)
3:46:59 27 21 Woodbury, CT, USA
3:36:03
 "
28,MIDD=2444151212,Roxbury Marathon,"Roxbury, CT USA","December 12, 2015","Matthew Demaio (M44)
3:50:24 28 22 Old Saybrook, CT, USA
3:37:28
 "
29,MIDD=2444151212,Roxbury Marathon,"Roxbury, CT USA","December 12, 2015","Ken Merrick (M46)
3:50:50 29 23 New Fairfield, CT, USA
3:34:10
 "
30,MIDD=2444151212,Roxbury Marathon,"Roxbury, CT USA","December 12, 2015","Karl Leitz (M49)
3:51:00 30 24 Jersey City, NJ, USA
3:28:46
 "
31,MIDD=2444151212,Roxbury Marathon,"Roxbury, CT USA","December 12, 2015","Paul Baldini (M44)
3:51:19 31 25 North Haven, CT, USA
3:38:20
 "
32,MIDD=2444151212,Roxbury Marathon,"Roxbury, CT USA","December 12, 2015","Mikael Rinne (M40)
3:53:42 32 26 Brookline, MA, USA
3:48:04
 "
33,MIDD=2444151212,Roxbury Marathon,"Roxbury, CT USA","December 12, 2015","Torpedo Ruospo (M51)
3:56:30 33 27 Stratford, CT, USA
3:29:56
 "
34,MIDD=2444151212,Roxbury Marathon,"Roxbury, CT USA","December 12, 2015","Jeanne Corey (F51)
3:57:11 34 7 Winsted, CT, USA
3:18:17
BQ"
35,MIDD=2444151212,Roxbury Marathon,"Roxbury, CT USA","December 12, 2015","Kim Marchand (M52)
3:57:11 35 28 Winsted, CT, USA
3:28:39
 "
36,MIDD=2444151212,Roxbury Marathon,"Roxbury, CT USA","December 12, 2015","Michelle Bosco (F47)
4:01:14 36 8 Wethersfield, CT, USA
3:32:11
 "
37,MIDD=2444151212,Roxbury Marathon,"Roxbury, CT USA","December 12, 2015","Lai Sun (M51)
4:01:43 37 29 Newtown, CT, USA
3:34:34
 "
38,MIDD=2444151212,Roxbury Marathon,"Roxbury, CT USA","December 12, 2015","Vanessa Russo (F34)
4:04:35 38 9 Cromwell, CT, USA
4:02:11
 "
39,MIDD=2444151212,Roxbury Marathon,"Roxbury, CT USA","December 12, 2015","Kim Hooper-Stanley (F53)
4:05:53 39 10 Bethel, CT, USA
3:20:11
 "
40,MIDD=2444151212,Roxbury Marathon,"Roxbury, CT USA","December 12, 2015","Cynthia Degirolamo (F49)
4:06:43 40 11 Sandy Hook, CT, USA
3:31:38
 "
41,MIDD=2444151212,Roxbury Marathon,"Roxbury, CT USA","December 12, 2015","John Benevides (M51)
4:07:03 41 30 New Bedford, MA, USA
3:39:18
 "
42,MIDD=2444151212,Roxbury Marathon,"Roxbury, CT USA","December 12, 2015","Henry Ward (M45)
4:07:15 42 31 Chelmsford, MA, USA
3:51:22
 "
43,MIDD=2444151212,Roxbury Marathon,"Roxbury, CT USA","December 12, 2015","Sean Mallon (M42)
4:07:35 43 32 Shelton, CT, USA
3:57:39
 "
44,MIDD=2444151212,Roxbury Marathon,"Roxbury, CT USA","December 12, 2015","Megan Hickey (F34)
4:09:09 44 12 Liverpool, NY, USA
4:06:42
 "
45,MIDD=2444151212,Roxbury Marathon,"Roxbury, CT USA","December 12, 2015","Margaret Whiteman (F46)
4:10:12 45 13 Killingworth, CT, USA
3:42:48
 "
46,MIDD=2444151212,Roxbury Marathon,"Roxbury, CT USA","December 12, 2015","Joseph Laskey (M51)
4:13:11 46 33 Plantsville, CT, USA
3:44:45
 "
47,MIDD=2444151212,Roxbury Marathon,"Roxbury, CT USA","December 12, 2015","Diane Hayes (F50)
4:13:40 47 14 Weston, CT, USA
3:34:49
 "
48,MIDD=2444151212,Roxbury Marathon,"Roxbury, CT USA","December 12, 2015","Stu Stravitsch (M56)
4:13:45 48 34 New Milford, CT, USA
3:35:04
 "
49,MIDD=2444151212,Roxbury Marathon,"Roxbury, CT USA","December 12, 2015","Mira Skuka (F46)
4:13:54 49 15 Farmington, CT, USA
3:46:05
 "
50,MIDD=2444151212,Roxbury Marathon,"Roxbury, CT USA","December 12, 2015","Brian Burton (M34)
4:14:36 50 35 Barryville, NY, USA
4:14:36
 "
51,MIDD=2444151212,Roxbury Marathon,"Roxbury, CT USA","December 12, 2015","Allison Lassoe (F53)
4:19:04 51 16 Sheffield, MA, USA
3:30:55
 "
52,MIDD=2444151212,Roxbury Marathon,"Roxbury, CT USA","December 12, 2015","Tracy Zagata (F43)
4:19:30 52 17 Plantsville, CT, USA
3:59:34
 "
53,MIDD=2444151212,Roxbury Marathon,"Roxbury, CT USA","December 12, 2015","Caitlin Rossi (F32)
4:20:47 53 18 Torrington, CT, USA
4:19:52
 "
54,MIDD=2444151212,Roxbury Marathon,"Roxbury, CT USA","December 12, 2015","David Harvey (M52)
4:24:37 54 36 Killingworth, CT, USA
3:52:46
 "
55,MIDD=2444151212,Roxbury Marathon,"Roxbury, CT USA","December 12, 2015","Javier Perrone (M42)
4:24:46 55 37 Bristol, CT, USA
4:14:08
 "
56,MIDD=2444151212,Roxbury Marathon,"Roxbury, CT USA","December 12, 2015","Heather Roles (F43)
4:25:54 56 19 Danbury, CT, USA
4:05:28
 "
57,MIDD=2444151212,Roxbury Marathon,"Roxbury, CT USA","December 12, 2015","Anthony Longano (M44)
4:26:08 57 38 Ringwood, NJ, USA
4:11:12
 "
58,MIDD=2444151212,Roxbury Marathon,"Roxbury, CT USA","December 12, 2015","Christopher Gilbert (M38)
4:26:38 58 39 Hamden, CT, USA
4:24:14
 "
59,MIDD=2444151212,Roxbury Marathon,"Roxbury, CT USA","December 12, 2015","Dan Oh (M60)
4:27:31 59 40 Leonia, NJ, USA
3:38:09
 "
60,MIDD=2444151212,Roxbury Marathon,"Roxbury, CT USA","December 12, 2015","Michael Fred (M50)
4:27:35 60 41 Wantagh, NY, USA
3:59:40
 "
61,MIDD=2444151212,Roxbury Marathon,"Roxbury, CT USA","December 12, 2015","Nathan Briggs (M44)
4:27:42 61 42 Kingston, NY, USA
4:12:40
 "
62,MIDD=2444151212,Roxbury Marathon,"Roxbury, CT USA","December 12, 2015","Mena Shehata (M30)
4:29:17 62 43 Rocky Hill, CT, USA
4:29:17
 "
63,MIDD=2444151212,Roxbury Marathon,"Roxbury, CT USA","December 12, 2015","Kelly Pabilonia (F46)
4:29:49 63 20 Tolland, CT, USA
4:00:16
 "
64,MIDD=2444151212,Roxbury Marathon,"Roxbury, CT USA","December 12, 2015","Elizabeth Dreier (F29)
4:31:37 64 21 Simsbury, CT, USA
4:31:37
 "
65,MIDD=2444151212,Roxbury Marathon,"Roxbury, CT USA","December 12, 2015","Kathryn Stoker (F48)
4:31:46 65 22 Norwalk, CT, USA
3:56:05
 "
66,MIDD=2444151212,Roxbury Marathon,"Roxbury, CT USA","December 12, 2015","Daniel Lee (M50)
4:31:50 66 44 Shelton, CT, USA
4:03:28
 "
67,MIDD=2444151212,Roxbury Marathon,"Roxbury, CT USA","December 12, 2015","Costas Drakatos (M56)
4:32:31 67 45 Roxbury, CT, USA
3:50:59
 "
68,MIDD=2444151212,Roxbury Marathon,"Roxbury, CT USA","December 12, 2015","Craig Reese (M54)
4:32:41 68 46 Canaan, VT, USA
3:55:30
 "
69,MIDD=2444151212,Roxbury Marathon,"Roxbury, CT USA","December 12, 2015","Ed Beauvais (M43)
4:33:29 69 47 Hopkinton, MA, USA
4:20:19
 "
70,MIDD=2444151212,Roxbury Marathon,"Roxbury, CT USA","December 12, 2015","Yi-Joo Kwon (M69)
4:37:40 70 48 Old Bridge, NJ, USA
3:26:25
 "
71,MIDD=2444151212,Roxbury Marathon,"Roxbury, CT USA","December 12, 2015","David Roach (M54)
4:40:36 71 49 Burlington, CT, USA
4:02:21
 "
72,MIDD=2444151212,Roxbury Marathon,"Roxbury, CT USA","December 12, 2015","Phillip Friddle (M40)
4:41:59 72 50 Clifton Park, NY, USA
4:35:11
 "
73,MIDD=2444151212,Roxbury Marathon,"Roxbury, CT USA","December 12, 2015","Paul Lagasse (M44)
4:45:16 73 51 Rocky Hill, CT, USA
4:29:15
 "
74,MIDD=2444151212,Roxbury Marathon,"Roxbury, CT USA","December 12, 2015","Mohan Iyer (M55)
4:48:50 74 52 Oakbrook Terrace, IL, USA
4:07:07
 "
75,MIDD=2444151212,Roxbury Marathon,"Roxbury, CT USA","December 12, 2015","Michael Taricani (M62)
4:50:08 75 53 Burlington, CT, USA
3:51:57
 "
76,MIDD=2444151212,Roxbury Marathon,"Roxbury, CT USA","December 12, 2015","Emily Kuehn (F27)
4:53:44 76 23 Brookline, MA, USA
4:53:44
 "
77,MIDD=2444151212,Roxbury Marathon,"Roxbury, CT USA","December 12, 2015","Antonio Alvarado (M35)
4:56:25 77 54 Hackensack, NJ, USA
4:56:25
 "
78,MIDD=2444151212,Roxbury Marathon,"Roxbury, CT USA","December 12, 2015","Mary Regalbuto (F58)
4:56:49 78 24 Bethany, CT, USA
3:45:29
 "
79,MIDD=2444151212,Roxbury Marathon,"Roxbury, CT USA","December 12, 2015","Angel Kelley-Lord (F45)
4:59:17 79 25 Dayton, ME, USA
4:29:46
 "
80,MIDD=2444151212,Roxbury Marathon,"Roxbury, CT USA","December 12, 2015","Maria Fred (F50)
4:59:27 80 26 Wantagh, NY, USA
4:13:36
 "
81,MIDD=2444151212,Roxbury Marathon,"Roxbury, CT USA","December 12, 2015","Etienne Jaulin (M57)
5:00:00 81 55 Chelsea, MA, USA
4:11:52
 "
82,MIDD=2444151212,Roxbury Marathon,"Roxbury, CT USA","December 12, 2015","Margaret Waluk (F35)
5:06:40 82 27 Newington, CT, USA
5:02:20
 "
83,MIDD=2444151212,Roxbury Marathon,"Roxbury, CT USA","December 12, 2015","Lee Dickey (M62)
5:07:00 83 56 Dracut, MA, USA
4:05:26
 "
84,MIDD=2444151212,Roxbury Marathon,"Roxbury, CT USA","December 12, 2015","Laura O'connor (F55)
5:07:54 84 28 Fairfield, CT, USA
4:03:58
 "
85,MIDD=2444151212,Roxbury Marathon,"Roxbury, CT USA","December 12, 2015","Richard Greenwood (M36)
5:11:36 85 57 Brewerton, NY, USA
5:11:17
 "
86,MIDD=2444151212,Roxbury Marathon,"Roxbury, CT USA","December 12, 2015","Bill Schrlau (M47)
5:11:40 86 58 Southington, CT, USA
4:46:40
 "
87,MIDD=2444151212,Roxbury Marathon,"Roxbury, CT USA","December 12, 2015","Raysa Ortega (F39)
5:12:42 87 29 Essex Junction, VT, USA
5:00:26
 "
88,MIDD=2444151212,Roxbury Marathon,"Roxbury, CT USA","December 12, 2015","George Elder (M54)
5:14:00 88 59 Hydes, MD, USA
4:31:12
 "
89,MIDD=2444151212,Roxbury Marathon,"Roxbury, CT USA","December 12, 2015","Anna Elder (F22)
5:14:01 89 30 Hydes, MD, USA
5:14:01
 "
90,MIDD=2444151212,Roxbury Marathon,"Roxbury, CT USA","December 12, 2015","Chul Hyun (M61)
5:26:34 90 60 Palisades, NY, USA
4:23:42
 "
91,MIDD=2444151212,Roxbury Marathon,"Roxbury, CT USA","December 12, 2015","Bruce Goulart (M65)
5:35:34 91 61 Newetown, CT, USA
4:20:11
 "
92,MIDD=2444151212,Roxbury Marathon,"Roxbury, CT USA","December 12, 2015","Donna Cramond (F66)
6:01:30 92 31 Monroe, CT, USA
4:01:09
 "
93,MIDD=2444151212,Roxbury Marathon,"Roxbury, CT USA","December 12, 2015","Kelly Ferris (F50)
6:19:10 93 32 Danbury, CT, USA
5:21:06
 "
94,MIDD=2444151212,Roxbury Marathon,"Roxbury, CT USA","December 12, 2015","Jessica Leichtweisz (F29)
6:19:40 94 33 Hackensack, NJ, USA
6:19:40
 "
95,MIDD=2444151212,Roxbury Marathon,"Roxbury, CT USA","December 12, 2015","Shannon Plesh (F29)
6:19:45 95 34 Lincoln, RI, USA
6:19:45
 "
96,MIDD=2444151212,Roxbury Marathon,"Roxbury, CT USA","December 12, 2015","Dave Birse (M56)
6:21:40 96 62 Bennington, NH, USA
5:23:30
 "
97,MIDD=2444151212,Roxbury Marathon,"Roxbury, CT USA","December 12, 2015","Pradeep Singh (M28)
6:31:04 97 63 Windsor, CT, USA
6:31:04
 "
