,race_id,race,location,date,runners
0,MIDD=2611151024,Peak to Creek Marathon (formerly Ridge to Bridge Marathon),"Morganton, NC USA","October 24, 2015","

Have you run this race?Then tell us about it.

Last Name, First Name(Sex/Age)
Time OverAllPlace
Sex Place/Div Place
DIV Net Time 
City, State, Country AG Time* BQ*"
1,MIDD=2611151024,Peak to Creek Marathon (formerly Ridge to Bridge Marathon),"Morganton, NC USA","October 24, 2015","Jeffrey Schneider (M34)
2:48:43 1 1 / 1 MOpen
2:48:42
Broadview Heights, OH, USA
2:48:42
BQ"
2,MIDD=2611151024,Peak to Creek Marathon (formerly Ridge to Bridge Marathon),"Morganton, NC USA","October 24, 2015","Brett Herron (M33)
2:49:51 2 2 / 2 MOpen
2:49:48
Kingsport, TN, USA
2:49:48
BQ"
3,MIDD=2611151024,Peak to Creek Marathon (formerly Ridge to Bridge Marathon),"Morganton, NC USA","October 24, 2015","E J Hrynowski (M53)
2:51:51 3 3 / 3 MOpen
2:51:46
Arlington, MA, USA
2:29:44
BQ"
4,MIDD=2611151024,Peak to Creek Marathon (formerly Ridge to Bridge Marathon),"Morganton, NC USA","October 24, 2015","Scott Kennedy (M39)
2:54:44 4 4 / 1 M35-39
2:54:43
Rock Hill, SC, USA
2:51:55
BQ"
5,MIDD=2611151024,Peak to Creek Marathon (formerly Ridge to Bridge Marathon),"Morganton, NC USA","October 24, 2015","Jose Gamez (M32)
2:56:14 5 5 / 1 M30-34
2:56:13
Hamptonville, NC, USA
2:56:13
BQ"
6,MIDD=2611151024,Peak to Creek Marathon (formerly Ridge to Bridge Marathon),"Morganton, NC USA","October 24, 2015","Adam Schiff (M35)
2:56:25 6 6 / 2 M35-39
2:56:23
Palm Beach Gardens, FL, USA
2:56:23
BQ"
7,MIDD=2611151024,Peak to Creek Marathon (formerly Ridge to Bridge Marathon),"Morganton, NC USA","October 24, 2015","Taylor Stanfill (M31)
2:58:09 7 7 / 2 M30-34
2:58:06
Roswell, GA, USA
2:58:06
BQ"
8,MIDD=2611151024,Peak to Creek Marathon (formerly Ridge to Bridge Marathon),"Morganton, NC USA","October 24, 2015","Scott Houck (M30)
2:58:21 8 8 / 3 M30-34
2:58:20
Chapel Hill, NC, USA
2:58:20
BQ"
9,MIDD=2611151024,Peak to Creek Marathon (formerly Ridge to Bridge Marathon),"Morganton, NC USA","October 24, 2015","Thomas Watterson (M44)
2:58:50 9 9 / 1 MMasters
2:58:47
Sylva, NC, USA
2:48:46
BQ"
10,MIDD=2611151024,Peak to Creek Marathon (formerly Ridge to Bridge Marathon),"Morganton, NC USA","October 24, 2015","Chas Willimon (M35)
2:58:55 10 10 / 3 M35-39
2:58:54
Cornelius, NC, USA
2:58:54
BQ"
11,MIDD=2611151024,Peak to Creek Marathon (formerly Ridge to Bridge Marathon),"Morganton, NC USA","October 24, 2015","Robert Wallace (M39)
2:59:14 11 11 / 4 M35-39
2:59:12
Hendersonville, NC, USA
2:56:20
BQ"
12,MIDD=2611151024,Peak to Creek Marathon (formerly Ridge to Bridge Marathon),"Morganton, NC USA","October 24, 2015","Lee James (M37)
2:59:21 12 12 / 5 M35-39
2:59:19
Savannah, GA, USA
2:58:36
BQ"
13,MIDD=2611151024,Peak to Creek Marathon (formerly Ridge to Bridge Marathon),"Morganton, NC USA","October 24, 2015","Nathaniel Orders (M37)
2:59:28 13 13 / 6 M35-39
2:59:25
Charleston, WV, USA
2:58:42
BQ"
14,MIDD=2611151024,Peak to Creek Marathon (formerly Ridge to Bridge Marathon),"Morganton, NC USA","October 24, 2015","Scott Voigt (M31)
2:59:31 14 14 / 4 M30-34
2:59:28
Lilburn, GA, USA
2:59:28
BQ"
15,MIDD=2611151024,Peak to Creek Marathon (formerly Ridge to Bridge Marathon),"Morganton, NC USA","October 24, 2015","Ryan Paul (M41)
2:59:47 15 15 / 1 M40-44
2:59:46
Mechanicsburg, PA, USA
2:53:59
BQ"
16,MIDD=2611151024,Peak to Creek Marathon (formerly Ridge to Bridge Marathon),"Morganton, NC USA","October 24, 2015","Tom Ricks (M41)
3:00:40 16 16 / 2 M40-44
3:00:39
Charlotte, NC, USA
2:54:51
BQ"
17,MIDD=2611151024,Peak to Creek Marathon (formerly Ridge to Bridge Marathon),"Morganton, NC USA","October 24, 2015","Paul DeVillo (M46)
3:03:37 17 17 / 1 M45-49
3:03:33
Mooresville, NC, USA
2:50:18
BQ"
18,MIDD=2611151024,Peak to Creek Marathon (formerly Ridge to Bridge Marathon),"Morganton, NC USA","October 24, 2015","Alexander Kenna (M27)
3:03:40 18 18 / 1 M25-29
3:03:32
Pinehurst, NC, USA
3:03:32
BQ"
19,MIDD=2611151024,Peak to Creek Marathon (formerly Ridge to Bridge Marathon),"Morganton, NC USA","October 24, 2015","Raymond Jones (M44)
3:04:32 19 19 / 3 M40-44
3:04:28
Greeneville, TN, USA
2:54:07
BQ"
20,MIDD=2611151024,Peak to Creek Marathon (formerly Ridge to Bridge Marathon),"Morganton, NC USA","October 24, 2015","Nathan Deal (M28)
3:04:47 20 20 / 2 M25-29
3:04:44
Dallas, NC, USA
3:04:44
BQ"
21,MIDD=2611151024,Peak to Creek Marathon (formerly Ridge to Bridge Marathon),"Morganton, NC USA","October 24, 2015","Ron Hilicki (M53)
3:06:11 21 21 / 1 M50-54
3:06:05
Glen Allen, VA, USA
2:42:13
BQ"
22,MIDD=2611151024,Peak to Creek Marathon (formerly Ridge to Bridge Marathon),"Morganton, NC USA","October 24, 2015","Colleen Casey (F42)
3:06:22 22 1 / 1 FOpen
3:06:17
Grapevine, TX, USA
2:53:56
BQ"
23,MIDD=2611151024,Peak to Creek Marathon (formerly Ridge to Bridge Marathon),"Morganton, NC USA","October 24, 2015","Nathaniel Eutsler (M29)
3:06:54 23 22 / 3 M25-29
3:06:49
Charlotte, NC, USA
3:06:49
 "
24,MIDD=2611151024,Peak to Creek Marathon (formerly Ridge to Bridge Marathon),"Morganton, NC USA","October 24, 2015","Scott Schwasnick (M44)
3:08:27 24 23 / 4 M40-44
3:08:25
Greenville, SC, USA
2:57:51
BQ"
25,MIDD=2611151024,Peak to Creek Marathon (formerly Ridge to Bridge Marathon),"Morganton, NC USA","October 24, 2015","Bill Johncock (M51)
3:08:42 25 24 / 2 M50-54
3:08:39
Hickory, NC, USA
2:47:28
BQ"
26,MIDD=2611151024,Peak to Creek Marathon (formerly Ridge to Bridge Marathon),"Morganton, NC USA","October 24, 2015","Stu Stepp (M37)
3:09:02 26 25 / 7 M35-39
3:08:58
Salisbury, NC, USA
3:08:13
BQ"
27,MIDD=2611151024,Peak to Creek Marathon (formerly Ridge to Bridge Marathon),"Morganton, NC USA","October 24, 2015","David Maurer (M54)
3:09:17 27 26 / 3 M50-54
3:09:15
Raleigh, NC, USA
2:43:27
BQ"
28,MIDD=2611151024,Peak to Creek Marathon (formerly Ridge to Bridge Marathon),"Morganton, NC USA","October 24, 2015","Randolph Hutchison (M39)
3:09:22 28 27 / 8 M35-39
3:09:19
Greenville, SC, USA
3:06:17
BQ"
29,MIDD=2611151024,Peak to Creek Marathon (formerly Ridge to Bridge Marathon),"Morganton, NC USA","October 24, 2015","Aaron Loder (M35)
3:09:27 29 28 / 9 M35-39
3:09:24
Granite Falls, NC, USA
3:09:24
BQ"
30,MIDD=2611151024,Peak to Creek Marathon (formerly Ridge to Bridge Marathon),"Morganton, NC USA","October 24, 2015","Gary Franks (M46)
3:12:00 30 29 / 2 M45-49
3:11:57
Raleigh, NC, USA
2:58:06
BQ"
31,MIDD=2611151024,Peak to Creek Marathon (formerly Ridge to Bridge Marathon),"Morganton, NC USA","October 24, 2015","Jason Martin (M36)
3:13:07 31 30 / 10 M35-39
3:13:00
Charlotte, NC, USA
3:12:48
 "
32,MIDD=2611151024,Peak to Creek Marathon (formerly Ridge to Bridge Marathon),"Morganton, NC USA","October 24, 2015","Scott Murr (M54)
3:13:21 32 31 / 4 M50-54
3:13:17
Greenville, SC, USA
2:46:57
BQ"
33,MIDD=2611151024,Peak to Creek Marathon (formerly Ridge to Bridge Marathon),"Morganton, NC USA","October 24, 2015","Eric Hamilton (M47)
3:14:14 33 32 / 3 M45-49
3:14:06
Asheville, NC, USA
2:58:32
BQ"
34,MIDD=2611151024,Peak to Creek Marathon (formerly Ridge to Bridge Marathon),"Morganton, NC USA","October 24, 2015","Jason Sutton (M42)
3:14:47 34 33 / 5 M40-44
3:14:40
Fort Mill, SC, USA
3:06:52
BQ"
35,MIDD=2611151024,Peak to Creek Marathon (formerly Ridge to Bridge Marathon),"Morganton, NC USA","October 24, 2015","Chris Fulbright (M43)
3:15:04 35 34 / 6 M40-44
3:14:56
Conover, NC, USA
3:05:34
BQ"
36,MIDD=2611151024,Peak to Creek Marathon (formerly Ridge to Bridge Marathon),"Morganton, NC USA","October 24, 2015","Jim McAlhaney (M48)
3:15:43 36 35 / 4 M45-49
3:15:38
Matthews, NC, USA
2:58:23
BQ"
37,MIDD=2611151024,Peak to Creek Marathon (formerly Ridge to Bridge Marathon),"Morganton, NC USA","October 24, 2015","Troy Pruett (M55)
3:16:10 37 36 / 1 M55-59
3:16:05
Grapevine, TX, USA
2:47:46
BQ"
38,MIDD=2611151024,Peak to Creek Marathon (formerly Ridge to Bridge Marathon),"Morganton, NC USA","October 24, 2015","Daniel Niederjohn (M40)
3:16:22 38 37 / 7 M40-44
3:16:16
Marietta, GA, USA
3:11:32
 "
39,MIDD=2611151024,Peak to Creek Marathon (formerly Ridge to Bridge Marathon),"Morganton, NC USA","October 24, 2015","Joseph Watson (M34)
3:16:37 39 38 / 5 M30-34
3:16:31
Chattanooga, TN, USA
3:16:31
 "
40,MIDD=2611151024,Peak to Creek Marathon (formerly Ridge to Bridge Marathon),"Morganton, NC USA","October 24, 2015","Rita Dorry (F25)
3:16:45 40 2 / 2 FOpen
3:16:41
Raleigh, NC, USA
3:16:41
BQ"
41,MIDD=2611151024,Peak to Creek Marathon (formerly Ridge to Bridge Marathon),"Morganton, NC USA","October 24, 2015","Russell Mcilvain (M36)
3:17:36 41 39 / 11 M35-39
3:17:28
Hanover, PA, USA
3:17:16
 "
42,MIDD=2611151024,Peak to Creek Marathon (formerly Ridge to Bridge Marathon),"Morganton, NC USA","October 24, 2015","Adam Smith (M23)
3:17:55 42 40 / 1 M20-24
3:17:53
Houston, TX, USA
3:17:53
 "
43,MIDD=2611151024,Peak to Creek Marathon (formerly Ridge to Bridge Marathon),"Morganton, NC USA","October 24, 2015","Deborah Dawson (F43)
3:18:09 43 3 / 3 FOpen
3:18:05
Fort Mill, SC, USA
3:02:52
BQ"
44,MIDD=2611151024,Peak to Creek Marathon (formerly Ridge to Bridge Marathon),"Morganton, NC USA","October 24, 2015","Caleb Steedley (M38)
3:18:17 44 41 / 12 M35-39
3:18:14
China Grove, NC, USA
3:16:27
 "
45,MIDD=2611151024,Peak to Creek Marathon (formerly Ridge to Bridge Marathon),"Morganton, NC USA","October 24, 2015","Bobby Aswell Jr (M52)
3:18:42 45 42 / 5 M50-54
3:18:39
Cornelius, NC, USA
2:54:45
BQ"
46,MIDD=2611151024,Peak to Creek Marathon (formerly Ridge to Bridge Marathon),"Morganton, NC USA","October 24, 2015","Paul Grybb (M33)
3:20:00 46 43 / 6 M30-34
3:19:55
Middleburg, FL, USA
3:19:55
 "
47,MIDD=2611151024,Peak to Creek Marathon (formerly Ridge to Bridge Marathon),"Morganton, NC USA","October 24, 2015","Lillian Gilmer (F42)
3:21:05 47 4 / 1 FMasters
3:21:02
Nashville, TN, USA
3:07:42
BQ"
48,MIDD=2611151024,Peak to Creek Marathon (formerly Ridge to Bridge Marathon),"Morganton, NC USA","October 24, 2015","Kenneth Little (M47)
3:21:19 48 44 / 5 M45-49
3:21:11
Conover, NC, USA
3:05:03
BQ"
49,MIDD=2611151024,Peak to Creek Marathon (formerly Ridge to Bridge Marathon),"Morganton, NC USA","October 24, 2015","Lee Chapman (M45)
3:21:40 49 45 / 6 M45-49
3:21:37
Greenville, SC, USA
3:08:40
BQ"
50,MIDD=2611151024,Peak to Creek Marathon (formerly Ridge to Bridge Marathon),"Morganton, NC USA","October 24, 2015","Danny Williams (M44)
3:21:53 50 46 / 8 M40-44
3:21:51
Jacksonville, FL, USA
3:10:31
 "
51,MIDD=2611151024,Peak to Creek Marathon (formerly Ridge to Bridge Marathon),"Morganton, NC USA","October 24, 2015","Jin Yi Kwon (F42)
3:21:56 51 5 / 1 F40-44
3:21:46
Chapel Hill, NC, USA
3:08:24
BQ"
52,MIDD=2611151024,Peak to Creek Marathon (formerly Ridge to Bridge Marathon),"Morganton, NC USA","October 24, 2015","Patrick Chesser (M43)
3:22:05 52 47 / 9 M40-44
3:22:05
Atlanta, GA, USA
3:12:22
 "
53,MIDD=2611151024,Peak to Creek Marathon (formerly Ridge to Bridge Marathon),"Morganton, NC USA","October 24, 2015","Dan Kaufman (M44)
3:22:06 53 48 / 10 M40-44
3:21:53
Atlanta, GA, USA
3:10:34
 "
54,MIDD=2611151024,Peak to Creek Marathon (formerly Ridge to Bridge Marathon),"Morganton, NC USA","October 24, 2015","Christopher Walls (M37)
3:22:16 54 49 / 13 M35-39
3:22:10
Fort Worth, TX, USA
3:21:22
 "
55,MIDD=2611151024,Peak to Creek Marathon (formerly Ridge to Bridge Marathon),"Morganton, NC USA","October 24, 2015","Alex Goldberg (M39)
3:22:24 55 50 / 14 M35-39
3:22:19
Knoxville, TN, USA
3:19:05
 "
56,MIDD=2611151024,Peak to Creek Marathon (formerly Ridge to Bridge Marathon),"Morganton, NC USA","October 24, 2015","Mark Wagner (M47)
3:22:42 56 51 / 7 M45-49
3:22:38
Cary, NC, USA
3:06:23
BQ"
57,MIDD=2611151024,Peak to Creek Marathon (formerly Ridge to Bridge Marathon),"Morganton, NC USA","October 24, 2015","Felix Fernandez (M46)
3:23:07 57 52 / 8 M45-49
3:23:04
New Britain, CT, USA
3:08:24
BQ"
58,MIDD=2611151024,Peak to Creek Marathon (formerly Ridge to Bridge Marathon),"Morganton, NC USA","October 24, 2015","Keith Cook (M46)
3:23:35 58 53 / 9 M45-49
3:23:31
Johnson City, TN, USA
3:08:49
BQ"
59,MIDD=2611151024,Peak to Creek Marathon (formerly Ridge to Bridge Marathon),"Morganton, NC USA","October 24, 2015","Adam Kokoszka (M38)
3:23:37 59 54 / 15 M35-39
3:23:30
Charlotte, NC, USA
3:21:40
 "
60,MIDD=2611151024,Peak to Creek Marathon (formerly Ridge to Bridge Marathon),"Morganton, NC USA","October 24, 2015","Jake Kransteuber (M39)
3:23:40 60 55 / 16 M35-39
3:23:37
Central, SC, USA
3:20:22
 "
61,MIDD=2611151024,Peak to Creek Marathon (formerly Ridge to Bridge Marathon),"Morganton, NC USA","October 24, 2015","John Stout (M53)
3:23:48 61 56 / 6 M50-54
3:23:45
Charlotte, NC, USA
2:57:36
BQ"
62,MIDD=2611151024,Peak to Creek Marathon (formerly Ridge to Bridge Marathon),"Morganton, NC USA","October 24, 2015","Joshua Kmiec (M34)
3:24:30 62 57 / 7 M30-34
3:24:27
Raleigh, NC, USA
3:24:27
 "
63,MIDD=2611151024,Peak to Creek Marathon (formerly Ridge to Bridge Marathon),"Morganton, NC USA","October 24, 2015","Bobby Cachine (M52)
3:24:39 63 58 / 7 M50-54
3:24:39
Charlotte, NC, USA
3:00:02
BQ"
64,MIDD=2611151024,Peak to Creek Marathon (formerly Ridge to Bridge Marathon),"Morganton, NC USA","October 24, 2015","Sonny Ali (M42)
3:24:42 64 59 / 11 M40-44
3:24:38
Salisbury, NC, USA
3:16:25
 "
65,MIDD=2611151024,Peak to Creek Marathon (formerly Ridge to Bridge Marathon),"Morganton, NC USA","October 24, 2015","Thomas Drabenstott (M45)
3:24:53 65 60 / 10 M45-49
3:24:48
Cary, NC, USA
3:11:39
BQ"
66,MIDD=2611151024,Peak to Creek Marathon (formerly Ridge to Bridge Marathon),"Morganton, NC USA","October 24, 2015","Nathan Hermance (M31)
3:24:57 66 61 / 8 M30-34
3:24:54
Atlanta, GA, USA
3:24:54
 "
67,MIDD=2611151024,Peak to Creek Marathon (formerly Ridge to Bridge Marathon),"Morganton, NC USA","October 24, 2015","Melinda Redenius (F41)
3:25:26 67 6 / 2 F40-44
3:25:10
Denver, CO, USA
3:13:34
BQ"
68,MIDD=2611151024,Peak to Creek Marathon (formerly Ridge to Bridge Marathon),"Morganton, NC USA","October 24, 2015","Tracy McKinnon (M41)
3:26:08 68 62 / 12 M40-44
3:25:58
Irmo, SC, USA
3:19:22
 "
69,MIDD=2611151024,Peak to Creek Marathon (formerly Ridge to Bridge Marathon),"Morganton, NC USA","October 24, 2015","Bob Clouston (M53)
3:26:26 69 63 / 8 M50-54
3:26:19
Wintergreen, VA, USA
2:59:51
BQ"
70,MIDD=2611151024,Peak to Creek Marathon (formerly Ridge to Bridge Marathon),"Morganton, NC USA","October 24, 2015","Michael Sherr (M45)
3:26:34 70 64 / 11 M45-49
3:26:22
Chattanooga, TN, USA
3:13:07
 "
71,MIDD=2611151024,Peak to Creek Marathon (formerly Ridge to Bridge Marathon),"Morganton, NC USA","October 24, 2015","Jason Samens (M30)
3:26:48 71 65 / 9 M30-34
3:26:44
Madison, WI, USA
3:26:44
 "
72,MIDD=2611151024,Peak to Creek Marathon (formerly Ridge to Bridge Marathon),"Morganton, NC USA","October 24, 2015","Ernie Villacarlos (M52)
3:27:12 72 66 / 9 M50-54
3:27:00
Damascus, MD, USA
3:02:06
BQ"
73,MIDD=2611151024,Peak to Creek Marathon (formerly Ridge to Bridge Marathon),"Morganton, NC USA","October 24, 2015","Jason Tindol (M41)
3:28:11 73 67 / 13 M40-44
3:28:07
Saint Joseph, MO, USA
3:21:26
 "
74,MIDD=2611151024,Peak to Creek Marathon (formerly Ridge to Bridge Marathon),"Morganton, NC USA","October 24, 2015","Seth McKinnis (M24)
3:28:18 74 68 / 2 M20-24
3:28:10
Arlington, VA, USA
3:28:10
 "
75,MIDD=2611151024,Peak to Creek Marathon (formerly Ridge to Bridge Marathon),"Morganton, NC USA","October 24, 2015","Rebecca Rolph (F26)
3:28:22 75 7 / 1 F25-29
3:28:17
Fairbanks, AK, USA
3:28:17
BQ"
76,MIDD=2611151024,Peak to Creek Marathon (formerly Ridge to Bridge Marathon),"Morganton, NC USA","October 24, 2015","Graham Gulley (M41)
3:28:42 76 69 / 14 M40-44
3:28:34
Pinehurst, NC, USA
3:21:52
 "
77,MIDD=2611151024,Peak to Creek Marathon (formerly Ridge to Bridge Marathon),"Morganton, NC USA","October 24, 2015","Dirk Wuensche (M47)
3:29:04 77 70 / 12 M45-49
3:28:58
Tega Cay, SC, USA
3:12:12
 "
78,MIDD=2611151024,Peak to Creek Marathon (formerly Ridge to Bridge Marathon),"Morganton, NC USA","October 24, 2015","Atticus Freeland (M25)
3:29:09 78 71 / 4 M25-29
3:29:00
Arlington, VA, USA
3:29:00
 "
79,MIDD=2611151024,Peak to Creek Marathon (formerly Ridge to Bridge Marathon),"Morganton, NC USA","October 24, 2015","Julie M. Garrett (F59)
3:29:29 79 8 / 1 F55-59
3:29:22
Cary, NC, USA
2:36:46
BQ"
80,MIDD=2611151024,Peak to Creek Marathon (formerly Ridge to Bridge Marathon),"Morganton, NC USA","October 24, 2015","Tobin Turner (M41)
3:29:34 80 72 / 15 M40-44
3:29:28
Piedmont, SC, USA
3:22:45
 "
81,MIDD=2611151024,Peak to Creek Marathon (formerly Ridge to Bridge Marathon),"Morganton, NC USA","October 24, 2015","Kelly Lowman (F41)
3:29:36 81 9 / 3 F40-44
3:29:31
Salisbury, NC, USA
3:17:40
BQ"
82,MIDD=2611151024,Peak to Creek Marathon (formerly Ridge to Bridge Marathon),"Morganton, NC USA","October 24, 2015","Shane Kirk (M53)
3:30:21 82 73 / 10 M50-54
3:30:20
Church Hill, TN, USA
3:03:21
 "
83,MIDD=2611151024,Peak to Creek Marathon (formerly Ridge to Bridge Marathon),"Morganton, NC USA","October 24, 2015","Danna Ray (F33)
3:30:50 83 10 / 1 F30-34
3:30:43
Burnsville, NC, USA
3:29:23
BQ"
84,MIDD=2611151024,Peak to Creek Marathon (formerly Ridge to Bridge Marathon),"Morganton, NC USA","October 24, 2015","Sara Harmon (F33)
3:30:55 84 11 / 2 F30-34
3:30:47
Kernersville, NC, USA
3:29:27
BQ"
85,MIDD=2611151024,Peak to Creek Marathon (formerly Ridge to Bridge Marathon),"Morganton, NC USA","October 24, 2015","Paul Bonesteel (M50)
3:31:07 85 74 / 11 M50-54
3:31:02
Asheville, NC, USA
3:09:01
 "
86,MIDD=2611151024,Peak to Creek Marathon (formerly Ridge to Bridge Marathon),"Morganton, NC USA","October 24, 2015","Dewie Phipps (M48)
3:31:23 86 75 / 13 M45-49
3:31:16
Morganton, NC, USA
3:12:38
 "
87,MIDD=2611151024,Peak to Creek Marathon (formerly Ridge to Bridge Marathon),"Morganton, NC USA","October 24, 2015","Kathleen Seery (F37)
3:32:18 87 12 / 1 F35-39
3:32:12
Rye, NY, USA
3:26:53
BQ"
88,MIDD=2611151024,Peak to Creek Marathon (formerly Ridge to Bridge Marathon),"Morganton, NC USA","October 24, 2015","Darren Nicholls (M48)
3:32:27 88 76 / 14 M45-49
3:32:01
Concord, NC, USA
3:13:19
 "
89,MIDD=2611151024,Peak to Creek Marathon (formerly Ridge to Bridge Marathon),"Morganton, NC USA","October 24, 2015","Emily Frank (F29)
3:32:33 89 13 / 2 F25-29
3:32:28
New York, NY, USA
3:32:28
BQ"
90,MIDD=2611151024,Peak to Creek Marathon (formerly Ridge to Bridge Marathon),"Morganton, NC USA","October 24, 2015","Clayton Sanders (M57)
3:32:35 90 77 / 2 M55-59
3:32:25
Hendersonville, NC, USA
2:58:21
BQ"
91,MIDD=2611151024,Peak to Creek Marathon (formerly Ridge to Bridge Marathon),"Morganton, NC USA","October 24, 2015","Mae Barker (F38)
3:32:47 91 14 / 2 F35-39
3:32:41
Jacksonville, FL, USA
3:25:55
BQ"
92,MIDD=2611151024,Peak to Creek Marathon (formerly Ridge to Bridge Marathon),"Morganton, NC USA","October 24, 2015","Christopher Fleming (M50)
3:32:48 92 78 / 12 M50-54
3:32:23
Gainesville, VA, USA
3:10:13
 "
93,MIDD=2611151024,Peak to Creek Marathon (formerly Ridge to Bridge Marathon),"Morganton, NC USA","October 24, 2015","Meredith Edwards (F34)
3:32:52 93 15 / 3 F30-34
3:32:49
Greensboro, NC, USA
3:30:43
BQ"
94,MIDD=2611151024,Peak to Creek Marathon (formerly Ridge to Bridge Marathon),"Morganton, NC USA","October 24, 2015","Jeff King (M48)
3:32:57 94 79 / 15 M45-49
3:32:56
Erwin, TN, USA
3:14:09
 "
95,MIDD=2611151024,Peak to Creek Marathon (formerly Ridge to Bridge Marathon),"Morganton, NC USA","October 24, 2015","Sarah Donley (F50)
3:33:26 95 16 / 1 F50-54
3:33:18
Lexington, SC, USA
3:00:39
BQ"
96,MIDD=2611151024,Peak to Creek Marathon (formerly Ridge to Bridge Marathon),"Morganton, NC USA","October 24, 2015","Merris Stambaugh (M46)
3:33:43 96 80 / 16 M45-49
3:33:24
Collinsville, VA, USA
3:18:00
 "
97,MIDD=2611151024,Peak to Creek Marathon (formerly Ridge to Bridge Marathon),"Morganton, NC USA","October 24, 2015","Elizabeth Rollins (F34)
3:34:36 97 17 / 4 F30-34
3:34:24
Asheville, NC, USA
3:32:18
BQ"
98,MIDD=2611151024,Peak to Creek Marathon (formerly Ridge to Bridge Marathon),"Morganton, NC USA","October 24, 2015","Joan Bienvenue (F38)
3:34:45 98 18 / 3 F35-39
3:34:35
Afton, VA, USA
3:27:45
BQ"
99,MIDD=2611151024,Peak to Creek Marathon (formerly Ridge to Bridge Marathon),"Morganton, NC USA","October 24, 2015","Robert Jackson (M55)
3:34:53 99 81 / 3 M55-59
3:34:47
Morrisville, NC, USA
3:03:46
BQ"
100,MIDD=2611151024,Peak to Creek Marathon (formerly Ridge to Bridge Marathon),"Morganton, NC USA","October 24, 2015","Zach Hanna (M38)
3:35:21 100 82 / 17 M35-39
3:35:17
Jacksonville, FL, USA
3:33:20
 "
101,MIDD=2611151024,Peak to Creek Marathon (formerly Ridge to Bridge Marathon),"Morganton, NC USA","October 24, 2015","Angel Gulley (F38)
3:35:28 101 19 / 4 F35-39
3:35:15
Pinehurst, NC, USA
3:28:24
BQ"
102,MIDD=2611151024,Peak to Creek Marathon (formerly Ridge to Bridge Marathon),"Morganton, NC USA","October 24, 2015","Carrie Kirby (F31)
3:35:28 102 20 / 5 F30-34
3:35:16
Pinehurst, NC, USA
3:34:55
 "
103,MIDD=2611151024,Peak to Creek Marathon (formerly Ridge to Bridge Marathon),"Morganton, NC USA","October 24, 2015","Steve Driver (M66)
3:35:35 103 83 / 1 M65-69
3:35:24
Mount Airy, NC, USA
2:45:18
BQ"
104,MIDD=2611151024,Peak to Creek Marathon (formerly Ridge to Bridge Marathon),"Morganton, NC USA","October 24, 2015","Benjamin Trichon (M46)
3:35:53 104 84 / 17 M45-49
3:35:43
Asheville, NC, USA
3:20:09
 "
105,MIDD=2611151024,Peak to Creek Marathon (formerly Ridge to Bridge Marathon),"Morganton, NC USA","October 24, 2015","Brian Whitehead (M45)
3:36:42 105 85 / 18 M45-49
3:36:31
Barboursville, VA, USA
3:22:36
 "
106,MIDD=2611151024,Peak to Creek Marathon (formerly Ridge to Bridge Marathon),"Morganton, NC USA","October 24, 2015","Shelby Coleman (F39)
3:37:00 106 21 / 5 F35-39
3:36:50
Stanley, NC, USA
3:28:20
BQ"
107,MIDD=2611151024,Peak to Creek Marathon (formerly Ridge to Bridge Marathon),"Morganton, NC USA","October 24, 2015","Robert Harrell (M49)
3:37:10 107 86 / 19 M45-49
3:37:04
Cabot, AR, USA
3:16:11
 "
108,MIDD=2611151024,Peak to Creek Marathon (formerly Ridge to Bridge Marathon),"Morganton, NC USA","October 24, 2015","Minhan Chen (M53)
3:37:14 108 87 / 13 M50-54
3:37:08
Cary, NC, USA
3:09:16
 "
109,MIDD=2611151024,Peak to Creek Marathon (formerly Ridge to Bridge Marathon),"Morganton, NC USA","October 24, 2015","Jeanine Wolanski (F50)
3:37:20 109 22 / 2 F50-54
3:37:09
Charlottesville, VA, USA
3:03:54
BQ"
110,MIDD=2611151024,Peak to Creek Marathon (formerly Ridge to Bridge Marathon),"Morganton, NC USA","October 24, 2015","Vince Altomare (M49)
3:37:24 110 88 / 20 M45-49
3:37:15
Sellersville, PA, USA
3:16:21
 "
111,MIDD=2611151024,Peak to Creek Marathon (formerly Ridge to Bridge Marathon),"Morganton, NC USA","October 24, 2015","Eric Gamble (M46)
3:37:41 111 89 / 21 M45-49
3:37:39
Raleigh, NC, USA
3:21:56
 "
112,MIDD=2611151024,Peak to Creek Marathon (formerly Ridge to Bridge Marathon),"Morganton, NC USA","October 24, 2015","David Price (M52)
3:38:16 112 90 / 14 M50-54
3:38:07
Atlanta, GA, USA
3:11:52
 "
113,MIDD=2611151024,Peak to Creek Marathon (formerly Ridge to Bridge Marathon),"Morganton, NC USA","October 24, 2015","Dave Gross (M53)
3:38:49 113 91 / 15 M50-54
3:38:44
Cary, NC, USA
3:10:40
 "
114,MIDD=2611151024,Peak to Creek Marathon (formerly Ridge to Bridge Marathon),"Morganton, NC USA","October 24, 2015","Harris Wu (M41)
3:39:01 114 92 / 16 M40-44
3:38:56
Virginia Beach, VA, USA
3:31:55
 "
115,MIDD=2611151024,Peak to Creek Marathon (formerly Ridge to Bridge Marathon),"Morganton, NC USA","October 24, 2015","Andrew Kinder (M28)
3:39:38 115 93 / 5 M25-29
3:39:27
Wilkesboro, NC, USA
3:39:27
 "
116,MIDD=2611151024,Peak to Creek Marathon (formerly Ridge to Bridge Marathon),"Morganton, NC USA","October 24, 2015","Sean Lynch (M35)
3:39:41 116 94 / 18 M35-39
3:39:30
Belmont, NC, USA
3:39:30
 "
117,MIDD=2611151024,Peak to Creek Marathon (formerly Ridge to Bridge Marathon),"Morganton, NC USA","October 24, 2015","Benjamin Zachary (M59)
3:40:04 117 95 / 4 M55-59
3:39:56
Taylorsville, NC, USA
3:01:08
BQ"
118,MIDD=2611151024,Peak to Creek Marathon (formerly Ridge to Bridge Marathon),"Morganton, NC USA","October 24, 2015","Andy McCormick (M46)
3:40:05 118 96 / 22 M45-49
3:40:04
Winston-Salem, NC, USA
3:24:11
 "
119,MIDD=2611151024,Peak to Creek Marathon (formerly Ridge to Bridge Marathon),"Morganton, NC USA","October 24, 2015","Patrick Bradshaw (M48)
3:40:16 119 97 / 23 M45-49
3:40:04
Morganton, NC, USA
3:20:40
 "
120,MIDD=2611151024,Peak to Creek Marathon (formerly Ridge to Bridge Marathon),"Morganton, NC USA","October 24, 2015","Robert Kelso (M49)
3:40:22 120 98 / 24 M45-49
3:40:12
Broomfield, CO, USA
3:19:01
 "
121,MIDD=2611151024,Peak to Creek Marathon (formerly Ridge to Bridge Marathon),"Morganton, NC USA","October 24, 2015","Paige Kell (F42)
3:40:42 121 23 / 4 F40-44
3:40:29
Fort Mill, SC, USA
3:25:52
BQ"
122,MIDD=2611151024,Peak to Creek Marathon (formerly Ridge to Bridge Marathon),"Morganton, NC USA","October 24, 2015","Andrew Goldsmith (M51)
3:40:52 122 99 / 16 M50-54
3:40:48
Takoma Park, MD, USA
3:16:00
 "
123,MIDD=2611151024,Peak to Creek Marathon (formerly Ridge to Bridge Marathon),"Morganton, NC USA","October 24, 2015","Danny Powell (M39)
3:41:13 123 100 / 19 M35-39
3:41:01
Morganton, NC, USA
3:37:29
 "
124,MIDD=2611151024,Peak to Creek Marathon (formerly Ridge to Bridge Marathon),"Morganton, NC USA","October 24, 2015","Prasad Koneru (M50)
3:41:38 124 101 / 17 M50-54
3:41:32
Great Falls, VA, USA
3:18:25
 "
125,MIDD=2611151024,Peak to Creek Marathon (formerly Ridge to Bridge Marathon),"Morganton, NC USA","October 24, 2015","Heather McNeely (F41)
3:41:40 125 24 / 5 F40-44
3:41:32
Greenville, SC, USA
3:29:01
BQ"
126,MIDD=2611151024,Peak to Creek Marathon (formerly Ridge to Bridge Marathon),"Morganton, NC USA","October 24, 2015","John Wiggenhorn (M54)
3:41:48 126 102 / 18 M50-54
3:41:43
Cary, NC, USA
3:11:29
 "
127,MIDD=2611151024,Peak to Creek Marathon (formerly Ridge to Bridge Marathon),"Morganton, NC USA","October 24, 2015","Bupesh Pandita (M46)
3:41:50 127 103 / 25 M45-49
3:41:43
Cary, NC, USA
3:25:42
 "
128,MIDD=2611151024,Peak to Creek Marathon (formerly Ridge to Bridge Marathon),"Morganton, NC USA","October 24, 2015","Elizaveta Ershova (F27)
3:42:09 128 25 / 3 F25-29
3:42:04
Fairbanks, AK, USA
3:42:04
 "
129,MIDD=2611151024,Peak to Creek Marathon (formerly Ridge to Bridge Marathon),"Morganton, NC USA","October 24, 2015","Jane Lanford (F60)
3:42:33 129 26 / 1 F60-64
3:42:28
Fairbanks, AK, USA
2:44:06
BQ"
130,MIDD=2611151024,Peak to Creek Marathon (formerly Ridge to Bridge Marathon),"Morganton, NC USA","October 24, 2015","Susan Smith (F41)
3:42:42 130 27 / 6 F40-44
3:42:35
Weddington, NC, USA
3:30:01
BQ"
131,MIDD=2611151024,Peak to Creek Marathon (formerly Ridge to Bridge Marathon),"Morganton, NC USA","October 24, 2015","Stephanie Kassab (F42)
3:42:44 131 28 / 7 F40-44
3:42:39
Glen Allen, VA, USA
3:27:54
BQ"
132,MIDD=2611151024,Peak to Creek Marathon (formerly Ridge to Bridge Marathon),"Morganton, NC USA","October 24, 2015","Brent Metcalf (M38)
3:43:37 132 104 / 20 M35-39
3:43:29
Pisgah Forest, NC, USA
3:41:28
 "
133,MIDD=2611151024,Peak to Creek Marathon (formerly Ridge to Bridge Marathon),"Morganton, NC USA","October 24, 2015","Jason Hoyle (M31)
3:43:39 133 105 / 10 M30-34
3:43:30
Nebo, NC, USA
3:43:30
 "
134,MIDD=2611151024,Peak to Creek Marathon (formerly Ridge to Bridge Marathon),"Morganton, NC USA","October 24, 2015","Steve Moody (M52)
3:44:02 134 106 / 19 M50-54
3:43:37
Cornelius, NC, USA
3:16:43
 "
135,MIDD=2611151024,Peak to Creek Marathon (formerly Ridge to Bridge Marathon),"Morganton, NC USA","October 24, 2015","Mike Pastore (M60)
3:44:10 135 107 / 1 M60-64
3:44:03
Greer, SC, USA
3:02:43
BQ"
136,MIDD=2611151024,Peak to Creek Marathon (formerly Ridge to Bridge Marathon),"Morganton, NC USA","October 24, 2015","Lori McCourry (F31)
3:44:20 136 29 / 6 F30-34
3:44:11
Burnsville, NC, USA
3:43:49
 "
137,MIDD=2611151024,Peak to Creek Marathon (formerly Ridge to Bridge Marathon),"Morganton, NC USA","October 24, 2015","Gary Russell (M46)
3:44:21 137 108 / 26 M45-49
3:44:12
Wake Forest, NC, USA
3:28:01
 "
138,MIDD=2611151024,Peak to Creek Marathon (formerly Ridge to Bridge Marathon),"Morganton, NC USA","October 24, 2015","Scott Krizek (M44)
3:44:51 138 109 / 17 M40-44
3:44:47
Mequon, WI, USA
3:32:11
 "
139,MIDD=2611151024,Peak to Creek Marathon (formerly Ridge to Bridge Marathon),"Morganton, NC USA","October 24, 2015","Kirstin Austin (F33)
3:45:38 139 30 / 7 F30-34
3:45:28
Fairview, NC, USA
3:44:03
 "
140,MIDD=2611151024,Peak to Creek Marathon (formerly Ridge to Bridge Marathon),"Morganton, NC USA","October 24, 2015","Katherine Teuschler (F39)
3:46:22 140 31 / 6 F35-39
3:46:10
East Bend, NC, USA
3:37:18
 "
141,MIDD=2611151024,Peak to Creek Marathon (formerly Ridge to Bridge Marathon),"Morganton, NC USA","October 24, 2015","Kathy Ayers (F45)
3:46:30 141 32 / 1 F45-49
3:46:22
High Point, NC, USA
3:24:03
BQ"
142,MIDD=2611151024,Peak to Creek Marathon (formerly Ridge to Bridge Marathon),"Morganton, NC USA","October 24, 2015","Kellie Rolph (F52)
3:47:06 142 33 / 3 F50-54
3:46:56
San Diego, CA, USA
3:07:14
BQ"
143,MIDD=2611151024,Peak to Creek Marathon (formerly Ridge to Bridge Marathon),"Morganton, NC USA","October 24, 2015","Brooke Kemp (F32)
3:47:16 143 34 / 8 F30-34
3:47:03
Cameron, NC, USA
3:46:15
 "
144,MIDD=2611151024,Peak to Creek Marathon (formerly Ridge to Bridge Marathon),"Morganton, NC USA","October 24, 2015","Anne Ruthenbeck (F37)
3:47:31 144 35 / 7 F35-39
3:47:17
Fort Mill, SC, USA
3:41:35
 "
145,MIDD=2611151024,Peak to Creek Marathon (formerly Ridge to Bridge Marathon),"Morganton, NC USA","October 24, 2015","Laura Heyneman (F52)
3:47:55 145 36 / 4 F50-54
3:47:45
Chapel Hill, NC, USA
3:07:55
BQ"
146,MIDD=2611151024,Peak to Creek Marathon (formerly Ridge to Bridge Marathon),"Morganton, NC USA","October 24, 2015","Rick Blankenship (M55)
3:48:00 146 110 / 5 M55-59
3:47:58
Statesville, NC, USA
3:15:03
 "
147,MIDD=2611151024,Peak to Creek Marathon (formerly Ridge to Bridge Marathon),"Morganton, NC USA","October 24, 2015","Ann Marie DiSerafino (F48)
3:48:09 147 37 / 2 F45-49
3:47:56
Raleigh, NC, USA
3:18:00
BQ"
148,MIDD=2611151024,Peak to Creek Marathon (formerly Ridge to Bridge Marathon),"Morganton, NC USA","October 24, 2015","Joseph Robertson (M46)
3:48:11 148 111 / 27 M45-49
3:47:59
Orange Park, FL, USA
3:31:31
 "
149,MIDD=2611151024,Peak to Creek Marathon (formerly Ridge to Bridge Marathon),"Morganton, NC USA","October 24, 2015","Libby Lipetzky (F25)
3:48:12 149 38 / 4 F25-29
3:47:57
Raleigh, NC, USA
3:47:57
 "
150,MIDD=2611151024,Peak to Creek Marathon (formerly Ridge to Bridge Marathon),"Morganton, NC USA","October 24, 2015","Andrew Lipetzky (M27)
3:48:12 150 112 / 6 M25-29
3:48:10
Raleigh, NC, USA
3:48:10
 "
151,MIDD=2611151024,Peak to Creek Marathon (formerly Ridge to Bridge Marathon),"Morganton, NC USA","October 24, 2015","Andrew Zapanta (M40)
3:48:13 151 113 / 18 M40-44
3:48:03
Charlottesville, VA, USA
3:42:34
 "
152,MIDD=2611151024,Peak to Creek Marathon (formerly Ridge to Bridge Marathon),"Morganton, NC USA","October 24, 2015","Laura Stark (F42)
3:48:18 152 39 / 8 F40-44
3:48:03
Charlotte, NC, USA
3:32:56
 "
153,MIDD=2611151024,Peak to Creek Marathon (formerly Ridge to Bridge Marathon),"Morganton, NC USA","October 24, 2015","Darrell Lawson (M50)
3:48:21 153 114 / 20 M50-54
3:48:08
Fort Mill, SC, USA
3:24:20
 "
154,MIDD=2611151024,Peak to Creek Marathon (formerly Ridge to Bridge Marathon),"Morganton, NC USA","October 24, 2015","Kurt Parbst (M43)
3:48:39 154 115 / 19 M40-44
3:48:19
Charlotte, NC, USA
3:37:20
 "
155,MIDD=2611151024,Peak to Creek Marathon (formerly Ridge to Bridge Marathon),"Morganton, NC USA","October 24, 2015","Bryan Land (M36)
3:48:46 155 116 / 21 M35-39
3:48:37
Morganton, NC, USA
3:48:23
 "
156,MIDD=2611151024,Peak to Creek Marathon (formerly Ridge to Bridge Marathon),"Morganton, NC USA","October 24, 2015","Uta Brandstatter (F44)
3:48:53 156 40 / 9 F40-44
3:48:44
Asheville, NC, USA
3:28:40
 "
157,MIDD=2611151024,Peak to Creek Marathon (formerly Ridge to Bridge Marathon),"Morganton, NC USA","October 24, 2015","Kara Ayres (F41)
3:49:37 157 41 / 10 F40-44
3:49:31
Glen Allen, VA, USA
3:36:33
 "
158,MIDD=2611151024,Peak to Creek Marathon (formerly Ridge to Bridge Marathon),"Morganton, NC USA","October 24, 2015","Andria Kokoszka (F37)
3:49:39 158 42 / 8 F35-39
3:49:32
Charlotte, NC, USA
3:43:47
 "
159,MIDD=2611151024,Peak to Creek Marathon (formerly Ridge to Bridge Marathon),"Morganton, NC USA","October 24, 2015","Dain Schurlknight (M37)
3:49:54 159 117 / 22 M35-39
3:49:45
Cordova, SC, USA
3:48:50
 "
160,MIDD=2611151024,Peak to Creek Marathon (formerly Ridge to Bridge Marathon),"Morganton, NC USA","October 24, 2015","Barbara Hodges (F47)
3:50:12 160 43 / 3 F45-49
3:49:58
Shelby, NC, USA
3:22:17
BQ"
161,MIDD=2611151024,Peak to Creek Marathon (formerly Ridge to Bridge Marathon),"Morganton, NC USA","October 24, 2015","Annie Singletary (F35)
3:50:23 161 44 / 9 F35-39
3:50:02
Black Mountain, NC, USA
3:46:48
 "
162,MIDD=2611151024,Peak to Creek Marathon (formerly Ridge to Bridge Marathon),"Morganton, NC USA","October 24, 2015","Lee Rhodes (F44)
3:50:26 162 45 / 11 F40-44
3:50:11
Waxhaw, NC, USA
3:30:00
 "
163,MIDD=2611151024,Peak to Creek Marathon (formerly Ridge to Bridge Marathon),"Morganton, NC USA","October 24, 2015","Mary Pat Martin (F47)
3:50:37 163 46 / 4 F45-49
3:50:28
Atlanta, GA, USA
3:22:43
BQ"
164,MIDD=2611151024,Peak to Creek Marathon (formerly Ridge to Bridge Marathon),"Morganton, NC USA","October 24, 2015","Randal Waters (M32)
3:50:57 164 118 / 11 M30-34
3:50:52
Philadelphia, PA, USA
3:50:52
 "
165,MIDD=2611151024,Peak to Creek Marathon (formerly Ridge to Bridge Marathon),"Morganton, NC USA","October 24, 2015","Bruce Cantrell (M58)
3:51:16 165 119 / 6 M55-59
3:51:07
Greensboro, NC, USA
3:12:12
 "
166,MIDD=2611151024,Peak to Creek Marathon (formerly Ridge to Bridge Marathon),"Morganton, NC USA","October 24, 2015","Lacey Trumbo (F36)
3:51:45 166 47 / 10 F35-39
3:51:31
Pinehurst, NC, USA
3:47:04
 "
167,MIDD=2611151024,Peak to Creek Marathon (formerly Ridge to Bridge Marathon),"Morganton, NC USA","October 24, 2015","Melissa McKeon Powers (F33)
3:51:52 167 48 / 9 F30-34
3:51:38
Greer, SC, USA
3:50:10
 "
168,MIDD=2611151024,Peak to Creek Marathon (formerly Ridge to Bridge Marathon),"Morganton, NC USA","October 24, 2015","James Novak (M50)
3:52:31 168 120 / 21 M50-54
3:52:16
Simpsonville, SC, USA
3:28:03
 "
169,MIDD=2611151024,Peak to Creek Marathon (formerly Ridge to Bridge Marathon),"Morganton, NC USA","October 24, 2015","Suzanna Turanyi (F44)
3:52:59 169 49 / 12 F40-44
3:52:36
Charlottesville, VA, USA
3:32:12
 "
170,MIDD=2611151024,Peak to Creek Marathon (formerly Ridge to Bridge Marathon),"Morganton, NC USA","October 24, 2015","Ehsan Samei (M48)
3:53:09 170 121 / 28 M45-49
3:53:05
Chapel Hill, NC, USA
3:32:32
 "
171,MIDD=2611151024,Peak to Creek Marathon (formerly Ridge to Bridge Marathon),"Morganton, NC USA","October 24, 2015","Paulette Kosinski (F47)
3:53:12 171 50 / 5 F45-49
3:52:57
Port Orchard, WA, USA
3:24:54
BQ"
172,MIDD=2611151024,Peak to Creek Marathon (formerly Ridge to Bridge Marathon),"Morganton, NC USA","October 24, 2015","Kevin Corrigan (M52)
3:53:38 172 122 / 22 M50-54
3:53:23
Palenville, NY, USA
3:25:18
 "
173,MIDD=2611151024,Peak to Creek Marathon (formerly Ridge to Bridge Marathon),"Morganton, NC USA","October 24, 2015","Adrienne Thacker (F34)
3:54:11 173 51 / 10 F30-34
3:54:06
Denver, NC, USA
3:51:48
 "
174,MIDD=2611151024,Peak to Creek Marathon (formerly Ridge to Bridge Marathon),"Morganton, NC USA","October 24, 2015","Kristy Grayson (F43)
3:54:43 174 52 / 13 F40-44
3:54:23
Fairview, NC, USA
3:36:23
 "
175,MIDD=2611151024,Peak to Creek Marathon (formerly Ridge to Bridge Marathon),"Morganton, NC USA","October 24, 2015","Kristel Maes (F38)
3:55:46 175 53 / 11 F35-39
3:55:32
Apex, NC, USA
3:48:03
 "
176,MIDD=2611151024,Peak to Creek Marathon (formerly Ridge to Bridge Marathon),"Morganton, NC USA","October 24, 2015","Ken Sirois (M68)
3:55:47 176 123 / 2 M65-69
3:55:34
Clinton, TN, USA
2:57:00
BQ"
177,MIDD=2611151024,Peak to Creek Marathon (formerly Ridge to Bridge Marathon),"Morganton, NC USA","October 24, 2015","Glen Anderson (M49)
3:56:04 177 124 / 29 M45-49
3:55:53
Kents Store, VA, USA
3:33:11
 "
178,MIDD=2611151024,Peak to Creek Marathon (formerly Ridge to Bridge Marathon),"Morganton, NC USA","October 24, 2015","Peggy Kelley (F48)
3:56:06 178 54 / 6 F45-49
3:55:50
Woburn, MA, USA
3:24:52
 "
179,MIDD=2611151024,Peak to Creek Marathon (formerly Ridge to Bridge Marathon),"Morganton, NC USA","October 24, 2015","Sam Gibbs (M43)
3:56:08 179 125 / 20 M40-44
3:55:57
Hickory, NC, USA
3:44:36
 "
180,MIDD=2611151024,Peak to Creek Marathon (formerly Ridge to Bridge Marathon),"Morganton, NC USA","October 24, 2015","Fredrick Gantzer (M50)
3:56:21 180 126 / 23 M50-54
3:56:09
Fort Mill, SC, USA
3:31:31
 "
181,MIDD=2611151024,Peak to Creek Marathon (formerly Ridge to Bridge Marathon),"Morganton, NC USA","October 24, 2015","Philip Settle (M44)
3:56:27 181 127 / 21 M40-44
3:56:25
Blue Ridge, VA, USA
3:43:09
 "
182,MIDD=2611151024,Peak to Creek Marathon (formerly Ridge to Bridge Marathon),"Morganton, NC USA","October 24, 2015","David Iacono (M54)
3:56:33 182 128 / 24 M50-54
3:56:27
Edina, MN, USA
3:24:13
 "
183,MIDD=2611151024,Peak to Creek Marathon (formerly Ridge to Bridge Marathon),"Morganton, NC USA","October 24, 2015","David Doyle (M56)
3:56:47 183 129 / 7 M55-59
3:56:37
Wilkesboro, NC, USA
3:20:33
 "
184,MIDD=2611151024,Peak to Creek Marathon (formerly Ridge to Bridge Marathon),"Morganton, NC USA","October 24, 2015","Denise Piefke (F55)
3:57:13 184 55 / 2 F55-59
3:56:55
Franklin, TN, USA
3:07:44
BQ"
185,MIDD=2611151024,Peak to Creek Marathon (formerly Ridge to Bridge Marathon),"Morganton, NC USA","October 24, 2015","Vasu Mandava (M43)
3:57:30 185 130 / 22 M40-44
3:57:15
Cary, NC, USA
3:45:50
 "
186,MIDD=2611151024,Peak to Creek Marathon (formerly Ridge to Bridge Marathon),"Morganton, NC USA","October 24, 2015","Edgar Slicer (M59)
3:57:56 186 131 / 8 M55-59
3:57:42
Blowing Rock, NC, USA
3:15:46
 "
187,MIDD=2611151024,Peak to Creek Marathon (formerly Ridge to Bridge Marathon),"Morganton, NC USA","October 24, 2015","Susan Laney (F37)
3:58:00 187 56 / 12 F35-39
3:57:49
Greensboro, NC, USA
3:51:51
 "
188,MIDD=2611151024,Peak to Creek Marathon (formerly Ridge to Bridge Marathon),"Morganton, NC USA","October 24, 2015","Dennis Ley (M49)
3:58:08 188 132 / 30 M45-49
3:57:51
Coldwater, OH, USA
3:34:58
 "
189,MIDD=2611151024,Peak to Creek Marathon (formerly Ridge to Bridge Marathon),"Morganton, NC USA","October 24, 2015","Kriste Little (F38)
3:58:10 189 57 / 13 F35-39
3:57:49
Black Mountain, NC, USA
3:50:15
 "
190,MIDD=2611151024,Peak to Creek Marathon (formerly Ridge to Bridge Marathon),"Morganton, NC USA","October 24, 2015","Carolyn Talluri (F41)
3:58:20 190 58 / 14 F40-44
3:58:04
Charlotte, NC, USA
3:44:36
 "
191,MIDD=2611151024,Peak to Creek Marathon (formerly Ridge to Bridge Marathon),"Morganton, NC USA","October 24, 2015","Leon Kim (M52)
3:58:41 191 133 / 25 M50-54
3:57:59
Hoschton, GA, USA
3:29:21
 "
192,MIDD=2611151024,Peak to Creek Marathon (formerly Ridge to Bridge Marathon),"Morganton, NC USA","October 24, 2015","Tami Grossens (F40)
3:59:01 192 59 / 15 F40-44
3:58:52
Morganton, NC, USA
3:47:33
 "
193,MIDD=2611151024,Peak to Creek Marathon (formerly Ridge to Bridge Marathon),"Morganton, NC USA","October 24, 2015","Thomas Wilson (M56)
3:59:04 193 134 / 9 M55-59
3:58:52
Charlottesville, VA, USA
3:22:28
 "
194,MIDD=2611151024,Peak to Creek Marathon (formerly Ridge to Bridge Marathon),"Morganton, NC USA","October 24, 2015","Shawn M Roberts (M40)
3:59:08 194 135 / 23 M40-44
3:58:40
Boone, NC, USA
3:52:55
 "
195,MIDD=2611151024,Peak to Creek Marathon (formerly Ridge to Bridge Marathon),"Morganton, NC USA","October 24, 2015","Brian Miller (M37)
3:59:12 195 136 / 23 M35-39
3:59:04
Charlotte, NC, USA
3:58:06
 "
196,MIDD=2611151024,Peak to Creek Marathon (formerly Ridge to Bridge Marathon),"Morganton, NC USA","October 24, 2015","James Ratliff (M53)
3:59:58 196 137 / 26 M50-54
3:59:47
Rutherford College, NC, USA
3:29:01
 "
197,MIDD=2611151024,Peak to Creek Marathon (formerly Ridge to Bridge Marathon),"Morganton, NC USA","October 24, 2015","Carin Smith (F41)
4:00:13 197 60 / 16 F40-44
3:59:58
Bakersville, NC, USA
3:46:25
 "
198,MIDD=2611151024,Peak to Creek Marathon (formerly Ridge to Bridge Marathon),"Morganton, NC USA","October 24, 2015","Kimberly Holland (F41)
4:00:24 198 61 / 17 F40-44
4:00:14
Wilkesboro, NC, USA
3:46:39
 "
199,MIDD=2611151024,Peak to Creek Marathon (formerly Ridge to Bridge Marathon),"Morganton, NC USA","October 24, 2015","Alan Perry (M65)
4:01:31 199 138 / 3 M65-69
4:01:24
Brevard, NC, USA
3:07:10
BQ"
200,MIDD=2611151024,Peak to Creek Marathon (formerly Ridge to Bridge Marathon),"Morganton, NC USA","October 24, 2015","Scott Mclelland (M48)
4:01:40 200 139 / 31 M45-49
4:01:38
Statesville, NC, USA
3:40:19
 "
201,MIDD=2611151024,Peak to Creek Marathon (formerly Ridge to Bridge Marathon),"Morganton, NC USA","October 24, 2015","Drew Coombes (M31)
4:01:40 201 140 / 12 M30-34
4:01:38
Wilmington, NC, USA
4:01:38
 "
202,MIDD=2611151024,Peak to Creek Marathon (formerly Ridge to Bridge Marathon),"Morganton, NC USA","October 24, 2015","Steve Hodges (M49)
4:01:43 202 141 / 32 M45-49
4:01:29
Shelby, NC, USA
3:38:15
 "
203,MIDD=2611151024,Peak to Creek Marathon (formerly Ridge to Bridge Marathon),"Morganton, NC USA","October 24, 2015","Charles Bouchard (M55)
4:02:14 203 142 / 10 M55-59
4:02:11
Lenoir, NC, USA
3:27:13
 "
204,MIDD=2611151024,Peak to Creek Marathon (formerly Ridge to Bridge Marathon),"Morganton, NC USA","October 24, 2015","Darlene Cockman (F50)
4:02:34 204 62 / 5 F50-54
4:02:19
Lake Lure, NC, USA
3:25:13
 "
205,MIDD=2611151024,Peak to Creek Marathon (formerly Ridge to Bridge Marathon),"Morganton, NC USA","October 24, 2015","Whitney Kenemer (F28)
4:02:46 205 63 / 5 F25-29
4:02:32
Charlotte, NC, USA
4:02:32
 "
206,MIDD=2611151024,Peak to Creek Marathon (formerly Ridge to Bridge Marathon),"Morganton, NC USA","October 24, 2015","Kara Meyers (F29)
4:03:48 206 64 / 6 F25-29
4:03:37
Raleigh, NC, USA
4:03:37
 "
207,MIDD=2611151024,Peak to Creek Marathon (formerly Ridge to Bridge Marathon),"Morganton, NC USA","October 24, 2015","Sophie Worthy (F17)
4:04:14 207 65 / 1 F0-19
4:04:05
Chapel Hill, NC, USA
3:55:32
 "
208,MIDD=2611151024,Peak to Creek Marathon (formerly Ridge to Bridge Marathon),"Morganton, NC USA","October 24, 2015","Aparna Vijayan (F46)
4:04:23 208 66 / 7 F45-49
4:04:08
Martinez, GA, USA
3:37:24
 "
209,MIDD=2611151024,Peak to Creek Marathon (formerly Ridge to Bridge Marathon),"Morganton, NC USA","October 24, 2015","Angi Hendley (F51)
4:04:39 209 67 / 6 F50-54
4:04:35
Marion, NC, USA
3:24:28
 "
210,MIDD=2611151024,Peak to Creek Marathon (formerly Ridge to Bridge Marathon),"Morganton, NC USA","October 24, 2015","Naren Schoenacher (M42)
4:04:44 210 143 / 24 M40-44
4:04:20
Brevard, NC, USA
3:54:32
 "
211,MIDD=2611151024,Peak to Creek Marathon (formerly Ridge to Bridge Marathon),"Morganton, NC USA","October 24, 2015","Kaci Favreau (F37)
4:05:36 211 68 / 14 F35-39
4:05:28
Winston Salem, NC, USA
3:59:18
 "
212,MIDD=2611151024,Peak to Creek Marathon (formerly Ridge to Bridge Marathon),"Morganton, NC USA","October 24, 2015","Noelle Davis (F41)
4:06:00 212 69 / 18 F40-44
4:05:48
Waynesboro, VA, USA
3:51:54
 "
213,MIDD=2611151024,Peak to Creek Marathon (formerly Ridge to Bridge Marathon),"Morganton, NC USA","October 24, 2015","Charlie Beeler (M54)
4:06:28 213 144 / 27 M50-54
4:06:21
Caneyville, KY, USA
3:32:46
 "
214,MIDD=2611151024,Peak to Creek Marathon (formerly Ridge to Bridge Marathon),"Morganton, NC USA","October 24, 2015","David Nigh (M32)
4:07:34 214 145 / 13 M30-34
4:07:21
Greer, SC, USA
4:07:21
 "
215,MIDD=2611151024,Peak to Creek Marathon (formerly Ridge to Bridge Marathon),"Morganton, NC USA","October 24, 2015","Deb Nigh (F29)
4:07:34 215 70 / 7 F25-29
4:07:21
Greer, SC, USA
4:07:21
 "
216,MIDD=2611151024,Peak to Creek Marathon (formerly Ridge to Bridge Marathon),"Morganton, NC USA","October 24, 2015","Paul Bohannon (M64)
4:09:00 216 146 / 2 M60-64
4:08:44
Oakwood, OH, USA
3:14:53
 "
217,MIDD=2611151024,Peak to Creek Marathon (formerly Ridge to Bridge Marathon),"Morganton, NC USA","October 24, 2015","Michael Christman (M48)
4:09:56 217 147 / 33 M45-49
4:09:51
Glen Allen, VA, USA
3:47:49
 "
218,MIDD=2611151024,Peak to Creek Marathon (formerly Ridge to Bridge Marathon),"Morganton, NC USA","October 24, 2015","Susan Jones (F43)
4:10:13 218 71 / 19 F40-44
4:10:03
Greeneville, TN, USA
3:50:51
 "
219,MIDD=2611151024,Peak to Creek Marathon (formerly Ridge to Bridge Marathon),"Morganton, NC USA","October 24, 2015","Joanne Grant (F50)
4:10:41 219 72 / 7 F50-54
4:10:32
Rosedale, MD, USA
3:32:11
 "
220,MIDD=2611151024,Peak to Creek Marathon (formerly Ridge to Bridge Marathon),"Morganton, NC USA","October 24, 2015","Ella Perrin (F19)
4:11:14 220 73 / 2 F0-19
4:11:01
Raleigh, NC, USA
4:09:24
 "
221,MIDD=2611151024,Peak to Creek Marathon (formerly Ridge to Bridge Marathon),"Morganton, NC USA","October 24, 2015","Stacy Paul (F39)
4:11:19 221 74 / 15 F35-39
4:11:02
Mechanicsburg, PA, USA
4:01:12
 "
222,MIDD=2611151024,Peak to Creek Marathon (formerly Ridge to Bridge Marathon),"Morganton, NC USA","October 24, 2015","Rodney Grugin (M53)
4:11:50 222 148 / 28 M50-54
4:11:42
Lenoir City, TN, USA
3:39:25
 "
223,MIDD=2611151024,Peak to Creek Marathon (formerly Ridge to Bridge Marathon),"Morganton, NC USA","October 24, 2015","Jeremy Carter (M35)
4:12:29 223 149 / 24 M35-39
4:12:13
Belmont, NC, USA
4:12:13
 "
224,MIDD=2611151024,Peak to Creek Marathon (formerly Ridge to Bridge Marathon),"Morganton, NC USA","October 24, 2015","Deborah Neves (F32)
4:13:48 224 75 / 11 F30-34
4:13:40
Advance, NC, USA
4:12:46
 "
225,MIDD=2611151024,Peak to Creek Marathon (formerly Ridge to Bridge Marathon),"Morganton, NC USA","October 24, 2015","Cora Player (F41)
4:13:57 225 76 / 20 F40-44
4:13:42
Indian Trail, NC, USA
3:59:22
 "
226,MIDD=2611151024,Peak to Creek Marathon (formerly Ridge to Bridge Marathon),"Morganton, NC USA","October 24, 2015","Maryanne Perrin (F49)
4:14:15 226 77 / 8 F45-49
4:14:02
Raleigh, NC, USA
3:37:55
 "
227,MIDD=2611151024,Peak to Creek Marathon (formerly Ridge to Bridge Marathon),"Morganton, NC USA","October 24, 2015","Karla Steedley (F38)
4:14:40 227 78 / 16 F35-39
4:14:31
China Grove, NC, USA
4:06:25
 "
228,MIDD=2611151024,Peak to Creek Marathon (formerly Ridge to Bridge Marathon),"Morganton, NC USA","October 24, 2015","William Boyers (M68)
4:14:50 228 150 / 4 M65-69
4:14:16
Garden Ridge, TX, USA
3:11:03
 "
229,MIDD=2611151024,Peak to Creek Marathon (formerly Ridge to Bridge Marathon),"Morganton, NC USA","October 24, 2015","Christian Brose (M45)
4:15:43 229 151 / 34 M45-49
4:15:23
Charlotte, NC, USA
3:59:00
 "
230,MIDD=2611151024,Peak to Creek Marathon (formerly Ridge to Bridge Marathon),"Morganton, NC USA","October 24, 2015","Marty McPeak (M67)
4:16:16 230 152 / 5 M65-69
4:15:57
Shaker Heights, OH, USA
3:14:22
 "
231,MIDD=2611151024,Peak to Creek Marathon (formerly Ridge to Bridge Marathon),"Morganton, NC USA","October 24, 2015","Joan Walsh (F60)
4:16:26 231 79 / 2 F60-64
4:16:13
Raleigh, NC, USA
3:09:00
BQ"
232,MIDD=2611151024,Peak to Creek Marathon (formerly Ridge to Bridge Marathon),"Morganton, NC USA","October 24, 2015","David Sisk (M47)
4:16:29 232 153 / 35 M45-49
4:16:11
Spartanburg, SC, USA
3:55:39
 "
233,MIDD=2611151024,Peak to Creek Marathon (formerly Ridge to Bridge Marathon),"Morganton, NC USA","October 24, 2015","Karen Keeley (F51)
4:16:47 233 80 / 8 F50-54
4:16:38
Catawba, NC, USA
3:34:33
 "
234,MIDD=2611151024,Peak to Creek Marathon (formerly Ridge to Bridge Marathon),"Morganton, NC USA","October 24, 2015","Bill Goodnight (M46)
4:16:48 234 154 / 36 M45-49
4:16:28
Carrboro, NC, USA
3:57:57
 "
235,MIDD=2611151024,Peak to Creek Marathon (formerly Ridge to Bridge Marathon),"Morganton, NC USA","October 24, 2015","Susan Dye (F29)
4:16:55 235 81 / 8 F25-29
4:16:40
Raleigh, NC, USA
4:16:40
 "
236,MIDD=2611151024,Peak to Creek Marathon (formerly Ridge to Bridge Marathon),"Morganton, NC USA","October 24, 2015","Tahmar Cromity (F41)
4:17:33 236 82 / 21 F40-44
4:17:19
Garner, NC, USA
4:02:46
 "
237,MIDD=2611151024,Peak to Creek Marathon (formerly Ridge to Bridge Marathon),"Morganton, NC USA","October 24, 2015","Michael Teuschler (M53)
4:19:40 237 155 / 29 M50-54
4:19:28
East Bend, NC, USA
3:46:10
 "
238,MIDD=2611151024,Peak to Creek Marathon (formerly Ridge to Bridge Marathon),"Morganton, NC USA","October 24, 2015","Jeff Bauer (M42)
4:19:48 238 156 / 25 M40-44
4:19:34
Simpsonville, SC, USA
4:09:09
 "
239,MIDD=2611151024,Peak to Creek Marathon (formerly Ridge to Bridge Marathon),"Morganton, NC USA","October 24, 2015","Bailey Reutinger (F12)
4:20:17 239 83 / 3 F0-19
4:20:09
Clemmons, NC, USA
3:42:27
 "
240,MIDD=2611151024,Peak to Creek Marathon (formerly Ridge to Bridge Marathon),"Morganton, NC USA","October 24, 2015","Ana Reutinger (F42)
4:20:20 240 84 / 22 F40-44
4:20:12
Clemmons, NC, USA
4:02:57
 "
241,MIDD=2611151024,Peak to Creek Marathon (formerly Ridge to Bridge Marathon),"Morganton, NC USA","October 24, 2015","Jane Cantwell (F47)
4:20:28 241 85 / 9 F45-49
4:20:12
Morganton, NC, USA
3:48:53
 "
242,MIDD=2611151024,Peak to Creek Marathon (formerly Ridge to Bridge Marathon),"Morganton, NC USA","October 24, 2015","Michael Chaney (M59)
4:20:29 242 157 / 11 M55-59
4:20:19
Chesapeake, VA, USA
3:34:24
 "
243,MIDD=2611151024,Peak to Creek Marathon (formerly Ridge to Bridge Marathon),"Morganton, NC USA","October 24, 2015","Jerry Hellman (M61)
4:20:33 243 158 / 3 M60-64
4:20:12
Medford Lakes, NJ, USA
3:30:06
 "
244,MIDD=2611151024,Peak to Creek Marathon (formerly Ridge to Bridge Marathon),"Morganton, NC USA","October 24, 2015","Trish Schumacher (F50)
4:21:20 244 86 / 9 F50-54
4:21:01
Charlotte, NC, USA
3:41:03
 "
245,MIDD=2611151024,Peak to Creek Marathon (formerly Ridge to Bridge Marathon),"Morganton, NC USA","October 24, 2015","Bill Weimer (M60)
4:21:24 245 159 / 4 M60-64
4:21:18
Fort Mill, SC, USA
3:33:05
 "
246,MIDD=2611151024,Peak to Creek Marathon (formerly Ridge to Bridge Marathon),"Morganton, NC USA","October 24, 2015","Andrew Ruthenbeck (M31)
4:21:27 246 160 / 14 M30-34
4:21:13
Fort Mill, SC, USA
4:21:13
 "
247,MIDD=2611151024,Peak to Creek Marathon (formerly Ridge to Bridge Marathon),"Morganton, NC USA","October 24, 2015","Greg Higgins (M42)
4:21:40 247 161 / 26 M40-44
4:21:22
Greensboro, NC, USA
4:10:53
 "
248,MIDD=2611151024,Peak to Creek Marathon (formerly Ridge to Bridge Marathon),"Morganton, NC USA","October 24, 2015","Deanna Wynne (F35)
4:23:10 248 87 / 17 F35-39
4:22:49
Jonesborough, TN, USA
4:19:07
 "
249,MIDD=2611151024,Peak to Creek Marathon (formerly Ridge to Bridge Marathon),"Morganton, NC USA","October 24, 2015","Brad Liles (M52)
4:23:13 249 162 / 30 M50-54
4:22:53
Grapevine, TX, USA
3:51:15
 "
250,MIDD=2611151024,Peak to Creek Marathon (formerly Ridge to Bridge Marathon),"Morganton, NC USA","October 24, 2015","Brian Pearce (M37)
4:23:17 250 163 / 25 M35-39
4:22:59
Greensboro, NC, USA
4:21:56
 "
251,MIDD=2611151024,Peak to Creek Marathon (formerly Ridge to Bridge Marathon),"Morganton, NC USA","October 24, 2015","Claudia Boggiano (F39)
4:23:51 251 88 / 18 F35-39
4:23:41
Huntersville, NC, USA
4:13:21
 "
252,MIDD=2611151024,Peak to Creek Marathon (formerly Ridge to Bridge Marathon),"Morganton, NC USA","October 24, 2015","Heather Jones (F33)
4:24:28 252 89 / 12 F30-34
4:24:17
Dacula, GA, USA
4:22:37
 "
253,MIDD=2611151024,Peak to Creek Marathon (formerly Ridge to Bridge Marathon),"Morganton, NC USA","October 24, 2015","Dorothy Richey (F19)
4:24:58 253 90 / 4 F0-19
4:24:50
Chapel Hill, NC, USA
4:23:08
 "
254,MIDD=2611151024,Peak to Creek Marathon (formerly Ridge to Bridge Marathon),"Morganton, NC USA","October 24, 2015","Jacquelyn Roshay (F29)
4:25:40 254 91 / 9 F25-29
4:24:58
Asheville, NC, USA
4:24:58
 "
255,MIDD=2611151024,Peak to Creek Marathon (formerly Ridge to Bridge Marathon),"Morganton, NC USA","October 24, 2015","Carol Zucca (F57)
4:27:33 255 92 / 3 F55-59
4:27:17
Asheville, NC, USA
3:25:58
 "
256,MIDD=2611151024,Peak to Creek Marathon (formerly Ridge to Bridge Marathon),"Morganton, NC USA","October 24, 2015","Kimball Roots (M62)
4:29:27 256 164 / 5 M60-64
4:29:14
Cincinnati, OH, USA
3:35:15
 "
257,MIDD=2611151024,Peak to Creek Marathon (formerly Ridge to Bridge Marathon),"Morganton, NC USA","October 24, 2015","Christine Murray (F37)
4:30:12 257 93 / 19 F35-39
4:29:58
Greensboro, NC, USA
4:23:11
 "
258,MIDD=2611151024,Peak to Creek Marathon (formerly Ridge to Bridge Marathon),"Morganton, NC USA","October 24, 2015","Renee Sciortino (F45)
4:30:33 258 94 / 10 F45-49
4:30:10
Raleigh, NC, USA
4:03:31
 "
259,MIDD=2611151024,Peak to Creek Marathon (formerly Ridge to Bridge Marathon),"Morganton, NC USA","October 24, 2015","Melissa McCurry (F45)
4:30:43 259 95 / 11 F45-49
4:30:28
Burnsville, NC, USA
4:03:48
 "
260,MIDD=2611151024,Peak to Creek Marathon (formerly Ridge to Bridge Marathon),"Morganton, NC USA","October 24, 2015","Benson Lai (M39)
4:30:45 260 165 / 26 M35-39
4:30:27
Kingsport, TN, USA
4:26:08
 "
261,MIDD=2611151024,Peak to Creek Marathon (formerly Ridge to Bridge Marathon),"Morganton, NC USA","October 24, 2015","Andy Richardson (M54)
4:31:40 261 166 / 31 M50-54
4:31:20
Columbia, SC, USA
3:54:21
 "
262,MIDD=2611151024,Peak to Creek Marathon (formerly Ridge to Bridge Marathon),"Morganton, NC USA","October 24, 2015","Beth Baker (F45)
4:33:00 262 96 / 12 F45-49
4:32:43
Mechanicsburg, PA, USA
4:05:49
 "
263,MIDD=2611151024,Peak to Creek Marathon (formerly Ridge to Bridge Marathon),"Morganton, NC USA","October 24, 2015","Maggie Bonecutter (F43)
4:33:02 263 97 / 23 F40-44
4:32:38
Pinehurst, NC, USA
4:11:42
 "
264,MIDD=2611151024,Peak to Creek Marathon (formerly Ridge to Bridge Marathon),"Morganton, NC USA","October 24, 2015","Doug Fein (M54)
4:34:27 264 167 / 32 M50-54
4:34:22
Chapel Hill, NC, USA
3:56:58
 "
265,MIDD=2611151024,Peak to Creek Marathon (formerly Ridge to Bridge Marathon),"Morganton, NC USA","October 24, 2015","Emily Thompson (F37)
4:34:36 265 98 / 20 F35-39
4:34:27
Greensboro, NC, USA
4:27:33
 "
266,MIDD=2611151024,Peak to Creek Marathon (formerly Ridge to Bridge Marathon),"Morganton, NC USA","October 24, 2015","Alan Byerly (M70)
4:35:09 266 168 / 1 M70-74
4:34:50
Fort Myers, FL, USA
3:22:05
 "
267,MIDD=2611151024,Peak to Creek Marathon (formerly Ridge to Bridge Marathon),"Morganton, NC USA","October 24, 2015","Angela Sheets (F36)
4:35:56 267 99 / 21 F35-39
4:35:45
Millers Creek, NC, USA
4:30:27
 "
268,MIDD=2611151024,Peak to Creek Marathon (formerly Ridge to Bridge Marathon),"Morganton, NC USA","October 24, 2015","Douglas Myers (M41)
4:36:07 268 169 / 27 M40-44
4:35:45
Castle Hayne, NC, USA
4:26:54
 "
269,MIDD=2611151024,Peak to Creek Marathon (formerly Ridge to Bridge Marathon),"Morganton, NC USA","October 24, 2015","Jonathan Gillette (M49)
4:37:25 269 170 / 37 M45-49
4:36:56
Harrisburg, PA, USA
4:10:17
 "
270,MIDD=2611151024,Peak to Creek Marathon (formerly Ridge to Bridge Marathon),"Morganton, NC USA","October 24, 2015","Heidi Prado (F47)
4:37:48 270 100 / 13 F45-49
4:37:34
Savannah, GA, USA
4:04:08
 "
271,MIDD=2611151024,Peak to Creek Marathon (formerly Ridge to Bridge Marathon),"Morganton, NC USA","October 24, 2015","Annette Pakes (F29)
4:38:37 271 101 / 10 F25-29
4:38:22
Raleigh, NC, USA
4:38:22
 "
272,MIDD=2611151024,Peak to Creek Marathon (formerly Ridge to Bridge Marathon),"Morganton, NC USA","October 24, 2015","Margaret Faust (F64)
4:38:55 272 102 / 3 F60-64
4:38:40
Raleigh, NC, USA
3:12:42
 "
273,MIDD=2611151024,Peak to Creek Marathon (formerly Ridge to Bridge Marathon),"Morganton, NC USA","October 24, 2015","Charles Buckland (M55)
4:39:07 273 171 / 12 M55-59
4:38:42
Wilmington, NC, USA
3:58:27
 "
274,MIDD=2611151024,Peak to Creek Marathon (formerly Ridge to Bridge Marathon),"Morganton, NC USA","October 24, 2015","Kay Wilson (F43)
4:40:02 274 103 / 24 F40-44
4:39:46
Surgoinsville, TN, USA
4:18:17
 "
275,MIDD=2611151024,Peak to Creek Marathon (formerly Ridge to Bridge Marathon),"Morganton, NC USA","October 24, 2015","Samantha Cupp (F42)
4:40:02 275 104 / 25 F40-44
4:39:47
Surgoinsville, TN, USA
4:21:14
 "
276,MIDD=2611151024,Peak to Creek Marathon (formerly Ridge to Bridge Marathon),"Morganton, NC USA","October 24, 2015","Willie Freeman (F62)
4:41:03 276 105 / 4 F60-64
4:40:47
Richton, MS, USA
3:20:47
 "
277,MIDD=2611151024,Peak to Creek Marathon (formerly Ridge to Bridge Marathon),"Morganton, NC USA","October 24, 2015","Jennifer Martin (F44)
4:42:50 277 106 / 26 F40-44
4:42:33
Raleigh, NC, USA
4:17:46
 "
278,MIDD=2611151024,Peak to Creek Marathon (formerly Ridge to Bridge Marathon),"Morganton, NC USA","October 24, 2015","Jessica Peterson (F37)
4:43:41 278 107 / 22 F35-39
4:43:24
Monroe, GA, USA
4:36:17
 "
279,MIDD=2611151024,Peak to Creek Marathon (formerly Ridge to Bridge Marathon),"Morganton, NC USA","October 24, 2015","Bryan Robinette (M49)
4:43:53 279 172 / 38 M45-49
4:43:38
Salisbury, NC, USA
4:16:21
 "
280,MIDD=2611151024,Peak to Creek Marathon (formerly Ridge to Bridge Marathon),"Morganton, NC USA","October 24, 2015","John Slaughter (M52)
4:43:54 280 173 / 33 M50-54
4:43:32
Hilton Head, SC, USA
4:09:25
 "
281,MIDD=2611151024,Peak to Creek Marathon (formerly Ridge to Bridge Marathon),"Morganton, NC USA","October 24, 2015","Jerry Lynn (M64)
4:44:10 281 174 / 6 M60-64
4:43:48
Aiken, SC, USA
3:42:21
 "
282,MIDD=2611151024,Peak to Creek Marathon (formerly Ridge to Bridge Marathon),"Morganton, NC USA","October 24, 2015","Aspen Egbert (F33)
4:45:03 282 108 / 13 F30-34
4:44:54
North Las Vegas, NV, USA
4:43:07
 "
283,MIDD=2611151024,Peak to Creek Marathon (formerly Ridge to Bridge Marathon),"Morganton, NC USA","October 24, 2015","Jeff Barnhart (M53)
4:45:24 283 175 / 34 M50-54
4:45:06
Grapevine, TX, USA
4:08:31
 "
284,MIDD=2611151024,Peak to Creek Marathon (formerly Ridge to Bridge Marathon),"Morganton, NC USA","October 24, 2015","Erin Mishoe (F35)
4:47:30 284 109 / 23 F35-39
4:47:16
Morganton, NC, USA
4:43:13
 "
285,MIDD=2611151024,Peak to Creek Marathon (formerly Ridge to Bridge Marathon),"Morganton, NC USA","October 24, 2015","Betsy Long (F41)
4:47:34 285 110 / 27 F40-44
4:47:19
Camden, SC, USA
4:31:05
 "
286,MIDD=2611151024,Peak to Creek Marathon (formerly Ridge to Bridge Marathon),"Morganton, NC USA","October 24, 2015","Bob Gerowitz (M53)
4:50:03 286 176 / 35 M50-54
4:49:55
Raleigh, NC, USA
4:12:43
 "
287,MIDD=2611151024,Peak to Creek Marathon (formerly Ridge to Bridge Marathon),"Morganton, NC USA","October 24, 2015","Charles Shorb (M45)
4:50:15 287 177 / 39 M45-49
4:49:52
Cary, NC, USA
4:31:16
 "
288,MIDD=2611151024,Peak to Creek Marathon (formerly Ridge to Bridge Marathon),"Morganton, NC USA","October 24, 2015","Chad Domby (M43)
4:50:32 288 178 / 28 M40-44
4:50:26
Kingsport, TN, USA
4:36:28
 "
289,MIDD=2611151024,Peak to Creek Marathon (formerly Ridge to Bridge Marathon),"Morganton, NC USA","October 24, 2015","Jessie Lucas (F44)
4:51:18 289 111 / 28 F40-44
4:50:58
Mooresville, NC, USA
4:25:27
 "
290,MIDD=2611151024,Peak to Creek Marathon (formerly Ridge to Bridge Marathon),"Morganton, NC USA","October 24, 2015","Dotty Maddock (F61)
4:51:31 290 112 / 5 F60-64
4:51:20
Franklin, ID, USA
3:31:39
 "
291,MIDD=2611151024,Peak to Creek Marathon (formerly Ridge to Bridge Marathon),"Morganton, NC USA","October 24, 2015","Julie McKinnon (F40)
4:51:40 291 113 / 29 F40-44
4:51:27
Irmo, SC, USA
4:37:38
 "
292,MIDD=2611151024,Peak to Creek Marathon (formerly Ridge to Bridge Marathon),"Morganton, NC USA","October 24, 2015","Jill Escher (F47)
4:51:56 292 114 / 14 F45-49
4:51:34
Asheville, NC, USA
4:16:28
 "
293,MIDD=2611151024,Peak to Creek Marathon (formerly Ridge to Bridge Marathon),"Morganton, NC USA","October 24, 2015","Jessica Duncan (F32)
4:52:39 293 115 / 14 F30-34
4:52:22
Statesville, NC, USA
4:51:20
 "
294,MIDD=2611151024,Peak to Creek Marathon (formerly Ridge to Bridge Marathon),"Morganton, NC USA","October 24, 2015","Nick Kueser (M31)
4:54:16 294 179 / 15 M30-34
4:54:09
Indian Trail, NC, USA
4:54:09
 "
295,MIDD=2611151024,Peak to Creek Marathon (formerly Ridge to Bridge Marathon),"Morganton, NC USA","October 24, 2015","Jamie Doran (F38)
4:54:47 295 116 / 24 F35-39
4:54:35
Kingsport, TN, USA
4:45:13
 "
296,MIDD=2611151024,Peak to Creek Marathon (formerly Ridge to Bridge Marathon),"Morganton, NC USA","October 24, 2015","Wade Leonard, Jr (M73)
4:55:44 296 180 / 2 M70-74
4:55:21
Mocksville, NC, USA
3:29:26
 "
297,MIDD=2611151024,Peak to Creek Marathon (formerly Ridge to Bridge Marathon),"Morganton, NC USA","October 24, 2015","Robin Parker (F50)
4:56:33 297 117 / 10 F50-54
4:56:20
Shelby, NC, USA
4:10:58
 "
298,MIDD=2611151024,Peak to Creek Marathon (formerly Ridge to Bridge Marathon),"Morganton, NC USA","October 24, 2015","Gary Prillaman (M64)
4:56:58 298 181 / 7 M60-64
4:56:47
Mocksville, NC, USA
3:52:32
 "
299,MIDD=2611151024,Peak to Creek Marathon (formerly Ridge to Bridge Marathon),"Morganton, NC USA","October 24, 2015","Vanessa Jones (F38)
4:57:41 299 118 / 25 F35-39
4:57:30
Valdosta, GA, USA
4:48:02
 "
300,MIDD=2611151024,Peak to Creek Marathon (formerly Ridge to Bridge Marathon),"Morganton, NC USA","October 24, 2015","Mike Murphy (M39)
4:57:48 300 182 / 27 M35-39
4:57:24
Pinehurst, NC, USA
4:52:38
 "
301,MIDD=2611151024,Peak to Creek Marathon (formerly Ridge to Bridge Marathon),"Morganton, NC USA","October 24, 2015","Trish Farnham (F41)
4:58:03 301 119 / 30 F40-44
4:57:33
Wilmington, NC, USA
4:40:44
 "
302,MIDD=2611151024,Peak to Creek Marathon (formerly Ridge to Bridge Marathon),"Morganton, NC USA","October 24, 2015","Siva Reddy (M44)
4:58:15 302 183 / 29 M40-44
4:57:54
Clarksburg, MD, USA
4:41:11
 "
303,MIDD=2611151024,Peak to Creek Marathon (formerly Ridge to Bridge Marathon),"Morganton, NC USA","October 24, 2015","Paul Johnson (M32)
4:59:02 303 184 / 16 M30-34
4:58:40
Greenville, SC, USA
4:58:40
 "
304,MIDD=2611151024,Peak to Creek Marathon (formerly Ridge to Bridge Marathon),"Morganton, NC USA","October 24, 2015","George Henggeler (M72)
4:59:23 304 185 / 3 M70-74
4:59:10
Chester, NJ, USA
3:34:57
 "
305,MIDD=2611151024,Peak to Creek Marathon (formerly Ridge to Bridge Marathon),"Morganton, NC USA","October 24, 2015","Jennifer McCormick (F45)
5:00:03 305 120 / 15 F45-49
4:59:45
Winston-Salem, NC, USA
4:30:12
 "
306,MIDD=2611151024,Peak to Creek Marathon (formerly Ridge to Bridge Marathon),"Morganton, NC USA","October 24, 2015","Ashley Cure (F29)
5:00:13 306 121 / 11 F25-29
4:59:52
Greenville, SC, USA
4:59:52
 "
307,MIDD=2611151024,Peak to Creek Marathon (formerly Ridge to Bridge Marathon),"Morganton, NC USA","October 24, 2015","Kimberly LaForce (F45)
5:00:52 307 122 / 16 F45-49
5:00:30
Abingdon, VA, USA
4:30:52
 "
308,MIDD=2611151024,Peak to Creek Marathon (formerly Ridge to Bridge Marathon),"Morganton, NC USA","October 24, 2015","Ron Bruffey (M65)
5:01:49 308 186 / 6 M65-69
5:01:26
Mocksville, NC, USA
3:53:44
 "
309,MIDD=2611151024,Peak to Creek Marathon (formerly Ridge to Bridge Marathon),"Morganton, NC USA","October 24, 2015","Stephanie Epley (F39)
5:02:25 309 123 / 26 F35-39
5:02:11
Forest City, NC, USA
4:50:20
 "
310,MIDD=2611151024,Peak to Creek Marathon (formerly Ridge to Bridge Marathon),"Morganton, NC USA","October 24, 2015","Linda Pinnell (F58)
5:03:23 310 124 / 4 F55-59
5:03:02
Winterville, NC, USA
3:50:13
 "
311,MIDD=2611151024,Peak to Creek Marathon (formerly Ridge to Bridge Marathon),"Morganton, NC USA","October 24, 2015","Michelle Liles (F52)
5:03:27 311 125 / 11 F50-54
5:03:07
Grapevine, TX, USA
4:10:06
 "
312,MIDD=2611151024,Peak to Creek Marathon (formerly Ridge to Bridge Marathon),"Morganton, NC USA","October 24, 2015","Stephanie Rees (F34)
5:06:26 312 126 / 15 F30-34
5:06:05
Greenville, SC, USA
5:03:05
 "
313,MIDD=2611151024,Peak to Creek Marathon (formerly Ridge to Bridge Marathon),"Morganton, NC USA","October 24, 2015","Autumn Mahaffey (F35)
5:06:26 313 127 / 27 F35-39
5:06:09
Union Grove, NC, USA
5:01:50
 "
314,MIDD=2611151024,Peak to Creek Marathon (formerly Ridge to Bridge Marathon),"Morganton, NC USA","October 24, 2015","Laura Greuner (F54)
5:07:07 314 128 / 12 F50-54
5:07:00
Grapevine, TX, USA
4:06:37
 "
315,MIDD=2611151024,Peak to Creek Marathon (formerly Ridge to Bridge Marathon),"Morganton, NC USA","October 24, 2015","Pamela Ross (F47)
5:08:00 315 129 / 17 F45-49
5:07:38
Candler, NC, USA
4:30:35
 "
316,MIDD=2611151024,Peak to Creek Marathon (formerly Ridge to Bridge Marathon),"Morganton, NC USA","October 24, 2015","Becky Gamble (F47)
5:10:38 316 130 / 18 F45-49
5:09:59
Raleigh, NC, USA
4:32:40
 "
317,MIDD=2611151024,Peak to Creek Marathon (formerly Ridge to Bridge Marathon),"Morganton, NC USA","October 24, 2015","Jen Brown-Nicholson (F33)
5:11:13 317 131 / 16 F30-34
5:10:33
Charlotte, NC, USA
5:08:36
 "
318,MIDD=2611151024,Peak to Creek Marathon (formerly Ridge to Bridge Marathon),"Morganton, NC USA","October 24, 2015","David Huffman (M47)
5:14:36 318 187 / 40 M45-49
5:14:12
Fairmont, WV, USA
4:49:00
 "
319,MIDD=2611151024,Peak to Creek Marathon (formerly Ridge to Bridge Marathon),"Morganton, NC USA","October 24, 2015","Shirley Sirois (F68)
5:15:03 319 132 / 1 F65-69
5:14:45
Clinton, TN, USA
3:21:58
 "
320,MIDD=2611151024,Peak to Creek Marathon (formerly Ridge to Bridge Marathon),"Morganton, NC USA","October 24, 2015","Ronnie Freeman (M63)
5:16:34 320 188 / 8 M60-64
5:16:18
Richton, MS, USA
4:10:21
 "
321,MIDD=2611151024,Peak to Creek Marathon (formerly Ridge to Bridge Marathon),"Morganton, NC USA","October 24, 2015","Hannah Mitchell (F32)
5:19:25 321 133 / 17 F30-34
5:19:07
Harmony, NC, USA
5:18:00
 "
322,MIDD=2611151024,Peak to Creek Marathon (formerly Ridge to Bridge Marathon),"Morganton, NC USA","October 24, 2015","Christy Cook (F38)
5:22:04 322 134 / 28 F35-39
5:21:48
Hickory, NC, USA
5:11:34
 "
323,MIDD=2611151024,Peak to Creek Marathon (formerly Ridge to Bridge Marathon),"Morganton, NC USA","October 24, 2015","Nick Kannady (M48)
5:23:28 323 189 / 41 M45-49
5:23:09
Grapevine, TX, USA
4:54:39
 "
324,MIDD=2611151024,Peak to Creek Marathon (formerly Ridge to Bridge Marathon),"Morganton, NC USA","October 24, 2015","Mike Kenney (M64)
5:26:46 324 190 / 9 M60-64
5:26:31
Morganton, NC, USA
4:15:49
 "
325,MIDD=2611151024,Peak to Creek Marathon (formerly Ridge to Bridge Marathon),"Morganton, NC USA","October 24, 2015","Katrina Robeck (F62)
5:33:08 325 135 / 6 F60-64
5:32:47
Garner, NC, USA
3:57:58
 "
326,MIDD=2611151024,Peak to Creek Marathon (formerly Ridge to Bridge Marathon),"Morganton, NC USA","October 24, 2015","Daniel Ek (M43)
5:34:05 326 191 / 30 M40-44
5:33:47
Santa Clara, CA, USA
5:17:44
 "
327,MIDD=2611151024,Peak to Creek Marathon (formerly Ridge to Bridge Marathon),"Morganton, NC USA","October 24, 2015","Marjorie Mahle (F62)
5:40:12 327 136 / 7 F60-64
5:39:52
Kettering, OH, USA
4:03:02
 "
328,MIDD=2611151024,Peak to Creek Marathon (formerly Ridge to Bridge Marathon),"Morganton, NC USA","October 24, 2015","Anjela Dukes (F41)
5:42:20 328 137 / 31 F40-44
5:42:01
Raleigh, NC, USA
5:22:42
 "
329,MIDD=2611151024,Peak to Creek Marathon (formerly Ridge to Bridge Marathon),"Morganton, NC USA","October 24, 2015","Carly Bumgarner (F34)
5:58:20 329 138 / 18 F30-34
5:58:02
Morganton, NC, USA
5:54:31
 "
