,race_id,race,location,date,runners
0,MIDD=5049151115,Surfers Point Marathon,"Ventura, CA USA","November 15, 2015","

Have you run this race?Then tell us about it.

Last Name, First Name(Sex/Age)
Time OverAllPlace
Sex Place/Div Place
DIV 
City, State, Country AG Time* BQ*"
1,MIDD=5049151115,Surfers Point Marathon,"Ventura, CA USA","November 15, 2015","luis rojas (M32)
2:55:14 1 1 / 1 M30-39 Santa Monica
2:55:14
BQ"
2,MIDD=5049151115,Surfers Point Marathon,"Ventura, CA USA","November 15, 2015","Michael Desmond (M47)
3:03:39 2 2 / 1 M40-49 Santa Barbara
2:48:55
BQ"
3,MIDD=5049151115,Surfers Point Marathon,"Ventura, CA USA","November 15, 2015","Alfonza Willis (M44)
3:06:46 3 3 / 2 M40-49  
2:56:17
BQ"
4,MIDD=5049151115,Surfers Point Marathon,"Ventura, CA USA","November 15, 2015","Joel Phillips (M33)
3:13:03 4 4 / 2 M30-39 Portland
3:13:03
 "
5,MIDD=5049151115,Surfers Point Marathon,"Ventura, CA USA","November 15, 2015","Mariano Corona (M36)
3:14:51 5 5 / 3 M30-39 Woodland Hills
3:14:39
 "
6,MIDD=5049151115,Surfers Point Marathon,"Ventura, CA USA","November 15, 2015","Miriam Jansche (F31)
3:16:53 6 1 / 1 F30-39 San Francisco
3:16:34
BQ"
7,MIDD=5049151115,Surfers Point Marathon,"Ventura, CA USA","November 15, 2015","Jeffrey Lam (M31)
3:17:10 7 6 / 4 M30-39 Laguna Beach
3:17:10
 "
8,MIDD=5049151115,Surfers Point Marathon,"Ventura, CA USA","November 15, 2015","Tyler Smith (M41)
3:18:26 8 7 / 3 M40-49 Redondo Beach
3:12:04
 "
9,MIDD=5049151115,Surfers Point Marathon,"Ventura, CA USA","November 15, 2015","Jeff Donnelly (M58)
3:21:42 9 8 / 1 M50-59 Mesa
2:47:44
BQ"
10,MIDD=5049151115,Surfers Point Marathon,"Ventura, CA USA","November 15, 2015","Tyler Dodge (M27)
3:22:12 10 9 / 1 M18-29 Los Angeles
3:22:12
 "
11,MIDD=5049151115,Surfers Point Marathon,"Ventura, CA USA","November 15, 2015","Sean Logan (M50)
3:24:33 11 10 / 2 M50-59 Canyon Country, CA, USA
3:03:13
BQ"
12,MIDD=5049151115,Surfers Point Marathon,"Ventura, CA USA","November 15, 2015","Nancy Schubring (F55)
3:25:08 12 2 / 1 F50-59 Novi
2:42:32
BQ"
13,MIDD=5049151115,Surfers Point Marathon,"Ventura, CA USA","November 15, 2015","Joel Fenlason (M42)
3:28:19 13 11 / 4 M40-49 Patrick AFB, FL, USA
3:19:58
 "
14,MIDD=5049151115,Surfers Point Marathon,"Ventura, CA USA","November 15, 2015","Rachel Bohan (F26)
3:28:45 14 3 / 1 F18-29 Seattle, WA, USA
3:28:45
BQ"
15,MIDD=5049151115,Surfers Point Marathon,"Ventura, CA USA","November 15, 2015","Brian D'Amour (M37)
3:28:54 15 12 / 5 M30-39 Santa Barbara
3:28:04
 "
16,MIDD=5049151115,Surfers Point Marathon,"Ventura, CA USA","November 15, 2015","Trevor Neeb (M36)
3:29:13 16 13 / 6 M30-39 San Diego, CA, USA
3:29:00
 "
17,MIDD=5049151115,Surfers Point Marathon,"Ventura, CA USA","November 15, 2015","Megan Dickson (F23)
3:29:23 17 4 / 2 F18-29 Fullerton
3:29:23
BQ"
18,MIDD=5049151115,Surfers Point Marathon,"Ventura, CA USA","November 15, 2015","Sheri Donnelly (F42)
3:34:26 18 5 / 1 F40-49 Mesa
3:20:13
BQ"
19,MIDD=5049151115,Surfers Point Marathon,"Ventura, CA USA","November 15, 2015","Michael Shasberger (M63)
3:35:03 19 14 / 1 M60-69 Goleta
2:50:13
BQ"
20,MIDD=5049151115,Surfers Point Marathon,"Ventura, CA USA","November 15, 2015","Greg Fischer (M59)
3:35:59 20 15 / 3 M50-59 Chico
2:57:53
BQ"
21,MIDD=5049151115,Surfers Point Marathon,"Ventura, CA USA","November 15, 2015","Francisco Luna (M20)
3:38:08 21 16 / 2 M18-29 Irvine
3:35:24
 "
22,MIDD=5049151115,Surfers Point Marathon,"Ventura, CA USA","November 15, 2015","John Toth (M52)
3:38:33 22 17 / 4 M50-59 Palmdale
3:12:15
 "
23,MIDD=5049151115,Surfers Point Marathon,"Ventura, CA USA","November 15, 2015","Brian Wright (M38)
3:39:32 23 18 / 7 M30-39 Battlefield
3:37:33
 "
24,MIDD=5049151115,Surfers Point Marathon,"Ventura, CA USA","November 15, 2015","Dan Ryan (M42)
3:40:50 24 19 / 5 M40-49 Van Nuys, CA, USA
3:31:59
 "
25,MIDD=5049151115,Surfers Point Marathon,"Ventura, CA USA","November 15, 2015","Dan Crowe (M25)
3:42:32 25 20 / 3 M18-29 San Diego
3:42:32
 "
26,MIDD=5049151115,Surfers Point Marathon,"Ventura, CA USA","November 15, 2015","Kyle Atkins (M36)
3:43:04 26 21 / 8 M30-39 Salt lake City
3:42:50
 "
27,MIDD=5049151115,Surfers Point Marathon,"Ventura, CA USA","November 15, 2015","Terry Toffelmire (F40)
3:43:18 27 6 / 2 F40-49 Calgary
3:32:42
BQ"
28,MIDD=5049151115,Surfers Point Marathon,"Ventura, CA USA","November 15, 2015","Vanessa Kline (F34)
3:48:31 28 7 / 2 F30-39 Hesperia, CA, USA
3:46:16
 "
29,MIDD=5049151115,Surfers Point Marathon,"Ventura, CA USA","November 15, 2015","Yolanda Corona (F33)
3:50:29 29 8 / 3 F30-39 Woodland Hills
3:49:02
 "
30,MIDD=5049151115,Surfers Point Marathon,"Ventura, CA USA","November 15, 2015","Joseph O'Rourke (M25)
3:51:35 30 22 / 4 M18-29 Pasadena
3:51:35
 "
31,MIDD=5049151115,Surfers Point Marathon,"Ventura, CA USA","November 15, 2015","Erin Quintana (F30)
3:52:40 31 9 / 4 F30-39 Walnut Creek
3:52:35
 "
32,MIDD=5049151115,Surfers Point Marathon,"Ventura, CA USA","November 15, 2015","Megan Williams (F29)
3:53:01 32 10 / 3 F18-29 Solana Beach
3:53:01
 "
33,MIDD=5049151115,Surfers Point Marathon,"Ventura, CA USA","November 15, 2015","Laurence Burnsed (M39)
3:53:15 33 23 / 9 M30-39  
3:49:31
 "
34,MIDD=5049151115,Surfers Point Marathon,"Ventura, CA USA","November 15, 2015","Timothy Giroux (M24)
3:53:39 34 24 / 5 M18-29 Wellesley
3:53:39
 "
35,MIDD=5049151115,Surfers Point Marathon,"Ventura, CA USA","November 15, 2015","Michel Maokhampio (M35)
3:54:44 35 25 / 10 M30-39 los angeles
3:54:44
 "
36,MIDD=5049151115,Surfers Point Marathon,"Ventura, CA USA","November 15, 2015","Bradley Hunt (M46)
3:55:45 36 26 / 6 M40-49 Santa Barbara
3:38:44
 "
37,MIDD=5049151115,Surfers Point Marathon,"Ventura, CA USA","November 15, 2015","Jonathan Sandoval (M33)
3:55:59 37 27 / 11 M30-39 Santa Clarita
3:55:59
 "
38,MIDD=5049151115,Surfers Point Marathon,"Ventura, CA USA","November 15, 2015","Kristel Alliaume (F29)
3:57:07 38 11 / 4 F18-29 Hermosa Beach
3:57:07
 "
39,MIDD=5049151115,Surfers Point Marathon,"Ventura, CA USA","November 15, 2015","Michael Davenport (M44)
3:57:08 39 28 / 7 M40-49 Santa Barbara
3:43:50
 "
40,MIDD=5049151115,Surfers Point Marathon,"Ventura, CA USA","November 15, 2015","Srajan Raghuwanshi (M35)
3:57:42 40 29 / 12 M30-39 Escondido
3:57:42
 "
41,MIDD=5049151115,Surfers Point Marathon,"Ventura, CA USA","November 15, 2015","Travis Bennett (M34)
3:57:46 41 30 / 13 M30-39 San Diego
3:57:46
 "
42,MIDD=5049151115,Surfers Point Marathon,"Ventura, CA USA","November 15, 2015","Danae Hillberg (F27)
3:57:54 42 12 / 5 F18-29 Monrovia
3:57:54
 "
43,MIDD=5049151115,Surfers Point Marathon,"Ventura, CA USA","November 15, 2015","James Aviani (M50)
3:58:13 43 31 / 5 M50-59 Santa Barbara
3:33:22
 "
44,MIDD=5049151115,Surfers Point Marathon,"Ventura, CA USA","November 15, 2015","Patricia Albert (F51)
3:59:10 44 13 / 2 F50-59 Phelps
3:19:57
BQ"
45,MIDD=5049151115,Surfers Point Marathon,"Ventura, CA USA","November 15, 2015","Brendan Morad (M30)
3:59:41 45 32 / 14 M30-39 Canoga Park
3:59:41
 "
46,MIDD=5049151115,Surfers Point Marathon,"Ventura, CA USA","November 15, 2015","Peter Roussy (M55)
4:00:12 46 33 / 6 M50-59 Abbotsford
3:25:31
 "
47,MIDD=5049151115,Surfers Point Marathon,"Ventura, CA USA","November 15, 2015","Katie West (F19)
4:00:45 47 14 / 6 F18-29 Boise
3:59:13
 "
48,MIDD=5049151115,Surfers Point Marathon,"Ventura, CA USA","November 15, 2015","Bart Shuler (M29)
4:00:59 48 34 / 6 M18-29 Thousand Oaks
4:00:59
 "
49,MIDD=5049151115,Surfers Point Marathon,"Ventura, CA USA","November 15, 2015","Allen Smith (M57)
4:01:45 49 35 / 7 M50-59 Anaheim, CA, USA
3:22:58
 "
50,MIDD=5049151115,Surfers Point Marathon,"Ventura, CA USA","November 15, 2015","Greg Tulley (M32)
4:01:55 50 36 / 15 M30-39 Buellton
4:01:55
 "
51,MIDD=5049151115,Surfers Point Marathon,"Ventura, CA USA","November 15, 2015","Javier Gonzalez (M49)
4:03:29 51 37 / 8 M40-49 Bell, CA, USA
3:40:04
 "
52,MIDD=5049151115,Surfers Point Marathon,"Ventura, CA USA","November 15, 2015","Rogelio Castillo (M46)
4:04:53 52 38 / 9 M40-49 Santa Barbara, CA, USA
3:47:12
 "
53,MIDD=5049151115,Surfers Point Marathon,"Ventura, CA USA","November 15, 2015","Sanscho Ramhorst (M50)
4:05:33 53 39 / 8 M50-59 ventura
3:39:57
 "
54,MIDD=5049151115,Surfers Point Marathon,"Ventura, CA USA","November 15, 2015","Monica Murphy (F51)
4:05:55 54 15 / 3 F50-59 Abbotsford
3:25:35
 "
55,MIDD=5049151115,Surfers Point Marathon,"Ventura, CA USA","November 15, 2015","Henry Cruz (M39)
4:06:10 55 40 / 16 M30-39 Los Angeles
4:02:13
 "
56,MIDD=5049151115,Surfers Point Marathon,"Ventura, CA USA","November 15, 2015","Abbie Sauter (F30)
4:06:49 56 16 / 5 F30-39 Los Angeles
4:06:43
 "
57,MIDD=5049151115,Surfers Point Marathon,"Ventura, CA USA","November 15, 2015","Erin Farrelly (F36)
4:07:13 57 17 / 6 F30-39 San Clemente
4:02:28
 "
58,MIDD=5049151115,Surfers Point Marathon,"Ventura, CA USA","November 15, 2015","Zach Shuler (F28)
4:07:48 58 18 / 7 F18-29 Newbury Park
4:07:48
 "
59,MIDD=5049151115,Surfers Point Marathon,"Ventura, CA USA","November 15, 2015","Grant Barnett (M39)
4:09:42 59 41 / 17 M30-39 Palmdale, CA, USA
4:05:42
 "
60,MIDD=5049151115,Surfers Point Marathon,"Ventura, CA USA","November 15, 2015","Sean McMahon (M26)
4:10:05 60 42 / 7 M18-29 Huntington Beach
4:10:05
 "
61,MIDD=5049151115,Surfers Point Marathon,"Ventura, CA USA","November 15, 2015","Gary Niebergall (M52)
4:13:01 61 43 / 9 M50-59 Ventura, CA, USA
3:42:34
 "
62,MIDD=5049151115,Surfers Point Marathon,"Ventura, CA USA","November 15, 2015","Erica Butkiewicz (F29)
4:14:48 62 19 / 8 F18-29 Bakersfield
4:14:48
 "
63,MIDD=5049151115,Surfers Point Marathon,"Ventura, CA USA","November 15, 2015","Anna Gorman (F23)
4:15:00 63 20 / 9 F18-29 Pasadena
4:15:00
 "
64,MIDD=5049151115,Surfers Point Marathon,"Ventura, CA USA","November 15, 2015","Angela Gralin (F27)
4:15:16 64 21 / 10 F18-29 Santa Barbara, CA, USA
4:15:16
 "
65,MIDD=5049151115,Surfers Point Marathon,"Ventura, CA USA","November 15, 2015","Connor Soares (M21)
4:15:33 65 44 / 8 M18-29 Los Angeles
4:14:24
 "
66,MIDD=5049151115,Surfers Point Marathon,"Ventura, CA USA","November 15, 2015","Zach Shuler (M34)
4:16:06 66 45 / 18 M30-39 Newbury Park
4:16:06
 "
67,MIDD=5049151115,Surfers Point Marathon,"Ventura, CA USA","November 15, 2015","Ryan Quintana (M31)
4:17:57 67 46 / 19 M30-39 Wlanut Creek
4:17:57
 "
68,MIDD=5049151115,Surfers Point Marathon,"Ventura, CA USA","November 15, 2015","David Duitsman (M33)
4:18:19 68 47 / 20 M30-39 Barstow
4:18:19
 "
69,MIDD=5049151115,Surfers Point Marathon,"Ventura, CA USA","November 15, 2015","Dan Stefanson (M48)
4:21:53 69 48 / 10 M40-49 Victoria
3:58:47
 "
70,MIDD=5049151115,Surfers Point Marathon,"Ventura, CA USA","November 15, 2015","Zach Romash (M28)
4:24:11 70 49 / 9 M18-29 Santa Barbara
4:24:11
 "
71,MIDD=5049151115,Surfers Point Marathon,"Ventura, CA USA","November 15, 2015","Vanessa McBride (F38)
4:24:18 71 22 / 7 F30-39 Manhattan Beach
4:15:54
 "
72,MIDD=5049151115,Surfers Point Marathon,"Ventura, CA USA","November 15, 2015","Meagan Crumley (F17)
4:24:25 72 23 / 1 F0-17 Cumming
4:15:09
 "
73,MIDD=5049151115,Surfers Point Marathon,"Ventura, CA USA","November 15, 2015","Jon Busch (M50)
4:26:12 73 50 / 10 M50-59 Goleta
3:58:26
 "
74,MIDD=5049151115,Surfers Point Marathon,"Ventura, CA USA","November 15, 2015","Bryan Eguez (M34)
4:27:36 74 51 / 21 M30-39 Indio, CA, USA
4:27:36
 "
75,MIDD=5049151115,Surfers Point Marathon,"Ventura, CA USA","November 15, 2015","Stephanie Tulley (F30)
4:28:20 75 24 / 8 F30-39 Buellton
4:28:13
 "
76,MIDD=5049151115,Surfers Point Marathon,"Ventura, CA USA","November 15, 2015","Pierre Barban (M19)
4:29:43 76 52 / 10 M18-29 Goleta
4:23:07
 "
77,MIDD=5049151115,Surfers Point Marathon,"Ventura, CA USA","November 15, 2015","Sarah Jirek (F36)
4:30:39 77 25 / 9 F30-39 Santa Barbara
4:25:28
 "
78,MIDD=5049151115,Surfers Point Marathon,"Ventura, CA USA","November 15, 2015","Tanay Pattani (M23)
4:32:42 78 53 / 11 M18-29 Santa Barbara
4:32:42
 "
79,MIDD=5049151115,Surfers Point Marathon,"Ventura, CA USA","November 15, 2015","Megan Sumner (F35)
4:32:44 79 26 / 10 F30-39 Denver
4:28:53
 "
80,MIDD=5049151115,Surfers Point Marathon,"Ventura, CA USA","November 15, 2015","Michael Lane (M42)
4:33:02 80 54 / 11 M40-49 San Diego
4:22:05
 "
81,MIDD=5049151115,Surfers Point Marathon,"Ventura, CA USA","November 15, 2015","Paul Gambino (M50)
4:36:00 81 55 / 11 M50-59 Hanford, CA, USA
4:07:13
 "
82,MIDD=5049151115,Surfers Point Marathon,"Ventura, CA USA","November 15, 2015","Jake Shaver (M26)
4:36:03 82 56 / 12 M18-29 Los Angeles
4:36:03
 "
83,MIDD=5049151115,Surfers Point Marathon,"Ventura, CA USA","November 15, 2015","Sophia Parks (F20)
4:36:53 83 27 / 11 F18-29 Murrieta
4:36:41
 "
84,MIDD=5049151115,Surfers Point Marathon,"Ventura, CA USA","November 15, 2015","Sally Hamilton (F32)
4:38:02 84 28 / 11 F30-39 Los Angeles
4:37:03
 "
85,MIDD=5049151115,Surfers Point Marathon,"Ventura, CA USA","November 15, 2015","Kalina Machlis (F27)
4:38:05 85 29 / 12 F18-29 San Francisco
4:38:05
 "
86,MIDD=5049151115,Surfers Point Marathon,"Ventura, CA USA","November 15, 2015","Patricia Hurtado-Scott (F47)
4:39:07 86 30 / 3 F40-49 Yucaipa
4:05:30
 "
87,MIDD=5049151115,Surfers Point Marathon,"Ventura, CA USA","November 15, 2015","Xochil Benavides (F26)
4:39:17 87 31 / 13 F18-29 Concord
4:39:17
 "
88,MIDD=5049151115,Surfers Point Marathon,"Ventura, CA USA","November 15, 2015","John Rymer (M60)
4:42:11 88 57 / 2 M60-69 Walnut Creek
3:50:07
 "
89,MIDD=5049151115,Surfers Point Marathon,"Ventura, CA USA","November 15, 2015","Kelley Gillette (F60)
4:45:12 89 32 / 1 F60-69 Dinuba
3:30:23
 "
90,MIDD=5049151115,Surfers Point Marathon,"Ventura, CA USA","November 15, 2015","Mimi Ruby (F51)
4:45:12 90 33 / 4 F50-59  
3:58:26
 "
91,MIDD=5049151115,Surfers Point Marathon,"Ventura, CA USA","November 15, 2015","Tyson Park (M74)
4:47:47 91 58 / 1 M70-79 Malibu, CA, USA
3:21:09
 "
92,MIDD=5049151115,Surfers Point Marathon,"Ventura, CA USA","November 15, 2015","Brian King (M39)
4:50:37 92 59 / 22 M30-39 Arroyo Grande
4:45:58
 "
93,MIDD=5049151115,Surfers Point Marathon,"Ventura, CA USA","November 15, 2015","Felicia Zick (F34)
4:50:40 93 34 / 12 F30-39 Carpinteria
4:47:49
 "
94,MIDD=5049151115,Surfers Point Marathon,"Ventura, CA USA","November 15, 2015","Elmer Jan (M63)
4:50:43 94 60 / 3 M60-69 San Rafael
3:50:06
 "
95,MIDD=5049151115,Surfers Point Marathon,"Ventura, CA USA","November 15, 2015","Richard Friedrichson (M73)
4:51:28 95 61 / 2 M70-79 Clarks
3:26:41
 "
96,MIDD=5049151115,Surfers Point Marathon,"Ventura, CA USA","November 15, 2015","Scott Orlosky (M60)
4:54:41 96 62 / 4 M60-69 Santa Barbara, CA, USA
4:00:19
 "
97,MIDD=5049151115,Surfers Point Marathon,"Ventura, CA USA","November 15, 2015","Alfonse Nikolaus (M57)
4:56:02 97 63 / 12 M50-59 Fallbrook
4:08:33
 "
98,MIDD=5049151115,Surfers Point Marathon,"Ventura, CA USA","November 15, 2015","Viplav Sinho (M24)
4:56:41 98 64 / 13 M18-29 Dallas
4:56:41
 "
99,MIDD=5049151115,Surfers Point Marathon,"Ventura, CA USA","November 15, 2015","Shannon Malcolm (M38)
4:57:15 99 65 / 23 M30-39 Scotts Valley, CA, USA
4:54:34
 "
100,MIDD=5049151115,Surfers Point Marathon,"Ventura, CA USA","November 15, 2015","Raechel Danielson (F25)
4:57:52 100 35 / 14 F18-29 Monrovia
4:57:52
 "
101,MIDD=5049151115,Surfers Point Marathon,"Ventura, CA USA","November 15, 2015","Janet Aguilar (F58)
5:01:17 101 36 / 5 F50-59 Stevenson Ranch, CA, USA
3:48:53
 "
102,MIDD=5049151115,Surfers Point Marathon,"Ventura, CA USA","November 15, 2015","Thomas Kenny (M52)
5:02:59 102 66 / 13 M50-59 Santa Barbara
4:26:32
 "
103,MIDD=5049151115,Surfers Point Marathon,"Ventura, CA USA","November 15, 2015","Sophia Buie (F21)
5:06:10 103 37 / 15 F18-29  
5:06:10
 "
104,MIDD=5049151115,Surfers Point Marathon,"Ventura, CA USA","November 15, 2015","Savannah Palmer (F20)
5:06:10 104 38 / 16 F18-29 Lompoc
5:05:57
 "
105,MIDD=5049151115,Surfers Point Marathon,"Ventura, CA USA","November 15, 2015","Purna Pai (M68)
5:07:02 105 67 / 5 M60-69 Port Hueneme
3:50:42
 "
106,MIDD=5049151115,Surfers Point Marathon,"Ventura, CA USA","November 15, 2015","chung seok (M63)
5:07:28 106 68 / 6 M60-69 camarillo, CA, USA
4:03:22
 "
107,MIDD=5049151115,Surfers Point Marathon,"Ventura, CA USA","November 15, 2015","Romy Suzuki (F53)
5:10:13 107 39 / 6 F50-59 Ventura
4:12:35
 "
108,MIDD=5049151115,Surfers Point Marathon,"Ventura, CA USA","November 15, 2015","Myles Shuler (M31)
5:10:57 108 69 / 24 M30-39 Oxnard
5:10:57
 "
109,MIDD=5049151115,Surfers Point Marathon,"Ventura, CA USA","November 15, 2015","Mark Duitsman (M31)
5:12:16 109 70 / 25 M30-39 victorville
5:12:16
 "
110,MIDD=5049151115,Surfers Point Marathon,"Ventura, CA USA","November 15, 2015","Steve McCullough (M54)
5:12:49 110 71 / 14 M50-59 Santa Barbara
4:30:11
 "
111,MIDD=5049151115,Surfers Point Marathon,"Ventura, CA USA","November 15, 2015","Ed Cohen (M45)
5:13:03 111 72 / 12 M40-49 Vallejo
4:52:57
 "
112,MIDD=5049151115,Surfers Point Marathon,"Ventura, CA USA","November 15, 2015","Shannel Oliver (F29)
5:14:21 112 40 / 17 F18-29 Chandler
5:14:21
 "
113,MIDD=5049151115,Surfers Point Marathon,"Ventura, CA USA","November 15, 2015","Crystal Pastis (F23)
5:17:38 113 41 / 18 F18-29 Studio City
5:17:38
 "
114,MIDD=5049151115,Surfers Point Marathon,"Ventura, CA USA","November 15, 2015","Maria-Amelia Corpuz (F34)
5:18:19 114 42 / 13 F30-39 Los Angeles
5:15:12
 "
115,MIDD=5049151115,Surfers Point Marathon,"Ventura, CA USA","November 15, 2015","Vasilios Mantis (M51)
5:19:02 115 73 / 15 M50-59 Santa Clarita
4:43:12
 "
116,MIDD=5049151115,Surfers Point Marathon,"Ventura, CA USA","November 15, 2015","Monica Crumley (F48)
5:20:07 116 43 / 4 F40-49 Cumming
4:38:05
 "
117,MIDD=5049151115,Surfers Point Marathon,"Ventura, CA USA","November 15, 2015","Cristina Esparza (F29)
5:23:55 117 44 / 19 F18-29 Galt
5:23:55
 "
118,MIDD=5049151115,Surfers Point Marathon,"Ventura, CA USA","November 15, 2015","Samantha Simonnet (F40)
5:24:55 118 45 / 5 F40-49 Laguna Niguel
5:09:31
 "
119,MIDD=5049151115,Surfers Point Marathon,"Ventura, CA USA","November 15, 2015","Thomas Wells (M56)
5:27:58 119 74 / 16 M50-59 Goleta
4:37:59
 "
120,MIDD=5049151115,Surfers Point Marathon,"Ventura, CA USA","November 15, 2015","Kirsty Kenny (F29)
5:27:59 120 46 / 20 F18-29 Santa Barbara
5:27:59
 "
121,MIDD=5049151115,Surfers Point Marathon,"Ventura, CA USA","November 15, 2015","michelle wall (F50)
5:32:35 121 47 / 7 F50-59 rocklin
4:41:40
 "
122,MIDD=5049151115,Surfers Point Marathon,"Ventura, CA USA","November 15, 2015","Anthony J. Goldammer (M29)
5:33:30 122 75 / 14 M18-29 Denver
5:33:30
 "
123,MIDD=5049151115,Surfers Point Marathon,"Ventura, CA USA","November 15, 2015","Michelle Barrett (F47)
5:37:11 123 48 / 6 F40-49 Simi Valley, CA, USA
4:56:35
 "
124,MIDD=5049151115,Surfers Point Marathon,"Ventura, CA USA","November 15, 2015","Marek Joela (M41)
5:37:53 124 76 / 13 M40-49 Tallinn-near finland
5:27:02
 "
125,MIDD=5049151115,Surfers Point Marathon,"Ventura, CA USA","November 15, 2015","Anneli Joela (F39)
5:37:53 125 49 / 14 F30-39 Tallinn-near finland
5:24:38
 "
126,MIDD=5049151115,Surfers Point Marathon,"Ventura, CA USA","November 15, 2015","Patti Dowdy (F46)
5:49:19 126 50 / 7 F40-49 Ventura
5:11:04
 "
127,MIDD=5049151115,Surfers Point Marathon,"Ventura, CA USA","November 15, 2015","Dave Hyatt (M43)
5:49:25 127 77 / 14 M40-49  
5:32:37
 "
128,MIDD=5049151115,Surfers Point Marathon,"Ventura, CA USA","November 15, 2015","Maricris Beauchamp (F41)
5:49:26 128 51 / 8 F40-49  
5:29:41
 "
129,MIDD=5049151115,Surfers Point Marathon,"Ventura, CA USA","November 15, 2015","Nelida Roque (F42)
5:50:51 129 52 / 9 F40-49 Whittier
5:27:35
 "
130,MIDD=5049151115,Surfers Point Marathon,"Ventura, CA USA","November 15, 2015","Philip Eulie (M57)
5:51:22 130 78 / 17 M50-59 Rancho Cordova, CA, USA
4:55:00
 "
131,MIDD=5049151115,Surfers Point Marathon,"Ventura, CA USA","November 15, 2015","Claire Blakey (F27)
5:51:43 131 53 / 21 F18-29 Santa Barbara
5:51:43
 "
132,MIDD=5049151115,Surfers Point Marathon,"Ventura, CA USA","November 15, 2015","Polly Davidson (F27)
5:52:36 132 54 / 22 F18-29 Santa Barbara
5:52:36
 "
133,MIDD=5049151115,Surfers Point Marathon,"Ventura, CA USA","November 15, 2015","Linda Borjas (F41)
6:17:01 133 55 / 10 F40-49 Clovis
5:55:43
 "
134,MIDD=5049151115,Surfers Point Marathon,"Ventura, CA USA","November 15, 2015","Dennis Mori (M68)
6:18:34 134 79 / 7 M60-69 San Leandro
4:44:27
 "
135,MIDD=5049151115,Surfers Point Marathon,"Ventura, CA USA","November 15, 2015","Myrtis Allison (F65)
6:20:59 135 56 / 2 F60-69 Los Angeles
4:18:50
 "
136,MIDD=5049151115,Surfers Point Marathon,"Ventura, CA USA","November 15, 2015","ElizBETH Gray (F42)
6:22:12 136 57 / 11 F40-49 West Columbia
5:56:51
 "
137,MIDD=5049151115,Surfers Point Marathon,"Ventura, CA USA","November 15, 2015","Dan Bleich (M58)
6:29:18 137 80 / 18 M50-59 Oxnard, CA, USA
5:23:44
 "
138,MIDD=5049151115,Surfers Point Marathon,"Ventura, CA USA","November 15, 2015","Tyler Harlan (M32)
6:36:36 138 81 / 26 M30-39 Santa Monica
6:36:36
 "
139,MIDD=5049151115,Surfers Point Marathon,"Ventura, CA USA","November 15, 2015","MARVIN HARLAN (M60)
6:36:37 139 82 / 8 M60-69 FAYETTEVILLE
5:23:26
 "
