,race_id,race,location,date,runners
0,MIDD=5847151205,Las Vegas Backcountry Trail Marathon,"Las Vegas, NV USA","December 5, 2015","

Have you run this race?Then tell us about it.

Last Name, First Name(Sex/Age)
Time OverAllPlace
Sex Place/Div Place
DIV Net Time 
City, State, Country AG Time*"
1,MIDD=5847151205,Las Vegas Backcountry Trail Marathon,"Las Vegas, NV USA","December 5, 2015","Matt Krauss (M30)
3:25:24 1 1 / 1 M0-49
3:25:22
Warner Robins, GA, USA
3:25:22"
2,MIDD=5847151205,Las Vegas Backcountry Trail Marathon,"Las Vegas, NV USA","December 5, 2015","James Lehman (M47)
3:34:03 2 2 / 2 M0-49
3:34:00
Coppell, TX, USA
3:16:50"
3,MIDD=5847151205,Las Vegas Backcountry Trail Marathon,"Las Vegas, NV USA","December 5, 2015","Sam Friedman (M51)
3:39:30 3 3 / 3 M50-99
3:39:27
Roseburg, OR, USA
3:14:48"
4,MIDD=5847151205,Las Vegas Backcountry Trail Marathon,"Las Vegas, NV USA","December 5, 2015","Jeff Valerio (M53)
3:45:14 4 4 / 1 M50-99
3:45:12
Fort Mill, SC, USA
3:16:19"
5,MIDD=5847151205,Las Vegas Backcountry Trail Marathon,"Las Vegas, NV USA","December 5, 2015","Allison Cromwell (F29)
4:20:30 5 1 / 1 F0-49
4:20:26
Las Vegas, NV, USA
4:20:26"
6,MIDD=5847151205,Las Vegas Backcountry Trail Marathon,"Las Vegas, NV USA","December 5, 2015","Robert Manon (M45)
4:20:49 6 5 / 1 M0-49
4:20:32
Chino, CA, USA
4:03:48"
7,MIDD=5847151205,Las Vegas Backcountry Trail Marathon,"Las Vegas, NV USA","December 5, 2015","Bruce Burton (M42)
4:38:29 7 6 / 2 M0-49
4:38:27
Valparaiso, IN, USA
4:27:17"
8,MIDD=5847151205,Las Vegas Backcountry Trail Marathon,"Las Vegas, NV USA","December 5, 2015","Nathan Whittacre (M37)
4:43:49 8 7 / 3 M0-49
4:43:47
Henderson, NV, USA
4:42:39"
9,MIDD=5847151205,Las Vegas Backcountry Trail Marathon,"Las Vegas, NV USA","December 5, 2015","Alan Barnes (M59)
5:11:47 9 8 / 2 M50-99
5:11:35
Ivins, UT, USA
4:16:37"
10,MIDD=5847151205,Las Vegas Backcountry Trail Marathon,"Las Vegas, NV USA","December 5, 2015","Donna Esau (F56)
5:13:18 10 2 / 2 F50-99
5:13:13
Peachtree Corners
4:04:47"
11,MIDD=5847151205,Las Vegas Backcountry Trail Marathon,"Las Vegas, NV USA","December 5, 2015","Anjala Krishen (F47)
5:14:52 11 3 / 3 F0-49
5:14:48
Henderson, NV, USA
4:36:54"
12,MIDD=5847151205,Las Vegas Backcountry Trail Marathon,"Las Vegas, NV USA","December 5, 2015","Mark Parrotte (M58)
6:17:13 12 9 / 3 M50-99
6:17:03
Arlington, VA, USA
5:13:33"
13,MIDD=5847151205,Las Vegas Backcountry Trail Marathon,"Las Vegas, NV USA","December 5, 2015","Karen Vollan (F46)
6:50:59 13 4 / 1 F0-49
6:50:50
North Las Vegas, NV, USA
6:05:51"
14,MIDD=5847151205,Las Vegas Backcountry Trail Marathon,"Las Vegas, NV USA","December 5, 2015","Marcia Rignault (F66)
6:52:00 14 5 / 1 F50-99
6:51:51
Aransas Pass, TX, USA
4:34:44"
15,MIDD=5847151205,Las Vegas Backcountry Trail Marathon,"Las Vegas, NV USA","December 5, 2015","Alison Black (F46)
7:22:09 15 6 / 2 F0-49
7:13:14
Natick, MA, USA
6:25:47"
16,MIDD=5847151205,Las Vegas Backcountry Trail Marathon,"Las Vegas, NV USA","December 5, 2015","Tim Ganey (M64)
7:35:21 16 10 / 4 M50-99
7:34:30
Las Vegas, NV, USA
5:56:06"
17,MIDD=5847151205,Las Vegas Backcountry Trail Marathon,"Las Vegas, NV USA","December 5, 2015","Lynne Hans (M73)
7:38:35 17 11 / 5 M50-99
7:38:25
Lake Forest, IL, USA
5:25:04"
