,race_id,race,location,date,runners
0,MIDD=1500151024,Napa Valley Wine Country Trail Marathon,"Calistoga, CA USA","October 24, 2015","

Have you run this race?Then tell us about it.

Last Name, First Name(Sex/Age)
Time OverAllPlace
Sex Place
DIV 
City, State, Country AG Time*"
1,MIDD=1500151024,Napa Valley Wine Country Trail Marathon,"Calistoga, CA USA","October 24, 2015","Kahlil Lalji (M17)
3:28:10 1 1 M0-19 Tiburon, CA, USA
3:17:14"
2,MIDD=1500151024,Napa Valley Wine Country Trail Marathon,"Calistoga, CA USA","October 24, 2015","Tristan Krautkramer (M25)
4:16:05 2 2 M25-29 San Francisco, CA, USA
4:16:05"
3,MIDD=1500151024,Napa Valley Wine Country Trail Marathon,"Calistoga, CA USA","October 24, 2015","Anna Yip (F20)
4:30:12 3 1 F20-24 Napa, CA, USA
4:30:01"
4,MIDD=1500151024,Napa Valley Wine Country Trail Marathon,"Calistoga, CA USA","October 24, 2015","Galina Hale (F40)
4:32:12 4 2 F40-44 San Francisco, CA, USA
4:19:18"
5,MIDD=1500151024,Napa Valley Wine Country Trail Marathon,"Calistoga, CA USA","October 24, 2015","Nathan Cracraft (M43)
4:33:25 5 3 M40-44 San Francisco, CA, USA
4:20:16"
6,MIDD=1500151024,Napa Valley Wine Country Trail Marathon,"Calistoga, CA USA","October 24, 2015","Jason Chou (M50)
4:36:18 6 4 M50-54 Chino, CA, USA
4:07:29"
7,MIDD=1500151024,Napa Valley Wine Country Trail Marathon,"Calistoga, CA USA","October 24, 2015","Sarah Butler (F42)
4:39:36 7 3 F40-44 Mill Valley, CA, USA
4:21:03"
8,MIDD=1500151024,Napa Valley Wine Country Trail Marathon,"Calistoga, CA USA","October 24, 2015","Jonathan Mayes (M58)
4:44:48 8 5 M55-59 Alameda, CA, USA
3:56:50"
9,MIDD=1500151024,Napa Valley Wine Country Trail Marathon,"Calistoga, CA USA","October 24, 2015","Ken Kaminski (M59)
4:54:25 9 6 M55-59 Granite Bay, CA, USA
4:02:29"
10,MIDD=1500151024,Napa Valley Wine Country Trail Marathon,"Calistoga, CA USA","October 24, 2015","David Bartholomew (M60)
5:01:00 10 7 M60-64 Walnut Creek, CA, USA
4:05:28"
11,MIDD=1500151024,Napa Valley Wine Country Trail Marathon,"Calistoga, CA USA","October 24, 2015","Leah Cox (F44)
5:11:15 11 4 F40-44 Citrus Heights, CA, USA
4:43:57"
12,MIDD=1500151024,Napa Valley Wine Country Trail Marathon,"Calistoga, CA USA","October 24, 2015","Janis Draga (F30)
5:23:15 12 5 F30-34 Rocklin, CA, USA
5:23:07"
13,MIDD=1500151024,Napa Valley Wine Country Trail Marathon,"Calistoga, CA USA","October 24, 2015","Amy Bentley (F39)
5:34:45 14 7 F35-39 Rocklin, CA, USA
5:21:37"
14,MIDD=1500151024,Napa Valley Wine Country Trail Marathon,"Calistoga, CA USA","October 24, 2015","Donna Graybill (F34)
5:36:44 16 9 F30-34 Twin Falls, ID, USA
5:33:26"
